aP,aT,aR,load,shared_outage,import_success,export_success,evidence
0.4209558481013046,0.38382702346327835,0.2373344633981252,0.8317679246671676,0.0,0.0,0.0,sim
0.8581990010792875,0.895236720638946,0.36737490124508093,0.04500324782539056,0.0,0.0,1.0,sim
0.25911725800778523,0.40337896573406967,0.35394562331109436,0.3460324304138891,0.0,0.0,0.0,sim
0.38874497826890664,0.591096131482264,0.8042479871697146,-0.6141351294705597,1.0,0.0,0.0,sim
0.5355583423457729,0.5683936956098636,0.35070250788641577,-0.3194248594303324,0.0,1.0,1.0,sim
0.28851022268127036,0.8725275778546275,0.4141122822224097,0.33864008556834313,0.0,0.0,0.0,sim
0.296962665652215,0.765022324250705,0.2366606716442404,-0.7174413381072535,1.0,0.0,0.0,sim
0.4110666448996226,0.8503431354959505,0.818536890485619,0.5941003793881037,0.0,0.0,0.0,sim
0.3998334296900295,0.8334184142826224,0.44687425156292754,0.9912213332414548,0.0,0.0,0.0,sim
0.20173284320502166,0.8420978472407703,0.34245925585336784,-0.36073206056944485,0.0,0.0,0.0,sim
0.411689734424488,0.482849740494091,0.652091184464447,0.5599666348742078,0.0,0.0,0.0,sim
0.4628237013031874,0.7512530787035157,0.46640064159734024,-0.3432948400916225,0.0,1.0,0.0,sim
0.22507564639398664,0.2669693576102092,0.5286498321508197,0.5227567055681064,0.0,1.0,0.0,sim
0.35636339946338425,0.29903813938829366,0.8900161710490111,0.8207301284697635,0.0,1.0,0.0,sim
0.6353965515728695,0.22153014000549479,0.8855430992421538,-0.13362625099217507,0.0,1.0,1.0,sim
0.8052975583497755,0.8599011397677441,0.670796621570495,0.08989862367163437,0.0,1.0,1.0,sim
0.645398055415485,0.6670107412138248,0.33336691607391866,-0.34711721648314886,0.0,1.0,0.0,sim
0.49046002029863894,0.7050516071309723,0.8136021227428332,0.19754269362630184,0.0,1.0,1.0,sim
0.5443171578545585,0.4395099556976538,0.34537814942942113,0.8187652672375747,0.0,1.0,0.0,sim
0.5505922125442542,0.6045191189867856,0.8948865207830894,-0.41328238981568743,0.0,1.0,0.0,sim
0.3663731665517377,0.8453782663607838,0.7005344771673334,0.1338601281307752,0.0,0.0,0.0,sim
0.26136086865622,0.5731325842849548,0.46463656647540585,0.09298128559414964,0.0,0.0,1.0,sim
0.6778509304072079,0.5013154594124518,0.6811306052548778,0.6615721145901272,0.0,0.0,0.0,sim
0.7287217509233312,0.21154155254485957,0.3647729515865513,0.15702252783795245,1.0,0.0,0.0,sim
0.47186206665968633,0.5392537980810851,0.7179175000953784,0.08254191832459923,0.0,1.0,1.0,sim
0.5688057414333225,0.4485858951319661,0.4129677795929293,-0.2210689598851785,0.0,1.0,0.0,sim
0.8334152769765757,0.5941031468580215,0.20537900656563612,0.3386278522021684,1.0,0.0,0.0,sim
0.5346327802000721,0.756917229354972,0.3376370968140253,0.4664591461886778,0.0,1.0,1.0,sim
0.6912435174101303,0.5713737826478436,0.5785740314727905,-0.15687377153210402,0.0,0.0,1.0,sim
0.4697809532056407,0.3527368351875589,0.21413306277308608,-0.29095648607557245,0.0,0.0,1.0,sim
0.64829236599165,0.6652409974859441,0.3313506728314475,-0.14339247530194466,0.0,1.0,0.0,sim
0.6509561601912632,0.44036569518445734,0.3806829307983064,-0.567500952592096,0.0,1.0,0.0,sim
0.8386675866128375,0.6470662324867322,0.4722610219148564,-0.09730479634349298,0.0,1.0,1.0,sim
0.3289405276881222,0.6116202264087365,0.5011947590077381,-0.3239312342094862,0.0,0.0,0.0,sim
0.8063167830614411,0.37734814522753374,0.704038782823633,0.037513641428239985,0.0,1.0,1.0,sim
0.7231791257737421,0.40678533333691524,0.7786502677505298,0.1922037400699239,0.0,1.0,1.0,sim
0.8207690428263779,0.8279659100427172,0.7857182929247923,-0.4008887574929183,0.0,0.0,1.0,sim
0.4470969989882244,0.46947815380170993,0.6831058670868893,0.2241126936946105,0.0,1.0,0.0,sim
0.8876945701926131,0.4456410905178071,0.4578404825882004,0.8821055293322488,0.0,1.0,0.0,sim
0.5761965762737004,0.7819486560200128,0.25841721794583394,-0.32544077180226827,0.0,1.0,0.0,sim
0.3374394052177595,0.23057213802689921,0.6935158304001647,0.5489769634647941,0.0,0.0,0.0,sim
0.5248856525367447,0.5395176405174065,0.8890153462195736,0.2861316886712777,0.0,1.0,1.0,sim
0.3850993037780881,0.29894370163945116,0.40673767338263367,-0.6993804381974971,0.0,0.0,1.0,sim
0.3075946150813279,0.8696474927178068,0.8874752670901231,0.23343638417337242,0.0,0.0,1.0,sim
0.7150028417298382,0.4541916580133849,0.20172534588830912,0.20524696027144618,0.0,0.0,1.0,sim
0.4393360843066325,0.8321503415587654,0.2640263456217484,0.48031517049299666,0.0,0.0,0.0,sim
0.7841950783114826,0.22393700424248114,0.3178845933037997,0.6708217692802854,0.0,1.0,0.0,sim
0.7319069779140512,0.8246725233441836,0.6363593802305221,-0.1433944926267161,0.0,1.0,0.0,sim
0.42515934456151394,0.30440471698071453,0.516350040079456,0.7041267271265239,0.0,0.0,0.0,sim
0.5284567212196839,0.24314074887406356,0.42138027180496274,-0.7640690383833604,0.0,1.0,0.0,sim
0.5619372609220548,0.3600843562168251,0.5109002744521758,0.03543982150242275,0.0,0.0,1.0,sim
0.8216422373617158,0.49950443281177187,0.365707803456662,-0.7892539901631481,0.0,1.0,0.0,sim
0.8770042626929793,0.6958530402392555,0.7240709446947173,-0.08572486828238524,1.0,0.0,1.0,sim
0.3352680978766829,0.22863186756248294,0.8668701769270557,-0.36139792568764495,1.0,0.0,0.0,sim
0.8295117244462928,0.7935096210532657,0.5837656435055912,-0.8020008758665311,0.0,1.0,1.0,sim
0.6782896747460407,0.36719799665633523,0.4738859274121827,-0.14804597707035083,0.0,0.0,1.0,sim
0.7772199462600975,0.5113978635351719,0.7061047300578209,-0.49255915407448514,0.0,1.0,0.0,sim
0.790507497423824,0.8882113658400548,0.803820045152265,-0.955017529148098,0.0,1.0,1.0,sim
0.40345039808484057,0.6285941595568802,0.5983308579714639,0.146201522706374,1.0,0.0,0.0,sim
0.898256596685246,0.8136052032192902,0.7982133537256602,-0.18376180055617852,0.0,1.0,1.0,sim
0.38185258333460614,0.4364620818720808,0.5055801937326418,-0.631072439004051,0.0,0.0,1.0,sim
0.29879268437968043,0.8852172605440163,0.6273826195259843,-0.2223702728998922,0.0,1.0,0.0,sim
0.8707824327796396,0.8210428666469922,0.8484393712220006,-0.7849712939607159,0.0,1.0,1.0,sim
0.21681472540651164,0.8803094591505978,0.3846592148683039,0.4546445780410924,0.0,0.0,0.0,sim
0.2559424456237259,0.8663193284276178,0.6677525638651808,0.5585584398962573,0.0,1.0,0.0,sim
0.5504252358680515,0.21084398380193092,0.7265528303338535,0.3681511337694987,0.0,1.0,0.0,sim
0.6104795415865725,0.48186127410009677,0.38749014958985717,0.15582255038664616,0.0,1.0,1.0,sim
0.7532851604939756,0.8883391584035112,0.536153200278439,-0.7111016014584457,0.0,1.0,1.0,sim
0.8609385259033739,0.5464342645914577,0.39289390319250717,-0.04272974481415592,1.0,1.0,0.0,sim
0.45811594271528255,0.3879331237883315,0.5421209214423218,0.5590985934206858,1.0,0.0,0.0,sim
0.25105343086330023,0.5123088613850636,0.5345405098167941,-0.9061484617830062,0.0,0.0,0.0,sim
0.4832444111925126,0.8102288718015866,0.8368593567084313,-0.763501580156446,0.0,1.0,1.0,sim
0.6058949909124205,0.3910567175853443,0.663790794354221,-0.02762075081525861,1.0,0.0,0.0,sim
0.5240750604759754,0.6876749295450133,0.35891937364136317,-0.3314413646657737,0.0,0.0,1.0,sim
0.21208111753069925,0.6175384773193913,0.7880210115957669,0.8040525620113321,0.0,0.0,1.0,sim
0.7167878020586993,0.626412728032121,0.48540724526568274,-0.7428243448465395,0.0,0.0,1.0,sim
0.7359262101248591,0.6510926749500442,0.839794176126782,-0.37403682094054336,0.0,1.0,0.0,sim
0.887936387507275,0.8616232256157821,0.7656397289702683,-0.6786761293806751,1.0,1.0,1.0,sim
0.533504498457238,0.615900537691316,0.24523021132319517,0.035941217413565596,0.0,1.0,0.0,sim
0.7223036183344196,0.7779213271434311,0.6147136542279845,-0.30777501737993473,0.0,1.0,1.0,sim
0.3054795998158947,0.2723645644828261,0.8121172956720333,0.7085779884349437,0.0,0.0,0.0,sim
0.5446833844444083,0.23096010372525155,0.6978612736631657,-0.6619760036466091,1.0,0.0,0.0,sim
0.5087155872801321,0.2860784255534057,0.3790607498608791,0.2050035336210434,0.0,0.0,1.0,sim
0.6739062990421409,0.5785034973415175,0.705904604101838,-0.3388051070357381,0.0,0.0,1.0,sim
0.512638757661137,0.828140538370242,0.29780137370260074,-0.08714681887534681,0.0,1.0,0.0,sim
0.8379599874236139,0.7492373334622884,0.459345036621867,0.48547116421965364,0.0,1.0,1.0,sim
0.54552971163248,0.5318111501082154,0.6560393031473253,0.9822616843196117,0.0,0.0,0.0,sim
0.7975855303482435,0.8236106830302887,0.8704507022724142,0.5947929316412464,0.0,1.0,1.0,sim
0.43059911576214366,0.38602089003165824,0.4071622462756767,0.29539454601529225,0.0,1.0,0.0,sim
0.5326623606132435,0.8757335706963436,0.5005983664578982,0.1541252532523658,0.0,0.0,1.0,sim
0.6546357167575438,0.7200525289687247,0.3869958980277222,0.968554371441654,0.0,1.0,1.0,sim
0.6828547004926644,0.27359769814743595,0.7282993324880909,-0.7980367601982632,0.0,1.0,1.0,sim
0.31566302647388805,0.7837165720068324,0.6436563582353676,0.21974752772845396,0.0,1.0,1.0,sim
0.7176388156414373,0.87143580047063,0.43713935408822957,0.8024533569394845,0.0,1.0,0.0,sim
0.5756491967069506,0.35373498732354325,0.8823730679964195,-0.42152270324268093,0.0,1.0,1.0,sim
0.8103613161943959,0.7697673059817012,0.42614767659146013,0.3790027943139469,0.0,0.0,1.0,sim
0.2323793887417634,0.5803873421041477,0.7475298262174044,0.9176825335835008,0.0,0.0,0.0,sim
0.7641647072991766,0.8587136973895231,0.6496892009680156,-0.16939492793125055,1.0,0.0,1.0,sim
0.4127858212214399,0.6547553739027603,0.4045072546074417,-0.04975623829494036,0.0,0.0,0.0,sim
0.23831889030554998,0.704790357634824,0.2509951570222038,-0.05715156586331416,1.0,0.0,0.0,sim
0.5545868644254837,0.4116944355106304,0.3999530434857231,0.5900562902619191,0.0,1.0,0.0,sim
0.288244405016017,0.5019540595117035,0.2318290511359753,-0.22070239368771305,0.0,1.0,0.0,sim
0.8496610042029578,0.25850450474981634,0.8185775767098973,-0.85041450442939,0.0,1.0,1.0,sim
0.5164408939383791,0.8311034363664904,0.4481462366475174,0.49008318189761546,0.0,0.0,1.0,sim
0.23319316762740383,0.5055595119011083,0.6032792856565838,-0.526978773577905,0.0,1.0,1.0,sim
0.22177069339695168,0.8006765664684043,0.846063538983509,-0.8352138917676075,0.0,1.0,1.0,sim
0.49960953158021815,0.21552165534313486,0.22328218535143451,-0.5502746048323772,0.0,0.0,0.0,sim
0.7331463928945883,0.7372151317683231,0.6821139153155689,0.3887528442959267,0.0,1.0,1.0,sim
0.4479178498792,0.4190172250396017,0.4759584284016511,-0.08710539325514155,0.0,0.0,0.0,sim
0.6798824675671786,0.6697750121229151,0.778502371051242,-0.06498062375969704,0.0,0.0,0.0,sim
0.7982191056525825,0.6659441367916235,0.8654541965733908,-0.30517299258959363,0.0,1.0,1.0,sim
0.20120995343044074,0.33374255317485396,0.7165090487374657,-0.4311067263033663,0.0,0.0,0.0,sim
0.7365579989953499,0.4323982379866168,0.7281062330222265,-0.05433972402707554,0.0,1.0,1.0,sim
0.4042729296551087,0.8214475393464102,0.39767337733954866,0.5836023123347784,0.0,0.0,1.0,sim
0.564206549764745,0.656313294207971,0.5556377356012163,-0.4591178694422702,1.0,1.0,0.0,sim
0.3587178580598257,0.6958442751067027,0.3094590691808884,-0.9718893924880418,0.0,0.0,0.0,sim
0.28048137528232475,0.32045183505781,0.5624948243122943,-0.2878931914257128,0.0,1.0,0.0,sim
0.8221125454015348,0.33146652842254765,0.8963920052682588,-0.12594684443338733,0.0,1.0,1.0,sim
0.5467406317601518,0.6368338513106536,0.8085515581193738,0.49260799830434965,1.0,0.0,0.0,sim
0.7228654984834297,0.8584429180801929,0.2540345839054733,0.8034883698055402,0.0,0.0,0.0,sim
0.8915030100046302,0.26615922712595014,0.8553337135927048,0.7173240711596662,0.0,1.0,1.0,sim
0.40266442214391307,0.5120506425516483,0.31630935745429634,-0.7577124004291558,0.0,1.0,0.0,sim
0.4233494915189152,0.42453031922126006,0.6916465479825167,-0.4171754991884147,0.0,1.0,0.0,sim
0.7852186724963217,0.8122448949473453,0.4161761173088929,-0.22330106134718442,0.0,1.0,1.0,sim
0.5335248207923794,0.35625038622378796,0.8455276400002734,0.6458737138478223,0.0,1.0,1.0,sim
0.4472791637708675,0.8154822362844365,0.4371634792438456,0.6135781105922731,0.0,1.0,1.0,sim
0.8814754545343426,0.7772277482454639,0.45603335316473637,-0.08799589951159259,1.0,1.0,0.0,sim
0.3815967320623451,0.5487614168314043,0.8881288126333509,0.7944655137716454,0.0,0.0,1.0,sim
0.8765529824271365,0.6896988597068652,0.8694202718141564,0.3542797256388812,0.0,1.0,1.0,sim
0.3811317562210309,0.5820410258920694,0.5449600101821246,0.9904157879676965,0.0,0.0,0.0,sim
0.7467057267794539,0.3461482918081602,0.7483034677330807,-0.5169848504937509,0.0,1.0,1.0,sim
0.38232485496370755,0.3344148543137708,0.5798110558239475,-0.6537809443258489,0.0,1.0,1.0,sim
0.5996053100037293,0.8235921510347015,0.25936644367615797,-0.3885565673610998,0.0,1.0,1.0,sim
0.2636330007170889,0.43292697144571457,0.4211855173382453,-0.76654637670252,1.0,1.0,0.0,sim
0.27694884867958847,0.42855097043197043,0.6141349685600088,0.037132178823109596,0.0,0.0,0.0,sim
0.7251882986429725,0.8388632701169847,0.7335372186688773,0.9304551494001683,0.0,0.0,1.0,sim
0.5274798484838743,0.27987448927181313,0.8258904631511848,-0.4872217116806734,1.0,0.0,1.0,sim
0.837256950693589,0.2543815728432392,0.2547784408557443,0.44253409019315004,0.0,1.0,1.0,sim
0.45607990239628426,0.3546487466677921,0.6973044572187795,-0.4604232450777981,0.0,0.0,0.0,sim
0.515841355418615,0.5453458293453173,0.7149502219523645,0.5027603182014435,0.0,0.0,1.0,sim
0.25136101305894126,0.2737432380567791,0.6332866489518402,0.7772742737135514,0.0,1.0,0.0,sim
0.31173435860048415,0.2989570291891981,0.8796426907929116,0.9265440431666867,0.0,1.0,0.0,sim
0.22603867709222775,0.8739561683703028,0.606855676101347,-0.42150583978277556,0.0,0.0,1.0,sim
0.8540111258273935,0.25027251975431,0.893080603639179,0.31501385187020636,0.0,1.0,1.0,sim
0.3241089084246321,0.5745094658827101,0.8815893474121768,0.7728982332692298,0.0,1.0,1.0,sim
0.4407374510944221,0.4022010304358631,0.31948492256513017,-0.6096285031005277,0.0,1.0,1.0,sim
0.5344178419536777,0.6816984738436693,0.5731638627870114,-0.3385568665772223,1.0,0.0,0.0,sim
0.34517538714107465,0.6962987438692478,0.612485726762227,0.9344600709911277,0.0,1.0,1.0,sim
0.5017434938387602,0.5676790168280417,0.5408520144475213,-0.4439892636780456,0.0,0.0,0.0,sim
0.8254805671784478,0.20124506678252965,0.32247389772944673,0.06711487762532098,1.0,0.0,0.0,sim
0.3795806664766618,0.6232199779344394,0.6476315808483477,-0.05690143528317071,0.0,1.0,0.0,sim
0.612198042706074,0.6733084593935185,0.3066157034436774,-0.8639740755124536,0.0,0.0,0.0,sim
0.2001173477786281,0.5442274321271526,0.43391621114565415,-0.683312550243087,0.0,1.0,1.0,sim
0.875537691576584,0.6725980611404654,0.7816813970057541,-0.011421036553414421,0.0,1.0,0.0,sim
0.6728214192919935,0.8251458751192369,0.2844341285639721,-0.07628273128612673,0.0,0.0,1.0,sim
0.2877687677015649,0.6862075643798371,0.8757802399194814,0.23893518932193225,0.0,0.0,0.0,sim
0.640702375495919,0.363871674317934,0.2726671070193516,-0.7562182563916955,0.0,0.0,0.0,sim
0.4965782282104307,0.731764427297914,0.6671573118706009,0.23469852664324198,0.0,0.0,1.0,sim
0.7400994615290974,0.5851653729337377,0.8270483223767899,0.6762928492538058,0.0,0.0,1.0,sim
0.8579653763136634,0.5541337864135069,0.863795904276246,0.3364285132641458,0.0,1.0,1.0,sim
0.8539458302886109,0.5332042637334873,0.843059586677098,0.8477585039572884,1.0,0.0,1.0,sim
0.8472710224900029,0.3022210541221599,0.8298595355352816,0.3701765255038105,0.0,0.0,1.0,sim
0.7935440982843911,0.7839317153813283,0.27979815987741874,0.09076926703956545,0.0,1.0,1.0,sim
0.523219970146225,0.356394396316628,0.870576690813581,-0.1660162451025058,0.0,1.0,1.0,sim
0.3118523035645969,0.796467206386791,0.7034344302527715,0.5287366924944101,0.0,1.0,0.0,sim
0.33958594458837943,0.7436941656388139,0.3470404370082187,0.7329709477993576,0.0,1.0,0.0,sim
0.443663743973023,0.8811462449463674,0.639567525270752,-0.36801374676099186,0.0,1.0,1.0,sim
0.7371740213484583,0.8455161254392116,0.7796395996735523,0.7769442001210709,0.0,1.0,0.0,sim
0.7998492092415053,0.8891050392555209,0.5994736767874296,-0.048968867353429424,0.0,1.0,1.0,sim
0.460052645466266,0.24946307063432185,0.35695946395672123,-0.38720742147430665,0.0,0.0,0.0,sim
0.7370065986362553,0.43539237237017103,0.43323219594887385,0.6791871173783939,0.0,0.0,0.0,sim
0.7833634362155466,0.6911991398435179,0.5610521450802696,0.11467775609972586,0.0,0.0,1.0,sim
0.5237137065114055,0.40929045925684426,0.33649929123095923,0.13273278193149118,0.0,0.0,0.0,sim
0.4070947699793215,0.22154027031775847,0.6241805833339673,0.943817267760032,0.0,0.0,1.0,sim
0.4024617273843798,0.7667783349209552,0.24225488471580642,0.736877174095879,0.0,0.0,0.0,sim
0.5622832512030351,0.7834802863866208,0.34717852143072514,0.8285574255338366,0.0,0.0,1.0,sim
0.5441367245693969,0.8264927649278675,0.883566201071204,-0.954953174395951,0.0,1.0,1.0,sim
0.7740522408872035,0.6743551565073482,0.49910969546981165,0.7189008707927531,1.0,0.0,1.0,sim
0.694946555961937,0.6668432710300034,0.44281395660168155,0.13240100065777272,0.0,0.0,1.0,sim
0.682677043257716,0.40039584424883606,0.5989350571193686,-0.18798699352560755,0.0,1.0,1.0,sim
0.38203926749997075,0.5092279823541359,0.4430347429599521,0.1985166085000336,0.0,1.0,0.0,sim
0.39186135583182446,0.6194846632398099,0.4509634692661102,-0.12550818353488324,0.0,0.0,0.0,sim
0.22699267740123555,0.20059986753588363,0.8121926174285476,-0.675598395657877,0.0,1.0,1.0,sim
0.6673486050804341,0.6772666265810334,0.2702007909950922,0.7431745711219102,0.0,1.0,0.0,sim
0.20096394735790643,0.6906922242977069,0.3994473137116866,-0.6158940857206434,0.0,0.0,0.0,sim
0.4127628532704129,0.690406239335855,0.7331669452609322,0.5969150783250736,0.0,1.0,1.0,sim
0.2010986260844539,0.634944198365001,0.4450273799295694,0.9414447116391877,0.0,1.0,1.0,sim
0.2623542772976865,0.730267326774148,0.43082452230172386,0.10632075717963763,0.0,1.0,1.0,sim
0.6272171790472237,0.633673326275079,0.610356759168563,-0.5040212496334315,0.0,1.0,1.0,sim
0.45058531230647514,0.3273140708115087,0.3360282242640203,0.11587879139847246,0.0,1.0,1.0,sim
0.8753102919224771,0.43050992926732423,0.7787098910170973,-0.7381560715542614,0.0,1.0,1.0,sim
0.3564370718559725,0.63561142468667,0.7799763663555681,0.963682395515298,0.0,0.0,1.0,sim
0.7912551079806822,0.568219462908242,0.4017400100819818,0.13292944284949737,0.0,0.0,0.0,sim
0.8355633533650186,0.2945724108972715,0.7962006133259303,0.156018465952926,1.0,1.0,0.0,sim
0.32918830844261004,0.42584411657599996,0.8468651649878776,-0.31721908078127137,0.0,1.0,1.0,sim
0.7138776474650426,0.7665357074463839,0.5393008697298696,-0.32401986719455556,1.0,0.0,0.0,sim
0.37044563264886715,0.23908903560512978,0.5051144491086728,-0.17271324715718772,0.0,0.0,1.0,sim
0.802545216451702,0.23807339050415266,0.6832873504670187,0.18501274140168422,1.0,0.0,0.0,sim
0.6847295167500281,0.5424511946487527,0.5366508435757836,0.5874416186508955,0.0,1.0,1.0,sim
0.48020759422829257,0.5974025092948358,0.7790058106560303,0.5911661135553736,0.0,1.0,0.0,sim
0.4297144343958554,0.7219991260252536,0.7065283734480303,-0.367363618330222,0.0,1.0,0.0,sim
0.8956529115864731,0.8086192444311915,0.8892149015536257,0.6709363749274124,0.0,1.0,1.0,sim
0.8106984464480742,0.5812089630416752,0.3330010774684399,-0.09637000830727604,0.0,1.0,0.0,sim
0.4272858730794775,0.8884094573767762,0.8124130991091107,-0.3513561042207485,0.0,1.0,0.0,sim
0.8981639479344312,0.8212587187386091,0.5661225916652138,-0.12710062287917334,0.0,1.0,0.0,sim
0.2900569479316549,0.32195341227694907,0.8977558959719656,0.16253057314405162,0.0,1.0,0.0,sim
0.6692427294263349,0.3297210146631012,0.6695043731966674,-0.9073234991688259,0.0,0.0,1.0,sim
0.24493178245084482,0.44487441889422696,0.8531421985341576,0.33666410267223923,0.0,1.0,0.0,sim
0.5695904586921936,0.6434092992698122,0.8621544341145808,-0.7525744438188555,0.0,1.0,1.0,sim
0.849447908796259,0.42990301253794605,0.7158680112514384,-0.4530259311464788,0.0,1.0,1.0,sim
0.23333352066350033,0.8484150385341915,0.7148356992038851,-0.7135558359056251,0.0,0.0,1.0,sim
0.6750883783176564,0.8645556936893295,0.810736441201088,-0.676935716398799,0.0,0.0,1.0,sim
0.2369129939390412,0.38990718242394207,0.41005272011017835,0.10787421311372114,0.0,1.0,0.0,sim
0.8505755164336075,0.32358509794783974,0.6443193474685027,0.9393604274053877,0.0,0.0,1.0,sim
0.8230216669052854,0.4070757205476212,0.3520861214375389,0.3891554312998713,0.0,0.0,1.0,sim
0.345345874751784,0.4086517090751097,0.8799520292293617,0.19213733794108911,0.0,0.0,1.0,sim
0.42323165179387406,0.22597220174475421,0.2771754075427245,0.1377631013204148,0.0,0.0,0.0,sim
0.40892750619626,0.7569463182984917,0.775876536072422,-0.15833208639925989,0.0,1.0,1.0,sim
0.6471074291260444,0.3367013760779831,0.7806430322457654,-0.25448659696371734,1.0,1.0,1.0,sim
0.47211095597083297,0.5275135438361366,0.5664243656800143,-0.5334891711556742,0.0,1.0,0.0,sim
0.21520599815702046,0.2808863260127228,0.7048456441029256,0.5228743723840348,0.0,0.0,1.0,sim
0.2991981792522209,0.726160296099144,0.2887748940470313,-0.14817646515342076,1.0,1.0,0.0,sim
0.45229028270164,0.5108111137875584,0.7593903314225401,0.018440254723250282,0.0,0.0,1.0,sim
0.804366246199453,0.20958258088963438,0.8761216927614168,0.35761233474355647,0.0,1.0,1.0,sim
0.8607440863655005,0.5289283409433625,0.32797376369479503,0.7801903852753516,0.0,0.0,1.0,sim
0.6341837221483322,0.3556586904526028,0.60167453470128,0.331575843426996,1.0,0.0,0.0,sim
0.4058557338052565,0.8380422969537675,0.6139468378722903,-0.4853303602282917,0.0,0.0,1.0,sim
0.6675183645010507,0.8231136892935651,0.585961301295152,0.07733010065310952,0.0,0.0,0.0,sim
0.6496083149216051,0.5639886215825061,0.33826938983140387,0.31031344793060445,1.0,0.0,0.0,sim
0.4970962565212566,0.6460679985758337,0.5344304636869125,-0.823545855759257,0.0,1.0,0.0,sim
0.82090648695589,0.3424165169132282,0.8595627081251467,-0.9992212927822792,0.0,1.0,0.0,sim
0.599546763283159,0.6157304180500702,0.8047019560220954,-0.49565824379183976,1.0,0.0,0.0,sim
0.6007294216324067,0.7079747568116994,0.6114572122285613,0.46125368378847464,0.0,0.0,1.0,sim
0.6525759771794857,0.8046276194255586,0.37315577961990604,-0.6043545019945353,0.0,1.0,1.0,sim
0.7530669674326029,0.397118733260448,0.8877552176248924,-0.5711465869416348,0.0,1.0,1.0,sim
0.46257513424426694,0.7652641590138425,0.263321498984103,0.7686076558895305,0.0,0.0,0.0,sim
0.26565970403581235,0.26211697984210924,0.5113093665239512,0.6308748936451727,0.0,0.0,0.0,sim
0.23024743856145333,0.5633589886089748,0.40727213835255216,0.3423726377412988,1.0,0.0,0.0,sim
0.7939888439325415,0.22694539598375824,0.6085356890190725,-0.5042207478128045,0.0,1.0,0.0,sim
0.7780592374337048,0.31344592818559197,0.7693734008658324,0.6979740775611514,0.0,0.0,0.0,sim
0.7816994125108054,0.5722126691855774,0.831348812017455,-0.16157908040026414,0.0,1.0,1.0,sim
0.24629499835587357,0.23670946557449565,0.7326146259889796,0.10352202866250404,0.0,0.0,0.0,sim
0.364476078712639,0.6570249850238088,0.3834960466557651,-0.25195538586401645,0.0,1.0,0.0,sim
0.49063157397347196,0.8991374503608642,0.7252991319110513,-0.6299332670007829,0.0,1.0,1.0,sim
0.7127862252541033,0.43845846829119484,0.6281064579891158,0.35895968220118246,0.0,1.0,0.0,sim
0.311645378305266,0.5032949745359157,0.7242787652437677,-0.7250366881329446,0.0,0.0,1.0,sim
0.6552943177081746,0.7989793528323272,0.5191659188032758,0.21756167820013306,0.0,1.0,1.0,sim
0.7097435721447738,0.7493103465545337,0.8472490392369472,-0.9505717195180747,0.0,1.0,1.0,sim
0.495300923273233,0.7533229024723715,0.5301100831629709,-0.09004209851935263,0.0,1.0,0.0,sim
0.5998803766339393,0.2451051835513148,0.3751184037974563,-0.3281810147382047,1.0,0.0,0.0,sim
0.8121572995897035,0.43802965844517494,0.7249710375470708,-0.8784740328903964,0.0,1.0,1.0,sim
0.6670717777466342,0.5259618115791245,0.8932882873234123,-0.0761454639429644,0.0,1.0,0.0,sim
0.7087290877437811,0.8670335974423329,0.36839163739960945,0.4651789955062464,0.0,0.0,0.0,sim
0.541677158427605,0.7646666085702065,0.47863827455553604,0.5657032183553397,0.0,0.0,0.0,sim
0.7681068888809988,0.7239738764807835,0.2563156058864271,-0.3288848556916413,0.0,0.0,1.0,sim
0.7482458798069092,0.6790833131592073,0.7029660114411833,-0.533589632175254,0.0,0.0,1.0,sim
0.8602947649617636,0.711872231271603,0.34405693285215566,0.6816608015688566,0.0,1.0,0.0,sim
0.6666531632524209,0.8793995784332649,0.34012576076606654,0.962151265603638,1.0,0.0,0.0,sim
0.5258159007539616,0.8438042671605936,0.6091856525638406,0.467482371774226,0.0,0.0,1.0,sim
0.7961611214785871,0.2326967709001124,0.7800433410221088,-0.41266919466712526,0.0,1.0,1.0,sim
0.674433933445042,0.5521259716465129,0.4012025587933679,0.6479559105363353,0.0,1.0,1.0,sim
0.2560467046876933,0.5792982569783225,0.32278117261589734,-0.14955733294735696,0.0,1.0,0.0,sim
0.399466685890982,0.870561396353446,0.2583500249569609,0.7297166014658234,0.0,1.0,0.0,sim
0.692665066773111,0.8548492810419372,0.6651572695452099,0.6351201973210734,0.0,1.0,1.0,sim
0.7714853529196943,0.49052256506088626,0.37031608696371326,-0.17905627611709396,1.0,1.0,1.0,sim
0.3793837920248392,0.433554355821963,0.3150819686962302,0.9803711224643112,0.0,0.0,0.0,sim
0.21894526120017196,0.4948974871358769,0.4100425521119858,-0.2740540280939927,1.0,0.0,0.0,sim
0.39953904602551277,0.2532888255487727,0.3348172780336194,0.5788899217649079,0.0,0.0,1.0,sim
0.7729231956310827,0.4181094350862606,0.8416335669165638,0.4750154682920942,0.0,1.0,0.0,sim
0.7740589442164449,0.7357399964422122,0.574776920053363,-0.10860624778075145,0.0,1.0,1.0,sim
0.6342185959975444,0.4822760839078344,0.47194417449138976,-0.2646942787511761,1.0,1.0,0.0,sim
0.22711649242687842,0.6245763841192562,0.4678740152727736,-0.08964404552192518,0.0,0.0,1.0,sim
0.23345109441912482,0.2424311047564689,0.8285553209679968,0.6382904073223923,0.0,0.0,1.0,sim
0.6266069233268826,0.20393945801009383,0.8649957506078774,-0.7719444063942336,0.0,1.0,0.0,sim
0.39020684250277504,0.5374618679831243,0.6780440352369292,0.43745063561909325,1.0,0.0,0.0,sim
0.6464906247329228,0.8454877606555473,0.5360534643551563,0.1032819240012004,0.0,1.0,1.0,sim
0.554363641981874,0.3732598784033482,0.33915498312583964,0.8552056858591219,0.0,0.0,0.0,sim
0.7961252690698433,0.5503366953293882,0.7056162497876839,-0.0024917675882214496,1.0,0.0,0.0,sim
0.4222882275009494,0.5250557309860858,0.3760395067812915,-0.7872494446514802,0.0,0.0,1.0,sim
0.6863724773428741,0.6523766526870572,0.8993940895527308,-0.14896923384899852,0.0,1.0,1.0,sim
0.8384791499559032,0.7199387203617844,0.8011199290309639,-0.35343271517872266,0.0,1.0,1.0,sim
0.29411228367246484,0.7089553538325994,0.31184266481048495,0.6955589835786693,0.0,1.0,0.0,sim
0.6163878933953469,0.7324478971369552,0.7247836012598201,-0.8137092333795894,0.0,1.0,0.0,sim
0.44149673176354864,0.2743846114145253,0.6656195967262861,-0.3873735837242094,0.0,0.0,1.0,sim
0.46709860223795074,0.6109480661923405,0.32913876851252144,0.16340050227025316,0.0,0.0,0.0,sim
0.8716100886297227,0.6337978287045374,0.4544587839087565,-0.9026295732322664,0.0,1.0,1.0,sim
0.7756260384224285,0.5242843116114564,0.3419780737245127,0.7586436080886607,0.0,0.0,1.0,sim
0.48749693357867147,0.5299806922093377,0.6975495042358943,-0.14828797551631911,0.0,0.0,1.0,sim
0.8902085315564443,0.5438137202349853,0.3344163407074887,-0.28758152075845556,0.0,0.0,0.0,sim
0.7951924229040126,0.6448391549841004,0.2886861438959941,-0.5612358224355742,0.0,0.0,0.0,sim
0.270650158036005,0.893778985897534,0.4975519666840578,-0.38909896464997096,0.0,1.0,0.0,sim
0.5767207678067465,0.47083864430043615,0.24861836916984942,0.9889660699015159,0.0,0.0,0.0,sim
0.597001147961199,0.3339345105432665,0.5470080487613496,0.2893380905737204,0.0,1.0,0.0,sim
0.24394889472995002,0.5552445639139392,0.22776607228106208,0.6524619521413373,0.0,0.0,0.0,sim
0.756483477953418,0.8830236596978611,0.4602952786557626,0.8771518721468206,0.0,0.0,0.0,sim
0.704148648202763,0.838497253319265,0.7523464668343087,0.8620415084570741,0.0,0.0,1.0,sim
0.21136801556781784,0.23876065726611448,0.36151494082340374,-0.29305683150254924,0.0,0.0,0.0,sim
0.2396662513037968,0.8669634478227319,0.7035790405458189,0.17821352988448624,0.0,1.0,1.0,sim
0.4817088684670971,0.8160037011245733,0.23317328750665792,0.14901539836580935,0.0,1.0,1.0,sim
0.6861911118603952,0.2574350189792748,0.2907328260990422,-0.9003845165526807,0.0,0.0,0.0,sim
0.7038820501627445,0.30459172339638296,0.21184665040032155,0.15695237277356178,0.0,1.0,0.0,sim
0.32764984070592956,0.28443637603281824,0.5783897479822813,0.5714815080415061,1.0,0.0,1.0,sim
0.5379702158418895,0.7281844721728927,0.827419225662922,0.24159696403403252,0.0,1.0,0.0,sim
0.3795239621484495,0.20388023291045393,0.3717265585420606,-0.6762650538996728,0.0,1.0,0.0,sim
0.5449816230316133,0.29633117012346355,0.41125607235894907,0.08889423085105963,1.0,0.0,0.0,sim
0.7872147942937309,0.8661559239849064,0.3127957970042968,0.7490644905798001,0.0,0.0,1.0,sim
0.8594048174986315,0.6230256288708278,0.28381635003903416,0.07112679509227604,0.0,1.0,0.0,sim
0.4821481065023788,0.3969491351196404,0.7684983010612667,-0.8543346213015628,1.0,1.0,0.0,sim
0.30671350336257264,0.8050100287577506,0.4078237350921471,0.4112206591836203,0.0,1.0,0.0,sim
0.30279343620992355,0.4792377571894873,0.5914648461266516,0.4932420471873895,0.0,1.0,0.0,sim
0.4890081352295693,0.3674221228129053,0.5712611735576987,0.8575569321068506,0.0,1.0,0.0,sim
0.7344327641221473,0.5517579488755133,0.41376050271190873,-0.07620422300715379,0.0,1.0,0.0,sim
0.3905721607778574,0.5479271081525139,0.24969418479242103,-0.2909506746095014,0.0,0.0,0.0,sim
0.525299816381145,0.7187654157188728,0.8347573260424479,0.10749906785246321,0.0,0.0,0.0,sim
0.8420865682555805,0.47186700634577694,0.8142090347160589,-0.7891253427306082,0.0,1.0,1.0,sim
0.26481313794043043,0.26083537257649064,0.7430478872211523,-0.6019751073778199,0.0,0.0,0.0,sim
0.22813237216295323,0.5147566876992347,0.8020859154584561,0.02591767011223256,0.0,1.0,1.0,sim
0.2721655124508522,0.3255696641040836,0.3110210616729697,0.08855143661286391,1.0,0.0,0.0,sim
0.4187295202057273,0.5542819277844829,0.8314663370222446,-0.9034509539887949,0.0,0.0,0.0,sim
0.6651503404837107,0.5684112143082622,0.22544809907133848,0.3804537340042822,0.0,0.0,0.0,sim
0.36647158932260837,0.47086017922348794,0.461704818297068,0.31555781346638057,0.0,0.0,0.0,sim
0.2355541733937908,0.5780927823621851,0.6649493477998751,0.8788190899550932,0.0,0.0,0.0,sim
0.6716882359466857,0.4578604087253891,0.5896897002714578,0.9855508560474926,0.0,0.0,1.0,sim
0.7999876185498471,0.5994286926341355,0.45952934557892616,-0.5664436577659666,0.0,1.0,0.0,sim
0.3499504820009366,0.6231975421514364,0.8803824701621763,0.6141058229651766,0.0,0.0,0.0,sim
0.2626651588771285,0.49501194073565324,0.43654494031997226,-0.6292423821862676,0.0,0.0,0.0,sim
0.2841201168246331,0.4209123478885495,0.20354456631706208,-0.7929367013701951,0.0,0.0,0.0,sim
0.2911982351957185,0.2656936579177613,0.43371799020824575,-0.356156317573038,0.0,0.0,0.0,sim
0.6988572958802606,0.8325025042607501,0.5092564588667904,-0.4907663740324728,0.0,1.0,1.0,sim
0.4161913663697874,0.5149905215397528,0.8110438457945195,0.5065967558140896,0.0,1.0,1.0,sim
0.211932985928531,0.22656062420844378,0.5543370231877645,0.731062865635888,0.0,0.0,1.0,sim
0.7015771627676302,0.3247449765364453,0.31770634717296165,-0.5201153489763626,0.0,0.0,1.0,sim
0.865516662186353,0.42142729769993803,0.22999843821857224,0.2974546066165549,1.0,0.0,0.0,sim
0.2849029382295163,0.4687760928508666,0.4020560901437693,0.5475863895498481,0.0,0.0,0.0,sim
0.49892435152782905,0.8651735073515396,0.22899536726091055,-0.3585235064268948,1.0,0.0,1.0,sim
0.5548548613055116,0.7572876800051103,0.4333932418362668,0.5806269450056201,0.0,1.0,0.0,sim
0.626955619975775,0.36828455858523046,0.38984981222765913,0.678201727345894,0.0,1.0,1.0,sim
0.6174350681708356,0.2706842548116527,0.26462882872222615,0.9758812294053834,0.0,1.0,0.0,sim
0.5015646130616194,0.8320388642394825,0.4394784555098129,0.03751157522331461,1.0,1.0,0.0,sim
0.4329781794006099,0.8527722908332394,0.6235639154793056,-0.45846354356078045,0.0,1.0,1.0,sim
0.5312679215250677,0.8012221261376669,0.5831989640546467,0.021318538827222122,0.0,1.0,1.0,sim
0.41880916749945357,0.24407875488331196,0.4865520800828398,-0.9200743292548745,0.0,0.0,0.0,sim
0.840551853959268,0.306649071065291,0.8430581697258515,-0.3614918590091254,0.0,0.0,0.0,sim
0.8900070768551986,0.5788734475600743,0.6381332081056834,-0.2647619164642059,0.0,1.0,1.0,sim
0.2998736712813211,0.32355128924723675,0.8290083467262983,0.6762997687873511,0.0,1.0,0.0,sim
0.26391538311808954,0.7852475269183936,0.28142046018441386,-0.38676238147751474,1.0,0.0,0.0,sim
0.7291934541632699,0.8279951379027637,0.7175251000532947,0.7136952658015472,0.0,1.0,1.0,sim
0.5692252283400747,0.5430019390037575,0.2097792173129385,0.39905155597323816,0.0,0.0,0.0,sim
0.8390460379706124,0.7687901841060443,0.5773820162297492,0.08560535478836062,0.0,0.0,0.0,sim
0.3094748199805093,0.7414186993304235,0.44307537591497637,0.06823801536341967,0.0,0.0,0.0,sim
0.24868120084933898,0.5823708344474403,0.7852088570216682,0.7413506224718089,0.0,0.0,0.0,sim
0.23302660903180172,0.802744000790121,0.631966181198319,0.5975180569984717,0.0,1.0,0.0,sim
0.70135719874978,0.8507753108503968,0.23003039342747125,0.32209300122901485,0.0,0.0,1.0,sim
0.6590835334009523,0.5313884609886593,0.3035782968632044,0.35484410638624975,1.0,0.0,0.0,sim
0.4207870070423758,0.60076382716199,0.5094928300038282,0.395932706512758,0.0,1.0,1.0,sim
0.7243002154294833,0.30657744021390937,0.22275003483694925,-0.9745788945668037,0.0,1.0,0.0,sim
0.7020701139493726,0.4479311611042245,0.2149677336636417,0.9034443188044228,0.0,1.0,0.0,sim
0.44243759359214674,0.41664984075265044,0.3993167505528818,-0.8439336047175192,1.0,1.0,0.0,sim
0.45652978727173527,0.4644802575612739,0.6314505440136043,-0.7483315800932291,0.0,0.0,0.0,sim
0.28719744257436075,0.8424786208702255,0.46042277535074855,-0.5157604577239052,0.0,1.0,1.0,sim
0.32408765118534894,0.2526063982171888,0.36903893733160975,0.3556489480238001,0.0,0.0,0.0,sim
0.3596298930382073,0.8749262126896933,0.300245908821619,0.5694733881394285,0.0,0.0,1.0,sim
0.20085955761220348,0.21034343918924803,0.4113725127292137,0.3673357984493073,0.0,0.0,1.0,sim
0.8303211821338081,0.8784648271567577,0.6326468826708751,-0.5455193494635577,0.0,1.0,0.0,sim
0.6782564965714485,0.7827074348767926,0.8616494449354581,0.8699069075141597,0.0,0.0,0.0,sim
0.5268413116864734,0.21631141604086035,0.5728625469816883,-0.5856784276645564,0.0,0.0,1.0,sim
0.4090318052132468,0.2670736591961616,0.6452337842390328,-0.5658062446145848,0.0,0.0,0.0,sim
0.6149415412135255,0.4897589849769303,0.6067822089804422,0.7384709692773177,0.0,0.0,1.0,sim
0.6456368902221439,0.4306907648466056,0.7221094625379278,-0.13642388602412447,0.0,0.0,0.0,sim
0.3353829045671092,0.4872506168116105,0.6643072097387765,0.14867506699693922,0.0,0.0,0.0,sim
0.6315247142432556,0.7248261175393069,0.7082023331193692,-0.1400870075619962,0.0,0.0,1.0,sim
0.8589414360974041,0.44059489775310745,0.6988454072115979,0.01258218837329994,0.0,1.0,1.0,sim
0.31773600769066995,0.774644326030463,0.5013685983556108,0.5254791992645458,1.0,0.0,1.0,sim
0.5460114336230153,0.4738781166289986,0.6737130357668157,-0.9271953452556732,0.0,1.0,1.0,sim
0.45402383236280064,0.5020444513378226,0.34604493119932445,-0.7286609522346965,0.0,1.0,0.0,sim
0.23519790730848206,0.6589319406419246,0.5971994171675223,-0.17810737355867312,0.0,0.0,1.0,sim
0.49714192021022763,0.24372376630601206,0.6207558465688758,0.8191147973716995,0.0,0.0,1.0,sim
0.44978451961241284,0.37018411173708804,0.7114767538381039,0.860238489753743,0.0,1.0,0.0,sim
0.2559471291151277,0.259271483881885,0.6564905331860356,0.5419406899517298,0.0,1.0,1.0,sim
0.26539816856029697,0.8536766398106774,0.47386442438745985,0.3686247353419556,1.0,1.0,1.0,sim
0.8797479367976713,0.37781763012438396,0.30750614136260346,0.29220241040237505,1.0,1.0,1.0,sim
0.5718628484060624,0.6442301526435743,0.669026677254213,0.40842156548197717,0.0,0.0,1.0,sim
0.6523110559463752,0.738268021435897,0.6217324434501004,0.031792585151997343,0.0,1.0,0.0,sim
0.2401203635961398,0.4812687797582459,0.5250287045230259,0.3276903076312625,0.0,0.0,0.0,sim
0.21651737484836006,0.5584727627689334,0.7423366201195762,-0.1702741448199856,0.0,0.0,0.0,sim
0.893474848740299,0.3579725057664315,0.32072751824470114,-0.5751843314857585,1.0,1.0,0.0,sim
0.578183663038981,0.3203495366718818,0.8629892812469413,0.05996261463875885,0.0,1.0,1.0,sim
0.2839206834496266,0.34685542704905287,0.4637157354432162,0.31172016083185605,0.0,1.0,0.0,sim
0.2252402198917765,0.864198735661359,0.7851967322817748,0.6020729552339283,0.0,1.0,0.0,sim
0.28332794351062585,0.6835708864333073,0.7142104465874595,0.7159249954183227,0.0,0.0,0.0,sim
0.5508755294932652,0.24910614702889267,0.35750233354228433,0.2211011128465239,1.0,0.0,0.0,sim
0.3196357812283654,0.8361269623090517,0.7597662157540637,-0.4519876495776436,0.0,1.0,1.0,sim
0.4772349493801937,0.33951041603978926,0.5138759726327269,0.04575127325920647,1.0,0.0,1.0,sim
0.3713010026474586,0.6426627803751102,0.4487974385537497,-0.5185603538167827,0.0,1.0,0.0,sim
0.8533770291401528,0.2614032901965734,0.7828071441635787,0.41020826676895217,0.0,1.0,1.0,sim
0.6638186577374954,0.7694988557696194,0.7453157609452452,0.661415252953865,1.0,1.0,1.0,sim
0.7718760422712032,0.8560514272994117,0.6768627297410825,0.9908843378953098,1.0,0.0,0.0,sim
0.42644482335581546,0.563405849820303,0.3320433660895922,0.60910613800164,0.0,0.0,0.0,sim
0.5791897558762722,0.24943662434473585,0.2457357991730541,0.982181633173838,0.0,0.0,0.0,sim
0.4958233013784753,0.7261131057725028,0.41305743520985005,-0.360325161708412,0.0,1.0,1.0,sim
0.25523931379199016,0.8167621705165751,0.36333294768410074,-0.9015321960002203,1.0,0.0,0.0,sim
0.25601972164775283,0.6745947348047066,0.5176083643917169,-0.2773267400674342,0.0,0.0,0.0,sim
0.48258406083755534,0.618328664398681,0.6372410582148433,0.6681583108673081,0.0,1.0,0.0,sim
0.38014087591092155,0.7812987883302673,0.8555192569135006,0.6133893404763451,0.0,1.0,0.0,sim
0.6568649030575762,0.7377758578215912,0.4727121473095979,0.9482969237510768,0.0,0.0,0.0,sim
0.6834936900125395,0.21772332649410256,0.5678906939750128,-0.49558118364547754,1.0,0.0,0.0,sim
0.411651497703581,0.7040615550772154,0.5375693688563439,-0.15153628821787413,0.0,0.0,1.0,sim
0.4142953203339909,0.3846055628177192,0.3092937580921672,-0.8373089142306387,0.0,1.0,0.0,sim
0.40800463600666503,0.8766107921153905,0.573295533973529,-0.3049383102805694,0.0,1.0,1.0,sim
0.4238528290536024,0.6315309691524155,0.24512189450729546,0.5505562735753264,0.0,0.0,1.0,sim
0.5006320365511243,0.33474446160636184,0.8312678452005784,-0.13635318303768895,1.0,1.0,0.0,sim
0.6289556537991259,0.754541657405049,0.7861115730254431,0.28025156845912114,0.0,1.0,0.0,sim
0.3295083516097091,0.4548977265638144,0.7877623793643698,0.902449977201025,0.0,0.0,0.0,sim
0.21354831674068703,0.7431460914288504,0.5632740099756652,0.0735889566024921,0.0,0.0,0.0,sim
0.3031794437626471,0.30856004835143114,0.7336891515965369,0.9752048727999705,0.0,1.0,1.0,sim
0.2105664922397672,0.33206352412983264,0.2874614983946111,0.006076168252520997,0.0,0.0,1.0,sim
0.36829038995315366,0.8786669254182782,0.4997319680009767,-0.5719234519522136,0.0,0.0,1.0,sim
0.25878412674584994,0.4299250190397703,0.41239872396068256,0.28170814495869423,0.0,0.0,0.0,sim
0.7115567951904029,0.7752426215301409,0.34890678156696664,0.6536919200316973,0.0,0.0,0.0,sim
0.777156560806932,0.5136331561986057,0.24948494526142534,0.5991871036701719,0.0,0.0,0.0,sim
0.30166786341035534,0.27305712243554753,0.631814315427014,-0.6222016039385427,0.0,0.0,1.0,sim
0.548866576370598,0.2036394310471277,0.2887799645653132,-0.16916285732706093,0.0,0.0,0.0,sim
0.5908807314734918,0.370689480531376,0.22228085111578078,0.1204862132701594,0.0,0.0,1.0,sim
0.2609176516816282,0.6380980834419863,0.37889315208736074,0.004680685595187528,0.0,0.0,0.0,sim
0.4030089190726963,0.22507638530419422,0.5201787843597836,0.5499475863842869,0.0,1.0,0.0,sim
0.8229294839238104,0.6829205685383891,0.8089292164119759,-0.46646969479509415,0.0,1.0,0.0,sim
0.6438922068759105,0.8954202405593295,0.7091352115909195,0.3650614655001121,0.0,1.0,0.0,sim
0.6025545122685869,0.38408938441567236,0.5090935806087099,-0.7979051232553636,0.0,1.0,1.0,sim
0.43685437236200536,0.4887695243563463,0.21446560396456152,0.9587774015452206,0.0,1.0,0.0,sim
0.5746133892392236,0.5546785416944857,0.3622691384468682,-0.9609838148121672,0.0,0.0,1.0,sim
0.44432254549372907,0.20834512561499988,0.7094066326928203,-0.37455859264798796,0.0,0.0,1.0,sim
0.3502603750799054,0.4026044581689484,0.5548287418150897,0.4866646717149541,0.0,0.0,1.0,sim
0.7822029789654883,0.5867144345162478,0.5681261660537085,0.6963257298933978,0.0,0.0,1.0,sim
0.8760955943466029,0.8058732174872372,0.23534420884974447,-0.35569533805495657,0.0,1.0,1.0,sim
0.21778324948218197,0.229237095577968,0.20892484159090793,0.3049982349867306,0.0,0.0,1.0,sim
0.8526724065450759,0.8387682228051416,0.7660333367062389,0.09284617428133357,0.0,1.0,1.0,sim
0.3349626130116797,0.32981255484612026,0.3976770739884028,0.8267080243755918,0.0,0.0,0.0,sim
0.3804380352217785,0.255761666502203,0.8687817469968155,0.7105709863899157,0.0,0.0,1.0,sim
0.7487888044742139,0.20881594309486004,0.6552835601682523,0.6928738937786396,0.0,1.0,0.0,sim
0.2667337632030536,0.785791705396224,0.25000904002143315,0.6237022560430077,1.0,0.0,0.0,sim
0.6480808097952317,0.7970773323543283,0.24360543823507289,0.7745290619729941,0.0,1.0,0.0,sim
0.25462382494523517,0.4735913717132931,0.40222133250274805,0.3373809309381113,0.0,0.0,0.0,sim
0.5196235891409102,0.5276686217950306,0.4305607368004375,0.9576216419863266,0.0,0.0,0.0,sim
0.7037172939124123,0.5458845672725583,0.8505660845753578,-0.5679136758224299,0.0,1.0,0.0,sim
0.3856655310721432,0.8010333580787452,0.44888282287952413,-0.31573550293550134,1.0,1.0,0.0,sim
0.43796222644297467,0.4036411835401779,0.3166777033801056,0.9879623292581952,1.0,0.0,0.0,sim
0.6825090216428732,0.7385657198232225,0.46618694084137074,0.3217863286960092,0.0,0.0,1.0,sim
0.8235153668767754,0.3986500712307345,0.5090924285787475,0.7841353191646891,0.0,1.0,1.0,sim
0.37743024845494033,0.7776025337419776,0.5493773776262367,0.8066916205002344,1.0,0.0,0.0,sim
0.4118189060865616,0.4523030338995373,0.33979180647418666,0.7792090295661154,0.0,1.0,0.0,sim
0.2272454564856502,0.4248485720353937,0.3226434975452269,0.3033648188075766,0.0,1.0,0.0,sim
0.41005815948763796,0.20006454275567515,0.25673892288707556,-0.7022462525576003,0.0,0.0,0.0,sim
0.34084649180760573,0.5727751882658116,0.41538692750168404,0.020796805529233353,0.0,0.0,1.0,sim
0.6943671788878876,0.8195808934007651,0.4442836381696399,0.01879613758862586,0.0,1.0,0.0,sim
0.48830441193098195,0.7649221140157014,0.5972038872783532,0.01785762945110836,0.0,1.0,1.0,sim
0.5695199197322689,0.8134263241957453,0.668443772249415,0.7561447197738629,0.0,1.0,1.0,sim
0.22828144204697692,0.8488285011891847,0.8069357556088033,0.7422076035271501,0.0,1.0,1.0,sim
0.2265035862660913,0.7636879692466887,0.7133272534218915,-0.27393327140599344,1.0,0.0,0.0,sim
0.5969923817484077,0.2671248512594717,0.8467552721694462,-0.2799432155133905,0.0,1.0,1.0,sim
0.8863096002432251,0.8122462805800035,0.8412306212041334,0.8481203320500401,1.0,0.0,0.0,sim
0.5210479529813135,0.3492557264739138,0.5956974052873616,0.3097136061495731,1.0,0.0,1.0,sim
0.4445876119867884,0.7658726114588568,0.6228308379997234,0.010481490060711973,0.0,0.0,1.0,sim
0.2864355720624587,0.22143945253190742,0.4394550820491193,-0.45061376265927233,1.0,0.0,0.0,sim
0.2505829070548793,0.4900838136508712,0.322290242831635,0.05103855048078021,0.0,0.0,0.0,sim
0.32276608203388535,0.7352722485897036,0.7385352560779892,-0.8650034612740061,0.0,0.0,0.0,sim
0.4154389094486728,0.3753418965844763,0.25419427177822185,-0.4557059605873284,1.0,0.0,0.0,sim
0.7734575977998253,0.6227813457340564,0.5458855514061203,-0.3312901842768017,0.0,1.0,0.0,sim
0.8586168890384533,0.8171011307371125,0.577859120292612,0.7615487851844052,0.0,1.0,1.0,sim
0.7991390982872917,0.2473920095722279,0.4333334942432314,-0.017070505088134125,1.0,1.0,0.0,sim
0.3733133309168906,0.617777751970958,0.8765417263229056,-0.11149651449364306,0.0,1.0,0.0,sim
0.8625477354373967,0.22150462887428973,0.3188614724936103,0.9251702189430626,0.0,0.0,0.0,sim
0.5640255607951288,0.5130743252062266,0.740225838494535,-0.006252964513277615,0.0,1.0,1.0,sim
0.7537568433740232,0.8508984487958751,0.49803317234149796,-0.8374421219528068,1.0,1.0,0.0,sim
0.5014758134861625,0.41743333286867146,0.8254516812084927,0.8932426760405077,0.0,1.0,0.0,sim
0.4681259796654613,0.6490899366457483,0.2641518867466966,-0.052622708980269106,0.0,0.0,1.0,sim
0.3317258807545511,0.75288699875938,0.449749932674975,-0.5275710708101429,0.0,1.0,0.0,sim
0.7931357795569327,0.7808178201190437,0.3611498316470602,0.019912911793706023,0.0,1.0,1.0,sim
0.5324140147959122,0.2547324602573751,0.881682718034295,-0.2780896662598993,0.0,1.0,1.0,sim
0.7078703761471823,0.5685039550397276,0.5248920984422203,0.19816125983037303,0.0,0.0,1.0,sim
0.6855636192324499,0.5410036333377704,0.6612543031952416,-0.05804618498217784,0.0,0.0,0.0,sim
0.37386543996942745,0.6738133818285975,0.2743595455542543,0.03718027922170197,0.0,1.0,0.0,sim
0.7588758472199493,0.7924608040452723,0.6062249569202427,-0.7280106446203989,0.0,1.0,1.0,sim
0.3191520046488301,0.6319144286885919,0.8378399985313649,0.2044057833610704,0.0,1.0,1.0,sim
0.34611186786258985,0.3552407607385467,0.5019930496277649,-0.3333783801096555,0.0,0.0,0.0,sim
0.43828451535042035,0.8785037930164046,0.32931671561963943,-0.9715267902613527,0.0,1.0,0.0,sim
0.5315026221741039,0.2091375749964562,0.8304704819043331,0.34127191222782494,1.0,0.0,0.0,sim
0.8880393978148038,0.8712906665008482,0.7026012938374597,0.021580882665258816,0.0,1.0,1.0,sim
0.5434232059487145,0.5346771378270789,0.7709265307326223,-0.04601435483164318,0.0,0.0,1.0,sim
0.8835406933402525,0.6593290832115066,0.44992033473289983,-0.26779213940957947,0.0,0.0,0.0,sim
0.23140312843826216,0.4335526864733764,0.5116047896238733,0.5170332659779671,0.0,0.0,0.0,sim
0.8543743368355654,0.7593576774039927,0.8601763519036176,0.904065794269659,0.0,0.0,1.0,sim
0.25113476881908536,0.6345296361373014,0.35363635835396334,-0.07224603192878787,0.0,0.0,0.0,sim
0.6688180192750349,0.5975964496461283,0.3043558354993072,0.011790702765658079,0.0,0.0,0.0,sim
0.8015127828911106,0.2946457018845088,0.21821202110661225,-0.8397347142034475,0.0,1.0,1.0,sim
0.814933877700643,0.4308067908605977,0.48556381679751925,-0.19582716816371337,0.0,1.0,0.0,sim
0.3554460858826908,0.29488383133904555,0.620430672964681,0.3211288888828021,0.0,1.0,1.0,sim
0.8918082835422503,0.6239319894348148,0.7379404012415252,0.421386423241098,0.0,0.0,1.0,sim
0.4532896828123181,0.8462437271315892,0.5243766583150729,-0.1515588738043474,0.0,1.0,0.0,sim
0.8868289319842502,0.2382714201970015,0.5596020225078253,0.6132280529577614,0.0,0.0,0.0,sim
0.7959556827794214,0.5431471680538863,0.858480504113579,0.1825571640699415,0.0,1.0,0.0,sim
0.5293371823516473,0.8158160068648936,0.4944777776593408,0.4853498486818615,0.0,1.0,1.0,sim
0.3296625151351683,0.849043059615564,0.8367109371821084,0.7690191546680105,0.0,1.0,1.0,sim
0.6730702845330168,0.7110444487166219,0.6538165499938444,-0.475548687826588,0.0,1.0,1.0,sim
0.7022508564226602,0.2677709622413101,0.48480739345124746,-0.01321411894707758,0.0,0.0,0.0,sim
0.6984394981862618,0.7114309317834673,0.8537762505144117,-0.09824143975551847,1.0,0.0,0.0,sim
0.5237207356280665,0.6178514198819425,0.29685244796756116,0.24418894046057749,0.0,0.0,0.0,sim
0.8686200578304908,0.7973060933856522,0.38695354754428796,-0.1477906650354961,0.0,1.0,1.0,sim
0.3728839803424207,0.330687453231297,0.47088945111201175,0.5966614733906732,0.0,0.0,1.0,sim
0.5956387957277754,0.7568281485228041,0.35321527812681924,-0.31537645790343105,0.0,1.0,0.0,sim
0.2654845575733347,0.2943412159437022,0.6761484654820893,0.8737480882912401,0.0,0.0,0.0,sim
0.23235653275845208,0.7992469655181742,0.5636107253412581,0.32147267958416603,0.0,1.0,0.0,sim
0.6876856801697342,0.45900432365543165,0.8938892178496105,0.7155244986500422,0.0,0.0,1.0,sim
0.8274895264631683,0.24632196562523795,0.640473731784831,0.7148386863245011,0.0,1.0,1.0,sim
0.759144392816083,0.21465372918423747,0.22606837009095898,0.8235579121117338,0.0,1.0,0.0,sim
0.5168584784409906,0.32318667725283573,0.7175086203581582,-0.851396373063831,0.0,0.0,0.0,sim
0.35839814615520327,0.7366207719651441,0.7513396953975324,-0.9670987729174336,0.0,1.0,1.0,sim
0.4552694392232945,0.8882684422793645,0.3034943511355952,-0.6886901804671683,0.0,0.0,1.0,sim
0.6689516172106345,0.6423589485145337,0.2687249638432036,-0.9885644002990903,0.0,1.0,0.0,sim
0.8019183476728491,0.32898944582510403,0.34982379543748343,0.9730248280186418,1.0,0.0,0.0,sim
0.5219774213027578,0.6202158653072194,0.6734249922870625,0.23883479145732167,0.0,1.0,0.0,sim
0.7885016950418704,0.6064672003642082,0.5036070030609726,-0.28604660678104366,0.0,1.0,1.0,sim
0.569318851017425,0.5430303336685212,0.6245595625715729,-0.5808044283889093,0.0,1.0,1.0,sim
0.6182129517924184,0.47885741109410385,0.8715514367664603,-0.6388666084563852,0.0,1.0,0.0,sim
0.7749668123630014,0.851032457447537,0.8463948581118252,0.7507600844131905,0.0,1.0,1.0,sim
0.22129818450619237,0.8890652113233766,0.2352424703223263,-0.9652121077241316,0.0,0.0,1.0,sim
0.7585937266867697,0.3184282624932494,0.32906259729938503,-0.9473166327473805,0.0,1.0,0.0,sim
0.8596519650606758,0.8211454840041859,0.35881772330662554,-0.4849503008530929,0.0,1.0,0.0,sim
0.4994182131767199,0.8018496310589123,0.6513162155769594,0.8534924865748501,0.0,0.0,1.0,sim
0.447242755008305,0.3940804311192963,0.8501973324916186,0.33524279456196093,0.0,1.0,0.0,sim
0.4888334504334155,0.4177344378284016,0.8157723717118905,-0.7232706981267181,0.0,0.0,1.0,sim
0.8951767270378057,0.7532472002240782,0.7702718364859054,-0.2616103766569462,0.0,1.0,1.0,sim
0.612191175743408,0.8724521397398137,0.26643876242854125,-0.5891976744027261,0.0,1.0,1.0,sim
0.5497781807346525,0.591534914142039,0.2365066536291617,0.36768787876622744,0.0,0.0,0.0,sim
0.2574152397236319,0.6815686729750212,0.29887655170888155,-0.503905479439118,0.0,1.0,1.0,sim
0.4638046186130445,0.8629362022156319,0.6305162441687351,0.30058829079849536,0.0,1.0,0.0,sim
0.34636208680095054,0.7796085178425249,0.7004722027347836,-0.6588870292494364,0.0,1.0,0.0,sim
0.7588737694159071,0.3015646966508171,0.8392496591641931,0.19262611095744386,0.0,0.0,0.0,sim
0.8297617807584468,0.6968093238592208,0.3387818049911597,-0.42597424968390984,0.0,1.0,0.0,sim
0.848114955737165,0.7966453229516257,0.5843061951779165,-0.3308831937616439,0.0,0.0,1.0,sim
0.31462937190733054,0.4768542110210846,0.6963298917859171,0.14662035020407482,0.0,1.0,1.0,sim
0.39009025967166966,0.630165842938081,0.8194146686231878,0.6957746079316767,0.0,0.0,1.0,sim
0.8623161036929079,0.5452190904572005,0.8776470615800878,0.17599947678088235,1.0,0.0,0.0,sim
0.5101796783966989,0.28352392405298577,0.3276373695343431,0.888560826908783,0.0,0.0,0.0,sim
0.7002394473226594,0.6359638204406828,0.412563827434701,-0.6412085252371578,1.0,0.0,0.0,sim
0.7286720512546361,0.892009711067433,0.6901064338156926,-0.9029870150813168,0.0,1.0,1.0,sim
0.48815788048877323,0.4841717535862687,0.3828074682248038,-0.3327793673807973,0.0,0.0,0.0,sim
0.7327178626303017,0.527933679500973,0.5582658280498117,-0.38782826573184104,0.0,1.0,1.0,sim
0.29408203612699113,0.2336247314553111,0.4769944427511552,0.120670338206611,0.0,1.0,0.0,sim
0.7793590872907696,0.3177610447314619,0.6198780572781202,0.7478088896191015,1.0,0.0,1.0,sim
0.3524478581671865,0.3897445641221522,0.5903879465799915,0.34497275557960094,0.0,1.0,0.0,sim
0.6582949272979062,0.35718538703891184,0.7425728855184637,0.30308351231432296,0.0,1.0,1.0,sim
0.3461123046441762,0.23449942677886848,0.36948213566857163,0.400516630365062,0.0,0.0,0.0,sim
0.36128231519076387,0.3033611297786886,0.3267251106725148,-0.5252815471666725,0.0,1.0,0.0,sim
0.5545281174685569,0.6940612975460991,0.4351258638865785,0.9018653710917954,0.0,1.0,1.0,sim
0.7200597740243817,0.8755961436941284,0.75353549368342,-0.1503260964222064,1.0,0.0,1.0,sim
0.7540190229360033,0.6443652461919727,0.338156742332289,0.5742697962821237,0.0,0.0,1.0,sim
0.7598799058146612,0.5897659099480714,0.6360186530035518,0.7903733557685186,0.0,1.0,0.0,sim
0.3634554328257199,0.4329922724559354,0.35666674754787686,0.37338493862008426,0.0,0.0,0.0,sim
0.2559431134300328,0.7442551175585754,0.27535932306323263,-0.1482185147450492,0.0,0.0,0.0,sim
0.5675874419309284,0.44433277312007197,0.31490661624418514,0.38351294243159995,1.0,0.0,0.0,sim
0.6576365754591558,0.6219063726500836,0.6041918262380142,0.28087077588696063,0.0,0.0,1.0,sim
0.3428712277111684,0.7430078000315736,0.5282401591808832,0.28194996214067425,0.0,0.0,0.0,sim
0.6928726065419653,0.22801213822675062,0.37843275768120177,-0.45840175289355334,0.0,1.0,1.0,sim
0.5454437393434852,0.3795016150244825,0.39103151002485603,-0.7484408758742749,0.0,1.0,0.0,sim
0.6135752328760774,0.458280854076454,0.2001926798881692,-0.060419046658807485,0.0,0.0,0.0,sim
0.24287741799529758,0.8847301327856525,0.38238408560409176,0.5880824047726976,0.0,0.0,0.0,sim
0.5693417886381177,0.8456538554218995,0.8281325115252918,0.6868316576944267,0.0,1.0,0.0,sim
0.4092820929889825,0.5197719297970361,0.2661252039392773,-0.9513046275975394,1.0,0.0,1.0,sim
0.6928244810276005,0.5488417817203475,0.7725183797387374,0.8998564029918301,1.0,0.0,0.0,sim
0.7966400434294474,0.542742272696563,0.226449223954813,-0.3222869103808039,0.0,0.0,0.0,sim
0.8112226669262674,0.46126039798636526,0.3533440257371827,0.6698178915750852,0.0,0.0,0.0,sim
0.7814722885436038,0.8287399621400842,0.3998012388217782,-0.9061430588508039,0.0,1.0,1.0,sim
0.2749617691353602,0.42810864337572185,0.3556766547291714,-0.3172549214089393,0.0,0.0,0.0,sim
0.4493461555647408,0.24928213361308216,0.42685371117102233,0.44755343267864856,0.0,1.0,1.0,sim
0.3477262623169286,0.8793234675187984,0.3709231249738034,0.21381752675739407,1.0,0.0,1.0,sim
0.36715068228646747,0.2136265992750081,0.8613608041132801,-0.39205799510486816,0.0,0.0,1.0,sim
0.560693659951601,0.26970893138818675,0.5819724823908892,-0.303787239947402,0.0,0.0,0.0,sim
0.3185392363559636,0.30118397776734895,0.2579758170207984,0.15558418792654183,0.0,0.0,1.0,sim
0.8489367453722569,0.3634273021192168,0.8624577039216743,-0.06010646083201543,0.0,1.0,1.0,sim
0.4989200569312604,0.44608105240579476,0.5731469817451547,-0.4693139411406879,0.0,0.0,0.0,sim
0.20199501575205744,0.5076236457484204,0.3145352743442033,-0.7566360386589415,0.0,1.0,1.0,sim
0.5067339682881803,0.474606117820104,0.7590875363261032,0.9246938967060039,0.0,1.0,1.0,sim
0.22815744779406172,0.40995210194860393,0.7853987601929668,0.1853678970129824,0.0,0.0,0.0,sim
0.6559278095640431,0.4304296452824524,0.8981994110107492,-0.4203415048022625,0.0,0.0,1.0,sim
0.6214143500307299,0.7925828539616011,0.24054324111401296,0.43999087493824796,0.0,1.0,1.0,sim
0.2818757764892422,0.2895407543039731,0.5726708803795,-0.6531602810735215,0.0,0.0,1.0,sim
0.6407065455726213,0.2347486107205822,0.3971508046945832,0.004327772499825189,0.0,0.0,0.0,sim
0.5853384271543551,0.7359341692032011,0.3598973123878506,-0.2817055859154376,0.0,1.0,0.0,sim
0.5924176389602311,0.6617156930016671,0.5418860050938319,-0.4083661159319423,0.0,0.0,1.0,sim
0.2166011872212853,0.2842038383516071,0.27625230936942685,0.5928761513677911,0.0,0.0,0.0,sim
0.46944217940617644,0.42876384533802436,0.5296297772199462,-0.06111339490303691,0.0,0.0,0.0,sim
0.35658489352032,0.7748320295514131,0.6970794114672294,-0.3592884868097088,0.0,1.0,0.0,sim
0.7573626019797282,0.6581116667816513,0.6589632405043756,-0.9392182839629915,0.0,1.0,1.0,sim
0.7490079324447092,0.7605378713077928,0.2109252510910554,-0.5166295296517096,0.0,1.0,0.0,sim
0.8936253574119308,0.7007077811319868,0.2968549433716564,0.48228523919818955,0.0,0.0,1.0,sim
0.2343679357020126,0.4515503761813937,0.20529193157074838,0.6823330904904623,0.0,1.0,0.0,sim
0.7257422395171387,0.44215625076032244,0.6190515453361468,0.403167016883097,0.0,1.0,0.0,sim
0.29320543006994737,0.5515351733713565,0.23867544385162118,-0.6911470991077036,0.0,0.0,0.0,sim
0.6241479202949682,0.3366625409612857,0.4069707228447458,-0.7226014123244524,1.0,1.0,0.0,sim
0.24123474569809122,0.3266958276248977,0.7776457258829903,-0.3943100913343909,0.0,1.0,1.0,sim
0.2930380983881435,0.33287804983415836,0.2188787135765698,-0.9857205108048075,0.0,0.0,0.0,sim
0.5790642260619252,0.6641273992353682,0.21778383702472456,0.4195747591430694,0.0,1.0,0.0,sim
0.5626846726944588,0.6886098520810888,0.840808521331103,0.02369556745883883,0.0,1.0,1.0,sim
0.8793991209765353,0.5519784706587714,0.7189825844858553,0.9160437931988146,0.0,1.0,0.0,sim
0.43546611439668004,0.46628805947566215,0.2953114304859874,0.9421333713870732,0.0,0.0,1.0,sim
0.7034455640505328,0.6202405853333253,0.40037270238113876,-0.6246485358061582,0.0,0.0,0.0,sim
0.7875003049170959,0.7885094278795985,0.7763933035345805,-0.30396688341435163,1.0,0.0,1.0,sim
0.3932746891088589,0.5913358872251947,0.8988020492202602,-0.9229075276347494,0.0,1.0,1.0,sim
0.5407271925714892,0.6924676322480272,0.6195883887114931,-0.20180403365015076,1.0,1.0,0.0,sim
0.36392541361753483,0.6102952568385058,0.25641051065434173,0.5133647698126791,0.0,0.0,1.0,sim
0.4321362474225453,0.4836273028501922,0.2857237109649382,0.7678366800280323,1.0,0.0,0.0,sim
0.33484144343222627,0.675976561893846,0.6539770449096907,0.5135427332883833,0.0,0.0,1.0,sim
0.6587134061255395,0.7687679660121916,0.7580625459067394,0.6341072599840529,0.0,1.0,1.0,sim
0.2206509654867822,0.28173009004443106,0.7333112112740934,0.8139033031293545,1.0,0.0,0.0,sim
0.33402157696660295,0.5976558533310181,0.752019352412211,-0.009039078113116661,0.0,1.0,0.0,sim
0.4260335175685976,0.5155041751051146,0.8731857585086,-0.8285891000884258,0.0,1.0,1.0,sim
0.8450683993789265,0.8541028116569138,0.37212027957867,-0.446721820979896,1.0,1.0,0.0,sim
0.5107760912277355,0.8039817216099785,0.3005712384534937,-0.46150396836866525,1.0,0.0,0.0,sim
0.2584588159659857,0.48280051273510777,0.7480822393708764,0.27571429882290155,0.0,0.0,1.0,sim
0.4114172900737515,0.7201422745182446,0.7613720538546662,-0.5349038015725625,0.0,1.0,0.0,sim
0.8091736252744248,0.6137946950441613,0.6521379959311383,-0.21023167134029785,0.0,1.0,1.0,sim
0.42612611006826023,0.4736559833763803,0.876982594540455,-0.7090548086838253,0.0,1.0,0.0,sim
0.7098588898110749,0.2537766169798701,0.29562524208084834,-0.4044700064833142,0.0,0.0,0.0,sim
0.24435956021420627,0.28703684073396574,0.3885581272199192,-0.9349529520685567,0.0,0.0,0.0,sim
0.5327396330086901,0.8729115054818619,0.646454445121658,-0.6054792340853832,0.0,1.0,1.0,sim
0.2906003599053323,0.5570535040328055,0.23386592425224292,0.288545950463156,0.0,0.0,0.0,sim
0.47555886581897044,0.7999104676200344,0.7078544888325378,-0.9009859654118366,0.0,1.0,1.0,sim
0.5067078637945349,0.32130604549879815,0.6632671103983189,0.9704761838764997,0.0,1.0,0.0,sim
0.4805670760183075,0.6309190682955694,0.6943093083182617,-0.11359128465116375,0.0,1.0,1.0,sim
0.352369476128937,0.821763125828177,0.7079731984000706,0.4879036841223341,0.0,1.0,0.0,sim
0.4577355080271118,0.5300483517753203,0.6463608022198692,0.6808607329624505,0.0,0.0,1.0,sim
0.3707757148823072,0.6720130894530326,0.499266495006588,-0.5653012479384447,0.0,1.0,0.0,sim
0.30802601922065226,0.8482803414886484,0.6263829708144203,-0.816230294702643,1.0,0.0,1.0,sim
0.7981601095701656,0.6942383045123055,0.24700668403022494,-0.9352937529265308,0.0,1.0,1.0,sim
0.7551367713912076,0.4915293731213768,0.2532041326465667,-0.4317593590969915,0.0,1.0,1.0,sim
0.22889281692383381,0.4716432463160729,0.7389371443190855,0.5616997588751271,1.0,0.0,0.0,sim
0.7073885357527168,0.29449956778749264,0.674410711040565,-0.35961508251089125,0.0,0.0,1.0,sim
0.8567142837315604,0.4610732126946053,0.4243752063651832,0.37580268602402955,1.0,0.0,0.0,sim
0.310117482759992,0.3134685580069152,0.6611923581923713,0.1962290106513116,0.0,0.0,0.0,sim
0.45704039844134287,0.8363388497235558,0.3269360029032233,-0.2558659833973902,1.0,0.0,0.0,sim
0.725344400663769,0.339115039625694,0.8193016809425233,-0.4461754234133628,0.0,1.0,1.0,sim
0.7232647187381094,0.7733137414694193,0.5975097451423597,0.11486004140701711,0.0,1.0,0.0,sim
0.5929018274723439,0.7595067044247867,0.875733394193887,-0.9253075470866139,0.0,1.0,1.0,sim
0.47658315357434794,0.24214014743436624,0.44676156572423176,0.242829071566397,0.0,0.0,0.0,sim
0.2146954769125576,0.649536930596037,0.5700196322938909,-0.615235047809854,0.0,1.0,0.0,sim
0.5905521123316568,0.5316261581405728,0.5041725664332074,-0.300144630584922,0.0,1.0,0.0,sim
0.2806682929372902,0.6111839216799577,0.8576017812842944,-0.9835707837020407,0.0,1.0,1.0,sim
0.24058606635033863,0.30090499468386306,0.5114136028514444,0.7676552876824903,0.0,0.0,0.0,sim
0.44780903945066974,0.4498453430570474,0.23884958531942674,0.3534249629597681,0.0,0.0,0.0,sim
0.3910404175181291,0.44024378621819016,0.8354109772027496,-0.816410108056937,0.0,1.0,1.0,sim
0.683728254636832,0.23963709872539155,0.7376979594821207,0.025944922248566815,0.0,0.0,1.0,sim
0.6295696660705608,0.48184541462272107,0.3866758370534537,0.7027765075025034,1.0,0.0,0.0,sim
0.5260696679316523,0.5019130684229954,0.6949612143698998,-0.07453350272371351,0.0,0.0,1.0,sim
0.2405622798027451,0.5542092978561983,0.6725229517772278,0.22293903027196693,0.0,0.0,0.0,sim
0.6729242146928479,0.6251210994270219,0.5950217586741905,-0.7030285240667127,0.0,1.0,1.0,sim
0.8960397432283354,0.38251115332496594,0.8905585779517955,0.3232441381692577,0.0,1.0,1.0,sim
0.4255398788144402,0.42267476015092353,0.7457629498801595,-0.9639194898682639,0.0,1.0,1.0,sim
0.5830014262953589,0.8637567160673418,0.780593843359807,0.9929727143887133,0.0,0.0,0.0,sim
0.732138586236913,0.6233825176434848,0.8002446769545013,-0.27344420399077674,0.0,0.0,1.0,sim
0.21241058880104366,0.6822245274255578,0.5461276574214331,-0.9651040168303562,0.0,0.0,0.0,sim
0.2774347919667206,0.3222885621858744,0.42996090880760673,-0.0794530527176629,0.0,0.0,0.0,sim
0.5411053017174773,0.23286355439451673,0.4390488696864447,0.40959442469561935,0.0,0.0,0.0,sim
0.6953163568140239,0.5258858997833755,0.3918108820118089,-0.11241970143641655,0.0,1.0,0.0,sim
0.28559863252821094,0.6692206845116789,0.6304783169386451,-0.4419561416431741,0.0,0.0,0.0,sim
0.3046562269715569,0.5327249885540315,0.25636696045272134,-0.608848790465377,0.0,0.0,1.0,sim
0.5289772808045972,0.6921766320629088,0.7426012050754605,0.31858894097713164,0.0,0.0,0.0,sim
0.738811690095623,0.30701905829256954,0.7213551657102673,-0.2655816261148134,0.0,1.0,1.0,sim
0.2191455457051379,0.8302024531045351,0.23477244820414536,0.578878546654801,1.0,0.0,0.0,sim
0.8536731501085859,0.4878897473814427,0.3955471824937635,-0.44123985517128395,0.0,1.0,0.0,sim
0.8586102415930299,0.7988636106647662,0.47222231197538217,0.9226700431214718,1.0,0.0,0.0,sim
0.3572468806665635,0.26190471899687945,0.21312456102076957,-0.39776645963697055,0.0,0.0,0.0,sim
0.38698782606411797,0.4641857280717785,0.6108960611908005,-0.8996553174556536,0.0,1.0,1.0,sim
0.3911795858160422,0.621502740504892,0.4103199100764867,-0.2619445547879147,0.0,0.0,0.0,sim
0.8838413753323286,0.35706331687051074,0.7984729322845219,0.9736690269003574,0.0,0.0,1.0,sim
0.3372271320405716,0.2386647131992805,0.3976068202001307,-0.4034472078692459,0.0,0.0,1.0,sim
0.8509863409709066,0.55098460169118,0.7536270957356834,0.6930474678993865,0.0,0.0,0.0,sim
0.5051649762192854,0.2352140853894767,0.4895669893999551,0.3402011017870492,0.0,1.0,0.0,sim
0.7465029566649801,0.33023942363882886,0.2013401253275537,0.0212720418868233,1.0,0.0,0.0,sim
0.2202153683383689,0.618936628797349,0.22504356639954567,-0.7093096975687208,0.0,0.0,1.0,sim
0.6561767378114012,0.6192944873741834,0.502572215792375,-0.6430341414529177,0.0,0.0,0.0,sim
0.3805312004729842,0.5058824684770384,0.3413931195790867,-0.9874702286466706,0.0,1.0,0.0,sim
0.8274815884364846,0.572648463423501,0.2921791791226097,0.22766608147052692,0.0,1.0,0.0,sim
0.8816526203297257,0.6739828539848294,0.7588183318557815,-0.6440951166484956,0.0,1.0,1.0,sim
0.3464865736604844,0.8614160526299475,0.5851958634501269,-0.04158508305754682,0.0,1.0,1.0,sim
0.40472825293639486,0.5502901013739098,0.23553639938277426,-0.18852150065386297,0.0,0.0,0.0,sim
0.3638233294784555,0.34399819997109593,0.5489320049440614,-0.3449447119211442,0.0,0.0,0.0,sim
0.6646691676480072,0.3089089011248959,0.5439723599947563,-0.22558467794627557,0.0,1.0,0.0,sim
0.5694962079210717,0.22012011349917904,0.21597642482922008,-0.23253620151322663,0.0,0.0,0.0,sim
0.7208970413107023,0.22205065499630874,0.2764462624423294,0.27587399412921676,1.0,0.0,1.0,sim
0.21126195997350417,0.5103257517234862,0.6580316513791566,0.5827491446140594,1.0,0.0,0.0,sim
0.7344876895467993,0.8109063480872902,0.5106885388804314,-0.16789421609775546,1.0,0.0,0.0,sim
0.7828129341551269,0.7037185841326083,0.4219252854213239,0.579773898280068,0.0,0.0,1.0,sim
0.4764999885358483,0.7302767253368156,0.7756884622685443,0.5727983855398511,0.0,1.0,0.0,sim
0.6417512266058376,0.4149660826593257,0.62339793441064,0.10950567998030114,0.0,1.0,1.0,sim
0.6477364371400409,0.5464125942143522,0.6590747443540037,-0.3610825335431356,0.0,1.0,0.0,sim
0.8511641213650658,0.7459572071601792,0.3455117610273541,-0.2385657665991756,0.0,0.0,0.0,sim
0.3392096066594108,0.3708190803154172,0.7763360399253929,0.9973708819333855,0.0,1.0,0.0,sim
0.2342620133353966,0.8446965475508494,0.7553454533613724,-0.7826587560651608,1.0,0.0,1.0,sim
0.5363294383115661,0.7233342987038665,0.22509918768679002,0.2122654901818677,0.0,1.0,0.0,sim
0.5360975895269173,0.379745193612472,0.828664563780142,0.01858819310329296,0.0,0.0,0.0,sim
0.6556260168862711,0.6659754665970448,0.6596933741983493,0.5388322461383501,0.0,0.0,1.0,sim
0.5036457019199253,0.7189233206871808,0.22684998355582725,0.12987252726868137,0.0,0.0,0.0,sim
0.7080061111249931,0.7207724268363711,0.4167194161431562,0.4477619014428531,0.0,0.0,1.0,sim
0.7086306008878385,0.7406380356633899,0.4989405695143406,-0.6579007494283402,0.0,1.0,1.0,sim
0.8644285868644543,0.42460523055316135,0.6093994959215983,-0.7725049509104691,0.0,1.0,1.0,sim
0.5757866554848814,0.5918302966835574,0.24599529158935274,0.7561942620016677,0.0,0.0,0.0,sim
0.5587604606312933,0.25415733994231915,0.4239072475461907,-0.06515598112632315,0.0,0.0,0.0,sim
0.8430832531324941,0.345960682230539,0.7587670895595666,0.43265469159848124,0.0,1.0,1.0,sim
0.279676902321936,0.7930945571498991,0.21035344682636992,0.9318632056086373,1.0,0.0,0.0,sim
0.5468429205766621,0.5840817563143276,0.6309227441755949,0.3999704818607823,1.0,0.0,0.0,sim
0.6401580621173831,0.5433946245059735,0.3569602117393689,0.12010151377053901,0.0,0.0,0.0,sim
0.8066751357183564,0.571677646378671,0.42419217663401076,0.8975570890556963,1.0,1.0,1.0,sim
0.47929345670920964,0.3377027005155571,0.7084828637929432,0.07714246498849175,0.0,1.0,0.0,sim
0.5991183402494719,0.7521862146146545,0.4170845791126785,-0.5500792049197678,0.0,0.0,0.0,sim
0.560128083421644,0.5014612675553514,0.5753934514429613,-0.4465164458667015,0.0,0.0,0.0,sim
0.5321316322360268,0.7978468791573581,0.6564690282675061,0.7973276531950522,1.0,0.0,0.0,sim
0.7733475969730315,0.8099386330147438,0.6334997908939888,0.14827753376686825,1.0,0.0,0.0,sim
0.8074211479193318,0.5063824806948448,0.5537094623690365,-0.6863727859694686,0.0,1.0,1.0,sim
0.8962695391820836,0.8976595988152567,0.7211012108377621,0.12341704982783619,0.0,1.0,1.0,sim
0.44886422290488315,0.7721696487801364,0.5857738638368053,0.5262112420783864,0.0,0.0,0.0,sim
0.29332078124076366,0.3581831885058546,0.7253174883075706,-0.16318634518844566,0.0,0.0,1.0,sim
0.7373827036304055,0.8123552054225933,0.8404751976756848,0.9490014004790124,0.0,0.0,1.0,sim
0.7918786873999446,0.2985608897115041,0.7402690326358532,0.5502187737461988,1.0,1.0,0.0,sim
0.228095403025761,0.2119772944996327,0.7099665180477921,0.37620060302926506,1.0,0.0,0.0,sim
0.4053064339482359,0.3685199898077838,0.5664673908979463,-0.4915338713012596,0.0,0.0,0.0,sim
0.20604827130391737,0.5580032572585718,0.2568997214003643,0.9977409883814359,0.0,0.0,0.0,sim
0.6836351260187212,0.5755204048579283,0.22996758453285635,0.6063741073211437,0.0,0.0,1.0,sim
0.8915299943878943,0.48417756754307223,0.8956486288676029,0.3162803659573272,0.0,1.0,1.0,sim
0.6339163902168681,0.2883727577787222,0.545737838362461,-0.505494097792414,0.0,1.0,1.0,sim
0.8440653102539615,0.6269217708184218,0.3049021362350778,0.3787374235090042,0.0,0.0,1.0,sim
0.6056430357673485,0.7331494932219738,0.4676592456846917,-0.3877086192165591,0.0,0.0,1.0,sim
0.5320041007034442,0.41019979529264766,0.3481469520610463,0.31312977361865135,0.0,0.0,0.0,sim
0.23871960548921034,0.5906116329623305,0.7575046975885658,-0.4273344649774313,0.0,0.0,0.0,sim
0.707554345494869,0.2984869916071892,0.7795845911159587,-0.30133948209185113,0.0,0.0,0.0,sim
0.7370102137458985,0.8502666960439424,0.5816531294464846,-0.34744705725333636,1.0,1.0,0.0,sim
0.5927946309347407,0.35020622495262876,0.21261822526234314,0.1949004913928809,0.0,0.0,1.0,sim
0.5033269432778444,0.6641405513286094,0.5325419160282382,-0.44813920514992023,0.0,1.0,0.0,sim
0.680278064942005,0.8458961144743788,0.446311115510858,0.6332852359742913,0.0,0.0,0.0,sim
0.816834058327649,0.44512667802120853,0.6636695874792184,0.05278279099489036,0.0,1.0,0.0,sim
0.8731052944097164,0.30814965491140706,0.7345010248141224,0.883466617161399,0.0,0.0,1.0,sim
0.473573495118682,0.8383050415902056,0.740978618757544,0.5539590437825535,0.0,0.0,1.0,sim
0.7840592831207178,0.3356896178398115,0.8270463384918583,-0.026753427671286634,0.0,1.0,0.0,sim
0.6331443179878993,0.3847791175033296,0.4579282088495966,0.03804106653998063,0.0,0.0,0.0,sim
0.31865530780038553,0.6151330314956514,0.6565375950462959,0.8922268634215058,0.0,0.0,0.0,sim
0.2482116989806587,0.741447250985088,0.20348226278246676,-0.19219322890261648,0.0,1.0,1.0,sim
0.4305797950135066,0.546347935849101,0.4616850253488773,0.177334554424593,0.0,0.0,0.0,sim
0.5529586665793069,0.7824619284865075,0.4789144013252056,-0.10783499051964651,0.0,1.0,0.0,sim
0.3342793882176285,0.8018414855969451,0.6616989549268504,0.8530944258348161,0.0,0.0,0.0,sim
0.4345339436714648,0.5487636905195076,0.45551908473479275,-0.09078584953917823,0.0,1.0,1.0,sim
0.6263739068344624,0.8376688255465365,0.28753168966774706,0.11426396045136644,0.0,0.0,1.0,sim
0.6981789667412659,0.7852766826157043,0.6225650957904156,-0.9010757927763613,0.0,0.0,1.0,sim
0.8755019883729713,0.6109825777088456,0.7783443747520957,0.9998911165358946,0.0,0.0,1.0,sim
0.7252975224280875,0.3647460104712492,0.41748394441471387,0.13364270872245831,1.0,0.0,0.0,sim
0.45578839813366306,0.5521395841918253,0.7486538809974752,-0.5987976821335472,0.0,1.0,0.0,sim
0.7615101631381598,0.6455459641382811,0.8283635394343523,0.5923955777784504,0.0,1.0,1.0,sim
0.3743861483978575,0.46791573738798753,0.49913445040928656,-0.5462675408500253,0.0,1.0,1.0,sim
0.3251707245656569,0.5353144810328926,0.8843071871044705,-0.607369952309285,0.0,1.0,1.0,sim
0.8157130979805216,0.530963621061105,0.7292026112743786,0.8424964601954297,0.0,1.0,1.0,sim
0.7304713997157968,0.5586784975721535,0.26441237542420915,0.4572394003349707,0.0,0.0,0.0,sim
0.26938312616489574,0.5100486858499147,0.7332000829717555,-0.1093768727395581,1.0,0.0,0.0,sim
0.7965904007513331,0.34681268811567456,0.8005472171123893,-0.05073272582493904,0.0,1.0,1.0,sim
0.28568585946296093,0.6505480867596545,0.5383266779013383,0.45842200889841966,0.0,0.0,1.0,sim
0.23095298953565896,0.7802826267884275,0.6912534994838342,0.23540780086975732,0.0,0.0,1.0,sim
0.7141640186236302,0.8546202061566177,0.3423636521687694,0.2074093627840623,0.0,0.0,0.0,sim
0.5417837545314557,0.852373379080807,0.3632782269025745,-0.7255921081872236,0.0,1.0,0.0,sim
0.5980389336686547,0.8746585120470065,0.22835158704202896,-0.6463498307881379,0.0,0.0,1.0,sim
0.5116826703328713,0.22459681051641253,0.8030251517264375,0.3670552488912284,0.0,0.0,0.0,sim
0.3869124278845942,0.5355899625910684,0.7733276669849107,0.6988418432160186,0.0,0.0,1.0,sim
0.8335257503006834,0.3824844613090149,0.8860551590781771,0.2553455387471415,1.0,0.0,0.0,sim
0.6119191881059665,0.8179915204808799,0.5908276775648131,-0.5969526740070235,0.0,1.0,1.0,sim
0.5289848746909309,0.5169991243201957,0.6285408497066687,-0.9674409868215428,0.0,0.0,0.0,sim
0.626530368667167,0.8340463580025443,0.6070121353311742,-0.8806194882878511,0.0,1.0,1.0,sim
0.4914687496260088,0.3813205027345746,0.5892117561351078,0.10521232373559797,0.0,1.0,0.0,sim
0.865695972373127,0.34791539807910676,0.304737619396192,0.9742136878930254,0.0,1.0,0.0,sim
0.3251052529818972,0.7839602892776723,0.20081674585763692,0.8830200199932376,0.0,0.0,0.0,sim
0.547696878499605,0.677351205604759,0.5163026224229844,0.2689272070941051,0.0,1.0,0.0,sim
0.838449445138207,0.42636164480919925,0.7336665205270405,0.08659228745782488,0.0,1.0,1.0,sim
0.2892418576555152,0.2968310093830019,0.4166366066650975,0.7687831035387311,0.0,0.0,0.0,sim
0.2857096492500394,0.24157016107526472,0.8835732148423787,-0.48060351566469683,0.0,1.0,0.0,sim
0.20436213518640817,0.36371616956742897,0.2890083966097722,-0.4850441837573356,0.0,0.0,0.0,sim
0.49099288550584763,0.36676994129285584,0.5782711910811997,0.36101689001730786,0.0,0.0,0.0,sim
0.8445443366079894,0.24674154172773144,0.695711560314425,0.22701638252899214,0.0,1.0,0.0,sim
0.29274565645716755,0.8787245383277422,0.7670293740427179,-0.7355003689339727,0.0,0.0,1.0,sim
0.8092747653246837,0.8035505502264255,0.627426332217563,0.7008447079253093,1.0,0.0,0.0,sim
0.5866132543287937,0.6466395482025779,0.6628531297407749,0.5446783001241637,1.0,0.0,0.0,sim
0.781505738452904,0.6947350928263389,0.49903527371219697,0.4808527920026544,0.0,0.0,1.0,sim
0.6125593894008247,0.41296095230818347,0.5323413466306512,-0.22450798695945307,0.0,1.0,0.0,sim
0.6067445101578843,0.20659361543468588,0.5467867987487625,-0.589183656299866,0.0,1.0,0.0,sim
0.8784299268906475,0.4851227595852087,0.38897852889285167,0.29021119470046797,0.0,1.0,1.0,sim
0.41958556288387117,0.3008464953694224,0.5231671690947792,0.5343029173038436,0.0,0.0,0.0,sim
0.20873891530487323,0.543354302458634,0.41103688886697515,-0.06247324835843915,0.0,1.0,0.0,sim
0.20438942521733092,0.46810421778307454,0.5982891974568669,0.6337344805355773,0.0,1.0,0.0,sim
0.6255459878287242,0.5142788322712157,0.8867452675511025,-0.30891749415681846,1.0,1.0,0.0,sim
0.7639160209701439,0.36393556044446207,0.8999734897939744,0.32161545268880043,0.0,1.0,1.0,sim
0.5525518296076235,0.7191416567434445,0.8458279581047241,0.9409204307454351,0.0,1.0,0.0,sim
0.22360235406661028,0.8555982312409216,0.7673730923404163,0.1627908779140037,0.0,1.0,1.0,sim
0.6037314126663471,0.6514346106810348,0.3666101382055035,-0.08654157807511353,0.0,0.0,0.0,sim
0.8688236357591039,0.6804840688703049,0.2687664000294054,0.3134356193444665,0.0,1.0,1.0,sim
0.7752021613492313,0.24030823701731016,0.6053118072884549,-0.27576691698097777,0.0,1.0,1.0,sim
0.7296572242710209,0.42448727347441734,0.5592552343225512,0.0471371101951894,0.0,1.0,0.0,sim
0.2833291572154788,0.8474786228950713,0.5561320188941103,-0.3347256551904838,0.0,0.0,0.0,sim
0.28425362012591315,0.8023340361316009,0.2949561338431653,-0.27456723446673315,0.0,0.0,1.0,sim
0.41451599478583523,0.345724512968118,0.5370011517191067,0.3746187086353765,1.0,0.0,0.0,sim
0.7349437124577762,0.23551949607426853,0.22438163074022435,-0.042775575761748064,0.0,1.0,0.0,sim
0.4407701136036908,0.43933757347170127,0.4198964145616415,0.3844455157879534,0.0,0.0,1.0,sim
0.5536340893415843,0.4802317478068438,0.7427625516610492,0.5978261296082394,0.0,0.0,1.0,sim
0.30706281929481094,0.5913177913036707,0.2960838928645595,0.6575313008146468,1.0,0.0,0.0,sim
0.20467163374904151,0.24461366817553942,0.6124433253854176,0.29559219038058515,1.0,0.0,0.0,sim
0.5639789507157318,0.6752502572843326,0.3395152274534683,-0.12591503724772068,0.0,0.0,0.0,sim
0.404501149629949,0.5463182819950481,0.2536263792594489,-0.8555071393842753,0.0,0.0,0.0,sim
0.670329881917685,0.7786967067443904,0.36831356547949295,-0.755457551626066,0.0,1.0,1.0,sim
0.6765491383518734,0.8680076573457063,0.6345196578126133,0.6779986949927237,0.0,1.0,0.0,sim
0.44373726979754946,0.37794211823555024,0.7731848375945929,-0.10801461664640644,0.0,1.0,0.0,sim
0.6881219860744845,0.6629879116787046,0.3207531043190403,-0.26928988924476793,0.0,0.0,0.0,sim
0.7118871922472811,0.7520730292000628,0.6757542910059909,-0.051646035004908386,0.0,1.0,1.0,sim
0.8491734652829901,0.7059455547791347,0.7912260400849269,0.6244787542037107,0.0,1.0,1.0,sim
0.3751932403625068,0.6527236490028792,0.8368789907857179,-0.8045055895382056,0.0,1.0,1.0,sim
0.44183783140847577,0.7294977486334759,0.8877584738560762,-0.22253962101003943,1.0,0.0,0.0,sim
0.2532749018831404,0.2361861590780132,0.5283389634218474,0.9691639549491224,0.0,0.0,0.0,sim
0.2155039560560974,0.6143590545583355,0.6543238866579555,0.38928119282152296,0.0,1.0,1.0,sim
0.5923674294399103,0.8965529849814871,0.6685716303231407,-0.7724082659704787,0.0,1.0,0.0,sim
0.2197250202851603,0.4701574637735646,0.7194052488274161,-0.7632672261734432,0.0,0.0,0.0,sim
0.4824186640606155,0.6954343654855824,0.20382310770463932,0.6732812092972562,0.0,0.0,0.0,sim
0.6253104436881679,0.8670306182858316,0.5716616323333692,-0.7936508440995163,0.0,1.0,1.0,sim
0.8715434396297943,0.6827614698416902,0.2522821624150234,0.8820849637675938,0.0,1.0,1.0,sim
0.6654696462401567,0.22586334748056172,0.8221021684586791,0.9249677066023148,0.0,0.0,0.0,sim
0.5716562231052926,0.42323516551027474,0.35543826263667777,-0.6636031007356598,0.0,0.0,1.0,sim
0.3455894600413153,0.5811216139536303,0.3917871303296808,0.14269997145442614,0.0,0.0,1.0,sim
0.37721084128271165,0.2940444979666682,0.8150693143939653,-0.8514928596150695,0.0,1.0,0.0,sim
0.5361043602667088,0.4811032300563411,0.20381759498294708,-0.041008833739272665,0.0,1.0,1.0,sim
0.8996213142772007,0.39287584421164756,0.5850463701921456,-0.06957315305748168,0.0,0.0,0.0,sim
0.7802027680546026,0.39095147597330404,0.46118473592985426,0.4474673911056575,0.0,1.0,0.0,sim
0.5882024173014726,0.273491504155838,0.2291986624724527,-0.5405809506119774,0.0,0.0,0.0,sim
0.6737516346751538,0.6538041451897909,0.2900324720157287,0.8311553867002579,0.0,0.0,1.0,sim
0.6739784998626335,0.8392852017175556,0.5355804510518196,0.32903938407975275,0.0,1.0,1.0,sim
0.6885362584785837,0.20734340895226216,0.33797031346126166,-0.21481159229613445,0.0,0.0,0.0,sim
0.341485373178426,0.8800248563674877,0.36606489789759733,-0.8424378274988467,0.0,0.0,0.0,sim
0.5555510337744385,0.8902886629601345,0.8259918767314904,-0.18510650141383644,0.0,1.0,0.0,sim
0.2544517997293652,0.6877071076687244,0.47865180369790367,0.20796729534895753,0.0,0.0,1.0,sim
0.3715104062043512,0.8792058560862475,0.5880183484579986,0.13444983878294736,0.0,1.0,1.0,sim
0.3612460046975268,0.40697113419556286,0.6535284697196472,0.25984384100170166,0.0,1.0,1.0,sim
0.4940014375578665,0.8987958551630257,0.2686529439839288,-0.7425023722553556,0.0,1.0,1.0,sim
0.7799597409545576,0.4386747086541074,0.5681767264477375,0.15987077475408284,0.0,0.0,0.0,sim
0.3485701389086754,0.6561047026078254,0.40084921708144705,0.9296022502303856,0.0,1.0,0.0,sim
0.4117138768510083,0.6599527016529153,0.23697961283072347,0.30982823717283914,1.0,1.0,0.0,sim
0.8644407715347104,0.21088518266596143,0.5204390224932337,0.7815723313999194,0.0,0.0,0.0,sim
0.291735518275949,0.2774260025851826,0.33670738407646733,-0.845788239314559,0.0,0.0,1.0,sim
0.6923485066836901,0.598512650397965,0.26141254395814467,0.2003489012221995,0.0,0.0,0.0,sim
0.6694318383397642,0.2562952397636975,0.6137423058651579,0.29461175439198684,0.0,0.0,1.0,sim
0.48013815060583814,0.3359353083793325,0.21657798995174637,-0.9900789761128332,0.0,1.0,1.0,sim
0.7728210624384604,0.5981356249210888,0.22609890919243317,0.2077138611962035,0.0,1.0,1.0,sim
0.8671210522277641,0.46860175936784165,0.35998701099682195,0.526707775153944,0.0,0.0,0.0,sim
0.7050910426607182,0.7756259298248533,0.3916747178367927,-0.7699282611747924,0.0,0.0,1.0,sim
0.8016080459283688,0.238631864685517,0.5174354154006693,-0.7773433919323542,0.0,0.0,1.0,sim
0.8170671645937277,0.6746439141954967,0.5039871238117746,-0.4982686488666601,0.0,1.0,0.0,sim
0.8678765196429223,0.584810787063709,0.71952654292075,-0.02210387886604126,0.0,0.0,1.0,sim
0.36408858962455626,0.3619591674746406,0.7979700688915121,-0.8103806791038481,0.0,1.0,1.0,sim
0.34127074871818613,0.3261833121797345,0.7356452302532202,0.7025954460171457,0.0,1.0,0.0,sim
0.5360640988451544,0.8374839849541411,0.7972567411665654,0.1853851793508039,0.0,1.0,0.0,sim
0.2141708691831643,0.827326355635648,0.6164332057052679,0.2492584494913077,0.0,0.0,0.0,sim
0.48514456937274764,0.8613902055340503,0.7896193753804235,-0.9531341686181243,0.0,1.0,1.0,sim
0.5617756112351229,0.6126436775679914,0.5555104329514169,-0.9281598740135533,0.0,1.0,1.0,sim
0.6860860124398352,0.5286443838425154,0.3483484197647074,0.4188705213529176,0.0,0.0,0.0,sim
0.7561124448743213,0.5146603290201242,0.8201219218136941,-0.07604808560073062,0.0,0.0,1.0,sim
0.6154218534457532,0.4891006045848065,0.8500341455392069,-0.16547924380747014,0.0,1.0,0.0,sim
0.4171013242807686,0.5069047208607161,0.27478641886007193,-0.017703007306402396,1.0,0.0,0.0,sim
0.3797120783936909,0.4964507412511522,0.5337794696598699,0.7159442773404605,0.0,0.0,0.0,sim
0.32216963470720816,0.532365576844847,0.5295896924959782,0.5543936396325932,0.0,0.0,0.0,sim
0.689118279192922,0.5137302543998691,0.35112200358874845,-0.11583069888588948,0.0,1.0,0.0,sim
0.5716362427517171,0.28416115699987426,0.7302141915093154,0.23054807074258377,0.0,1.0,0.0,sim
0.37039104505799064,0.8404639714075368,0.3085595941673883,-0.14169301043312532,0.0,0.0,0.0,sim
0.86986746459003,0.5036271013448583,0.23866984758847853,-0.049876319082494014,0.0,1.0,0.0,sim
0.26879228323999615,0.36149022272795506,0.7048539963415559,-0.43508062479349197,0.0,0.0,0.0,sim
0.6949239770109779,0.8955226068651942,0.21513228399571083,0.8343348267517943,0.0,0.0,1.0,sim
0.2910618019048369,0.4605776625129286,0.7006309528557801,-0.5074311888545608,0.0,1.0,0.0,sim
0.2995756893765364,0.2985296650186141,0.5152835977487745,-0.6260809038538957,0.0,0.0,1.0,sim
0.8234775442647444,0.863397406185449,0.2129911565595953,0.8266954563033757,0.0,1.0,0.0,sim
0.5410988468646223,0.6056418134825493,0.7644037120651195,-0.9763248502215542,0.0,0.0,1.0,sim
0.6654591614675975,0.8113914096922403,0.6402254594555536,-0.22449780720720636,0.0,1.0,1.0,sim
0.4958580827289089,0.46513328599033216,0.7507164408196005,0.4931988336645814,0.0,1.0,0.0,sim
0.883734834074678,0.7107660111691956,0.4338628274301932,0.3862993237504082,0.0,0.0,1.0,sim
0.5279941845201257,0.7866514547950925,0.4016779570995731,0.7926272345331797,0.0,1.0,0.0,sim
0.6404224846498261,0.8782534895168213,0.3749738966531051,-0.9579973020294348,0.0,1.0,0.0,sim
0.44655920310144964,0.8894542292337586,0.7722600961577006,-0.23792298300507175,0.0,1.0,1.0,sim
0.5465823838408641,0.24174982074259319,0.7989721904368388,-0.2304898100666133,0.0,0.0,0.0,sim
0.5912410370105267,0.5869775634917465,0.7489265320053182,0.07022396098316985,0.0,1.0,0.0,sim
0.49062210579824184,0.5253463504500444,0.2304967253005812,0.4910855750128875,1.0,0.0,0.0,sim
0.22977567208629052,0.228839180376549,0.3214896216286027,-0.7557373845298971,0.0,0.0,1.0,sim
0.7232994163165234,0.21494037470627694,0.20495890700740815,-0.44668614487187375,0.0,0.0,1.0,sim
0.4911959350077357,0.3838707369438469,0.5413991309331747,0.29918103985793265,1.0,0.0,0.0,sim
0.7098793982442142,0.5223557749616592,0.24731538169327136,0.3259353953533157,0.0,0.0,1.0,sim
0.5416514611198224,0.8766275022500891,0.3645381281676236,0.2706327957365595,0.0,1.0,0.0,sim
0.7814668558010887,0.3363944711502604,0.5426273451577867,-0.5785520752127802,0.0,0.0,1.0,sim
0.2756312024709143,0.6426065832968587,0.655948992681961,0.17880342645166847,0.0,1.0,1.0,sim
0.8955970780579223,0.8398836757005714,0.7996874814321173,-0.29596124804851853,0.0,0.0,1.0,sim
0.8458494221981976,0.3984274974649471,0.8083260010063011,0.4298138422171829,1.0,0.0,0.0,sim
0.8940793280183861,0.660254034525535,0.33316956137375003,-0.9088784799721461,0.0,1.0,1.0,sim
0.8606931608536816,0.8032871019856038,0.5580516007323579,0.9878682383819095,0.0,0.0,0.0,sim
0.4213546425356117,0.7540028639707357,0.3292060544954286,0.4379148333145986,0.0,0.0,0.0,sim
0.3389295415998377,0.7354411072311948,0.6970636482927877,-0.6948771960285538,0.0,1.0,1.0,sim
0.7803626707947027,0.755722320506049,0.3896528243608124,-0.5425515248859474,1.0,0.0,0.0,sim
0.7860201280903685,0.3041170399609189,0.5824827753612611,-0.0872282050820461,0.0,1.0,0.0,sim
0.49014555989854497,0.3889412251830376,0.40257138602147924,-0.18270170826281595,0.0,1.0,0.0,sim
0.7987462528971847,0.593490944187802,0.8106127156292062,-0.09811833893370236,0.0,1.0,1.0,sim
0.40065908475579987,0.3270510770925068,0.8005799640805038,0.2834116039035208,1.0,0.0,0.0,sim
0.7455398378048941,0.8900393026771916,0.6633902802224005,-0.7552921750352579,0.0,1.0,1.0,sim
0.4101816978093773,0.8481482216854568,0.4321584374986547,-0.556311272637318,0.0,1.0,0.0,sim
0.2931087150324804,0.47227896675373227,0.6416722731266299,0.29501536412095475,0.0,0.0,0.0,sim
0.579879772852262,0.7649885744205374,0.39532455121214966,-0.7105029984703348,0.0,0.0,0.0,sim
0.6016609629409754,0.8352600356314874,0.3973268688727467,0.7238327797102304,0.0,1.0,1.0,sim
0.8192198499975529,0.23042247545444747,0.7417293823134996,-0.23137756132266785,0.0,0.0,1.0,sim
0.5430738627278915,0.5811192735620312,0.4270969190923226,0.030612926113222416,0.0,0.0,1.0,sim
0.2917241996365443,0.4490486772583804,0.6993949191729261,0.8755416085029246,0.0,0.0,0.0,sim
0.5537212160983612,0.34598647251591674,0.8670511137910819,-0.4222002854129434,0.0,1.0,1.0,sim
0.4206105630477299,0.7038740541883959,0.20531744034594482,0.41240059762399484,0.0,0.0,1.0,sim
0.6909476148942894,0.8416254264306278,0.8286195781159,0.40640045036085204,0.0,1.0,1.0,sim
0.7967859042717067,0.5339313587833755,0.6451381497775477,-0.2654916486137815,1.0,0.0,0.0,sim
0.4083080891507611,0.31217454812604417,0.726724394264038,-0.7096671041263987,0.0,0.0,1.0,sim
0.7443978476853199,0.6911830873202292,0.28744400184045377,0.5890885854233863,0.0,1.0,0.0,sim
0.8327691396927315,0.38777550522800897,0.5605907298457009,0.5053278698273733,0.0,1.0,0.0,sim
0.5770747411063535,0.21649209548284332,0.2505495625468668,0.08314543747223446,0.0,0.0,0.0,sim
0.7888617207224544,0.5883272917750513,0.5670810940175817,-0.37756504756589115,1.0,1.0,0.0,sim
0.20698497373848138,0.2081977112211319,0.7884075905424299,0.04215840926458436,0.0,0.0,0.0,sim
0.42668067479318394,0.2342109381376697,0.7547109225116866,-0.32440990612948295,1.0,0.0,1.0,sim
0.8055119253167125,0.7134545254788784,0.25536715301874113,0.7558666012195081,0.0,1.0,1.0,sim
0.6654256724550488,0.6968929795186397,0.6660895534317243,0.8170689609900461,0.0,1.0,0.0,sim
0.5420477425125929,0.32290767547652777,0.2611773131671835,-0.9149911731076887,0.0,1.0,1.0,sim
0.22719265900893823,0.5038260459025166,0.3075619060935177,-0.8077500680229561,0.0,0.0,0.0,sim
0.8906146524748706,0.3644384198461394,0.5816840617887615,0.5041158362023139,0.0,0.0,1.0,sim
0.240672220524811,0.4433673136155672,0.4250676775436628,0.024342687277408404,0.0,0.0,0.0,sim
0.7128689960609518,0.540554001236963,0.6585188791056805,-0.631623568773118,0.0,0.0,1.0,sim
0.6125187392092878,0.6092198546396086,0.8651077951613522,0.4884780723096802,0.0,1.0,0.0,sim
0.3119148897282855,0.3513912484089686,0.22629045660321334,0.6708390741829526,0.0,0.0,0.0,sim
0.8098925007932902,0.8681073791453717,0.7468662996641735,0.1251247579767314,1.0,1.0,1.0,sim
0.4507637987620259,0.42584029466935747,0.5260619546818522,0.6225982040427229,0.0,1.0,0.0,sim
0.7974772303513238,0.7622278376965812,0.7563703633969117,-0.8567510077504075,0.0,1.0,1.0,sim
0.49205372840573586,0.6429597964466727,0.4012114435166381,0.1750447012290377,0.0,0.0,0.0,sim
0.4084007015874198,0.22413384123925123,0.7290717219807106,0.4763194385620062,0.0,0.0,0.0,sim
0.25934001042265453,0.6750371050407908,0.2623717653943587,0.7456280736055447,0.0,0.0,1.0,sim
0.8809150001286532,0.46369044003601784,0.3904319686399117,-0.004826075578232114,0.0,0.0,1.0,sim
0.8486258401192914,0.2713445807438299,0.7787778305400395,-0.018735362670500688,0.0,1.0,1.0,sim
0.5055457656804275,0.22869102234540722,0.776917074018626,-0.24846757776868555,0.0,1.0,0.0,sim
0.34378430959895157,0.7576874902585731,0.4891879514604486,-0.4439593160627868,0.0,1.0,1.0,sim
0.35430464808692974,0.8990283549131188,0.5527589413282705,-0.583206405219451,0.0,0.0,0.0,sim
0.280011514047267,0.4027705060201857,0.6535585041676948,0.9041063747511844,0.0,0.0,1.0,sim
0.761171156798309,0.5676417090595383,0.2288984707992301,-0.5414387477412821,0.0,1.0,0.0,sim
0.41946817376675627,0.3152156175717361,0.8501921689420124,-0.4859780549630346,1.0,0.0,1.0,sim
0.3850210939434049,0.5676655158354176,0.4549253412631744,-0.5400892931910166,1.0,1.0,0.0,sim
0.5553995712343507,0.5566159132697437,0.8061060931947932,0.5692996884210515,0.0,1.0,1.0,sim
0.31402255603317214,0.23627752318717615,0.3429036483682499,-0.07364485529346387,0.0,1.0,0.0,sim
0.795551008819926,0.41114323030922245,0.3088588853137614,-0.503560185675727,1.0,0.0,0.0,sim
0.6178792762662224,0.876414486498855,0.8835148667643862,0.06003920951410868,0.0,1.0,1.0,sim
0.8459428703371006,0.768023310952606,0.3559400044613451,0.8766304991059963,1.0,0.0,0.0,sim
0.48619199671678304,0.2779087120847043,0.7865039203794641,-0.4325054182560579,0.0,1.0,1.0,sim
0.4625715105324479,0.640047805860397,0.31936340420279835,-0.4453224993158904,0.0,0.0,0.0,sim
0.4575053960680602,0.47350142039596477,0.7302101817640736,0.13825956151788055,0.0,1.0,0.0,sim
0.4675869266076617,0.4966255602172891,0.3899158240817572,0.09849353067943345,0.0,0.0,1.0,sim
0.2583606587317828,0.44429304884836596,0.7762746728892673,-0.9484274851189338,0.0,1.0,1.0,sim
0.6796352003706013,0.515883289359914,0.4967299910266894,-0.3349527546784985,0.0,0.0,1.0,sim
0.8392803624558378,0.5496897550691431,0.38180513412665895,0.39419727162203344,0.0,1.0,0.0,sim
0.5675331770216988,0.3864665909827493,0.49639075467316657,0.7864159310851533,0.0,1.0,1.0,sim
0.6693458270312875,0.20248035617467183,0.5666602483305192,-0.9061911440332833,0.0,0.0,1.0,sim
0.6801470318193485,0.3064327588262666,0.3139029761352914,-0.9434822450710394,0.0,0.0,1.0,sim
0.7698571266817431,0.2939781679925833,0.30018842833281467,-0.6660666652483838,0.0,0.0,0.0,sim
0.6823050660160228,0.5949885363679512,0.4102205375761441,0.6938821235526726,1.0,0.0,0.0,sim
0.5307762827088678,0.8813098573046616,0.2479806826380166,0.9484591639650586,0.0,1.0,0.0,sim
0.20468332124067143,0.6220254662526321,0.4686679865860033,0.8724757066004813,0.0,0.0,0.0,sim
0.4182535827788958,0.26365441403932927,0.5438445709055868,0.05659321953122842,0.0,0.0,0.0,sim
0.7569679021232469,0.43455300178318246,0.2586725274186462,-0.6863190348920274,0.0,1.0,0.0,sim
0.7046034221036619,0.598749643181478,0.6878508758985825,0.4583278559151953,0.0,1.0,1.0,sim
0.7164551612031009,0.7040441470721048,0.49087869271009565,-0.7743458136470296,0.0,1.0,1.0,sim
0.30345973809377313,0.5779342480997742,0.6961687467716143,-0.09384614577108574,0.0,0.0,0.0,sim
0.32506291191788694,0.5139865686247287,0.5986286309913254,0.5534855605556186,0.0,1.0,0.0,sim
0.3393302790573102,0.5275248898517482,0.21894313598498807,-0.9277590378556937,0.0,0.0,0.0,sim
0.2840847813159984,0.47999034214846337,0.22077094696585964,-0.9152445461386653,0.0,0.0,0.0,sim
0.36552306968595205,0.2688949572410089,0.5105874064017879,-0.9551293425273033,1.0,0.0,0.0,sim
0.5876336920973926,0.5665921183153455,0.3754852863957131,-0.20003258051122197,0.0,1.0,0.0,sim
0.7603801769889196,0.4103393733982713,0.6106585200355112,0.41507806958893023,0.0,1.0,0.0,sim
0.5904394119040939,0.33901696001682546,0.5225704547294141,-0.7699854625708198,0.0,1.0,1.0,sim
0.8754073498695651,0.5280891828835477,0.640044432760208,0.14811272506249384,0.0,1.0,1.0,sim
0.521975975801489,0.2974530508603626,0.8382494247274188,-0.9555134238382728,0.0,1.0,0.0,sim
0.8587591081140513,0.7973382048264561,0.6944095804330802,0.49881293756822087,0.0,1.0,1.0,sim
0.7559522308614959,0.6353858634360343,0.6067816296100148,0.8601369450411684,0.0,1.0,1.0,sim
0.41696918978712116,0.4589577118725022,0.47358056175501356,0.7833673246772188,0.0,1.0,0.0,sim
0.2529888331328338,0.761485101647243,0.8522233871569158,0.8281967789846911,0.0,0.0,0.0,sim
0.861874312078998,0.6668488650345543,0.7809095965544623,-0.8397699877062277,1.0,1.0,0.0,sim
0.6506362747438525,0.3716742361924268,0.3757598490639012,0.3514909245811757,1.0,0.0,0.0,sim
0.5580733559345682,0.45050049518778396,0.25345238835677897,0.30936128268111585,0.0,0.0,0.0,sim
0.26859529754197736,0.3198764543972574,0.26725626582198375,0.5457263323479093,0.0,0.0,0.0,sim
0.8367232825510658,0.21618315247117748,0.7317908646357496,0.5319438457973875,0.0,1.0,0.0,sim
0.39116991229364156,0.7829307213369565,0.23574859848672924,0.13760738586268073,0.0,0.0,0.0,sim
0.5949622196712507,0.5863987160918883,0.44278685255616157,0.24361954799593288,1.0,0.0,0.0,sim
0.42915877205018205,0.6809630231914505,0.7176652186989625,0.07935099231388909,0.0,1.0,1.0,sim
0.503111164853945,0.462475507137188,0.6439086502110121,-0.7256643094428468,0.0,0.0,0.0,sim
0.7279943042238588,0.3789795100447697,0.7622247567342293,-0.11532791930759934,0.0,1.0,1.0,sim
0.8385328420231619,0.37922930303025376,0.711775736580498,0.2078843512802071,0.0,1.0,1.0,sim
0.4970587131630427,0.8955280321526216,0.5902948856875403,0.9450252733280522,0.0,0.0,0.0,sim
0.7540942796792975,0.20085899700730145,0.456762082540089,-0.6972692581394675,0.0,1.0,1.0,sim
0.885804141776521,0.3069594715216708,0.5436420511000403,-0.36755818483678326,0.0,0.0,0.0,sim
0.8921272100917523,0.8060507445729923,0.7619677766872304,-0.35734154827388287,0.0,1.0,1.0,sim
0.7386697634521706,0.6330219178863654,0.4695603764691463,0.887802298230759,1.0,0.0,0.0,sim
0.7378410414949874,0.896083174251286,0.4732027369326748,-0.7243635416417424,0.0,1.0,1.0,sim
0.8070381786474801,0.8155157620978977,0.5281837432383336,-0.67087347233307,0.0,0.0,1.0,sim
0.4534545722558761,0.568111142227152,0.5151982267808939,-0.8682457665948555,0.0,0.0,0.0,sim
0.7577852582529567,0.3975138729611569,0.2740867160722057,0.8622202463174404,0.0,1.0,0.0,sim
0.4161381896222825,0.5299697162449657,0.6222712907579515,0.3863660915698568,0.0,1.0,1.0,sim
0.334997602025182,0.31773982854397403,0.826766131387179,0.3629730182087876,0.0,0.0,0.0,sim
0.46143547888278585,0.20403623258750123,0.6027416663627319,0.06071538540054977,1.0,0.0,0.0,sim
0.6716530342293154,0.6122212865034999,0.2985560265649321,-0.5794682691320376,0.0,1.0,1.0,sim
0.5660861877790847,0.2890139144879659,0.3787020241707515,-0.8535906979609154,0.0,1.0,1.0,sim
0.5210034434508353,0.25025272896480755,0.5507684745020369,0.45295755832629947,0.0,1.0,1.0,sim
0.4043491948793868,0.6003636055560431,0.7538832576564991,0.43884357339423974,0.0,1.0,0.0,sim
0.46757226825721326,0.22707542447854503,0.36916993164051115,0.06760896508441738,0.0,0.0,0.0,sim
0.6680112950247523,0.848574796021446,0.2644727121389754,0.5214676270077614,0.0,1.0,0.0,sim
0.7486220405395281,0.8968675171590761,0.8647536396939515,0.4199917414825347,0.0,0.0,1.0,sim
0.4462645312124649,0.23632033514516332,0.7606645013975897,0.1461191821532648,0.0,1.0,0.0,sim
0.8068080140686853,0.20894583783366794,0.71459454948767,0.34071973172815717,0.0,0.0,0.0,sim
0.6382817451016317,0.7072813261102735,0.6573213141181298,-0.6659458557626305,0.0,1.0,1.0,sim
0.6025253504130662,0.3084206302681837,0.48776852018997674,-0.8622196658607082,0.0,1.0,0.0,sim
0.538491654050026,0.2536022851464143,0.7428419627372596,0.021760101100815277,0.0,1.0,0.0,sim
0.8138143205609674,0.6747024928022569,0.49579901823244893,-0.6363401449607027,0.0,1.0,0.0,sim
0.7021068692550365,0.6352609410719194,0.285387967308267,0.355720903578046,0.0,0.0,0.0,sim
0.846624972779946,0.8970343730560986,0.6899761060479228,0.5802356050706337,0.0,1.0,1.0,sim
0.5373684316465981,0.26668185259271787,0.5751981989690984,0.9308139456424926,0.0,0.0,0.0,sim
0.360393767356672,0.42941289041596,0.6571288340738923,-0.6385706623042922,1.0,0.0,0.0,sim
0.8879106474401464,0.5090512162520355,0.8538239884150045,-0.7189095263447876,0.0,1.0,1.0,sim
0.4978754317773377,0.33824697658697245,0.7044198137361148,0.4438665702591724,0.0,1.0,0.0,sim
0.3036111759699946,0.35745238213199526,0.370175287562018,0.8605725203410848,0.0,0.0,0.0,sim
0.7701614866802253,0.3695758216349802,0.45135050907895724,0.29895097416618555,0.0,1.0,0.0,sim
0.48790099303897666,0.5687780113805752,0.4751797379435125,0.5218515524175182,1.0,0.0,0.0,sim
0.5587435558082918,0.2562095116179909,0.7834024849390298,-0.9945207511081571,0.0,1.0,1.0,sim
0.34518243775151936,0.5867844887333629,0.6281707533998624,0.5286797610538805,0.0,1.0,0.0,sim
0.7883149914319547,0.3623305370764175,0.7788958467786404,-0.03519760031495611,0.0,0.0,1.0,sim
0.5782264070992309,0.7909793063353716,0.40572801918173823,-0.29836266274372236,0.0,1.0,0.0,sim
0.5278524147450018,0.798641399554465,0.533951125747999,0.6950097949976664,0.0,0.0,1.0,sim
0.7822686866953177,0.24154699732595608,0.3327340318107334,-0.41862186044662875,0.0,1.0,0.0,sim
0.5941097356904022,0.5353608016527267,0.7286545877000175,-0.8617707454943777,0.0,1.0,1.0,sim
0.6822896086571604,0.39440329548259456,0.3325736826569949,-0.30689520788498226,1.0,0.0,0.0,sim
0.7896609532823171,0.6149517031475897,0.8011191787109269,-0.04488652656044834,0.0,1.0,0.0,sim
0.5035271852741248,0.5200371381662738,0.5252417245822587,-0.1282293129448011,0.0,1.0,0.0,sim
0.8255097229105923,0.816948315664443,0.4134267053760769,-0.4253953352956996,1.0,0.0,0.0,sim
0.8543665880295441,0.3787066965928695,0.2578622473098454,-0.8999588775404372,0.0,1.0,0.0,sim
0.5523374876883256,0.5758489191373621,0.5051662094783835,-0.9700357761923684,0.0,1.0,1.0,sim
0.41160275856389983,0.5941994115320312,0.6684329806197622,0.08058493664058264,0.0,0.0,1.0,sim
0.5646495899732433,0.26999297369679226,0.2137968986475357,-0.3710908346074686,0.0,0.0,0.0,sim
0.4071137009410032,0.7419510183461535,0.6132369495678671,-0.5864482864133815,0.0,0.0,0.0,sim
0.8412980645575951,0.7516276644470896,0.49358001140241625,-0.13758002973941386,0.0,0.0,0.0,sim
0.5164976550106706,0.3902431795463449,0.8031059819976012,0.4817257660616716,0.0,0.0,1.0,sim
0.6671482310950935,0.28669781463532773,0.40118336008437905,-0.7152105571977474,0.0,0.0,1.0,sim
0.44952132298130115,0.7097579149978943,0.8658619793068709,0.983644709676883,0.0,0.0,0.0,sim
0.43429331065944277,0.2716636812490881,0.8706390104170803,-0.6927456722672061,0.0,0.0,1.0,sim
0.7490778251075851,0.824401857306718,0.6541838794974639,-0.17190511007286058,0.0,1.0,1.0,sim
0.8851946935148183,0.6753505870743621,0.379452710962667,0.7082707908171226,0.0,1.0,1.0,sim
0.48487052625370214,0.387238058708655,0.32311485303293935,0.4995161816391047,1.0,0.0,0.0,sim
0.5887511080508683,0.8340553270218913,0.4342654138081258,0.8039783570784285,1.0,1.0,0.0,sim
0.2342627227569178,0.5230249221451586,0.4957266734032855,-0.2751090774598133,1.0,0.0,0.0,sim
0.8325919986483954,0.4832040352066113,0.2595277616672118,-0.6088841458650562,0.0,0.0,1.0,sim
0.6790568374095534,0.32846623796329577,0.21119809128114764,-0.9703422956865273,0.0,0.0,0.0,sim
0.47332647869739874,0.8779763863499586,0.6235610862393053,0.7716862480515512,0.0,1.0,0.0,sim
0.5661605293196608,0.7569332709290879,0.8876715281440155,0.4138543514236148,1.0,1.0,0.0,sim
0.5234941814376759,0.2657189719477967,0.7320224313954682,-0.8624656019529915,1.0,1.0,0.0,sim
0.6361277497076703,0.4610758800162341,0.2502268716348749,0.7344322665032013,0.0,0.0,0.0,sim
0.34037337315405264,0.741580767516415,0.8975234507948138,-0.43148159631902705,0.0,0.0,1.0,sim
0.725867745601495,0.277400628120908,0.4339729737133557,0.15005624654691863,0.0,1.0,1.0,sim
0.857752390455196,0.8064897851788939,0.2623674973589458,-0.8631862551838609,0.0,1.0,1.0,sim
0.2573899787398188,0.7285507005102565,0.4752311824602892,-0.5217068480068605,0.0,0.0,1.0,sim
0.5680602151478924,0.4429886986530934,0.6550399717413238,-0.3311513893936813,0.0,0.0,1.0,sim
0.43344295643072717,0.7553089014786811,0.24141051805818972,-0.7383588927259577,0.0,0.0,0.0,sim
0.7324348396131075,0.575399673866287,0.8893739097920164,0.053416182370288334,0.0,1.0,0.0,sim
0.22731240762250174,0.35112341881460096,0.7575557403083728,-0.3875758099422735,0.0,1.0,1.0,sim
0.8093701208848143,0.5424862601840111,0.22214901957636102,0.08932092833097682,0.0,1.0,1.0,sim
0.41788458345101187,0.7653056664571432,0.37599121470700875,-0.978450417156745,1.0,0.0,0.0,sim
0.25353417721632,0.7114979186941419,0.2595922630874475,0.5664530472693632,0.0,0.0,0.0,sim
0.700096684638633,0.5114987590893363,0.8951496912979742,-0.6752330539186497,0.0,1.0,1.0,sim
0.6215729326176781,0.29347496121851324,0.34745744448812743,-0.36690639430622185,0.0,0.0,1.0,sim
0.818204712410084,0.4521414613276827,0.42131843915670947,-0.20760553630734457,0.0,1.0,0.0,sim
0.6775580173569253,0.37775305954320904,0.633167205927101,-0.07414462721829551,0.0,1.0,1.0,sim
0.5655039235172747,0.5402223039645202,0.7407715617565163,0.6764097020870721,0.0,1.0,1.0,sim
0.8288976829202677,0.3433237704793422,0.6762330832084229,0.35823679954673193,1.0,0.0,0.0,sim
0.6939075491461986,0.7059618814304256,0.4329446104816943,-0.0030408156854835333,0.0,0.0,1.0,sim
0.44499801880419965,0.7947777855937996,0.6817484529652196,0.010070955127168268,0.0,0.0,0.0,sim
0.40092221734511696,0.45842316497494123,0.5953619247233621,0.3380347512367132,0.0,0.0,1.0,sim
0.20956301837966232,0.23778913290387438,0.8254004185145578,-0.3322232110929997,0.0,1.0,0.0,sim
0.805184847796707,0.5985655195528687,0.538639275619575,0.1590475906894384,0.0,0.0,1.0,sim
0.6152705389273305,0.6158289429031887,0.6971973058065775,-0.3790283440937825,0.0,1.0,0.0,sim
0.4874779515109661,0.48697068549487676,0.8305479615526348,0.025184564208466043,1.0,0.0,1.0,sim
0.3534966407779497,0.45208216739701074,0.35131204352448386,0.8042433010561194,0.0,1.0,0.0,sim
0.5826208728549664,0.6028899987337073,0.8693963509052978,0.5240790117243295,0.0,1.0,0.0,sim
0.6277857251241479,0.6523646912715169,0.47315142968473156,0.0051675756996156785,0.0,1.0,1.0,sim
0.8529381272677914,0.7998758599513436,0.24010792700388195,-0.9999279027421333,0.0,0.0,1.0,sim
0.5582545124076062,0.8825966780946088,0.39067464165083354,-0.9454465577101536,1.0,1.0,0.0,sim
0.7206277069841185,0.5082959226236392,0.5294056139930324,0.007624931534280011,0.0,0.0,1.0,sim
0.22555943612490553,0.22766933390257532,0.8493525998114757,0.7509419245483007,0.0,0.0,0.0,sim
0.8536785833017593,0.6995898980928706,0.6678758974256365,0.0680486544277159,0.0,0.0,1.0,sim
0.4908769558327462,0.8874741330992824,0.3620844765645843,0.17790692750101966,0.0,1.0,1.0,sim
0.20987438368964048,0.4944221955815719,0.29311235789929546,-0.09115948935311025,0.0,0.0,0.0,sim
0.8550651194546204,0.8980431236280237,0.4550868289549638,0.09860606663622473,0.0,1.0,1.0,sim
0.2724311075578029,0.6962141066343523,0.2994180675806758,0.6149948058705714,0.0,0.0,0.0,sim
0.8390151497108271,0.6261267552447431,0.6084514567549221,-0.16273538630036488,0.0,1.0,1.0,sim
0.6754424329021573,0.6846888777677436,0.3823329384128227,-0.79737217163246,0.0,1.0,1.0,sim
0.7342146682411648,0.665571198763345,0.5013797380046134,0.8139721762675187,1.0,0.0,0.0,sim
0.7633890159517243,0.5489545477435768,0.4724932743791495,0.7200491584147692,0.0,0.0,0.0,sim
0.5419870898893138,0.44309267388030205,0.8240769726863661,-0.3895669195367628,0.0,1.0,0.0,sim
0.5779747457066242,0.3376039180533234,0.35958794733654564,-0.27487140889857087,0.0,1.0,0.0,sim
0.646841464037557,0.7303498208597976,0.4733396629763035,-0.9864324628933792,0.0,1.0,1.0,sim
0.8968055885128827,0.6219763629331394,0.32325486932749115,0.7534682797587147,0.0,1.0,1.0,sim
0.4675550078051862,0.6945020322193405,0.4500856533960348,-0.02167771254261952,0.0,0.0,1.0,sim
0.41168666681022537,0.4727314693287392,0.6529124273606552,-0.603278362352661,0.0,1.0,1.0,sim
0.5842282086524131,0.7824097625711774,0.6904361468097544,0.5472701535561235,0.0,1.0,0.0,sim
0.7184445188536894,0.8414479054030888,0.28620660806312526,0.7618788159389545,0.0,1.0,1.0,sim
0.7747384492145144,0.6945104966683491,0.45939059446073355,-0.05009782258102424,0.0,0.0,1.0,sim
0.2713401297830831,0.7008561396991353,0.37114025557078245,0.18661146210008206,0.0,0.0,0.0,sim
0.3627787420250983,0.44675700075260155,0.269285914041984,-0.22992311705575075,0.0,0.0,0.0,sim
0.8226322242142032,0.30690802407202483,0.6526959229803653,0.423398981150346,0.0,1.0,1.0,sim
0.6049165493390709,0.8315490501507596,0.24786310779665802,0.2122041541623354,0.0,0.0,0.0,sim
0.7389997782946576,0.6621340564742177,0.8168046985369057,0.31596427731062504,0.0,1.0,1.0,sim
0.21414718701183483,0.4909162786054825,0.7354584601942462,-0.016966867105418615,0.0,1.0,0.0,sim
0.6179350590794538,0.7963363504544543,0.3623995293893284,-0.13795979811055714,0.0,0.0,0.0,sim
0.21508205955105297,0.3044189145530696,0.7412959389179392,0.9917498872135722,0.0,0.0,0.0,sim
0.4258532578655777,0.7270734121274858,0.7542083877711554,-0.5101412559562912,0.0,0.0,0.0,sim
0.8800069062579079,0.657276601108826,0.44189477631603025,0.7947972245721668,1.0,0.0,0.0,sim
0.8797910625249585,0.360653239206254,0.33514244071396926,0.09496663103211223,0.0,1.0,1.0,sim
0.20033694607975294,0.8426309439166761,0.44178433780452286,0.7519715232119701,0.0,1.0,0.0,sim
0.3397143644550847,0.4696929143796477,0.40162008806803445,-0.5875572735468582,1.0,0.0,0.0,sim
0.5869152351115983,0.3188027721199117,0.23208368078261948,0.9912687992430629,0.0,0.0,0.0,sim
0.22642706442864136,0.7995029829638354,0.7315705141156696,-0.3180088953847928,1.0,1.0,0.0,sim
0.5371349904415241,0.6340785218344551,0.7455858648683804,-0.3021241260283314,0.0,0.0,1.0,sim
0.8841931083286965,0.7678152326668262,0.2949105716802957,0.5724184556798733,0.0,1.0,0.0,sim
0.31310742893573024,0.8501955056785211,0.6375103785764062,0.7025552662452796,1.0,0.0,0.0,sim
0.8354129204321594,0.21934746549720646,0.6543574334128484,0.4153953789538336,1.0,0.0,1.0,sim
0.465355120024902,0.890616619748029,0.5321133604429068,0.4010550681018692,0.0,1.0,0.0,sim
0.21117831614512372,0.7727769636764639,0.45290812951490483,0.452572203499084,0.0,1.0,0.0,sim
0.8433700489828053,0.37531233798491814,0.7366835786252286,0.05476045716587774,0.0,0.0,0.0,sim
0.5214876387870434,0.2939722845238253,0.7177591294803536,0.16208289710641122,0.0,0.0,0.0,sim
0.37512992996770506,0.6519887505586716,0.665777782164766,0.3254204930838809,0.0,1.0,1.0,sim
0.7405200816004545,0.8672780876194062,0.4231299204365211,0.343248240418059,0.0,1.0,1.0,sim
0.3824767915195293,0.5879234890050016,0.625327874472273,-0.6819471441628713,0.0,1.0,1.0,sim
0.6472863902177355,0.7217202866043255,0.7721920517258698,-0.40554744935177034,0.0,1.0,1.0,sim
0.42352097729894544,0.49001904025969206,0.6411749540273644,-0.5198581054005618,0.0,0.0,0.0,sim
0.5673158094468382,0.4247400805500319,0.6492234754615768,0.8326184191698094,1.0,0.0,0.0,sim
0.4923420752534034,0.3841544475373879,0.3149520417307772,-0.4822176191378771,0.0,1.0,1.0,sim
0.5995803861164781,0.4069741652428482,0.4163294634285273,0.6958770611138358,1.0,0.0,0.0,sim
0.554824696904013,0.5784630611221836,0.7441035481669491,-0.1421002152836448,0.0,1.0,1.0,sim
0.6449784438887717,0.7136862056567868,0.41911146058836063,0.054082994794992345,1.0,0.0,0.0,sim
0.4822677528245246,0.23442000375404926,0.6711959204236552,0.3304425841856302,0.0,0.0,1.0,sim
0.25702378043420226,0.5880528955330719,0.8842113675164927,-0.3697532474271472,0.0,1.0,1.0,sim
0.7993715777663992,0.6457622707019984,0.41188691113689296,-0.049363263781633915,0.0,0.0,1.0,sim
0.5993755264713543,0.8671102324884561,0.7066917872495806,0.9524592955992734,0.0,0.0,0.0,sim
0.5802257469538832,0.6010140901047103,0.20096725579639932,0.386051771618388,0.0,0.0,0.0,sim
0.7310057418851403,0.7943216873523786,0.8504230429051074,-0.8739930206654178,0.0,0.0,1.0,sim
0.4501374897782689,0.30437530937374063,0.7567417396485525,-0.5217057421342992,0.0,0.0,0.0,sim
0.6304881565839044,0.8937992089091729,0.7048993347627421,0.17932189869173087,0.0,0.0,1.0,sim
0.5145931888009068,0.21755007710844876,0.3783478341771677,-0.38637168926596543,0.0,1.0,0.0,sim
0.6183978853988545,0.7792085408808593,0.8865939800063052,-0.3719775073745568,0.0,0.0,1.0,sim
0.6389449468125861,0.5076430870909245,0.3475853930552434,0.4410191877855234,0.0,0.0,0.0,sim
0.5886705630734503,0.47189178568419465,0.20715817133245212,0.4399170936095973,0.0,0.0,0.0,sim
0.8085494711709367,0.7185710831544436,0.7107215678863441,-0.5469123163199956,1.0,1.0,0.0,sim
0.8616965884155148,0.7191087845831508,0.5061626309801612,0.7489604227574438,0.0,0.0,1.0,sim
0.7840790693888728,0.7537875239230858,0.7357368434294733,0.28838276702928134,0.0,1.0,1.0,sim
0.6034742148308201,0.7854888164684426,0.6795576548855933,-0.9611712460304302,1.0,1.0,0.0,sim
0.6830949228081318,0.8157669585120235,0.5828991221657784,0.06270019441724872,0.0,1.0,1.0,sim
0.4104058688282673,0.7307271208529662,0.2938615826185794,-0.9389599700119973,0.0,1.0,0.0,sim
0.5783302865907458,0.6041457141183666,0.299037330399544,0.6225543756416763,0.0,1.0,0.0,sim
0.6862209888725479,0.84448599239289,0.8222683073880781,0.41717922320620504,0.0,1.0,0.0,sim
0.7340813852177206,0.20418368638273546,0.6568127405034745,-0.7873245723835964,0.0,1.0,1.0,sim
0.7051976686210597,0.3600448942968816,0.6499591421220785,0.9291773374663468,0.0,1.0,1.0,sim
0.4560395402500478,0.6070993834788435,0.41007827961899646,-0.00498746702650954,0.0,0.0,0.0,sim
0.8228477964241505,0.6026960124850671,0.49922123075134067,-0.9644413243810366,0.0,1.0,1.0,sim
0.682288977798808,0.39517455905921933,0.8837298744152124,0.9254150706671953,0.0,0.0,1.0,sim
0.34776059054297864,0.6432360792431782,0.320813293742367,-0.04987665122995488,0.0,0.0,0.0,sim
0.5080507957411466,0.6739085027509112,0.6631253684621785,-0.6606664400077376,0.0,0.0,1.0,sim
0.46808553111030266,0.4707017826296098,0.7528050749962771,-0.20508989224419394,0.0,1.0,1.0,sim
0.8378104596195968,0.8659345803593788,0.8071183998329112,0.495502197185391,0.0,0.0,1.0,sim
0.6454183768444046,0.43460590245531605,0.24708324257702485,0.5057813814990078,1.0,0.0,0.0,sim
0.3986153379987936,0.671088674291612,0.36528770666079136,0.28341306160700674,0.0,0.0,0.0,sim
0.5764095837940424,0.6086304093517816,0.6039208975106037,-0.47277984590349087,0.0,0.0,0.0,sim
0.21685186090410272,0.8524317197988436,0.7086405377320948,-0.832322497053102,0.0,0.0,1.0,sim
0.7317428235350549,0.6796910829380493,0.5040994902718238,-0.5183183658350545,0.0,1.0,1.0,sim
0.306526632170948,0.3761605006454285,0.44202107046192834,-0.7198808985100711,0.0,0.0,1.0,sim
0.6777966444190222,0.402831897416441,0.8495722014854923,-0.02206519176000321,0.0,0.0,1.0,sim
0.6905317555167413,0.26965673149496927,0.86721086609698,-0.29352597805599556,0.0,1.0,1.0,sim
0.7500761816067183,0.7190932541290012,0.6158429542168438,0.3418268836812661,1.0,0.0,0.0,sim
0.37659531998021495,0.8596352418080948,0.7402976083495851,-0.17146361822762968,0.0,1.0,1.0,sim
0.5486421137484185,0.5044219967983088,0.3889810142605454,0.04179331423290633,0.0,1.0,1.0,sim
0.2299595206963586,0.47298278576036556,0.5901055621955225,0.11394385300534071,0.0,1.0,0.0,sim
0.7623953609274348,0.4606482620846541,0.44626959885487577,0.16520563015803114,1.0,0.0,0.0,sim
0.6610417999626813,0.3750720631296469,0.25382716296771773,-0.9205692229470617,0.0,1.0,0.0,sim
0.36832032696698325,0.4011688447724229,0.7674323792238349,0.12650779467708673,0.0,0.0,0.0,sim
0.27352179731349785,0.781255147753007,0.6292170926686804,-0.809787077768692,0.0,1.0,0.0,sim
0.24900414409319116,0.7700131882684018,0.5281098176957559,0.0631233466326846,0.0,0.0,0.0,sim
0.30276006714802045,0.6015809893416586,0.25802805199382217,0.26925827231175825,0.0,0.0,0.0,sim
0.5954537039092191,0.3869083592131546,0.22199653109809003,0.2591417305864112,0.0,0.0,0.0,sim
0.764458372262178,0.21342540862316464,0.8477978700130326,-0.8212834402991358,0.0,1.0,0.0,sim
0.2925849733772026,0.34653116776212284,0.8359097255571994,0.9487121499275657,0.0,0.0,0.0,sim
0.21856829845194525,0.8352501816425895,0.31791078863186295,0.5436834398845802,0.0,0.0,0.0,sim
0.3280824644660464,0.47986588847780814,0.5671352359009678,-0.6093055155209539,1.0,0.0,0.0,sim
0.7886593831643502,0.8098870967595488,0.37796466026156295,0.5432211140563443,0.0,1.0,1.0,sim
0.6478073029590004,0.8739657302504802,0.7554222572742229,-0.03507301842370936,1.0,1.0,0.0,sim
0.7405689639945587,0.3622256957984718,0.5124550835853416,-0.2930557569732306,0.0,0.0,0.0,sim
0.8469685049294828,0.7792453825635273,0.6514728328731982,0.04418259920179768,0.0,1.0,1.0,sim
0.8115943315403351,0.7852054200951357,0.4853061857176216,-0.30755073540742783,0.0,1.0,0.0,sim
0.3771239192081596,0.5016003162180993,0.3526491422775653,-0.2650156857122574,0.0,0.0,1.0,sim
0.7525409237336544,0.41317119585281825,0.7535761531169602,-0.003878204144990738,0.0,0.0,1.0,sim
0.6298510147323101,0.7975165097187462,0.5694179023352471,0.1170420292609502,0.0,1.0,1.0,sim
0.3494108416739715,0.5429975407488679,0.4584674760935069,-0.6581618120615982,0.0,1.0,1.0,sim
0.37796229553077876,0.7815444141808161,0.5935402587959935,0.38130550997851054,0.0,0.0,0.0,sim
0.2608838673867766,0.5213048522615762,0.7063084444179726,-0.1947066073497412,0.0,0.0,0.0,sim
0.8358164099797825,0.43603568831127454,0.4758856949444973,0.9577075954220422,0.0,0.0,0.0,sim
0.387658283609718,0.2573756490335457,0.7178123538399082,0.3688956559019161,0.0,0.0,0.0,sim
0.7414050665205705,0.8444014338995134,0.600842075114236,0.7964224500331887,0.0,1.0,1.0,sim
0.894014335532469,0.8730774048726389,0.39664046942832026,-0.7493952656902663,0.0,1.0,1.0,sim
0.6645296009616317,0.6491042456791578,0.5474286999367638,-0.061586693318786745,0.0,0.0,0.0,sim
0.6944409679394985,0.7944959970359271,0.7647399613968835,0.5449093164869143,0.0,0.0,1.0,sim
0.8889942873473371,0.30450145710463083,0.8179696950120461,0.35490220832261654,1.0,0.0,0.0,sim
0.4219188061061926,0.786843780164759,0.578872466878966,-0.5466382440348723,0.0,0.0,0.0,sim
0.31200181376440606,0.7836234185153141,0.33134756996983583,-0.2182946498734859,0.0,1.0,0.0,sim
0.5631202839202754,0.7078966788490417,0.7219909838109901,0.6218422484853259,1.0,0.0,0.0,sim
0.29356531984641177,0.383796148941705,0.4565404147042413,-0.7532237309948044,0.0,1.0,1.0,sim
0.7553608605064439,0.4915697159786767,0.4127034936040234,-0.18104093413864808,0.0,0.0,1.0,sim
0.6760504976745632,0.3679181005792981,0.5027228730338169,-0.5415762171746705,0.0,1.0,1.0,sim
0.4550156125254016,0.5949443543713595,0.7572937007185685,-0.2329257101381108,0.0,1.0,0.0,sim
0.32513154378775233,0.3344824069544843,0.31395638828606737,-0.5106473293732419,0.0,1.0,0.0,sim
0.534348131380856,0.595690178429976,0.5860320945315123,-0.577613890881157,0.0,0.0,1.0,sim
0.7893584857822407,0.45576705039713145,0.6068815071418125,-0.6547011902105822,1.0,1.0,0.0,sim
0.7931536022192085,0.2068089362136261,0.757094797497476,0.7404436455323078,0.0,1.0,1.0,sim
0.8848112924148004,0.6486618458047315,0.659624534924188,-0.8670629743147185,0.0,1.0,1.0,sim
0.8598950465437769,0.6137575489033532,0.24494798269098414,-0.23723262442298432,0.0,1.0,1.0,sim
0.6788365926442386,0.2387708530741614,0.20681459349868542,0.5577180361824956,0.0,0.0,0.0,sim
0.2515828142268814,0.7236922472179432,0.3040839598442965,0.08438533195845488,0.0,1.0,0.0,sim
0.2139893526594317,0.75229694928171,0.7896354312368978,-0.7381606215420353,0.0,1.0,0.0,sim
0.6190525217698717,0.8531652923279007,0.34449352932584837,0.2928505085762798,0.0,1.0,1.0,sim
0.6943515230102035,0.6515269519839455,0.46089781615440617,0.3933658559889528,1.0,0.0,1.0,sim
0.29474910769336177,0.5895159092748412,0.625230246737698,0.9614143882630977,0.0,1.0,0.0,sim
0.37617712597141917,0.6973422777501195,0.7182559024791564,0.4398315593641289,1.0,0.0,0.0,sim
0.2507057003235018,0.7045947973236553,0.42070944404937927,-0.8272929583253648,0.0,0.0,0.0,sim
0.6681869272977887,0.7707667346371296,0.5540469655677884,0.3401847310258743,0.0,1.0,1.0,sim
0.7204170601484869,0.6804391561946023,0.7533890769891647,0.7237113160334234,0.0,1.0,1.0,sim
0.8185577362315184,0.3884590307476963,0.7090165790218073,0.022089929931963237,0.0,1.0,1.0,sim
0.6879499280151793,0.4565854804731001,0.6114062966238462,-0.06585112639730628,0.0,0.0,0.0,sim
0.23865803045006628,0.7596030776346152,0.7246438303601506,-0.9713253631218672,0.0,1.0,1.0,sim
0.8699948262973032,0.5555526366114683,0.8090631208085268,0.004668313155010484,0.0,1.0,0.0,sim
0.7266118295585053,0.3270403010459409,0.6733021210269254,-0.7418205859994067,0.0,1.0,0.0,sim
0.6273211157681194,0.5695012595930964,0.4979234799903939,0.39096009920865504,0.0,0.0,0.0,sim
0.6588185303176389,0.5185809695941715,0.6125942559230715,-0.5291096728160738,0.0,1.0,1.0,sim
0.7648417687935349,0.49489458690711124,0.416741404087389,-0.9690117741152937,0.0,1.0,1.0,sim
0.7198732816938342,0.35698665904688226,0.2975495778267478,0.6618999940940689,0.0,0.0,1.0,sim
0.3662881435006388,0.7911136032918968,0.6142491146112874,-0.594031818940584,0.0,1.0,0.0,sim
0.39024758249435276,0.5612854667069958,0.7170097146264067,-0.5283163173405232,0.0,0.0,1.0,sim
0.45091966578241105,0.5545853400534757,0.724366324977523,0.4197415452882265,0.0,0.0,0.0,sim
0.8295473390767589,0.6533974935150042,0.7491800054382398,-0.11494910325809093,0.0,0.0,1.0,sim
0.821662129872921,0.5023351699496597,0.7155970733473749,-0.2613563066603444,0.0,0.0,1.0,sim
0.29061036287060643,0.7178328282429705,0.4703643252507524,0.3582156074457499,1.0,1.0,0.0,sim
0.764764470810833,0.2515788898618661,0.22585357345005153,0.2547639471706553,0.0,0.0,0.0,sim
0.5126342157038348,0.7574092459202955,0.36202060669052394,0.5243957415175835,0.0,1.0,1.0,sim
0.5134729285028574,0.20084344508175248,0.20283034698383018,-0.8987483405505083,0.0,1.0,0.0,sim
0.8581397524327239,0.6707866440149146,0.35378622131302295,-0.8903264718287922,1.0,1.0,0.0,sim
0.3895171592150021,0.2078162988166562,0.3500809408645531,-0.8715153373578528,0.0,0.0,0.0,sim
0.40496564148068537,0.7883883583738744,0.6773062322698225,0.10399199401907566,0.0,1.0,0.0,sim
0.41287753368218194,0.8484833885113872,0.6068706126056018,0.4987909535971762,0.0,1.0,0.0,sim
0.4276218981052524,0.37120678635322335,0.3802812261676674,0.7998139275570466,0.0,0.0,0.0,sim
0.6712431933908287,0.21862910774105898,0.48459554359583956,0.3788514138758856,0.0,1.0,0.0,sim
0.8123951069871334,0.35967140291688143,0.446199526066998,0.2719776970458916,0.0,0.0,0.0,sim
0.4763679322566592,0.20358652675166766,0.28378306241786466,-0.5858074770647441,0.0,1.0,0.0,sim
0.33503781785497777,0.5259711585799389,0.6928726406639951,0.19310675713547854,0.0,0.0,1.0,sim
0.2932110636898362,0.27115517673007866,0.786437549931952,0.5239802213497546,0.0,0.0,0.0,sim
0.3073566907895051,0.698880096353897,0.7149021220236083,0.699975020168784,0.0,0.0,1.0,sim
0.4914587730689387,0.44400509241786223,0.3727483978495459,-0.19838722546272858,0.0,1.0,1.0,sim
0.36266635607458564,0.7926632199218564,0.880193405203604,-0.3500509730267978,0.0,0.0,1.0,sim
0.7563072790557979,0.376155976209358,0.732724674539774,0.22060562028583575,1.0,0.0,0.0,sim
0.36181184598383587,0.45903226556795895,0.386971703439152,0.8585454315666328,0.0,0.0,0.0,sim
0.8265463428781237,0.4077566537200994,0.7045296732420612,-0.12324531947356432,0.0,0.0,1.0,sim
0.7556194498689419,0.8748004322571414,0.630430117213926,0.4164071555672608,1.0,0.0,0.0,sim
0.671126653713905,0.21113605072816982,0.2326654748620458,-0.6531158567666471,0.0,1.0,0.0,sim
0.8155574068617824,0.2978053716152298,0.33119756295013036,-0.34439864171968937,0.0,0.0,0.0,sim
0.7358206409197714,0.8482697868253575,0.3781690879415883,-0.6256350833660644,0.0,1.0,0.0,sim
0.4405096493906759,0.44388073785185567,0.7193865354094253,0.6116008602250962,0.0,1.0,0.0,sim
0.5880703707737682,0.689339379311857,0.6131964337204643,-0.868109441870903,0.0,1.0,1.0,sim
0.3626302424735139,0.56295868067747,0.6439319836268165,0.8754864053157441,0.0,0.0,1.0,sim
0.37361415427514555,0.6160939201377664,0.8755213473347139,0.06427007261105566,0.0,0.0,0.0,sim
0.2548289747258457,0.3667332636022743,0.5101580018662389,0.8389542203154814,0.0,0.0,0.0,sim
0.8680813427511358,0.5352993565555372,0.7082270809516906,0.9558333395916709,0.0,0.0,0.0,sim
0.7541992810859044,0.3880115294043322,0.6090641798877825,-0.4789371293618594,0.0,0.0,1.0,sim
0.7536449884696248,0.5244389503876736,0.4606093001357425,0.10879353216141996,0.0,1.0,0.0,sim
0.353134850788525,0.353859768279483,0.719714503923732,-0.486668405383039,0.0,0.0,0.0,sim
0.3692678483324553,0.8041788905652769,0.5131320593008939,-0.09954346913803058,0.0,0.0,1.0,sim
0.5991385223404585,0.7473241678440004,0.5790383354434958,-0.27723665255016683,1.0,1.0,0.0,sim
0.5478450912034569,0.7276753340321036,0.6640143241352681,-0.970392656244522,1.0,0.0,0.0,sim
0.33739613276295105,0.7447102326011823,0.7997495240823205,0.8303818462527974,0.0,0.0,0.0,sim
0.4487560520685284,0.7124388856070523,0.5450956796023676,0.3171151983156719,0.0,1.0,0.0,sim
0.402940493322558,0.7503885493185407,0.6253758348464029,0.9568752973620849,1.0,1.0,1.0,sim
0.8020462015300431,0.28042163214013166,0.7481425166661315,0.6732032394992093,0.0,0.0,0.0,sim
0.7187265859288732,0.33400519973823206,0.2962068433761071,0.6101549376432074,0.0,0.0,0.0,sim
0.4130014037629899,0.4913266353116771,0.5935290417413221,0.6979152956758861,1.0,0.0,0.0,sim
0.37812334265551145,0.5353594683846042,0.7243313945824943,0.31735787543173366,0.0,1.0,0.0,sim
0.551575922280253,0.33866849218662076,0.7010938991001459,0.9670588173022219,0.0,0.0,0.0,sim
0.6802990010367032,0.7453813103532843,0.5439694225331426,-0.3148441852106214,0.0,1.0,1.0,sim
0.6961898931798404,0.5989961056139506,0.6738351941963128,-0.42473901246283363,0.0,1.0,1.0,sim
0.5089268179165809,0.35296606924967794,0.6024892509477635,0.788726974574574,0.0,1.0,1.0,sim
0.7209228186083068,0.3733648847055732,0.7009623967980287,-0.15417754180254284,1.0,1.0,1.0,sim
0.712744343184575,0.31045305701059456,0.3421999066668215,-0.6232687741906902,1.0,0.0,0.0,sim
0.6668077384753865,0.6991845906825378,0.705743836331719,0.303875371174644,0.0,1.0,1.0,sim
0.5972865213997419,0.7613283478027626,0.8588354911481351,-0.8855581767936995,1.0,1.0,0.0,sim
0.4250751697670905,0.6733639583505389,0.2732042644183499,0.6093511809718151,0.0,0.0,0.0,sim
0.5936349809320589,0.40311595683946044,0.7468636917449931,0.8350413925237916,0.0,1.0,1.0,sim
0.713117859397818,0.2935309163115238,0.30418030783181427,-0.9865230680545427,0.0,1.0,0.0,sim
0.8049221329204186,0.39408785714542016,0.21773998202529907,-0.008099523882843185,0.0,0.0,0.0,sim
0.5950901464153147,0.8168154382810127,0.596035110160809,-0.1868064852637319,0.0,0.0,1.0,sim
0.7340318060249804,0.7342973037291312,0.31202648476151157,-0.9513670812710993,0.0,1.0,1.0,sim
0.2008687394580635,0.3160132005160745,0.3822563565730931,0.35920395111409875,0.0,0.0,0.0,sim
0.5809386330018438,0.2029978514143378,0.4300083556384211,-0.8728240277075445,1.0,0.0,0.0,sim
0.8833062531246287,0.4729893915700015,0.6899852502069386,0.03609816261091381,0.0,1.0,1.0,sim
0.5153733379726939,0.34465063178058497,0.3706405518467239,0.09054173327983062,0.0,1.0,0.0,sim
0.3314899356825165,0.8032642555968645,0.5746756640743373,0.2057389057722494,0.0,1.0,1.0,sim
0.44627469178571444,0.5657555105967638,0.43437738309485774,0.16219177921583294,0.0,1.0,1.0,sim
0.2474718092462075,0.2601356912006279,0.8074306922378671,0.6036823735547108,0.0,0.0,0.0,sim
0.7569901756857127,0.7723419026295191,0.8968262315485427,0.8339675534391935,0.0,1.0,1.0,sim
0.76726419174672,0.3816173278022118,0.36649221981137076,-0.9359941020484601,0.0,1.0,1.0,sim
0.7912257893458308,0.7566928329714515,0.22536949345115623,0.5284479276865526,0.0,0.0,0.0,sim
0.7911315266735905,0.5425108817939961,0.4228563865349938,-0.08872609982228119,0.0,1.0,0.0,sim
0.8016705243814712,0.3546156857960149,0.45580088366728866,-0.5402723993732197,0.0,1.0,0.0,sim
0.4501278876245855,0.3481327457299477,0.8406103621150416,0.17984373491489025,0.0,0.0,1.0,sim
0.8853289341190729,0.7585376739368141,0.2911108037812749,-0.29036827649784414,0.0,1.0,1.0,sim
0.2555667929821194,0.22804220649269877,0.22512248915228816,0.06246242832203697,0.0,1.0,0.0,sim
0.3383987791775861,0.4205998267106667,0.793942570765765,0.5899436819079131,0.0,1.0,0.0,sim
0.6764766959098996,0.4961534743208601,0.3912536101951637,0.09630503826154335,0.0,0.0,1.0,sim
0.780735962471079,0.2688234735090123,0.30427603588169294,0.5849890501312784,0.0,0.0,0.0,sim
0.663777276221178,0.7928785819906334,0.4901443687330958,-0.986761430761339,1.0,1.0,0.0,sim
0.7498318413459495,0.31168313758438543,0.5511126666275016,0.5640009678953697,0.0,1.0,1.0,sim
0.43702058122541787,0.31261528983965065,0.2873801234648636,0.8438527160827642,0.0,1.0,0.0,sim
0.5093217781405337,0.5603708654913635,0.8854457160603595,0.8592643552590447,0.0,1.0,0.0,sim
0.5547599617079614,0.8073234992591505,0.7099656320049443,0.40661499828378767,0.0,1.0,0.0,sim
0.7072394593075737,0.7301665294556761,0.2511105597385427,0.5611977654685101,0.0,1.0,0.0,sim
0.5258907063020548,0.36910429250605215,0.25911856103023073,-0.304367454358905,0.0,1.0,0.0,sim
0.8619791521568456,0.34454134375637274,0.7578612164807979,-0.17993515997014997,0.0,1.0,0.0,sim
0.876641220077597,0.34741002958543504,0.2898765079803673,-0.9973178969666487,0.0,1.0,1.0,sim
0.731715076716027,0.37410017843562626,0.3169748545530047,0.9178386406212429,0.0,0.0,0.0,sim
0.8218670183443897,0.6031944454702985,0.7586208632329516,-0.7872963198624028,0.0,1.0,1.0,sim
0.39507142640852894,0.20514011621663258,0.738156833927625,-0.4094956679682382,1.0,0.0,0.0,sim
0.2832761211261186,0.21520179856426824,0.5921248871168889,0.8358087966227474,0.0,0.0,1.0,sim
0.8327603508199335,0.44449719977523283,0.7676900025661391,-0.44250216009090915,0.0,0.0,1.0,sim
0.5381918845739986,0.8216131961749287,0.8179092747856018,-0.8162729176377099,0.0,1.0,1.0,sim
0.30960208821621693,0.6601434156264169,0.3283500392809815,0.9282965328821093,0.0,0.0,1.0,sim
0.517990243406216,0.45744456448263815,0.8774429943069069,-0.6603358024842203,0.0,0.0,1.0,sim
0.8543114056491596,0.2741301836344983,0.7145530010923096,0.8173642355238766,0.0,1.0,1.0,sim
0.8798598797076616,0.2695333169985082,0.6013247954566383,-0.5914500831411718,0.0,1.0,1.0,sim
0.610504962634471,0.29245470943335883,0.5361442510451533,-0.19819516575403373,0.0,0.0,0.0,sim
0.2354095080943968,0.2809282186660549,0.6435097065087962,0.4192002002828892,0.0,1.0,0.0,sim
0.39151748179989354,0.7629428498156237,0.30326520803117146,-0.2388632346696098,0.0,0.0,1.0,sim
0.799604955880695,0.654648451839281,0.8042521777829588,-0.20648815033075474,0.0,1.0,1.0,sim
0.8324064736234327,0.8576847156032852,0.4071035408354605,0.42906310253979196,0.0,1.0,1.0,sim
0.677357702195001,0.7700766225037816,0.2695546511347825,-0.47372620048075964,0.0,0.0,1.0,sim
0.5465335814410271,0.3045517829840619,0.4919331580996805,-0.4242705698686082,0.0,1.0,1.0,sim
0.28429383121963814,0.6659033336051599,0.7019167524341934,0.04813799623268111,0.0,0.0,0.0,sim
0.4800403560411398,0.37197052980646683,0.38784558702699035,-0.6373338033242426,0.0,1.0,1.0,sim
0.4028442944251949,0.2737932870038545,0.41953184156005985,0.03788974359312247,0.0,0.0,0.0,sim
0.2833167101212183,0.8926433672565885,0.3208335038203016,-0.6753076358429608,0.0,1.0,1.0,sim
0.7973636642969952,0.5908301779603646,0.44861327428989906,0.4589469212576307,1.0,1.0,0.0,sim
0.7998272630115382,0.8106856723758971,0.39506828089850554,0.32769110416226077,0.0,1.0,0.0,sim
0.32938546927770884,0.6889598459377442,0.28189892026849317,0.2447720169684291,0.0,0.0,0.0,sim
0.5190078269734777,0.5739462023131908,0.8319226698744082,-0.7580433326895515,0.0,0.0,0.0,sim
0.7075585508241611,0.8885694306587479,0.303258010541302,0.33338171261925353,0.0,1.0,1.0,sim
0.72926511764034,0.6633474201742687,0.740270335608439,-0.9106141266595611,0.0,0.0,1.0,sim
0.8498797227166734,0.8139372625576651,0.81303006667428,-0.5221012288685016,0.0,0.0,1.0,sim
0.39648057321092967,0.5741670084613594,0.5160652922388935,0.21054165431398597,0.0,1.0,1.0,sim
0.5588895473023874,0.8810656771548624,0.43314471169136626,-0.31840179782641287,0.0,1.0,1.0,sim
0.2383410856390729,0.38636721711691374,0.5488162287233401,0.5195530593728725,0.0,0.0,0.0,sim
0.4156448403952766,0.4293455370581999,0.2670075664950662,-0.9841816003796013,0.0,0.0,1.0,sim
0.8063805811682332,0.5242279329518926,0.24083938860631213,-0.7264583121306083,0.0,1.0,0.0,sim
0.32920081016506875,0.7441354672125473,0.8779143292405152,-0.943023816189213,0.0,0.0,0.0,sim
0.5894804025256911,0.8318977296883998,0.2266396379852655,0.23078392020303484,0.0,1.0,0.0,sim
0.4159785748917515,0.7744587224678587,0.5399847120735495,-0.01957114744896793,0.0,0.0,0.0,sim
0.5009746088049347,0.3647590674443915,0.8942387423319533,-0.9166143826898379,0.0,0.0,1.0,sim
0.49138732840265303,0.7471141647841271,0.7057686439357418,0.4731938710199415,0.0,0.0,1.0,sim
0.8640360090416046,0.37943452327088073,0.7965539398558625,-0.7124003362163127,0.0,0.0,0.0,sim
0.722663111725838,0.40160648078414163,0.30348318176167616,0.4460748360131779,0.0,0.0,1.0,sim
0.802094376296093,0.4596723903381103,0.8118316862779567,0.21633370989711254,0.0,1.0,1.0,sim
0.7966965263697607,0.7700804134493857,0.2484508915453003,0.4020262584973411,0.0,0.0,0.0,sim
0.43329693015331305,0.2963710209503006,0.30139993215409333,-0.7021604297619279,0.0,1.0,0.0,sim
0.5879943615567943,0.310979609337509,0.41463418040958333,-0.1825186512026915,0.0,0.0,1.0,sim
0.4560260930243681,0.3401289688007021,0.4874268085040073,0.1265936365103244,0.0,0.0,1.0,sim
0.4341084575633878,0.5139635651515311,0.8328253093249798,-0.46849461934321646,0.0,0.0,1.0,sim
0.3281430095521133,0.3780202773571315,0.31803919683048376,0.8812308360093344,0.0,0.0,0.0,sim
0.6923190049581084,0.5899367294505347,0.7235548740187947,0.49275642082030235,0.0,0.0,1.0,sim
0.3011082883660918,0.8918602751986031,0.8537511862743259,-0.2305941211788538,0.0,1.0,1.0,sim
0.7529055029113811,0.40216243592319145,0.2118875147650212,-0.9883242007183739,0.0,0.0,0.0,sim
0.4894171764315447,0.6683862376734728,0.40200497492167003,-0.6686917433173809,0.0,1.0,0.0,sim
0.4363732629429607,0.38650638195749965,0.23864676986005567,-0.6712366877369225,0.0,0.0,0.0,sim
0.8424342702910874,0.7346588020522398,0.8114799593662911,0.9704812536712646,0.0,0.0,1.0,sim
0.7819747635309509,0.49680682092441153,0.5324157131712188,-0.48919645434348746,0.0,1.0,0.0,sim
0.872505705792866,0.8330476703000453,0.2589758283770225,-0.354710492397998,0.0,1.0,1.0,sim
0.7184897515391067,0.5034224101511242,0.8108449359537386,-0.09765270045920449,0.0,1.0,1.0,sim
0.36117194718968104,0.7729698906993228,0.3509689565789208,-0.4305535389149604,0.0,0.0,0.0,sim
0.35207868806410225,0.7815902098069982,0.8066776194131426,-0.41184424645906725,0.0,1.0,1.0,sim
0.42316714649662934,0.5564584413873482,0.2261878401706271,0.8261971083125534,0.0,0.0,0.0,sim
0.4361650286691884,0.3542784310526752,0.6991394439653102,-0.9722707828132586,0.0,1.0,1.0,sim
0.35828227066895846,0.29984817462257013,0.7917935353135501,-0.928098508375317,1.0,0.0,1.0,sim
0.5349637892666914,0.613157861568973,0.7826523685270668,0.06427905609424855,0.0,1.0,1.0,sim
0.7748470934002598,0.4450793516944757,0.5614166747076073,0.3559299348514535,0.0,0.0,1.0,sim
0.6221560134033556,0.5524403533498152,0.8457197951997282,-0.18983594273002846,0.0,1.0,1.0,sim
0.7214310877495869,0.3349582721452554,0.8508432543082944,0.3088887402471143,0.0,0.0,1.0,sim
0.7213355343167731,0.2801904496227421,0.3672316607687506,0.8018770732923708,0.0,1.0,0.0,sim
0.4993847750835088,0.578616254842484,0.7797888618804691,-0.6376568497471464,0.0,1.0,1.0,sim
0.3341064933235321,0.8799430820530965,0.717250017621865,-0.7709812538799559,0.0,1.0,1.0,sim
0.3917728279171673,0.7768468975289622,0.27669021254669174,-0.8119720423421055,1.0,0.0,0.0,sim
0.3688834683906017,0.4537304544380895,0.5658981381410622,0.753297825828559,0.0,1.0,0.0,sim
0.6158595636861434,0.3248851538960396,0.7068145680054974,-0.8300069018664853,0.0,1.0,1.0,sim
0.4612101424374118,0.7232653970695802,0.3000047858207224,0.9469357322279681,0.0,1.0,1.0,sim
0.27964787778442746,0.8812897729101654,0.5792173671229841,-0.5782430531244578,0.0,1.0,0.0,sim
0.45922254739767127,0.7739135673603736,0.4105112790301389,0.11206030074236661,0.0,1.0,0.0,sim
0.3473895731316612,0.6269550171055647,0.5847708604912074,-0.46956332549292634,1.0,0.0,1.0,sim
0.2708998286696801,0.5679273948311728,0.26758781047473,-0.49557480449399605,0.0,0.0,0.0,sim
0.7499501663830177,0.4307555267958417,0.5442865474976355,-0.14364273076435286,0.0,0.0,0.0,sim
0.42621836062090523,0.2542987988956637,0.3383719625721908,-0.6519577445266111,0.0,0.0,0.0,sim
0.5389814208044297,0.7794737001656253,0.2698447031294513,0.6743036120512729,0.0,0.0,0.0,sim
0.3349623606426309,0.6310040241410029,0.2776751382288323,-0.44400796046094704,0.0,0.0,0.0,sim
0.402498906519925,0.4868095432244711,0.6118165291402444,-0.787689701957347,1.0,0.0,0.0,sim
0.7383672070948668,0.784984377228763,0.3563400912487273,0.4042004185696142,0.0,0.0,0.0,sim
0.7421970749781672,0.33432302286178395,0.5503221868091677,-0.9373349238340174,0.0,1.0,1.0,sim
0.6819534703158441,0.38884981687068976,0.6056895570566914,0.2879311492155585,1.0,1.0,0.0,sim
0.5886033307259355,0.8377954015294813,0.6266474347148723,-0.591740658466972,0.0,1.0,1.0,sim
0.4584127513635799,0.7243990548965031,0.5833859516174147,-0.7364099707880631,0.0,1.0,1.0,sim
0.3331567227644347,0.5765879009639143,0.26688449198989533,0.8385729820012451,0.0,0.0,0.0,sim
0.5956969699013749,0.26894673988959833,0.7831798680477773,0.319318242376867,1.0,0.0,0.0,sim
0.8178163629985484,0.8465910756035484,0.713067866077302,0.48146234149935485,1.0,1.0,1.0,sim
0.3276177135750363,0.23785734047102813,0.5150646159679595,0.6163253195279905,0.0,0.0,0.0,sim
0.23625026925674567,0.6469393657039929,0.3706968904474291,-0.9889811415884526,0.0,0.0,0.0,sim
0.4052487846501732,0.2501707725979496,0.3823086238799813,-0.9870311657687838,0.0,0.0,1.0,sim
0.3326555239359163,0.6205721058553586,0.573059329560506,0.10076628861012171,0.0,1.0,0.0,sim
0.37633492211842373,0.7538474512523661,0.8055427317446124,0.7110904889626024,0.0,0.0,0.0,sim
0.6131375725033923,0.8499781235736545,0.8925866251873107,0.8738751079750384,0.0,1.0,1.0,sim
0.28884846861946106,0.7267516171815331,0.6905217298351256,-0.8852446399960792,1.0,0.0,1.0,sim
0.773941865344624,0.2865837192795234,0.6233213100857228,0.24272720022356342,0.0,1.0,1.0,sim
0.6372228177855233,0.8263214921010453,0.78631574037673,-0.8595144627116689,0.0,1.0,1.0,sim
0.6694211050655925,0.7730893162755201,0.8709318148353751,-0.14942192482980632,0.0,1.0,1.0,sim
0.814347232116369,0.72032710163429,0.2445023238341914,-0.4484050606882273,0.0,1.0,1.0,sim
0.7934846511126228,0.7044558980924316,0.5090546199323945,-0.5394219800247266,1.0,0.0,0.0,sim
0.6232236539290713,0.734173137249972,0.29071077827408026,-0.1414437259098824,1.0,1.0,0.0,sim
0.32409561160479083,0.6032430761528357,0.29051894616117496,0.3786914930308276,0.0,1.0,0.0,sim
0.4100230190412261,0.40036871553424347,0.8025674369143936,-0.834363003771089,0.0,0.0,1.0,sim
0.6571999623830995,0.6364048953551892,0.26314872748431134,0.15400712729904442,0.0,1.0,1.0,sim
0.2185751827614795,0.6355674580620868,0.8200387348462437,-0.7333071333593371,0.0,1.0,1.0,sim
0.4529349522099385,0.7037000550925379,0.5867170139207953,0.558726589456982,0.0,1.0,0.0,sim
0.6791654556879086,0.6417711395977346,0.7689713727990171,-0.20029372058534034,0.0,1.0,1.0,sim
0.5723445701898315,0.6304154470142503,0.8235027726324162,0.856230655361349,0.0,1.0,1.0,sim
0.2800355292667178,0.609463039131725,0.8604927644683416,-0.13952588117707365,0.0,1.0,0.0,sim
0.27706029917747027,0.8298814360549123,0.655474020148106,0.13115633492855205,1.0,0.0,0.0,sim
0.8122246997868137,0.5335637640760358,0.2698830509932911,-0.46749255133226475,0.0,1.0,1.0,sim
0.3583933166275288,0.755713032344351,0.8068807608075703,0.9951849321438893,1.0,1.0,1.0,sim
0.8570551319702961,0.23437755132707258,0.567302620782228,-0.20252963475519925,1.0,1.0,1.0,sim
0.41694380505110623,0.48132813828527643,0.8783115092724776,-0.8225473302593909,0.0,1.0,1.0,sim
0.3490789728229563,0.7715302376341671,0.26635648846447246,0.0024014074483198478,0.0,0.0,0.0,sim
0.5684853397916411,0.5103612026869502,0.7930605518884837,0.10147162578679225,1.0,0.0,0.0,sim
0.6149878675737472,0.7392024829638011,0.3869070438196345,-0.7706067221411719,0.0,1.0,0.0,sim
0.6266656824935649,0.7311506407275743,0.7868881075887171,0.3702524795971198,0.0,1.0,0.0,sim
0.4380864913886803,0.5590495672875136,0.5612713649666581,-0.5963380051919076,0.0,1.0,0.0,sim
0.4583591700810144,0.26058756755269463,0.6807363921991606,0.4285578778592256,0.0,1.0,0.0,sim
0.30882328121222496,0.8379466740260215,0.48447480798798215,-0.2824214299786223,0.0,0.0,1.0,sim
0.6368526073805204,0.5836272098592674,0.6189762309195688,-0.10787023485507952,0.0,0.0,1.0,sim
0.22310769100678107,0.8963362001110073,0.7355171269632099,-0.6175126615119753,0.0,0.0,1.0,sim
0.7237273508567035,0.27149863780676564,0.8553490358153879,-0.2763750654094881,0.0,1.0,1.0,sim
0.391819703001462,0.20756404691304148,0.4667508007831096,0.9121404144519745,0.0,0.0,1.0,sim
0.4125847747825083,0.7667870924233007,0.720930487768835,-0.14321458171419876,0.0,1.0,0.0,sim
0.4176255350814136,0.5904888468389722,0.752303371054514,0.7978624754739505,1.0,0.0,0.0,sim
0.5816348293530005,0.5276177146899652,0.7654423689987122,-0.672631252122758,0.0,1.0,1.0,sim
0.8361526574370317,0.40283727374308953,0.5662410403643124,0.40859638660725417,0.0,0.0,1.0,sim
0.7147664782490646,0.8928603195041678,0.5452897514637272,0.03429896605638283,0.0,1.0,1.0,sim
0.7839355826488092,0.651008523384935,0.7435433397610807,-0.8207934590957982,0.0,1.0,1.0,sim
0.21536379281565227,0.597802869117886,0.5325518539030956,-0.3119029631523129,0.0,1.0,0.0,sim
0.8278980366512239,0.3939270102806296,0.45694585128309234,0.5724430848037445,0.0,0.0,0.0,sim
0.23503963129633798,0.8184281155146156,0.6233430354604934,-0.7210371518308034,0.0,1.0,1.0,sim
0.5100992906208924,0.31239256972325535,0.6391559928814848,-0.6640962284167782,0.0,1.0,0.0,sim
0.4327286045020334,0.8527623497332628,0.4994444054741175,0.5213818310689928,0.0,1.0,1.0,sim
0.27358657479772475,0.8780423609705448,0.3549333721414209,-0.01333478452223269,0.0,1.0,0.0,sim
0.39028367474582637,0.6756931021074283,0.5165442268821263,-0.27664288176053686,0.0,0.0,0.0,sim
0.4581605889162131,0.3414861835092012,0.48248818511331104,-0.7753192397693607,0.0,1.0,1.0,sim
0.25562015185004394,0.3122346423807101,0.23067492460729075,-0.9107459135066092,0.0,0.0,1.0,sim
0.2806617793034659,0.30382105478659227,0.5585829452623372,-0.46426989482652914,0.0,0.0,0.0,sim
0.8146520913202777,0.5318545766796625,0.6698337605571952,0.012477972544428617,0.0,1.0,1.0,sim
0.31527045227725503,0.7480885332684981,0.22736179970454895,-0.649246170416522,0.0,0.0,0.0,sim
0.45175485835791707,0.28307337106434904,0.23543891139714407,-0.8535116834413989,0.0,1.0,0.0,sim
0.45052069314049237,0.24943840407479206,0.8686594630449558,0.7972726109381854,0.0,1.0,0.0,sim
0.5643448644643991,0.4044654580506417,0.49014968907196815,-0.6235863297403286,0.0,1.0,0.0,sim
0.23028823597032178,0.5677257289966742,0.4496652443520246,-0.09757235662025976,0.0,0.0,1.0,sim
0.6129352937472734,0.550694402121625,0.46176564697587535,-0.669793466355185,0.0,1.0,1.0,sim
0.48681987109775465,0.7953833051499959,0.5855837876534389,-0.3071295816672057,0.0,1.0,1.0,sim
0.8087577483263175,0.8505650389827013,0.8547675169600486,-0.7513834699668971,1.0,1.0,1.0,sim
0.3550205678845193,0.35437662435237716,0.43801968895626175,0.1993324015843254,0.0,1.0,1.0,sim
0.5205056942878757,0.7416542057522089,0.8547948381814356,0.8714037288808247,0.0,0.0,1.0,sim
0.8963406756214216,0.5848036287651235,0.410831490038012,-0.3823092071212988,0.0,0.0,1.0,sim
0.8020763509049247,0.8898414074265182,0.7902852887369511,-0.3039872163263102,1.0,1.0,0.0,sim
0.5218289914339709,0.7636672805584692,0.37138630784784377,0.09427142456626103,0.0,1.0,1.0,sim
0.5575292663894784,0.37365858392676654,0.5337955645638428,-0.6690107208211091,0.0,1.0,1.0,sim
0.36068302010469183,0.3176113666250608,0.5486541901457014,0.7172261654036831,0.0,1.0,0.0,sim
0.5415578639383637,0.521187458930579,0.2567759456135475,0.2659389532101255,0.0,0.0,0.0,sim
0.39025715525989196,0.29964274742350394,0.4154175714215286,-0.30983797598739815,0.0,1.0,1.0,sim
0.2991643202966431,0.6426247826217597,0.5074085697724425,0.9027267484088641,0.0,0.0,0.0,sim
0.2623722862006221,0.7755149980334053,0.6259406182665095,-0.3182356621625748,0.0,1.0,1.0,sim
0.42322450252406574,0.4050306833478171,0.49237366192987425,-0.37512455050293414,0.0,0.0,0.0,sim
0.3523461169859591,0.43147627095522934,0.7925959537327929,-0.7318917369415203,0.0,1.0,0.0,sim
0.894763825560736,0.5781401673782084,0.3006397657632856,-0.8005211770117207,0.0,1.0,1.0,sim
0.25321447033853844,0.8918774477307496,0.2926475211539788,0.7418881632130327,0.0,0.0,0.0,sim
0.42131449597382675,0.2641032305285824,0.35978845190010944,0.956316041075036,0.0,0.0,0.0,sim
0.8665536100432325,0.8998118910077297,0.5950287260381173,0.5833562471513596,0.0,1.0,1.0,sim
0.649481287997338,0.32648668580257423,0.2445224777722778,0.7704210431957543,0.0,0.0,0.0,sim
0.8496502088605211,0.23555878876974856,0.8769763918405091,-0.03622630527907034,0.0,1.0,1.0,sim
0.5192419604591222,0.7763208092533107,0.3327811385720918,0.0946179133184819,0.0,0.0,1.0,sim
0.5393675579699186,0.23630276750963206,0.5469112798738466,-0.4808333024213165,0.0,1.0,1.0,sim
0.3114057299584674,0.5886786643508386,0.745307768337566,0.38951706225687155,0.0,1.0,1.0,sim
0.646682706843515,0.44276700031853394,0.4601810369117143,0.026429111002491457,0.0,0.0,0.0,sim
0.7124509570418849,0.2946888719770237,0.21454089287249592,-0.025443765745154723,0.0,1.0,0.0,sim
0.6256195220254421,0.885745570766878,0.30983357366898956,0.10137821101985334,0.0,1.0,1.0,sim
0.544889199806636,0.6611153907910983,0.4110479240441054,-0.8455454927120629,0.0,1.0,1.0,sim
0.5407042708462153,0.5971914415017645,0.39131747529742106,-0.8837909667161035,0.0,0.0,0.0,sim
0.35184273684815526,0.828933971336772,0.28653683125112844,-0.8809789253146048,0.0,0.0,0.0,sim
0.2675211558103797,0.8167486222570572,0.2997439985136865,0.5709854479361216,0.0,0.0,0.0,sim
0.8710760132322952,0.35715790928956515,0.3896047334112429,0.114345061255273,0.0,1.0,0.0,sim
0.4134866160760404,0.37944873413643343,0.29036729764646463,0.32637785206837044,0.0,0.0,0.0,sim
0.6103797826297064,0.3191453778278445,0.6326892126333284,-0.3469816071141738,0.0,1.0,0.0,sim
0.7227073364295089,0.3189860532673204,0.56318417588841,-0.6498258922371571,0.0,1.0,0.0,sim
0.8738442443734331,0.23108370750510784,0.33168011914965007,-0.7075616775790416,0.0,0.0,1.0,sim
0.48074127535518546,0.37235270149837874,0.6997234513608857,-0.9556898435542454,0.0,1.0,1.0,sim
0.4295112753501402,0.5635862997759808,0.45418852611251087,0.22788706817777427,0.0,1.0,1.0,sim
0.34864975233716133,0.2070482507161944,0.2378822760296128,-0.48505036009076674,0.0,0.0,1.0,sim
0.2990307049175107,0.6235310061500159,0.4947569177632835,-0.46301009308102503,0.0,1.0,1.0,sim
0.7497358138776717,0.43572768273786744,0.7480635815617642,0.4291214080615957,0.0,1.0,1.0,sim
0.6561858471715627,0.8947871050776326,0.3079374076407689,0.23734954273855347,0.0,0.0,1.0,sim
0.5942923466815719,0.6283865540509739,0.2417599483583088,0.05747876880822278,0.0,0.0,0.0,sim
0.8510060029565174,0.8968443387883815,0.40363608822037406,-0.4789853012452372,0.0,1.0,1.0,sim
0.24842998673420816,0.3210564775844934,0.7914325660668784,0.02594224678129753,0.0,0.0,1.0,sim
0.6519295594082858,0.4101934254458558,0.37082508178797186,-0.2543330392179237,0.0,1.0,0.0,sim
0.2088082630827625,0.2385118693881485,0.5476341529935256,-0.9996606263925578,0.0,1.0,0.0,sim
0.5286833785600134,0.5783775353905518,0.8013924723679628,-0.6012478337779645,0.0,1.0,1.0,sim
0.5495189053147307,0.6267736117333409,0.5076982595157902,-0.7003496219899219,0.0,0.0,1.0,sim
0.21931865592179367,0.6890973094724524,0.6194091868605398,0.6065280831039725,0.0,0.0,1.0,sim
0.6258195817809525,0.6384590774617389,0.24116934297058457,-0.35891469194470416,1.0,0.0,0.0,sim
0.488795035805837,0.27675324037318605,0.7722289339315727,-0.16330742638342355,0.0,1.0,1.0,sim
0.31504509071663883,0.4530922060018326,0.5541314812581506,-0.8770519970801716,1.0,0.0,0.0,sim
0.20964215472323183,0.39912803396933794,0.8894887793554165,-0.9342933114944563,0.0,1.0,0.0,sim
0.6568002884404458,0.7093474998060085,0.6251387088540613,-0.22950599284493367,0.0,1.0,0.0,sim
0.36393423126417257,0.33467214763930075,0.576003024593465,-0.7652989939455694,0.0,0.0,0.0,sim
0.8311967171703085,0.7700026941180198,0.7512285793849016,-0.4734075168887413,0.0,1.0,0.0,sim
0.6612385664668214,0.4626287040606589,0.7302946599971345,0.9140523256018869,0.0,1.0,1.0,sim
0.649910009432809,0.5692895575939554,0.8508576441191551,0.13969707397730713,0.0,0.0,1.0,sim
0.22330354667540198,0.30148060185014824,0.46007799526508925,-0.76882349487592,0.0,0.0,0.0,sim
0.21945826356855713,0.44146876638881505,0.29660281495494156,-0.9456542894093412,0.0,0.0,1.0,sim
0.6997087887983984,0.4020947994886801,0.2735054926435559,-0.8823402812970791,0.0,1.0,1.0,sim
0.8750205014566141,0.702838440594129,0.30245966209609587,-0.26550069915026153,0.0,0.0,1.0,sim
0.8707394051862967,0.21132159629650632,0.7346791806100028,0.9571720462548958,0.0,1.0,1.0,sim
0.6088291241678374,0.5388446652586505,0.23003442801421525,-0.46907150731559955,0.0,1.0,1.0,sim
0.33880015787045686,0.389320261931584,0.6360574863858748,-0.6922625773725537,0.0,1.0,1.0,sim
0.8251391090250006,0.8245048938383253,0.3938478336537184,0.49463784889955753,0.0,1.0,0.0,sim
0.23582053026123817,0.6795848907054599,0.5634802966562297,-0.6348312591621068,0.0,1.0,1.0,sim
0.26897492650362914,0.2945672716743417,0.8290956347552143,0.9052037192257938,0.0,0.0,0.0,sim
0.8531397590954466,0.8458598655082734,0.650495140144157,0.3822437487661794,0.0,1.0,1.0,sim
0.5434406123014635,0.5045383394339313,0.8437370547892415,-0.3508104318375149,0.0,1.0,0.0,sim
0.8307798532866189,0.8187631389627554,0.8008624764386902,0.6357383421669038,1.0,1.0,1.0,sim
0.846594137400261,0.833196637216018,0.22919394128953602,0.9197202624606906,0.0,1.0,0.0,sim
0.22900350417203724,0.7751717270225948,0.31353941056410856,0.37296199128066454,0.0,1.0,0.0,sim
0.34801333481892643,0.4346583336013776,0.39466612632138653,0.6969163050899878,0.0,0.0,1.0,sim
0.21123231338533358,0.4189964922348778,0.7884425288680457,0.548560214650972,0.0,1.0,1.0,sim
0.3283695938724348,0.34317788853166914,0.37142218450307585,-0.49207730215542633,0.0,0.0,0.0,sim
0.22442517462902234,0.27599696985311806,0.7351053783305943,-0.6788114519813304,0.0,0.0,1.0,sim
0.7375777520758449,0.35802623563023483,0.6403695297463086,0.9904935548829876,0.0,1.0,0.0,sim
0.2310744824756167,0.36584100534944064,0.43255402650706465,-0.669145946758068,0.0,1.0,0.0,sim
0.39842198695736575,0.6351475566905174,0.6473035600341883,-0.770780567243962,1.0,0.0,0.0,sim
0.7837847352998955,0.798347146397393,0.2408884117833306,0.8309708227019028,0.0,1.0,1.0,sim
0.6010223914933489,0.6335222019669655,0.8903463615041525,0.08009020628536634,0.0,0.0,0.0,sim
0.47058485046245324,0.7726354493431988,0.5676118825368458,-0.07969070298374792,0.0,0.0,1.0,sim
0.8958319728898532,0.6813403186160236,0.24066877778282175,0.47643515400028047,0.0,0.0,1.0,sim
0.6102475458664037,0.6762557534281713,0.44004520015394644,0.5121581035940252,0.0,0.0,1.0,sim
0.8310989689806849,0.6293533681583077,0.45449927204651097,0.9893458574980496,0.0,0.0,0.0,sim
0.6282721598581016,0.5298411959245473,0.2204895939847921,-0.4220571285884409,0.0,1.0,1.0,sim
0.6079567358632216,0.24233336605772682,0.47720703731924763,-0.41218385881260544,0.0,1.0,0.0,sim
0.8282576803378234,0.6000393121649115,0.8284646835083986,0.061322129053320795,0.0,1.0,1.0,sim
0.6162218033183199,0.27025775839182276,0.4717663914070792,0.6537906690695465,0.0,0.0,1.0,sim
0.4889283689126104,0.23501756531423476,0.5062700857108962,-0.9968949273606487,1.0,0.0,0.0,sim
0.21146098358529283,0.2679637703118077,0.25087836355877075,0.9507910501388814,0.0,0.0,0.0,sim
0.8590202909942759,0.4660764601718782,0.5978461434437154,-0.29957809944461067,0.0,1.0,1.0,sim
0.559821087750902,0.24449478901384933,0.8460043778568176,-0.9894778831458313,0.0,0.0,1.0,sim
0.2306427708987262,0.47310860630397616,0.20479625287269687,0.8805012534624261,0.0,0.0,0.0,sim
0.7748701894092813,0.8430135938846914,0.52438389273991,-0.7500395079615685,0.0,1.0,1.0,sim
0.7562291974277948,0.4878459863169333,0.2190035657019816,-0.0004584534140152918,0.0,1.0,0.0,sim
0.6572169953532814,0.37611066873440246,0.23150155357537075,0.4671470501174986,0.0,1.0,0.0,sim
0.8932229796940274,0.48808183801217503,0.5595232740733278,0.8774616823375889,0.0,1.0,0.0,sim
0.6636887931034712,0.2462080171259306,0.4969758416110444,0.4390499469358402,0.0,1.0,0.0,sim
0.35111151646455496,0.42260135245214175,0.6251829296260671,-0.16794611391018277,0.0,0.0,0.0,sim
0.4598802586689107,0.3989804676211246,0.4568571977514615,-0.1870080439225008,0.0,0.0,1.0,sim
0.5587068596803608,0.22965580136012315,0.5662168336042148,-0.5194965757667767,1.0,0.0,0.0,sim
0.612414503295714,0.20065057482953433,0.7782418810635738,-0.11197497030699033,0.0,1.0,0.0,sim
0.6414898085291156,0.44258501453942456,0.42202370210526674,0.26445091713436986,0.0,0.0,1.0,sim
0.5019390031763162,0.5742872598190929,0.2304547624560003,-0.6380236782495359,0.0,1.0,0.0,sim
0.4311945718708533,0.8303492923612534,0.789457054115285,-0.4600895603890629,0.0,1.0,1.0,sim
0.4528443974434736,0.5684990578891584,0.494330934705971,0.862904245083931,0.0,0.0,0.0,sim
0.804970377212078,0.6203583886011169,0.20994168491192997,0.7194237114238715,0.0,0.0,0.0,sim
0.4530709058931599,0.4065052272523303,0.2005901856036092,0.4967380492877058,1.0,0.0,0.0,sim
0.551723736203741,0.7505545660217778,0.6647181762273437,-0.9804274895743348,0.0,1.0,0.0,sim
0.20532897536927827,0.5872218058667038,0.8687489637214203,0.9122254712602393,0.0,1.0,0.0,sim
0.7852894692448655,0.7204959876483716,0.5423853954543145,-0.0886858663288086,1.0,1.0,1.0,sim
0.6967919940674566,0.7134649005322817,0.6660163362479181,-0.417889461255913,0.0,1.0,1.0,sim
0.43893653419955947,0.44969312688028773,0.8373814134218447,0.3033646895708435,1.0,0.0,0.0,sim
0.2210386928684692,0.32908934050774546,0.3719016487352512,-0.4797911833364119,0.0,1.0,0.0,sim
0.5059262800169508,0.7315666989042575,0.35611666272925646,0.8967379668175333,0.0,1.0,0.0,sim
0.2157701038885508,0.22172511075600934,0.2833337216449629,0.14218341055653538,0.0,0.0,1.0,sim
0.7314170464512046,0.517053121341494,0.5836844735779849,-0.29528391044319346,0.0,1.0,0.0,sim
0.4717234542054566,0.6921810371555126,0.4263837979268439,-0.9520577762546096,0.0,1.0,1.0,sim
0.713555612927584,0.8906815594913235,0.33576405478131865,0.6966837616105843,0.0,0.0,1.0,sim
0.5285760695626065,0.6933664441057619,0.3202179960467311,-0.87390639160177,0.0,1.0,1.0,sim
0.7739511472970779,0.8455184952293266,0.6369758623752861,0.2899852100822127,1.0,1.0,0.0,sim
0.45760905116367934,0.3880415826328423,0.5487471218904043,0.6390754820944533,0.0,0.0,0.0,sim
0.7046470542152776,0.3316619892430194,0.4978133760434655,-0.8237387197061314,0.0,0.0,0.0,sim
0.8892700730259624,0.23796471343258938,0.7764640799118327,-0.4521195104709963,0.0,0.0,1.0,sim
0.7814622867287597,0.3391102787941155,0.5400320690047364,-0.9384431832648443,0.0,1.0,1.0,sim
0.8674210194319567,0.37578275348640594,0.32183578149521114,0.13061321354677036,0.0,1.0,1.0,sim
0.4841225184954235,0.5469358286766899,0.5315816896462247,0.302077808214817,0.0,0.0,0.0,sim
0.7659124953254677,0.5628361174883842,0.5510314405078577,-0.13271778780137833,1.0,0.0,0.0,sim
0.7046166018772584,0.5307290008154685,0.3720198967089779,-0.45938953460029075,0.0,1.0,0.0,sim
0.6961825704267842,0.8848705000114399,0.8649753205200656,0.37548259888376845,0.0,1.0,1.0,sim
0.29882651082467704,0.8596833734672982,0.7783671302225839,-0.6703368637074238,0.0,1.0,1.0,sim
0.39174215633140874,0.709740991604483,0.5766179626924747,0.410232719160446,0.0,1.0,0.0,sim
0.5769179249868986,0.26407274877294923,0.7199031675349796,0.7579496459096038,1.0,1.0,0.0,sim
0.8611842774905134,0.8160278330206061,0.2829413569890504,0.18763614830216846,0.0,0.0,0.0,sim
0.3824329697409727,0.6083420551563672,0.21925650945832093,-0.31078092269595414,0.0,1.0,0.0,sim
0.6546613303745448,0.7965410415909453,0.7865272450014085,-0.016044298988972194,0.0,1.0,1.0,sim
0.28549513710377905,0.5644722489717084,0.6546646021194594,-0.24315175310388581,0.0,0.0,0.0,sim
0.6637068329945306,0.62704723875163,0.5078125223240553,0.40264537887349694,0.0,0.0,0.0,sim
0.851143181076023,0.232990036336635,0.3296804144085267,0.25036448016319723,0.0,0.0,0.0,sim
0.6586738810142094,0.5133555423237915,0.6050710251310945,-0.6153539391987304,0.0,1.0,1.0,sim
0.2553242837303471,0.6012582578450136,0.4219674791263727,-0.4596631111159941,1.0,0.0,0.0,sim
0.7634354613171093,0.46914429225600673,0.48057427189912216,0.8740738599402778,0.0,1.0,0.0,sim
0.520407759136126,0.6471722486456695,0.5448905130576427,-0.5148925073256709,0.0,1.0,0.0,sim
0.44442483864314636,0.28005818434827173,0.3960113864780227,-0.8930193918276945,0.0,0.0,0.0,sim
0.5102701262772089,0.8668615696879043,0.3526617286376119,-0.7088327773681171,0.0,0.0,1.0,sim
0.6241463124825526,0.8989727999446322,0.2828827990425177,0.9722425519644919,0.0,1.0,0.0,sim
0.7046146757545377,0.3607222444411397,0.5246261571851905,0.280029431631416,0.0,0.0,1.0,sim
0.7324112117261075,0.28223373051441086,0.6770717437048612,-0.3457647051820807,0.0,0.0,1.0,sim
0.2211500029689045,0.8924625395316785,0.3674855999594022,0.9478903183002878,0.0,0.0,0.0,sim
0.23961133399045115,0.721035216143554,0.7653233706584244,-0.26387702604510155,1.0,1.0,1.0,sim
0.3463406897808201,0.7508197100458316,0.6420267112546585,-0.9629727302485414,1.0,1.0,0.0,sim
0.8881033611208748,0.5419741402007673,0.816494565830509,-0.7705440498444438,1.0,0.0,1.0,sim
0.7368321388892276,0.2670276724417481,0.5808546047700991,-0.05369072528385166,0.0,1.0,1.0,sim
0.8974877015627272,0.3393657251600091,0.4796420398274354,-0.9801045200432856,0.0,0.0,1.0,sim
0.8379962573719582,0.6480135966663445,0.2255157352029109,-0.09571815654647553,1.0,0.0,1.0,sim
0.8016690637830255,0.4269196608103728,0.6857661372602317,-0.5676632758546913,0.0,1.0,0.0,sim
0.31602344533534593,0.8645207935470467,0.3979750156746993,0.46356763594596107,0.0,0.0,1.0,sim
0.30952549189862855,0.34048746575240807,0.7559816030340472,0.9626884321390898,0.0,0.0,1.0,sim
0.8661247461390265,0.8132343685659358,0.8318505655854407,0.2744047018202933,0.0,1.0,1.0,sim
0.3971567340493911,0.6532636160281571,0.39081382589817915,0.3670906130165461,0.0,1.0,0.0,sim
0.746323312617782,0.49228448388584745,0.7763707652576601,-0.7026578206594838,0.0,1.0,1.0,sim
0.453031571618752,0.4560041495170571,0.6771338379665777,0.6553102886917206,0.0,0.0,1.0,sim
0.3670204231838219,0.5342325020382692,0.3274330604239191,-0.8177683387326593,0.0,0.0,1.0,sim
0.4373508830383217,0.2914163892425503,0.7089015663132163,0.5437272876924055,0.0,1.0,0.0,sim
0.6908563546058479,0.40339012222015136,0.48803681240812424,0.23044013826479404,0.0,1.0,1.0,sim
0.6562179004302886,0.6690926037368699,0.5939919148618482,-0.830007228105871,0.0,1.0,1.0,sim
0.802913736425241,0.7340442091211621,0.8438750240460398,-0.8072876065013985,0.0,1.0,1.0,sim
0.22946712877738248,0.4004648591883586,0.6242681878677971,-0.9995882236515314,0.0,1.0,1.0,sim
0.45268413699898674,0.8671158928427072,0.8430419054805416,0.5411832696777659,0.0,1.0,0.0,sim
0.2783582932467519,0.36915685638713175,0.5970977650796713,0.2852695280312081,0.0,1.0,0.0,sim
0.6349985819349742,0.4880797748294858,0.23186164386553607,0.975647320481541,0.0,1.0,1.0,sim
0.4354640977265185,0.3914424175719734,0.8825281796225131,-0.07490131983045267,0.0,1.0,1.0,sim
0.8410822555345756,0.8622557106850908,0.48357409459275913,0.44169260052179316,0.0,0.0,0.0,sim
0.8018193264007214,0.323417640306656,0.6213133340213497,0.5098797886607775,0.0,1.0,0.0,sim
0.48937060636233437,0.6351222327381014,0.8786404831231072,0.5724248910848302,0.0,1.0,1.0,sim
0.607575614263062,0.522112926118434,0.6904640909315747,0.9749253416149142,0.0,1.0,0.0,sim
0.7719525541677847,0.5919338399202172,0.580299425422756,-0.44269564754941126,0.0,1.0,1.0,sim
0.7669388882468284,0.8742444120267296,0.2634412134634503,0.1619455352639616,0.0,0.0,0.0,sim
0.2432886240489947,0.2134827656454455,0.7410447030737373,0.9078483373565913,0.0,1.0,0.0,sim
0.800648411869924,0.4257426510699557,0.4344195929708553,0.982254944575506,0.0,1.0,1.0,sim
0.6934931486973985,0.6220550113884176,0.612751178483363,0.556098441651806,1.0,1.0,0.0,sim
0.5347526486311853,0.7638781456554677,0.8410726661586061,0.9728479627301068,0.0,1.0,0.0,sim
0.6037814216657068,0.6809754353618376,0.8831492483607044,0.6054703974284787,0.0,1.0,1.0,sim
0.5114092720163919,0.8756444709526285,0.7268457860131046,0.8990253558903376,0.0,1.0,0.0,sim
0.23321951394096235,0.6168974729639449,0.7995338458267225,0.03001288285452519,0.0,1.0,1.0,sim
0.3410621037343988,0.39078875985436584,0.7284347798355475,-0.8873804617852568,0.0,1.0,1.0,sim
0.8385390899294365,0.3530427630244092,0.6070284594106549,0.9634707688667239,0.0,1.0,1.0,sim
0.811620928204446,0.34719466943961985,0.5689745985850336,-0.7936620805357171,0.0,0.0,1.0,sim
0.8055570693592147,0.8627362768219975,0.22249538222983586,-0.006109088761414805,0.0,0.0,1.0,sim
0.24309874330921516,0.4670598507032587,0.8719178764562441,0.42629750487655493,0.0,1.0,0.0,sim
0.7537251387150072,0.5441646914002637,0.6952107186359082,0.6183857349112469,0.0,1.0,0.0,sim
0.4826938854842948,0.2837086000762645,0.3987779365731107,-0.8124952409869968,0.0,0.0,1.0,sim
0.7603956419540772,0.36123781475156647,0.5937802693365188,-0.6975292035536351,0.0,1.0,1.0,sim
0.3407608595304771,0.7954709965588209,0.48714097496100006,-0.39312142040011144,0.0,0.0,1.0,sim
0.3464479889922507,0.2705368070993903,0.7729823588002931,-0.2793025015144832,0.0,0.0,1.0,sim
0.2554098730334457,0.8872084825918674,0.2389061669986647,0.303911606950763,0.0,0.0,1.0,sim
0.28471798602754494,0.795875558649217,0.6445636296241228,-0.7005243423362806,0.0,0.0,0.0,sim
0.8417579475850778,0.4156144877346456,0.3029502229981602,0.0671364910878276,0.0,1.0,1.0,sim
0.7436201013610082,0.8279710496811339,0.3353945873008252,-0.776766613701144,0.0,0.0,1.0,sim
0.8185579901401068,0.6921273597114547,0.36322428938595686,-0.6952745729722436,0.0,0.0,0.0,sim
0.8143568579132514,0.8666974522509756,0.6151318266933701,-0.06187184740810103,0.0,0.0,1.0,sim
0.8284432489084976,0.41445878416755383,0.8602034489643109,-0.2705683772076408,0.0,1.0,1.0,sim
0.8178862058250738,0.6538007801214696,0.7855559687036278,0.1792000863337191,0.0,0.0,1.0,sim
0.7631542451242559,0.3971743782555668,0.7133779442209855,-0.17832344953066848,0.0,1.0,1.0,sim
0.2571771671780553,0.8741370534288289,0.6330274311976901,-0.1264918742449732,0.0,0.0,1.0,sim
0.6819032123507538,0.3406377248078097,0.47440240284029717,0.31293201895250555,0.0,1.0,0.0,sim
0.708682188676236,0.6514884881882286,0.8442940716888918,0.3245919110966753,0.0,1.0,0.0,sim
0.3677018662557613,0.5869927041247418,0.752788510794179,-0.03403655905938807,0.0,1.0,1.0,sim
0.38049766159385884,0.348467745669231,0.343152506134251,-0.5356005831095152,1.0,0.0,0.0,sim
0.8704331436853752,0.6877510954690453,0.4776679081244991,0.8923013197024878,0.0,1.0,1.0,sim
0.20422112905275122,0.5118432246910121,0.27637074515788196,0.8359690497798922,1.0,0.0,0.0,sim
0.7026177638891833,0.8599375721948419,0.6994549502910063,0.7689049555983822,0.0,0.0,1.0,sim
0.5973984245890087,0.5454870731616297,0.7577295290243335,-0.20510441147272407,0.0,1.0,1.0,sim
0.8807576301945712,0.519690552119358,0.3050221880555681,-0.8319896828082909,0.0,1.0,0.0,sim
0.8436570209219987,0.6914719450198115,0.39079862085823064,-0.45424344541054795,0.0,0.0,1.0,sim
0.7069317740344381,0.43089875196061544,0.27037233085919815,-0.938198790618106,0.0,1.0,0.0,sim
0.4099471421532572,0.7853452703130832,0.8944379313494704,0.03185984145695797,0.0,0.0,1.0,sim
0.2689401611608818,0.7352655282903706,0.6647445926873516,0.508255911673404,0.0,0.0,1.0,sim
0.24346804214815151,0.7745311971539723,0.4265017317112918,-0.6254975671132759,0.0,1.0,0.0,sim
0.6286382784238312,0.5079294140026966,0.44344954726344765,-0.7331365691400125,0.0,1.0,1.0,sim
0.8196630528819411,0.40736164615718345,0.6638894986164183,0.7451062698266953,0.0,1.0,0.0,sim
0.3741536190126655,0.8981815542998828,0.38424779677836196,-0.41970343594150905,0.0,0.0,0.0,sim
0.2946344974852421,0.7089693162462489,0.5403204174350118,0.435596013884354,0.0,0.0,0.0,sim
0.3011854996429022,0.8322544671116601,0.7191774336743602,-0.021514395908285966,0.0,1.0,1.0,sim
0.4432621323832322,0.38575653348031086,0.3029171807638285,0.6987043367074666,0.0,0.0,0.0,sim
0.6470699639598096,0.26004822871482536,0.32942040296583797,-0.26099648542794296,0.0,0.0,0.0,sim
0.8009833238811215,0.5764191904267517,0.6734815756995063,0.4617377905397717,0.0,1.0,0.0,sim
0.7141837967449549,0.2509969162860061,0.760246575953158,-0.48365060858092157,0.0,1.0,1.0,sim
0.6874902551120116,0.4796456671025029,0.516053570951681,0.19714299929794765,1.0,0.0,0.0,sim
0.4558709422401279,0.6783558619789144,0.25651205968489194,-0.409398876366468,0.0,0.0,0.0,sim
0.5089286781225109,0.6019926102307591,0.5709391029248112,0.9576174113446165,0.0,1.0,1.0,sim
0.2743158454292929,0.5738763135050539,0.6142676085609601,0.6138990661001515,0.0,1.0,0.0,sim
0.6424390097192543,0.28143917143094677,0.7928065679747223,-0.15885099095384114,0.0,0.0,1.0,sim
0.8493311836431925,0.6788698405620777,0.8336970517545421,-0.9023422306022519,0.0,1.0,1.0,sim
0.44903469068989865,0.38703663614534917,0.38826661377143135,-0.4007766056114912,0.0,0.0,1.0,sim
0.7004173066914754,0.34545185726457406,0.5234977309577117,0.7977616709693678,0.0,1.0,0.0,sim
0.52579115534885,0.34266628501329444,0.24287559392267757,-0.6436780089406886,0.0,0.0,0.0,sim
0.7730718857683518,0.5778187044679246,0.8575613638348334,0.6111083088862093,0.0,0.0,0.0,sim
0.6793666946350194,0.6557757314941166,0.6157011274520618,-0.24576663808038646,0.0,0.0,1.0,sim
0.5637035824975913,0.6343316876400007,0.34586411101315745,-0.7637638658237507,0.0,1.0,0.0,sim
0.8755164042536234,0.3468092585534907,0.3541901671087149,-0.1124671029201536,0.0,1.0,0.0,sim
0.20022670261307257,0.7162634027061745,0.6512285424988284,0.1522750791527956,0.0,0.0,0.0,sim
0.7919253351230169,0.7790750622018257,0.21782889589232476,-0.46159113879305247,0.0,0.0,1.0,sim
0.8226773372127214,0.22835517659294105,0.6801717556680396,-0.36174637391328157,0.0,1.0,1.0,sim
0.5750619544184286,0.22838730783704717,0.40527322480151373,-0.6603327123574463,0.0,0.0,0.0,sim
0.35803554522833714,0.6234338218626693,0.7425592823156724,-0.8936436369668492,0.0,0.0,1.0,sim
0.38404782587955766,0.3917962830627533,0.8162715372382188,0.8424517210622877,0.0,0.0,0.0,sim
0.7114714954922037,0.7209742556427683,0.3477189993904616,-0.12078757356811587,0.0,1.0,1.0,sim
0.6338936705233673,0.4267900800605269,0.6579783037666684,-0.5807364037733844,0.0,0.0,1.0,sim
0.8161091875975348,0.2801542128458809,0.8058387669756086,0.4843917518964518,0.0,1.0,1.0,sim
0.2718607220908411,0.26772363326689297,0.24728134782240388,0.3008325299479828,0.0,0.0,0.0,sim
0.7831783444377982,0.4062800722512147,0.8471269501352223,-0.5997037624927597,0.0,0.0,1.0,sim
0.553869492544121,0.8527235676606209,0.34471275261054213,-0.2923716040998039,0.0,1.0,1.0,sim
0.8802615431438314,0.7186159765433395,0.3345995551806058,-0.18355212582987246,1.0,0.0,0.0,sim
0.2647461653063463,0.7080771217468873,0.7897728958331327,0.5607404366006743,0.0,1.0,0.0,sim
0.7656687383922529,0.4945202524684498,0.5312838829508817,0.8015045516107626,0.0,0.0,0.0,sim
0.8375056512883154,0.6579811968298499,0.7997861198300238,-0.9762895117494135,1.0,1.0,1.0,sim
0.6070067643297787,0.6684959746687105,0.5490683850534748,0.806558623710933,0.0,0.0,1.0,sim
0.31392490285389774,0.6755055740499518,0.3849935034327473,0.03645655878941367,1.0,0.0,0.0,sim
0.8812444778785695,0.8222279258141154,0.6860289576200211,0.2425158375674692,0.0,1.0,1.0,sim
0.7526488831283076,0.2937676243834744,0.5446332991172267,-0.17780454141255375,1.0,0.0,0.0,sim
0.7332630191804188,0.270109436040858,0.21879618198448653,0.8109367740778384,0.0,0.0,0.0,sim
0.3842965399131033,0.23805968142561804,0.8688646729818987,0.24930308468240026,1.0,1.0,0.0,sim
0.4523234867754097,0.34537837965414125,0.5906704920952345,0.7230859161303116,0.0,1.0,1.0,sim
0.48617664020183804,0.6661915162429426,0.6669860539546635,0.8734436871756148,0.0,0.0,0.0,sim
0.3337533150018805,0.6246410459065875,0.6544892110834748,0.40022481170510016,0.0,0.0,0.0,sim
0.6216716285905208,0.7934687676683148,0.7344079931887793,-0.15012654796904745,0.0,1.0,0.0,sim
0.43984419475530223,0.5519097865953,0.25669643696555905,0.831980363570513,0.0,0.0,0.0,sim
0.8463907625938174,0.8817488344125766,0.34075205750843385,-0.29056106332370013,1.0,0.0,0.0,sim
0.4016590234312332,0.6955817120421055,0.331524185539323,-0.9877975575485651,0.0,0.0,1.0,sim
0.6286077575267457,0.4158540610072735,0.21534545852615325,-0.15570951749089001,1.0,0.0,0.0,sim
0.7103604298502395,0.48824242439713234,0.4362112273994379,-0.8279039425824812,0.0,1.0,0.0,sim
0.800977591362189,0.47466204264254663,0.5747554878840468,0.015404668276720601,1.0,0.0,1.0,sim
0.2588732263177631,0.5308943950724063,0.25882568372046744,0.6055555717086563,1.0,0.0,0.0,sim
0.2122301472372632,0.34459268044193414,0.6327911082967357,0.9609354717577725,1.0,0.0,1.0,sim
0.650740197430936,0.4517210669917712,0.33700346561275374,0.13423413805520235,0.0,0.0,0.0,sim
0.8447421728297657,0.5586803046668887,0.70811801889312,0.4404927864162034,0.0,0.0,1.0,sim
0.23393141144737212,0.46235201293811157,0.20489940162599543,0.7501761093330956,0.0,0.0,0.0,sim
0.7034071851315418,0.8737000938828887,0.8544258039096084,-0.25130213603454665,0.0,1.0,1.0,sim
0.26081656903390593,0.41105155518545494,0.20187134129587175,-0.8822817237454217,0.0,0.0,0.0,sim
0.7323014203584026,0.33966399666033037,0.25993515902813646,-0.5539513144008035,0.0,0.0,1.0,sim
0.7310757881746854,0.7806125325384929,0.7886466040423012,0.39927125409984465,0.0,1.0,1.0,sim
0.7202772501181669,0.37983211404390527,0.7776492950185563,0.42630412313155586,0.0,1.0,1.0,sim
0.2039201511248063,0.889193527065161,0.8934592991380725,-0.5955202721329351,0.0,0.0,1.0,sim
0.34316574925451054,0.21403596207158174,0.8130005534867668,-0.7258357168016101,1.0,0.0,1.0,sim
0.8957175346257036,0.8863389164480551,0.27174074173794527,-0.9505528450792577,0.0,0.0,1.0,sim
0.2459544645266681,0.4594910901975569,0.8239665795587805,-0.47732202755273123,0.0,0.0,1.0,sim
0.7688120369888016,0.886154330205702,0.33545821848797,-0.9499609812063665,0.0,1.0,0.0,sim
0.6941326300130912,0.3375103742315276,0.26309881196442286,0.3468574967420104,0.0,0.0,0.0,sim
0.8070526416839368,0.39482467222747736,0.7902348959476413,-0.16644283763781198,1.0,1.0,0.0,sim
0.8893524196613407,0.5204421923305907,0.2979937598693174,-0.5196809562355318,1.0,1.0,0.0,sim
0.353100294454592,0.8439799536059569,0.671512481482635,-0.5455496667377608,0.0,0.0,1.0,sim
0.8873317418196494,0.5850954634847199,0.45158817569342086,-0.28036089205314796,0.0,0.0,1.0,sim
0.5771533887118976,0.26380820575280706,0.6202430220240633,0.42813255340913603,1.0,0.0,0.0,sim
0.2036801010518346,0.8535097564340017,0.3142026673352203,0.6018038788452496,0.0,0.0,1.0,sim
0.8761895441476137,0.7039621365192377,0.7403444521292402,0.5542874649677054,0.0,1.0,1.0,sim
0.8078832194101673,0.22099881142011232,0.6095520939781113,0.7288963308088736,0.0,1.0,1.0,sim
0.6660887028554571,0.27559662189847745,0.7384359394381139,-0.664102972472421,0.0,0.0,1.0,sim
0.8234092354332758,0.5987550984082209,0.8021273279905716,-0.9087780811182768,0.0,1.0,1.0,sim
0.520558472639455,0.7080919848984346,0.8924959085223589,-0.443561675297407,0.0,1.0,1.0,sim
0.25823494064398356,0.24361287777073257,0.3737971725672477,0.17905289394170798,0.0,1.0,0.0,sim
0.44076023163095757,0.8639659307388858,0.8347954928931602,0.16917294484142387,0.0,0.0,0.0,sim
0.3434554293667774,0.7745991135046326,0.28957993485605193,-0.47833862895126655,0.0,1.0,1.0,sim
0.5276456254022088,0.28743129668953804,0.7650487891599498,-0.4597165029674741,0.0,0.0,0.0,sim
0.6377797441290476,0.8772844453459849,0.35978198835693365,-0.7880506514952061,0.0,1.0,1.0,sim
0.701068824217866,0.8749378395163019,0.3679184268373416,-0.5754272667685392,0.0,0.0,1.0,sim
0.5176263186269915,0.33749885056353196,0.3520224553049645,-0.582604140334845,0.0,1.0,0.0,sim
0.8790911646121637,0.3299477707858576,0.8321720444617335,0.08987052002546747,0.0,1.0,1.0,sim
0.8562081159814572,0.2561116016229476,0.8773217149396595,0.9067473847573921,0.0,0.0,1.0,sim
0.5230555164173403,0.7363196283044207,0.7140901487418065,0.31141034158640024,0.0,1.0,0.0,sim
0.7975130278587272,0.41352480651292745,0.27725069741009756,-0.28453190702424713,0.0,0.0,0.0,sim
0.34245803495298077,0.5404021563763419,0.38254262853300297,-0.8668372303963272,0.0,0.0,0.0,sim
0.21996101698965168,0.5906792691085045,0.8428967972691237,0.5860600161198388,1.0,0.0,0.0,sim
