event_id,month,dimension,passed,late,evidence
0-0-0,1,0,0.0,0,sim
0-0-1,1,0,1.0,0,sim
0-0-2,1,0,0.0,0,sim
0-0-3,1,0,1.0,0,sim
0-0-4,1,0,1.0,0,sim
0-0-5,1,0,0.0,0,sim
0-0-6,1,0,0.0,0,sim
0-0-7,1,0,0.0,0,sim
0-0-8,1,0,1.0,0,sim
0-0-9,1,0,1.0,0,sim
0-0-10,1,0,0.0,0,sim
0-0-11,1,0,0.0,0,sim
0-0-12,1,0,0.0,0,sim
0-0-13,1,0,0.0,0,sim
0-0-14,1,0,1.0,0,sim
0-0-15,1,0,1.0,0,sim
0-0-16,1,0,1.0,0,sim
0-0-17,1,0,1.0,0,sim
0-0-18,1,0,1.0,0,sim
0-0-19,1,0,0.0,0,sim
0-0-20,1,0,0.0,0,sim
0-0-21,1,0,1.0,0,sim
0-0-22,1,0,,0,sim
0-0-23,1,0,0.0,0,sim
0-0-24,1,0,0.0,0,sim
0-0-25,1,0,0.0,0,sim
0-0-26,1,0,0.0,0,sim
0-0-27,1,0,0.0,0,sim
0-0-28,1,0,,0,sim
0-0-29,1,0,0.0,0,sim
0-0-30,1,0,0.0,0,sim
0-0-31,1,0,0.0,0,sim
0-0-32,1,0,0.0,0,sim
0-0-33,1,0,0.0,0,sim
0-0-34,1,0,0.0,0,sim
0-0-35,1,0,0.0,0,sim
0-0-36,1,0,0.0,0,sim
0-0-37,1,0,1.0,0,sim
0-0-38,1,0,0.0,0,sim
0-0-39,1,0,0.0,0,sim
0-0-40,1,0,0.0,0,sim
0-0-41,1,0,1.0,0,sim
0-0-42,1,0,0.0,0,sim
0-0-43,1,0,0.0,0,sim
0-0-44,1,0,1.0,0,sim
0-0-45,1,0,0.0,0,sim
0-0-46,1,0,0.0,0,sim
0-0-47,1,0,1.0,0,sim
0-0-48,1,0,1.0,0,sim
0-0-49,1,0,0.0,0,sim
0-0-50,1,0,0.0,0,sim
0-0-51,1,0,0.0,0,sim
0-0-52,1,0,1.0,0,sim
0-0-53,1,0,0.0,0,sim
0-0-54,1,0,0.0,0,sim
0-0-55,1,0,1.0,0,sim
0-0-56,1,0,1.0,0,sim
0-0-57,1,0,1.0,0,sim
0-0-58,1,0,0.0,0,sim
0-0-59,1,0,0.0,0,sim
0-0-60,1,0,0.0,0,sim
0-0-61,1,0,0.0,0,sim
0-0-62,1,0,0.0,0,sim
0-0-63,1,0,1.0,0,sim
0-0-64,1,0,0.0,0,sim
0-0-65,1,0,,0,sim
0-0-66,1,0,0.0,0,sim
0-0-67,1,0,0.0,0,sim
0-0-68,1,0,0.0,0,sim
0-0-69,1,0,0.0,0,sim
0-0-70,1,0,0.0,0,sim
0-0-71,1,0,0.0,0,sim
0-0-72,1,0,,0,sim
0-0-73,1,0,1.0,0,sim
0-0-74,1,0,0.0,0,sim
0-0-75,1,0,0.0,0,sim
0-0-76,1,0,0.0,0,sim
0-0-77,1,0,0.0,0,sim
0-0-78,1,0,1.0,0,sim
0-0-79,1,0,1.0,0,sim
0-0-80,1,0,1.0,0,sim
0-0-81,1,0,0.0,0,sim
0-0-82,1,0,1.0,0,sim
0-0-83,1,0,0.0,0,sim
0-0-84,1,0,1.0,1,sim
0-0-85,1,0,0.0,0,sim
0-0-86,1,0,1.0,0,sim
0-0-87,1,0,1.0,0,sim
0-0-88,1,0,1.0,0,sim
0-0-89,1,0,0.0,0,sim
0-0-90,1,0,1.0,1,sim
0-0-91,1,0,1.0,0,sim
0-0-92,1,0,1.0,0,sim
0-0-93,1,0,1.0,0,sim
0-0-94,1,0,1.0,0,sim
0-0-95,1,0,0.0,0,sim
0-0-96,1,0,0.0,0,sim
0-0-97,1,0,1.0,0,sim
0-0-98,1,0,1.0,0,sim
0-0-99,1,0,0.0,0,sim
0-0-100,1,0,1.0,0,sim
0-0-101,1,0,0.0,0,sim
0-0-102,1,0,1.0,0,sim
0-0-103,1,0,1.0,0,sim
0-0-104,1,0,0.0,0,sim
0-0-105,1,0,1.0,0,sim
0-0-106,1,0,1.0,0,sim
0-0-107,1,0,0.0,0,sim
0-0-108,1,0,0.0,0,sim
0-0-109,1,0,0.0,1,sim
0-0-110,1,0,0.0,0,sim
0-0-111,1,0,0.0,0,sim
0-0-112,1,0,0.0,0,sim
0-0-113,1,0,0.0,0,sim
0-0-114,1,0,0.0,0,sim
0-0-115,1,0,1.0,0,sim
0-0-116,1,0,1.0,0,sim
0-0-117,1,0,1.0,0,sim
0-0-118,1,0,0.0,0,sim
0-0-119,1,0,1.0,0,sim
0-0-120,1,0,0.0,0,sim
0-0-121,1,0,0.0,0,sim
0-0-122,1,0,0.0,0,sim
0-0-123,1,0,1.0,0,sim
0-0-124,1,0,1.0,0,sim
0-0-125,1,0,1.0,0,sim
0-0-126,1,0,0.0,0,sim
0-0-127,1,0,0.0,0,sim
0-0-128,1,0,0.0,0,sim
0-0-129,1,0,0.0,0,sim
0-0-130,1,0,0.0,0,sim
0-0-131,1,0,1.0,0,sim
0-0-132,1,0,,0,sim
0-0-133,1,0,0.0,0,sim
0-0-134,1,0,,0,sim
0-0-135,1,0,1.0,0,sim
0-0-136,1,0,,0,sim
0-0-137,1,0,1.0,0,sim
0-0-138,1,0,0.0,0,sim
0-0-139,1,0,1.0,0,sim
0-0-140,1,0,1.0,0,sim
0-0-141,1,0,1.0,0,sim
0-0-142,1,0,0.0,0,sim
0-0-143,1,0,1.0,0,sim
0-0-144,1,0,0.0,0,sim
0-0-145,1,0,0.0,0,sim
0-0-146,1,0,0.0,0,sim
0-0-147,1,0,0.0,0,sim
0-0-148,1,0,0.0,0,sim
0-0-149,1,0,1.0,0,sim
0-0-150,1,0,0.0,0,sim
0-0-151,1,0,1.0,0,sim
0-0-152,1,0,1.0,0,sim
0-0-153,1,0,0.0,0,sim
0-0-154,1,0,1.0,1,sim
0-0-155,1,0,0.0,0,sim
0-0-156,1,0,1.0,0,sim
0-0-157,1,0,0.0,0,sim
0-0-158,1,0,0.0,0,sim
0-0-159,1,0,1.0,0,sim
0-0-160,1,0,,0,sim
0-0-161,1,0,1.0,0,sim
0-0-162,1,0,1.0,0,sim
0-0-163,1,0,0.0,0,sim
0-0-164,1,0,1.0,0,sim
0-0-165,1,0,1.0,0,sim
0-0-166,1,0,0.0,0,sim
0-0-167,1,0,0.0,0,sim
0-0-168,1,0,1.0,0,sim
0-0-169,1,0,0.0,0,sim
0-0-170,1,0,0.0,0,sim
0-0-171,1,0,0.0,0,sim
0-0-172,1,0,1.0,0,sim
0-0-173,1,0,1.0,0,sim
0-0-174,1,0,0.0,0,sim
0-0-175,1,0,0.0,0,sim
0-0-176,1,0,0.0,0,sim
0-0-177,1,0,1.0,0,sim
0-0-178,1,0,,0,sim
0-0-179,1,0,1.0,0,sim
0-0-180,1,0,0.0,0,sim
0-0-181,1,0,0.0,0,sim
0-0-182,1,0,1.0,0,sim
0-0-183,1,0,0.0,0,sim
0-0-184,1,0,0.0,0,sim
0-0-185,1,0,1.0,0,sim
0-0-186,1,0,1.0,0,sim
0-0-187,1,0,1.0,0,sim
0-0-188,1,0,0.0,0,sim
0-0-189,1,0,0.0,0,sim
0-0-190,1,0,0.0,0,sim
0-0-191,1,0,0.0,0,sim
0-0-192,1,0,0.0,0,sim
0-0-193,1,0,0.0,0,sim
0-0-194,1,0,0.0,0,sim
0-0-195,1,0,0.0,0,sim
0-0-196,1,0,0.0,0,sim
0-0-197,1,0,0.0,0,sim
0-0-198,1,0,1.0,0,sim
0-0-199,1,0,0.0,0,sim
0-0-200,1,0,1.0,0,sim
0-0-201,1,0,0.0,0,sim
0-0-202,1,0,1.0,0,sim
0-0-203,1,0,1.0,0,sim
0-0-204,1,0,0.0,0,sim
0-0-205,1,0,1.0,0,sim
0-0-206,1,0,0.0,0,sim
0-0-207,1,0,0.0,0,sim
0-0-208,1,0,1.0,0,sim
0-0-209,1,0,0.0,0,sim
0-0-210,1,0,0.0,0,sim
0-0-211,1,0,1.0,0,sim
0-0-212,1,0,0.0,0,sim
0-0-213,1,0,0.0,0,sim
0-0-214,1,0,0.0,0,sim
0-0-215,1,0,,0,sim
0-0-216,1,0,0.0,0,sim
0-0-217,1,0,1.0,0,sim
0-0-218,1,0,1.0,0,sim
0-0-219,1,0,0.0,0,sim
0-0-220,1,0,1.0,1,sim
0-0-221,1,0,0.0,0,sim
0-0-222,1,0,0.0,0,sim
0-0-223,1,0,1.0,0,sim
0-0-224,1,0,1.0,0,sim
0-0-225,1,0,0.0,0,sim
0-0-226,1,0,1.0,0,sim
0-0-227,1,0,0.0,0,sim
0-0-228,1,0,1.0,0,sim
0-0-229,1,0,0.0,0,sim
0-0-230,1,0,0.0,0,sim
0-0-231,1,0,1.0,0,sim
0-0-232,1,0,0.0,0,sim
0-0-233,1,0,0.0,0,sim
0-0-234,1,0,0.0,0,sim
0-0-235,1,0,1.0,0,sim
0-0-236,1,0,1.0,0,sim
0-0-237,1,0,1.0,0,sim
0-0-238,1,0,1.0,0,sim
0-0-239,1,0,1.0,0,sim
0-1-0,2,0,1.0,0,sim
0-1-1,2,0,0.0,0,sim
0-1-2,2,0,0.0,0,sim
0-1-3,2,0,1.0,0,sim
0-1-4,2,0,0.0,0,sim
0-1-5,2,0,0.0,0,sim
0-1-6,2,0,1.0,0,sim
0-1-7,2,0,0.0,0,sim
0-1-8,2,0,1.0,0,sim
0-1-9,2,0,1.0,0,sim
0-1-10,2,0,0.0,0,sim
0-1-11,2,0,1.0,0,sim
0-1-12,2,0,0.0,0,sim
0-1-13,2,0,0.0,0,sim
0-1-14,2,0,1.0,0,sim
0-1-15,2,0,1.0,0,sim
0-1-16,2,0,0.0,0,sim
0-1-17,2,0,0.0,0,sim
0-1-18,2,0,1.0,0,sim
0-1-19,2,0,0.0,0,sim
0-1-20,2,0,0.0,0,sim
0-1-21,2,0,0.0,0,sim
0-1-22,2,0,0.0,0,sim
0-1-23,2,0,1.0,0,sim
0-1-24,2,0,1.0,1,sim
0-1-25,2,0,0.0,0,sim
0-1-26,2,0,0.0,0,sim
0-1-27,2,0,1.0,0,sim
0-1-28,2,0,0.0,0,sim
0-1-29,2,0,0.0,0,sim
0-1-30,2,0,0.0,0,sim
0-1-31,2,0,0.0,0,sim
0-1-32,2,0,1.0,0,sim
0-1-33,2,0,1.0,0,sim
0-1-34,2,0,0.0,0,sim
0-1-35,2,0,0.0,0,sim
0-1-36,2,0,1.0,0,sim
0-1-37,2,0,0.0,0,sim
0-1-38,2,0,0.0,0,sim
0-1-39,2,0,0.0,0,sim
0-1-40,2,0,0.0,0,sim
0-1-41,2,0,0.0,0,sim
0-1-42,2,0,1.0,0,sim
0-1-43,2,0,1.0,0,sim
0-1-44,2,0,0.0,0,sim
0-1-45,2,0,0.0,0,sim
0-1-46,2,0,0.0,0,sim
0-1-47,2,0,0.0,0,sim
0-1-48,2,0,0.0,0,sim
0-1-49,2,0,0.0,0,sim
0-1-50,2,0,0.0,0,sim
0-1-51,2,0,1.0,0,sim
0-1-52,2,0,1.0,0,sim
0-1-53,2,0,1.0,0,sim
0-1-54,2,0,0.0,0,sim
0-1-55,2,0,0.0,0,sim
0-1-56,2,0,,0,sim
0-1-57,2,0,0.0,0,sim
0-1-58,2,0,,0,sim
0-1-59,2,0,1.0,0,sim
0-1-60,2,0,0.0,0,sim
0-1-61,2,0,0.0,0,sim
0-1-62,2,0,0.0,0,sim
0-1-63,2,0,0.0,0,sim
0-1-64,2,0,1.0,0,sim
0-1-65,2,0,1.0,0,sim
0-1-66,2,0,1.0,0,sim
0-1-67,2,0,0.0,0,sim
0-1-68,2,0,0.0,0,sim
0-1-69,2,0,0.0,0,sim
0-1-70,2,0,0.0,0,sim
0-1-71,2,0,0.0,0,sim
0-1-72,2,0,1.0,0,sim
0-1-73,2,0,1.0,0,sim
0-1-74,2,0,0.0,0,sim
0-1-75,2,0,1.0,0,sim
0-1-76,2,0,0.0,0,sim
0-1-77,2,0,1.0,0,sim
0-1-78,2,0,1.0,0,sim
0-1-79,2,0,0.0,0,sim
0-1-80,2,0,1.0,0,sim
0-1-81,2,0,0.0,0,sim
0-1-82,2,0,0.0,0,sim
0-1-83,2,0,0.0,0,sim
0-1-84,2,0,0.0,0,sim
0-1-85,2,0,0.0,0,sim
0-1-86,2,0,1.0,0,sim
0-1-87,2,0,0.0,0,sim
0-1-88,2,0,1.0,0,sim
0-1-89,2,0,1.0,0,sim
0-1-90,2,0,0.0,0,sim
0-1-91,2,0,0.0,0,sim
0-1-92,2,0,0.0,0,sim
0-1-93,2,0,0.0,0,sim
0-1-94,2,0,0.0,0,sim
0-1-95,2,0,1.0,0,sim
0-1-96,2,0,0.0,0,sim
0-1-97,2,0,0.0,0,sim
0-1-98,2,0,0.0,0,sim
0-1-99,2,0,1.0,0,sim
0-1-100,2,0,0.0,0,sim
0-1-101,2,0,1.0,0,sim
0-1-102,2,0,0.0,0,sim
0-1-103,2,0,0.0,0,sim
0-1-104,2,0,0.0,0,sim
0-1-105,2,0,1.0,0,sim
0-1-106,2,0,1.0,0,sim
0-1-107,2,0,1.0,0,sim
0-1-108,2,0,1.0,0,sim
0-1-109,2,0,0.0,1,sim
0-1-110,2,0,1.0,0,sim
0-1-111,2,0,0.0,0,sim
0-1-112,2,0,0.0,0,sim
0-1-113,2,0,0.0,0,sim
0-1-114,2,0,1.0,0,sim
0-1-115,2,0,0.0,0,sim
0-1-116,2,0,0.0,0,sim
0-1-117,2,0,0.0,0,sim
0-1-118,2,0,0.0,0,sim
0-1-119,2,0,1.0,0,sim
0-1-120,2,0,0.0,0,sim
0-1-121,2,0,1.0,0,sim
0-1-122,2,0,0.0,0,sim
0-1-123,2,0,0.0,0,sim
0-1-124,2,0,1.0,0,sim
0-1-125,2,0,1.0,0,sim
0-1-126,2,0,0.0,0,sim
0-1-127,2,0,0.0,0,sim
0-1-128,2,0,1.0,0,sim
0-1-129,2,0,0.0,0,sim
0-1-130,2,0,0.0,0,sim
0-1-131,2,0,0.0,0,sim
0-1-132,2,0,0.0,0,sim
0-1-133,2,0,1.0,0,sim
0-1-134,2,0,0.0,0,sim
0-1-135,2,0,0.0,0,sim
0-1-136,2,0,1.0,0,sim
0-1-137,2,0,0.0,0,sim
0-1-138,2,0,0.0,0,sim
0-1-139,2,0,1.0,0,sim
0-1-140,2,0,1.0,0,sim
0-1-141,2,0,0.0,0,sim
0-1-142,2,0,1.0,0,sim
0-1-143,2,0,1.0,0,sim
0-1-144,2,0,0.0,0,sim
0-1-145,2,0,1.0,0,sim
0-1-146,2,0,0.0,0,sim
0-1-147,2,0,0.0,0,sim
0-1-148,2,0,0.0,0,sim
0-1-149,2,0,1.0,0,sim
0-1-150,2,0,1.0,0,sim
0-1-151,2,0,1.0,0,sim
0-1-152,2,0,0.0,0,sim
0-1-153,2,0,0.0,0,sim
0-1-154,2,0,1.0,0,sim
0-1-155,2,0,0.0,0,sim
0-1-156,2,0,1.0,0,sim
0-1-157,2,0,1.0,0,sim
0-1-158,2,0,0.0,0,sim
0-1-159,2,0,0.0,0,sim
0-1-160,2,0,0.0,0,sim
0-1-161,2,0,1.0,0,sim
0-1-162,2,0,0.0,0,sim
0-1-163,2,0,,0,sim
0-1-164,2,0,0.0,0,sim
0-1-165,2,0,0.0,0,sim
0-1-166,2,0,1.0,0,sim
0-1-167,2,0,1.0,0,sim
0-1-168,2,0,1.0,0,sim
0-1-169,2,0,1.0,0,sim
0-1-170,2,0,0.0,0,sim
0-1-171,2,0,1.0,0,sim
0-1-172,2,0,0.0,0,sim
0-1-173,2,0,0.0,0,sim
0-1-174,2,0,0.0,0,sim
0-1-175,2,0,0.0,0,sim
0-1-176,2,0,0.0,0,sim
0-1-177,2,0,1.0,0,sim
0-1-178,2,0,0.0,0,sim
0-1-179,2,0,1.0,0,sim
0-1-180,2,0,0.0,0,sim
0-1-181,2,0,1.0,0,sim
0-1-182,2,0,0.0,0,sim
0-1-183,2,0,1.0,0,sim
0-1-184,2,0,0.0,0,sim
0-1-185,2,0,0.0,0,sim
0-1-186,2,0,0.0,0,sim
0-1-187,2,0,0.0,0,sim
0-1-188,2,0,1.0,0,sim
0-1-189,2,0,0.0,0,sim
0-1-190,2,0,1.0,0,sim
0-1-191,2,0,1.0,0,sim
0-1-192,2,0,1.0,0,sim
0-1-193,2,0,0.0,0,sim
0-1-194,2,0,0.0,1,sim
0-1-195,2,0,0.0,0,sim
0-1-196,2,0,0.0,0,sim
0-1-197,2,0,0.0,0,sim
0-1-198,2,0,0.0,0,sim
0-1-199,2,0,0.0,0,sim
0-1-200,2,0,0.0,0,sim
0-1-201,2,0,1.0,0,sim
0-1-202,2,0,0.0,0,sim
0-1-203,2,0,0.0,0,sim
0-1-204,2,0,0.0,0,sim
0-1-205,2,0,0.0,0,sim
0-1-206,2,0,0.0,0,sim
0-1-207,2,0,0.0,0,sim
0-1-208,2,0,0.0,0,sim
0-1-209,2,0,1.0,0,sim
0-1-210,2,0,1.0,0,sim
0-1-211,2,0,0.0,0,sim
0-1-212,2,0,0.0,0,sim
0-1-213,2,0,1.0,0,sim
0-1-214,2,0,1.0,0,sim
0-1-215,2,0,,0,sim
0-1-216,2,0,1.0,0,sim
0-1-217,2,0,0.0,0,sim
0-1-218,2,0,1.0,0,sim
0-1-219,2,0,0.0,0,sim
0-1-220,2,0,0.0,0,sim
0-1-221,2,0,1.0,0,sim
0-1-222,2,0,0.0,0,sim
0-1-223,2,0,0.0,0,sim
0-1-224,2,0,1.0,0,sim
0-1-225,2,0,0.0,0,sim
0-1-226,2,0,0.0,0,sim
0-1-227,2,0,1.0,0,sim
0-1-228,2,0,0.0,0,sim
0-1-229,2,0,0.0,0,sim
0-1-230,2,0,1.0,0,sim
0-1-231,2,0,0.0,0,sim
0-1-232,2,0,0.0,0,sim
0-1-233,2,0,0.0,0,sim
0-1-234,2,0,0.0,0,sim
0-1-235,2,0,1.0,0,sim
0-1-236,2,0,0.0,0,sim
0-1-237,2,0,0.0,0,sim
0-1-238,2,0,0.0,0,sim
0-1-239,2,0,0.0,0,sim
0-2-0,3,0,1.0,0,sim
0-2-1,3,0,,0,sim
0-2-2,3,0,1.0,0,sim
0-2-3,3,0,0.0,0,sim
0-2-4,3,0,1.0,0,sim
0-2-5,3,0,1.0,0,sim
0-2-6,3,0,0.0,0,sim
0-2-7,3,0,0.0,0,sim
0-2-8,3,0,,0,sim
0-2-9,3,0,1.0,0,sim
0-2-10,3,0,0.0,0,sim
0-2-11,3,0,1.0,0,sim
0-2-12,3,0,0.0,0,sim
0-2-13,3,0,0.0,0,sim
0-2-14,3,0,0.0,1,sim
0-2-15,3,0,1.0,0,sim
0-2-16,3,0,0.0,0,sim
0-2-17,3,0,0.0,0,sim
0-2-18,3,0,0.0,0,sim
0-2-19,3,0,0.0,0,sim
0-2-20,3,0,1.0,0,sim
0-2-21,3,0,1.0,0,sim
0-2-22,3,0,0.0,0,sim
0-2-23,3,0,1.0,0,sim
0-2-24,3,0,1.0,0,sim
0-2-25,3,0,0.0,1,sim
0-2-26,3,0,0.0,0,sim
0-2-27,3,0,0.0,0,sim
0-2-28,3,0,0.0,0,sim
0-2-29,3,0,0.0,0,sim
0-2-30,3,0,1.0,0,sim
0-2-31,3,0,0.0,0,sim
0-2-32,3,0,0.0,0,sim
0-2-33,3,0,0.0,0,sim
0-2-34,3,0,1.0,0,sim
0-2-35,3,0,0.0,0,sim
0-2-36,3,0,1.0,0,sim
0-2-37,3,0,0.0,0,sim
0-2-38,3,0,0.0,0,sim
0-2-39,3,0,1.0,1,sim
0-2-40,3,0,0.0,0,sim
0-2-41,3,0,1.0,0,sim
0-2-42,3,0,0.0,0,sim
0-2-43,3,0,0.0,0,sim
0-2-44,3,0,1.0,0,sim
0-2-45,3,0,0.0,0,sim
0-2-46,3,0,1.0,0,sim
0-2-47,3,0,0.0,0,sim
0-2-48,3,0,,0,sim
0-2-49,3,0,0.0,0,sim
0-2-50,3,0,1.0,0,sim
0-2-51,3,0,1.0,0,sim
0-2-52,3,0,1.0,0,sim
0-2-53,3,0,0.0,1,sim
0-2-54,3,0,1.0,0,sim
0-2-55,3,0,1.0,0,sim
0-2-56,3,0,1.0,0,sim
0-2-57,3,0,1.0,0,sim
0-2-58,3,0,1.0,0,sim
0-2-59,3,0,0.0,0,sim
0-2-60,3,0,0.0,0,sim
0-2-61,3,0,0.0,0,sim
0-2-62,3,0,0.0,0,sim
0-2-63,3,0,0.0,0,sim
0-2-64,3,0,1.0,0,sim
0-2-65,3,0,0.0,0,sim
0-2-66,3,0,1.0,0,sim
0-2-67,3,0,1.0,0,sim
0-2-68,3,0,0.0,1,sim
0-2-69,3,0,1.0,1,sim
0-2-70,3,0,1.0,0,sim
0-2-71,3,0,0.0,0,sim
0-2-72,3,0,0.0,0,sim
0-2-73,3,0,0.0,0,sim
0-2-74,3,0,1.0,0,sim
0-2-75,3,0,0.0,0,sim
0-2-76,3,0,0.0,0,sim
0-2-77,3,0,0.0,0,sim
0-2-78,3,0,0.0,0,sim
0-2-79,3,0,0.0,0,sim
0-2-80,3,0,0.0,0,sim
0-2-81,3,0,1.0,0,sim
0-2-82,3,0,0.0,0,sim
0-2-83,3,0,0.0,0,sim
0-2-84,3,0,0.0,0,sim
0-2-85,3,0,0.0,0,sim
0-2-86,3,0,1.0,0,sim
0-2-87,3,0,1.0,0,sim
0-2-88,3,0,0.0,1,sim
0-2-89,3,0,1.0,0,sim
0-2-90,3,0,0.0,0,sim
0-2-91,3,0,0.0,0,sim
0-2-92,3,0,1.0,0,sim
0-2-93,3,0,0.0,0,sim
0-2-94,3,0,1.0,0,sim
0-2-95,3,0,1.0,0,sim
0-2-96,3,0,1.0,0,sim
0-2-97,3,0,1.0,0,sim
0-2-98,3,0,1.0,0,sim
0-2-99,3,0,0.0,0,sim
0-2-100,3,0,1.0,0,sim
0-2-101,3,0,1.0,0,sim
0-2-102,3,0,0.0,0,sim
0-2-103,3,0,0.0,0,sim
0-2-104,3,0,0.0,0,sim
0-2-105,3,0,0.0,0,sim
0-2-106,3,0,0.0,0,sim
0-2-107,3,0,0.0,0,sim
0-2-108,3,0,1.0,0,sim
0-2-109,3,0,1.0,0,sim
0-2-110,3,0,0.0,0,sim
0-2-111,3,0,0.0,0,sim
0-2-112,3,0,0.0,0,sim
0-2-113,3,0,0.0,0,sim
0-2-114,3,0,0.0,0,sim
0-2-115,3,0,0.0,0,sim
0-2-116,3,0,0.0,0,sim
0-2-117,3,0,0.0,0,sim
0-2-118,3,0,1.0,0,sim
0-2-119,3,0,1.0,0,sim
0-2-120,3,0,0.0,0,sim
0-2-121,3,0,0.0,0,sim
0-2-122,3,0,0.0,0,sim
0-2-123,3,0,0.0,0,sim
0-2-124,3,0,0.0,0,sim
0-2-125,3,0,0.0,0,sim
0-2-126,3,0,1.0,0,sim
0-2-127,3,0,1.0,0,sim
0-2-128,3,0,0.0,0,sim
0-2-129,3,0,0.0,0,sim
0-2-130,3,0,0.0,0,sim
0-2-131,3,0,0.0,0,sim
0-2-132,3,0,1.0,0,sim
0-2-133,3,0,0.0,0,sim
0-2-134,3,0,0.0,0,sim
0-2-135,3,0,0.0,0,sim
0-2-136,3,0,1.0,0,sim
0-2-137,3,0,0.0,0,sim
0-2-138,3,0,1.0,0,sim
0-2-139,3,0,0.0,0,sim
0-2-140,3,0,0.0,0,sim
0-2-141,3,0,0.0,0,sim
0-2-142,3,0,1.0,0,sim
0-2-143,3,0,0.0,0,sim
0-2-144,3,0,1.0,0,sim
0-2-145,3,0,0.0,0,sim
0-2-146,3,0,1.0,0,sim
0-2-147,3,0,0.0,0,sim
0-2-148,3,0,0.0,0,sim
0-2-149,3,0,1.0,0,sim
0-2-150,3,0,0.0,0,sim
0-2-151,3,0,0.0,0,sim
0-2-152,3,0,0.0,0,sim
0-2-153,3,0,0.0,0,sim
0-2-154,3,0,1.0,0,sim
0-2-155,3,0,0.0,0,sim
0-2-156,3,0,1.0,0,sim
0-2-157,3,0,0.0,0,sim
0-2-158,3,0,1.0,0,sim
0-2-159,3,0,0.0,0,sim
0-2-160,3,0,,1,sim
0-2-161,3,0,0.0,0,sim
0-2-162,3,0,0.0,0,sim
0-2-163,3,0,0.0,0,sim
0-2-164,3,0,0.0,0,sim
0-2-165,3,0,0.0,1,sim
0-2-166,3,0,1.0,0,sim
0-2-167,3,0,0.0,0,sim
0-2-168,3,0,0.0,0,sim
0-2-169,3,0,0.0,0,sim
0-2-170,3,0,1.0,0,sim
0-2-171,3,0,0.0,0,sim
0-2-172,3,0,1.0,0,sim
0-2-173,3,0,1.0,0,sim
0-2-174,3,0,1.0,0,sim
0-2-175,3,0,0.0,0,sim
0-2-176,3,0,0.0,0,sim
0-2-177,3,0,0.0,0,sim
0-2-178,3,0,1.0,0,sim
0-2-179,3,0,0.0,0,sim
0-2-180,3,0,1.0,0,sim
0-2-181,3,0,0.0,0,sim
0-2-182,3,0,0.0,0,sim
0-2-183,3,0,0.0,0,sim
0-2-184,3,0,0.0,0,sim
0-2-185,3,0,0.0,0,sim
0-2-186,3,0,0.0,0,sim
0-2-187,3,0,0.0,0,sim
0-2-188,3,0,1.0,0,sim
0-2-189,3,0,0.0,0,sim
0-2-190,3,0,1.0,0,sim
0-2-191,3,0,0.0,0,sim
0-2-192,3,0,0.0,0,sim
0-2-193,3,0,0.0,0,sim
0-2-194,3,0,1.0,0,sim
0-2-195,3,0,0.0,0,sim
0-2-196,3,0,0.0,0,sim
0-2-197,3,0,1.0,0,sim
0-2-198,3,0,1.0,0,sim
0-2-199,3,0,0.0,0,sim
0-2-200,3,0,1.0,0,sim
0-2-201,3,0,0.0,0,sim
0-2-202,3,0,0.0,0,sim
0-2-203,3,0,0.0,0,sim
0-2-204,3,0,1.0,0,sim
0-2-205,3,0,0.0,1,sim
0-2-206,3,0,0.0,0,sim
0-2-207,3,0,0.0,0,sim
0-2-208,3,0,0.0,0,sim
0-2-209,3,0,1.0,0,sim
0-2-210,3,0,0.0,0,sim
0-2-211,3,0,0.0,0,sim
0-2-212,3,0,1.0,0,sim
0-2-213,3,0,0.0,0,sim
0-2-214,3,0,0.0,0,sim
0-2-215,3,0,0.0,0,sim
0-2-216,3,0,0.0,0,sim
0-2-217,3,0,1.0,0,sim
0-2-218,3,0,1.0,0,sim
0-2-219,3,0,0.0,0,sim
0-2-220,3,0,1.0,0,sim
0-2-221,3,0,0.0,0,sim
0-2-222,3,0,0.0,0,sim
0-2-223,3,0,0.0,0,sim
0-2-224,3,0,1.0,0,sim
0-2-225,3,0,0.0,0,sim
0-2-226,3,0,0.0,0,sim
0-2-227,3,0,0.0,0,sim
0-2-228,3,0,1.0,0,sim
0-2-229,3,0,0.0,0,sim
0-2-230,3,0,0.0,0,sim
0-2-231,3,0,0.0,0,sim
0-2-232,3,0,0.0,0,sim
0-2-233,3,0,0.0,1,sim
0-2-234,3,0,0.0,0,sim
0-2-235,3,0,1.0,0,sim
0-2-236,3,0,1.0,0,sim
0-2-237,3,0,0.0,0,sim
0-2-238,3,0,0.0,0,sim
0-2-239,3,0,1.0,0,sim
0-3-0,4,0,0.0,0,sim
0-3-1,4,0,0.0,0,sim
0-3-2,4,0,0.0,0,sim
0-3-3,4,0,1.0,0,sim
0-3-4,4,0,1.0,0,sim
0-3-5,4,0,1.0,0,sim
0-3-6,4,0,0.0,0,sim
0-3-7,4,0,0.0,0,sim
0-3-8,4,0,0.0,0,sim
0-3-9,4,0,1.0,0,sim
0-3-10,4,0,1.0,0,sim
0-3-11,4,0,0.0,0,sim
0-3-12,4,0,,0,sim
0-3-13,4,0,0.0,0,sim
0-3-14,4,0,1.0,1,sim
0-3-15,4,0,1.0,1,sim
0-3-16,4,0,0.0,0,sim
0-3-17,4,0,0.0,0,sim
0-3-18,4,0,0.0,0,sim
0-3-19,4,0,0.0,0,sim
0-3-20,4,0,1.0,0,sim
0-3-21,4,0,1.0,0,sim
0-3-22,4,0,0.0,0,sim
0-3-23,4,0,1.0,0,sim
0-3-24,4,0,1.0,0,sim
0-3-25,4,0,0.0,0,sim
0-3-26,4,0,1.0,0,sim
0-3-27,4,0,1.0,1,sim
0-3-28,4,0,0.0,0,sim
0-3-29,4,0,0.0,0,sim
0-3-30,4,0,0.0,0,sim
0-3-31,4,0,1.0,1,sim
0-3-32,4,0,1.0,0,sim
0-3-33,4,0,1.0,0,sim
0-3-34,4,0,0.0,0,sim
0-3-35,4,0,1.0,0,sim
0-3-36,4,0,0.0,0,sim
0-3-37,4,0,0.0,0,sim
0-3-38,4,0,1.0,0,sim
0-3-39,4,0,1.0,0,sim
0-3-40,4,0,0.0,0,sim
0-3-41,4,0,1.0,0,sim
0-3-42,4,0,0.0,0,sim
0-3-43,4,0,1.0,0,sim
0-3-44,4,0,0.0,0,sim
0-3-45,4,0,1.0,0,sim
0-3-46,4,0,0.0,0,sim
0-3-47,4,0,0.0,0,sim
0-3-48,4,0,0.0,0,sim
0-3-49,4,0,1.0,0,sim
0-3-50,4,0,1.0,0,sim
0-3-51,4,0,1.0,0,sim
0-3-52,4,0,0.0,0,sim
0-3-53,4,0,1.0,0,sim
0-3-54,4,0,0.0,0,sim
0-3-55,4,0,0.0,0,sim
0-3-56,4,0,,0,sim
0-3-57,4,0,0.0,0,sim
0-3-58,4,0,0.0,0,sim
0-3-59,4,0,0.0,0,sim
0-3-60,4,0,0.0,0,sim
0-3-61,4,0,0.0,0,sim
0-3-62,4,0,1.0,0,sim
0-3-63,4,0,1.0,0,sim
0-3-64,4,0,1.0,0,sim
0-3-65,4,0,1.0,0,sim
0-3-66,4,0,0.0,0,sim
0-3-67,4,0,0.0,0,sim
0-3-68,4,0,1.0,0,sim
0-3-69,4,0,1.0,0,sim
0-3-70,4,0,0.0,0,sim
0-3-71,4,0,1.0,0,sim
0-3-72,4,0,1.0,0,sim
0-3-73,4,0,0.0,0,sim
0-3-74,4,0,0.0,0,sim
0-3-75,4,0,0.0,0,sim
0-3-76,4,0,0.0,0,sim
0-3-77,4,0,0.0,0,sim
0-3-78,4,0,0.0,0,sim
0-3-79,4,0,0.0,0,sim
0-3-80,4,0,0.0,0,sim
0-3-81,4,0,1.0,0,sim
0-3-82,4,0,0.0,0,sim
0-3-83,4,0,0.0,0,sim
0-3-84,4,0,0.0,0,sim
0-3-85,4,0,0.0,0,sim
0-3-86,4,0,0.0,0,sim
0-3-87,4,0,0.0,0,sim
0-3-88,4,0,0.0,0,sim
0-3-89,4,0,0.0,0,sim
0-3-90,4,0,0.0,0,sim
0-3-91,4,0,1.0,0,sim
0-3-92,4,0,0.0,0,sim
0-3-93,4,0,0.0,0,sim
0-3-94,4,0,0.0,0,sim
0-3-95,4,0,1.0,0,sim
0-3-96,4,0,0.0,0,sim
0-3-97,4,0,0.0,0,sim
0-3-98,4,0,1.0,0,sim
0-3-99,4,0,0.0,0,sim
0-3-100,4,0,0.0,0,sim
0-3-101,4,0,1.0,0,sim
0-3-102,4,0,0.0,0,sim
0-3-103,4,0,0.0,1,sim
0-3-104,4,0,0.0,0,sim
0-3-105,4,0,0.0,0,sim
0-3-106,4,0,0.0,0,sim
0-3-107,4,0,0.0,0,sim
0-3-108,4,0,1.0,0,sim
0-3-109,4,0,1.0,0,sim
0-3-110,4,0,1.0,0,sim
0-3-111,4,0,0.0,0,sim
0-3-112,4,0,1.0,0,sim
0-3-113,4,0,,0,sim
0-3-114,4,0,0.0,0,sim
0-3-115,4,0,0.0,0,sim
0-3-116,4,0,1.0,0,sim
0-3-117,4,0,0.0,0,sim
0-3-118,4,0,1.0,0,sim
0-3-119,4,0,0.0,0,sim
0-3-120,4,0,0.0,0,sim
0-3-121,4,0,1.0,0,sim
0-3-122,4,0,0.0,0,sim
0-3-123,4,0,0.0,0,sim
0-3-124,4,0,1.0,0,sim
0-3-125,4,0,0.0,0,sim
0-3-126,4,0,0.0,0,sim
0-3-127,4,0,0.0,0,sim
0-3-128,4,0,1.0,0,sim
0-3-129,4,0,1.0,0,sim
0-3-130,4,0,0.0,0,sim
0-3-131,4,0,0.0,0,sim
0-3-132,4,0,0.0,0,sim
0-3-133,4,0,1.0,0,sim
0-3-134,4,0,0.0,0,sim
0-3-135,4,0,0.0,0,sim
0-3-136,4,0,0.0,0,sim
0-3-137,4,0,0.0,0,sim
0-3-138,4,0,0.0,0,sim
0-3-139,4,0,1.0,0,sim
0-3-140,4,0,0.0,0,sim
0-3-141,4,0,1.0,1,sim
0-3-142,4,0,0.0,0,sim
0-3-143,4,0,1.0,0,sim
0-3-144,4,0,0.0,0,sim
0-3-145,4,0,0.0,0,sim
0-3-146,4,0,0.0,0,sim
0-3-147,4,0,0.0,0,sim
0-3-148,4,0,0.0,0,sim
0-3-149,4,0,0.0,0,sim
0-3-150,4,0,0.0,0,sim
0-3-151,4,0,0.0,0,sim
0-3-152,4,0,,0,sim
0-3-153,4,0,0.0,0,sim
0-3-154,4,0,1.0,0,sim
0-3-155,4,0,1.0,0,sim
0-3-156,4,0,1.0,0,sim
0-3-157,4,0,1.0,0,sim
0-3-158,4,0,0.0,0,sim
0-3-159,4,0,1.0,0,sim
0-3-160,4,0,0.0,0,sim
0-3-161,4,0,0.0,0,sim
0-3-162,4,0,0.0,0,sim
0-3-163,4,0,0.0,0,sim
0-3-164,4,0,0.0,0,sim
0-3-165,4,0,1.0,0,sim
0-3-166,4,0,1.0,0,sim
0-3-167,4,0,1.0,0,sim
0-3-168,4,0,0.0,0,sim
0-3-169,4,0,0.0,0,sim
0-3-170,4,0,1.0,0,sim
0-3-171,4,0,0.0,0,sim
0-3-172,4,0,1.0,0,sim
0-3-173,4,0,1.0,0,sim
0-3-174,4,0,0.0,0,sim
0-3-175,4,0,1.0,0,sim
0-3-176,4,0,1.0,0,sim
0-3-177,4,0,1.0,0,sim
0-3-178,4,0,0.0,0,sim
0-3-179,4,0,1.0,0,sim
0-3-180,4,0,0.0,0,sim
0-3-181,4,0,0.0,0,sim
0-3-182,4,0,0.0,0,sim
0-3-183,4,0,1.0,0,sim
0-3-184,4,0,1.0,0,sim
0-3-185,4,0,0.0,0,sim
0-3-186,4,0,1.0,0,sim
0-3-187,4,0,1.0,0,sim
0-3-188,4,0,0.0,0,sim
0-3-189,4,0,0.0,0,sim
0-3-190,4,0,0.0,0,sim
0-3-191,4,0,0.0,1,sim
0-3-192,4,0,0.0,0,sim
0-3-193,4,0,0.0,0,sim
0-3-194,4,0,1.0,0,sim
0-3-195,4,0,0.0,0,sim
0-3-196,4,0,0.0,0,sim
0-3-197,4,0,0.0,0,sim
0-3-198,4,0,1.0,0,sim
0-3-199,4,0,1.0,0,sim
0-3-200,4,0,0.0,0,sim
0-3-201,4,0,0.0,0,sim
0-3-202,4,0,0.0,0,sim
0-3-203,4,0,0.0,0,sim
0-3-204,4,0,0.0,0,sim
0-3-205,4,0,1.0,0,sim
0-3-206,4,0,1.0,0,sim
0-3-207,4,0,0.0,0,sim
0-3-208,4,0,1.0,0,sim
0-3-209,4,0,1.0,0,sim
0-3-210,4,0,0.0,0,sim
0-3-211,4,0,1.0,0,sim
0-3-212,4,0,1.0,0,sim
0-3-213,4,0,1.0,0,sim
0-3-214,4,0,1.0,0,sim
0-3-215,4,0,,0,sim
0-3-216,4,0,0.0,0,sim
0-3-217,4,0,0.0,0,sim
0-3-218,4,0,0.0,0,sim
0-3-219,4,0,0.0,1,sim
0-3-220,4,0,0.0,0,sim
0-3-221,4,0,0.0,0,sim
0-3-222,4,0,0.0,0,sim
0-3-223,4,0,1.0,0,sim
0-3-224,4,0,0.0,0,sim
0-3-225,4,0,0.0,0,sim
0-3-226,4,0,0.0,0,sim
0-3-227,4,0,1.0,0,sim
0-3-228,4,0,1.0,0,sim
0-3-229,4,0,1.0,0,sim
0-3-230,4,0,1.0,0,sim
0-3-231,4,0,0.0,0,sim
0-3-232,4,0,1.0,0,sim
0-3-233,4,0,0.0,0,sim
0-3-234,4,0,0.0,0,sim
0-3-235,4,0,,0,sim
0-3-236,4,0,0.0,0,sim
0-3-237,4,0,0.0,0,sim
0-3-238,4,0,1.0,0,sim
0-3-239,4,0,0.0,0,sim
0-4-0,5,0,1.0,1,sim
0-4-1,5,0,1.0,0,sim
0-4-2,5,0,,0,sim
0-4-3,5,0,1.0,0,sim
0-4-4,5,0,0.0,0,sim
0-4-5,5,0,1.0,0,sim
0-4-6,5,0,1.0,0,sim
0-4-7,5,0,0.0,0,sim
0-4-8,5,0,0.0,0,sim
0-4-9,5,0,0.0,0,sim
0-4-10,5,0,0.0,0,sim
0-4-11,5,0,1.0,0,sim
0-4-12,5,0,1.0,0,sim
0-4-13,5,0,1.0,0,sim
0-4-14,5,0,0.0,0,sim
0-4-15,5,0,0.0,0,sim
0-4-16,5,0,1.0,0,sim
0-4-17,5,0,0.0,0,sim
0-4-18,5,0,1.0,0,sim
0-4-19,5,0,0.0,0,sim
0-4-20,5,0,1.0,0,sim
0-4-21,5,0,1.0,0,sim
0-4-22,5,0,1.0,0,sim
0-4-23,5,0,0.0,0,sim
0-4-24,5,0,1.0,0,sim
0-4-25,5,0,1.0,0,sim
0-4-26,5,0,0.0,0,sim
0-4-27,5,0,0.0,0,sim
0-4-28,5,0,0.0,0,sim
0-4-29,5,0,1.0,0,sim
0-4-30,5,0,1.0,0,sim
0-4-31,5,0,0.0,0,sim
0-4-32,5,0,0.0,0,sim
0-4-33,5,0,0.0,0,sim
0-4-34,5,0,0.0,0,sim
0-4-35,5,0,1.0,0,sim
0-4-36,5,0,1.0,0,sim
0-4-37,5,0,1.0,0,sim
0-4-38,5,0,0.0,1,sim
0-4-39,5,0,1.0,0,sim
0-4-40,5,0,0.0,0,sim
0-4-41,5,0,1.0,0,sim
0-4-42,5,0,0.0,0,sim
0-4-43,5,0,0.0,0,sim
0-4-44,5,0,,0,sim
0-4-45,5,0,0.0,0,sim
0-4-46,5,0,1.0,0,sim
0-4-47,5,0,0.0,0,sim
0-4-48,5,0,0.0,0,sim
0-4-49,5,0,0.0,0,sim
0-4-50,5,0,0.0,0,sim
0-4-51,5,0,0.0,0,sim
0-4-52,5,0,0.0,0,sim
0-4-53,5,0,0.0,0,sim
0-4-54,5,0,1.0,0,sim
0-4-55,5,0,1.0,0,sim
0-4-56,5,0,1.0,0,sim
0-4-57,5,0,0.0,0,sim
0-4-58,5,0,0.0,0,sim
0-4-59,5,0,1.0,0,sim
0-4-60,5,0,1.0,0,sim
0-4-61,5,0,0.0,0,sim
0-4-62,5,0,1.0,0,sim
0-4-63,5,0,1.0,0,sim
0-4-64,5,0,0.0,0,sim
0-4-65,5,0,1.0,0,sim
0-4-66,5,0,0.0,0,sim
0-4-67,5,0,1.0,0,sim
0-4-68,5,0,0.0,0,sim
0-4-69,5,0,0.0,0,sim
0-4-70,5,0,1.0,0,sim
0-4-71,5,0,0.0,0,sim
0-4-72,5,0,1.0,0,sim
0-4-73,5,0,,0,sim
0-4-74,5,0,1.0,0,sim
0-4-75,5,0,1.0,0,sim
0-4-76,5,0,0.0,0,sim
0-4-77,5,0,1.0,0,sim
0-4-78,5,0,1.0,0,sim
0-4-79,5,0,1.0,0,sim
0-4-80,5,0,1.0,0,sim
0-4-81,5,0,0.0,0,sim
0-4-82,5,0,0.0,0,sim
0-4-83,5,0,1.0,0,sim
0-4-84,5,0,0.0,0,sim
0-4-85,5,0,0.0,0,sim
0-4-86,5,0,0.0,0,sim
0-4-87,5,0,0.0,0,sim
0-4-88,5,0,1.0,0,sim
0-4-89,5,0,1.0,0,sim
0-4-90,5,0,0.0,0,sim
0-4-91,5,0,0.0,1,sim
0-4-92,5,0,1.0,0,sim
0-4-93,5,0,0.0,0,sim
0-4-94,5,0,0.0,0,sim
0-4-95,5,0,0.0,0,sim
0-4-96,5,0,1.0,0,sim
0-4-97,5,0,1.0,0,sim
0-4-98,5,0,0.0,0,sim
0-4-99,5,0,1.0,0,sim
0-4-100,5,0,0.0,0,sim
0-4-101,5,0,1.0,0,sim
0-4-102,5,0,1.0,0,sim
0-4-103,5,0,1.0,0,sim
0-4-104,5,0,0.0,0,sim
0-4-105,5,0,1.0,0,sim
0-4-106,5,0,1.0,0,sim
0-4-107,5,0,1.0,0,sim
0-4-108,5,0,1.0,0,sim
0-4-109,5,0,0.0,0,sim
0-4-110,5,0,,0,sim
0-4-111,5,0,0.0,0,sim
0-4-112,5,0,0.0,1,sim
0-4-113,5,0,,0,sim
0-4-114,5,0,1.0,0,sim
0-4-115,5,0,0.0,0,sim
0-4-116,5,0,1.0,0,sim
0-4-117,5,0,0.0,0,sim
0-4-118,5,0,0.0,0,sim
0-4-119,5,0,1.0,0,sim
0-4-120,5,0,1.0,0,sim
0-4-121,5,0,1.0,0,sim
0-4-122,5,0,0.0,0,sim
0-4-123,5,0,1.0,0,sim
0-4-124,5,0,1.0,0,sim
0-4-125,5,0,0.0,0,sim
0-4-126,5,0,0.0,0,sim
0-4-127,5,0,1.0,0,sim
0-4-128,5,0,0.0,0,sim
0-4-129,5,0,0.0,0,sim
0-4-130,5,0,1.0,0,sim
0-4-131,5,0,1.0,0,sim
0-4-132,5,0,1.0,0,sim
0-4-133,5,0,0.0,0,sim
0-4-134,5,0,1.0,0,sim
0-4-135,5,0,0.0,1,sim
0-4-136,5,0,1.0,0,sim
0-4-137,5,0,1.0,0,sim
0-4-138,5,0,1.0,0,sim
0-4-139,5,0,1.0,0,sim
0-4-140,5,0,1.0,0,sim
0-4-141,5,0,0.0,0,sim
0-4-142,5,0,0.0,0,sim
0-4-143,5,0,0.0,0,sim
0-4-144,5,0,0.0,0,sim
0-4-145,5,0,1.0,0,sim
0-4-146,5,0,1.0,0,sim
0-4-147,5,0,1.0,0,sim
0-4-148,5,0,0.0,0,sim
0-4-149,5,0,1.0,0,sim
0-4-150,5,0,1.0,1,sim
0-4-151,5,0,0.0,0,sim
0-4-152,5,0,1.0,0,sim
0-4-153,5,0,0.0,0,sim
0-4-154,5,0,,0,sim
0-4-155,5,0,0.0,0,sim
0-4-156,5,0,1.0,0,sim
0-4-157,5,0,1.0,0,sim
0-4-158,5,0,,0,sim
0-4-159,5,0,1.0,0,sim
0-4-160,5,0,1.0,0,sim
0-4-161,5,0,0.0,0,sim
0-4-162,5,0,1.0,0,sim
0-4-163,5,0,0.0,0,sim
0-4-164,5,0,1.0,0,sim
0-4-165,5,0,0.0,0,sim
0-4-166,5,0,0.0,0,sim
0-4-167,5,0,1.0,0,sim
0-4-168,5,0,0.0,0,sim
0-4-169,5,0,1.0,0,sim
0-4-170,5,0,1.0,0,sim
0-4-171,5,0,0.0,0,sim
0-4-172,5,0,1.0,0,sim
0-4-173,5,0,0.0,0,sim
0-4-174,5,0,1.0,0,sim
0-4-175,5,0,0.0,0,sim
0-4-176,5,0,1.0,0,sim
0-4-177,5,0,1.0,0,sim
0-4-178,5,0,1.0,0,sim
0-4-179,5,0,1.0,0,sim
0-4-180,5,0,,0,sim
0-4-181,5,0,1.0,0,sim
0-4-182,5,0,0.0,0,sim
0-4-183,5,0,1.0,0,sim
0-4-184,5,0,0.0,0,sim
0-4-185,5,0,0.0,0,sim
0-4-186,5,0,0.0,0,sim
0-4-187,5,0,0.0,0,sim
0-4-188,5,0,0.0,0,sim
0-4-189,5,0,0.0,0,sim
0-4-190,5,0,0.0,0,sim
0-4-191,5,0,1.0,0,sim
0-4-192,5,0,0.0,0,sim
0-4-193,5,0,1.0,0,sim
0-4-194,5,0,0.0,0,sim
0-4-195,5,0,1.0,1,sim
0-4-196,5,0,1.0,0,sim
0-4-197,5,0,1.0,0,sim
0-4-198,5,0,1.0,0,sim
0-4-199,5,0,0.0,0,sim
0-4-200,5,0,1.0,0,sim
0-4-201,5,0,1.0,0,sim
0-4-202,5,0,0.0,0,sim
0-4-203,5,0,1.0,0,sim
0-4-204,5,0,1.0,0,sim
0-4-205,5,0,1.0,0,sim
0-4-206,5,0,0.0,0,sim
0-4-207,5,0,1.0,0,sim
0-4-208,5,0,1.0,0,sim
0-4-209,5,0,0.0,0,sim
0-4-210,5,0,1.0,0,sim
0-4-211,5,0,1.0,0,sim
0-4-212,5,0,0.0,0,sim
0-4-213,5,0,1.0,0,sim
0-4-214,5,0,0.0,0,sim
0-4-215,5,0,0.0,0,sim
0-4-216,5,0,0.0,0,sim
0-4-217,5,0,0.0,0,sim
0-4-218,5,0,1.0,0,sim
0-4-219,5,0,1.0,0,sim
0-4-220,5,0,0.0,0,sim
0-4-221,5,0,1.0,1,sim
0-4-222,5,0,1.0,0,sim
0-4-223,5,0,0.0,0,sim
0-4-224,5,0,1.0,0,sim
0-4-225,5,0,0.0,0,sim
0-4-226,5,0,0.0,0,sim
0-4-227,5,0,1.0,0,sim
0-4-228,5,0,1.0,0,sim
0-4-229,5,0,1.0,0,sim
0-4-230,5,0,1.0,0,sim
0-4-231,5,0,1.0,0,sim
0-4-232,5,0,,0,sim
0-4-233,5,0,0.0,0,sim
0-4-234,5,0,0.0,1,sim
0-4-235,5,0,0.0,0,sim
0-4-236,5,0,1.0,0,sim
0-4-237,5,0,1.0,0,sim
0-4-238,5,0,0.0,0,sim
0-4-239,5,0,0.0,0,sim
0-5-0,6,0,0.0,0,sim
0-5-1,6,0,0.0,0,sim
0-5-2,6,0,1.0,0,sim
0-5-3,6,0,,0,sim
0-5-4,6,0,1.0,0,sim
0-5-5,6,0,1.0,0,sim
0-5-6,6,0,,0,sim
0-5-7,6,0,1.0,0,sim
0-5-8,6,0,0.0,0,sim
0-5-9,6,0,0.0,0,sim
0-5-10,6,0,0.0,0,sim
0-5-11,6,0,0.0,0,sim
0-5-12,6,0,1.0,0,sim
0-5-13,6,0,1.0,0,sim
0-5-14,6,0,0.0,0,sim
0-5-15,6,0,1.0,0,sim
0-5-16,6,0,0.0,0,sim
0-5-17,6,0,0.0,0,sim
0-5-18,6,0,1.0,0,sim
0-5-19,6,0,1.0,0,sim
0-5-20,6,0,,0,sim
0-5-21,6,0,1.0,0,sim
0-5-22,6,0,0.0,0,sim
0-5-23,6,0,1.0,0,sim
0-5-24,6,0,1.0,0,sim
0-5-25,6,0,0.0,0,sim
0-5-26,6,0,1.0,0,sim
0-5-27,6,0,0.0,0,sim
0-5-28,6,0,1.0,0,sim
0-5-29,6,0,0.0,0,sim
0-5-30,6,0,1.0,0,sim
0-5-31,6,0,1.0,0,sim
0-5-32,6,0,0.0,0,sim
0-5-33,6,0,1.0,0,sim
0-5-34,6,0,0.0,0,sim
0-5-35,6,0,1.0,0,sim
0-5-36,6,0,1.0,0,sim
0-5-37,6,0,0.0,0,sim
0-5-38,6,0,0.0,0,sim
0-5-39,6,0,1.0,0,sim
0-5-40,6,0,1.0,0,sim
0-5-41,6,0,0.0,0,sim
0-5-42,6,0,1.0,0,sim
0-5-43,6,0,1.0,0,sim
0-5-44,6,0,0.0,0,sim
0-5-45,6,0,,0,sim
0-5-46,6,0,1.0,0,sim
0-5-47,6,0,0.0,0,sim
0-5-48,6,0,1.0,0,sim
0-5-49,6,0,1.0,0,sim
0-5-50,6,0,1.0,0,sim
0-5-51,6,0,0.0,0,sim
0-5-52,6,0,0.0,0,sim
0-5-53,6,0,0.0,0,sim
0-5-54,6,0,1.0,0,sim
0-5-55,6,0,1.0,0,sim
0-5-56,6,0,0.0,0,sim
0-5-57,6,0,1.0,0,sim
0-5-58,6,0,1.0,0,sim
0-5-59,6,0,1.0,0,sim
0-5-60,6,0,0.0,0,sim
0-5-61,6,0,1.0,0,sim
0-5-62,6,0,1.0,1,sim
0-5-63,6,0,1.0,0,sim
0-5-64,6,0,0.0,0,sim
0-5-65,6,0,0.0,0,sim
0-5-66,6,0,0.0,0,sim
0-5-67,6,0,0.0,0,sim
0-5-68,6,0,0.0,0,sim
0-5-69,6,0,0.0,0,sim
0-5-70,6,0,1.0,0,sim
0-5-71,6,0,1.0,0,sim
0-5-72,6,0,0.0,0,sim
0-5-73,6,0,0.0,0,sim
0-5-74,6,0,1.0,0,sim
0-5-75,6,0,1.0,0,sim
0-5-76,6,0,0.0,0,sim
0-5-77,6,0,1.0,0,sim
0-5-78,6,0,1.0,0,sim
0-5-79,6,0,1.0,0,sim
0-5-80,6,0,0.0,0,sim
0-5-81,6,0,1.0,0,sim
0-5-82,6,0,0.0,0,sim
0-5-83,6,0,1.0,0,sim
0-5-84,6,0,0.0,0,sim
0-5-85,6,0,0.0,0,sim
0-5-86,6,0,0.0,0,sim
0-5-87,6,0,1.0,0,sim
0-5-88,6,0,1.0,0,sim
0-5-89,6,0,1.0,0,sim
0-5-90,6,0,1.0,0,sim
0-5-91,6,0,0.0,0,sim
0-5-92,6,0,1.0,0,sim
0-5-93,6,0,0.0,0,sim
0-5-94,6,0,0.0,0,sim
0-5-95,6,0,1.0,0,sim
0-5-96,6,0,0.0,0,sim
0-5-97,6,0,0.0,0,sim
0-5-98,6,0,1.0,0,sim
0-5-99,6,0,1.0,0,sim
0-5-100,6,0,1.0,0,sim
0-5-101,6,0,1.0,0,sim
0-5-102,6,0,0.0,0,sim
0-5-103,6,0,1.0,0,sim
0-5-104,6,0,1.0,0,sim
0-5-105,6,0,0.0,0,sim
0-5-106,6,0,1.0,0,sim
0-5-107,6,0,0.0,0,sim
0-5-108,6,0,0.0,0,sim
0-5-109,6,0,0.0,0,sim
0-5-110,6,0,,0,sim
0-5-111,6,0,1.0,0,sim
0-5-112,6,0,1.0,0,sim
0-5-113,6,0,1.0,0,sim
0-5-114,6,0,0.0,0,sim
0-5-115,6,0,0.0,0,sim
0-5-116,6,0,0.0,0,sim
0-5-117,6,0,0.0,1,sim
0-5-118,6,0,0.0,0,sim
0-5-119,6,0,1.0,0,sim
0-5-120,6,0,1.0,0,sim
0-5-121,6,0,0.0,0,sim
0-5-122,6,0,1.0,0,sim
0-5-123,6,0,0.0,0,sim
0-5-124,6,0,0.0,0,sim
0-5-125,6,0,1.0,0,sim
0-5-126,6,0,1.0,0,sim
0-5-127,6,0,1.0,0,sim
0-5-128,6,0,1.0,0,sim
0-5-129,6,0,0.0,0,sim
0-5-130,6,0,1.0,0,sim
0-5-131,6,0,0.0,0,sim
0-5-132,6,0,1.0,0,sim
0-5-133,6,0,1.0,0,sim
0-5-134,6,0,1.0,1,sim
0-5-135,6,0,1.0,0,sim
0-5-136,6,0,1.0,0,sim
0-5-137,6,0,1.0,0,sim
0-5-138,6,0,1.0,0,sim
0-5-139,6,0,0.0,0,sim
0-5-140,6,0,0.0,0,sim
0-5-141,6,0,1.0,0,sim
0-5-142,6,0,1.0,0,sim
0-5-143,6,0,1.0,0,sim
0-5-144,6,0,0.0,0,sim
0-5-145,6,0,1.0,0,sim
0-5-146,6,0,0.0,0,sim
0-5-147,6,0,1.0,0,sim
0-5-148,6,0,0.0,0,sim
0-5-149,6,0,1.0,0,sim
0-5-150,6,0,0.0,0,sim
0-5-151,6,0,1.0,0,sim
0-5-152,6,0,1.0,0,sim
0-5-153,6,0,0.0,0,sim
0-5-154,6,0,1.0,0,sim
0-5-155,6,0,1.0,0,sim
0-5-156,6,0,0.0,0,sim
0-5-157,6,0,0.0,0,sim
0-5-158,6,0,1.0,0,sim
0-5-159,6,0,1.0,0,sim
0-5-160,6,0,1.0,0,sim
0-5-161,6,0,0.0,0,sim
0-5-162,6,0,1.0,0,sim
0-5-163,6,0,1.0,0,sim
0-5-164,6,0,0.0,0,sim
0-5-165,6,0,1.0,0,sim
0-5-166,6,0,0.0,0,sim
0-5-167,6,0,0.0,0,sim
0-5-168,6,0,1.0,0,sim
0-5-169,6,0,0.0,1,sim
0-5-170,6,0,0.0,0,sim
0-5-171,6,0,0.0,0,sim
0-5-172,6,0,1.0,0,sim
0-5-173,6,0,0.0,0,sim
0-5-174,6,0,1.0,0,sim
0-5-175,6,0,0.0,0,sim
0-5-176,6,0,0.0,0,sim
0-5-177,6,0,1.0,0,sim
0-5-178,6,0,1.0,0,sim
0-5-179,6,0,1.0,0,sim
0-5-180,6,0,0.0,0,sim
0-5-181,6,0,0.0,0,sim
0-5-182,6,0,0.0,0,sim
0-5-183,6,0,1.0,0,sim
0-5-184,6,0,1.0,0,sim
0-5-185,6,0,0.0,0,sim
0-5-186,6,0,1.0,0,sim
0-5-187,6,0,0.0,0,sim
0-5-188,6,0,1.0,0,sim
0-5-189,6,0,1.0,0,sim
0-5-190,6,0,0.0,0,sim
0-5-191,6,0,1.0,0,sim
0-5-192,6,0,0.0,0,sim
0-5-193,6,0,1.0,0,sim
0-5-194,6,0,1.0,0,sim
0-5-195,6,0,1.0,0,sim
0-5-196,6,0,1.0,0,sim
0-5-197,6,0,1.0,0,sim
0-5-198,6,0,0.0,0,sim
0-5-199,6,0,1.0,0,sim
0-5-200,6,0,1.0,0,sim
0-5-201,6,0,1.0,0,sim
0-5-202,6,0,0.0,0,sim
0-5-203,6,0,0.0,0,sim
0-5-204,6,0,0.0,0,sim
0-5-205,6,0,1.0,0,sim
0-5-206,6,0,1.0,0,sim
0-5-207,6,0,1.0,0,sim
0-5-208,6,0,0.0,0,sim
0-5-209,6,0,0.0,0,sim
0-5-210,6,0,0.0,0,sim
0-5-211,6,0,0.0,0,sim
0-5-212,6,0,1.0,0,sim
0-5-213,6,0,0.0,0,sim
0-5-214,6,0,1.0,0,sim
0-5-215,6,0,1.0,0,sim
0-5-216,6,0,1.0,0,sim
0-5-217,6,0,1.0,0,sim
0-5-218,6,0,1.0,0,sim
0-5-219,6,0,0.0,0,sim
0-5-220,6,0,0.0,0,sim
0-5-221,6,0,0.0,0,sim
0-5-222,6,0,1.0,0,sim
0-5-223,6,0,0.0,0,sim
0-5-224,6,0,1.0,0,sim
0-5-225,6,0,1.0,0,sim
0-5-226,6,0,1.0,0,sim
0-5-227,6,0,0.0,0,sim
0-5-228,6,0,0.0,0,sim
0-5-229,6,0,1.0,0,sim
0-5-230,6,0,0.0,0,sim
0-5-231,6,0,1.0,0,sim
0-5-232,6,0,1.0,0,sim
0-5-233,6,0,0.0,0,sim
0-5-234,6,0,1.0,0,sim
0-5-235,6,0,1.0,0,sim
0-5-236,6,0,0.0,0,sim
0-5-237,6,0,1.0,0,sim
0-5-238,6,0,1.0,0,sim
0-5-239,6,0,0.0,0,sim
0-6-0,7,0,1.0,1,sim
0-6-1,7,0,1.0,0,sim
0-6-2,7,0,1.0,0,sim
0-6-3,7,0,1.0,0,sim
0-6-4,7,0,0.0,0,sim
0-6-5,7,0,1.0,0,sim
0-6-6,7,0,1.0,0,sim
0-6-7,7,0,1.0,0,sim
0-6-8,7,0,0.0,0,sim
0-6-9,7,0,1.0,0,sim
0-6-10,7,0,1.0,0,sim
0-6-11,7,0,1.0,0,sim
0-6-12,7,0,1.0,0,sim
0-6-13,7,0,0.0,0,sim
0-6-14,7,0,1.0,0,sim
0-6-15,7,0,1.0,0,sim
0-6-16,7,0,0.0,0,sim
0-6-17,7,0,1.0,0,sim
0-6-18,7,0,1.0,0,sim
0-6-19,7,0,0.0,0,sim
0-6-20,7,0,0.0,0,sim
0-6-21,7,0,1.0,0,sim
0-6-22,7,0,0.0,0,sim
0-6-23,7,0,1.0,0,sim
0-6-24,7,0,1.0,0,sim
0-6-25,7,0,1.0,0,sim
0-6-26,7,0,1.0,0,sim
0-6-27,7,0,1.0,0,sim
0-6-28,7,0,1.0,0,sim
0-6-29,7,0,0.0,0,sim
0-6-30,7,0,1.0,0,sim
0-6-31,7,0,1.0,0,sim
0-6-32,7,0,1.0,0,sim
0-6-33,7,0,0.0,0,sim
0-6-34,7,0,1.0,0,sim
0-6-35,7,0,1.0,0,sim
0-6-36,7,0,1.0,0,sim
0-6-37,7,0,1.0,0,sim
0-6-38,7,0,0.0,0,sim
0-6-39,7,0,1.0,0,sim
0-6-40,7,0,1.0,0,sim
0-6-41,7,0,1.0,0,sim
0-6-42,7,0,1.0,0,sim
0-6-43,7,0,0.0,0,sim
0-6-44,7,0,0.0,0,sim
0-6-45,7,0,0.0,0,sim
0-6-46,7,0,1.0,0,sim
0-6-47,7,0,0.0,0,sim
0-6-48,7,0,1.0,0,sim
0-6-49,7,0,1.0,0,sim
0-6-50,7,0,1.0,0,sim
0-6-51,7,0,0.0,0,sim
0-6-52,7,0,1.0,0,sim
0-6-53,7,0,1.0,0,sim
0-6-54,7,0,1.0,0,sim
0-6-55,7,0,1.0,0,sim
0-6-56,7,0,0.0,0,sim
0-6-57,7,0,0.0,0,sim
0-6-58,7,0,1.0,0,sim
0-6-59,7,0,1.0,0,sim
0-6-60,7,0,1.0,0,sim
0-6-61,7,0,1.0,0,sim
0-6-62,7,0,1.0,0,sim
0-6-63,7,0,1.0,0,sim
0-6-64,7,0,1.0,0,sim
0-6-65,7,0,0.0,1,sim
0-6-66,7,0,1.0,0,sim
0-6-67,7,0,1.0,0,sim
0-6-68,7,0,0.0,0,sim
0-6-69,7,0,1.0,0,sim
0-6-70,7,0,0.0,0,sim
0-6-71,7,0,0.0,0,sim
0-6-72,7,0,0.0,0,sim
0-6-73,7,0,0.0,0,sim
0-6-74,7,0,0.0,0,sim
0-6-75,7,0,0.0,0,sim
0-6-76,7,0,0.0,0,sim
0-6-77,7,0,1.0,0,sim
0-6-78,7,0,0.0,0,sim
0-6-79,7,0,0.0,0,sim
0-6-80,7,0,0.0,0,sim
0-6-81,7,0,1.0,0,sim
0-6-82,7,0,1.0,0,sim
0-6-83,7,0,0.0,0,sim
0-6-84,7,0,1.0,0,sim
0-6-85,7,0,1.0,0,sim
0-6-86,7,0,0.0,0,sim
0-6-87,7,0,0.0,0,sim
0-6-88,7,0,0.0,0,sim
0-6-89,7,0,0.0,0,sim
0-6-90,7,0,1.0,0,sim
0-6-91,7,0,0.0,0,sim
0-6-92,7,0,1.0,0,sim
0-6-93,7,0,0.0,0,sim
0-6-94,7,0,1.0,0,sim
0-6-95,7,0,1.0,0,sim
0-6-96,7,0,1.0,0,sim
0-6-97,7,0,1.0,0,sim
0-6-98,7,0,0.0,0,sim
0-6-99,7,0,,0,sim
0-6-100,7,0,1.0,0,sim
0-6-101,7,0,1.0,0,sim
0-6-102,7,0,,0,sim
0-6-103,7,0,1.0,0,sim
0-6-104,7,0,1.0,0,sim
0-6-105,7,0,0.0,0,sim
0-6-106,7,0,0.0,0,sim
0-6-107,7,0,1.0,0,sim
0-6-108,7,0,1.0,0,sim
0-6-109,7,0,1.0,0,sim
0-6-110,7,0,1.0,0,sim
0-6-111,7,0,0.0,0,sim
0-6-112,7,0,0.0,0,sim
0-6-113,7,0,1.0,0,sim
0-6-114,7,0,0.0,0,sim
0-6-115,7,0,0.0,0,sim
0-6-116,7,0,0.0,0,sim
0-6-117,7,0,1.0,0,sim
0-6-118,7,0,0.0,0,sim
0-6-119,7,0,0.0,0,sim
0-6-120,7,0,1.0,0,sim
0-6-121,7,0,0.0,0,sim
0-6-122,7,0,1.0,0,sim
0-6-123,7,0,0.0,0,sim
0-6-124,7,0,1.0,0,sim
0-6-125,7,0,0.0,0,sim
0-6-126,7,0,1.0,0,sim
0-6-127,7,0,1.0,0,sim
0-6-128,7,0,1.0,0,sim
0-6-129,7,0,,0,sim
0-6-130,7,0,0.0,0,sim
0-6-131,7,0,1.0,0,sim
0-6-132,7,0,0.0,0,sim
0-6-133,7,0,1.0,0,sim
0-6-134,7,0,1.0,0,sim
0-6-135,7,0,1.0,0,sim
0-6-136,7,0,1.0,0,sim
0-6-137,7,0,1.0,0,sim
0-6-138,7,0,1.0,0,sim
0-6-139,7,0,1.0,0,sim
0-6-140,7,0,0.0,0,sim
0-6-141,7,0,0.0,0,sim
0-6-142,7,0,1.0,0,sim
0-6-143,7,0,0.0,0,sim
0-6-144,7,0,1.0,0,sim
0-6-145,7,0,1.0,1,sim
0-6-146,7,0,0.0,0,sim
0-6-147,7,0,0.0,0,sim
0-6-148,7,0,1.0,0,sim
0-6-149,7,0,1.0,0,sim
0-6-150,7,0,1.0,0,sim
0-6-151,7,0,0.0,0,sim
0-6-152,7,0,1.0,0,sim
0-6-153,7,0,1.0,0,sim
0-6-154,7,0,0.0,0,sim
0-6-155,7,0,1.0,0,sim
0-6-156,7,0,0.0,0,sim
0-6-157,7,0,1.0,0,sim
0-6-158,7,0,0.0,0,sim
0-6-159,7,0,0.0,0,sim
0-6-160,7,0,1.0,0,sim
0-6-161,7,0,1.0,0,sim
0-6-162,7,0,0.0,0,sim
0-6-163,7,0,0.0,1,sim
0-6-164,7,0,0.0,0,sim
0-6-165,7,0,0.0,0,sim
0-6-166,7,0,1.0,0,sim
0-6-167,7,0,1.0,0,sim
0-6-168,7,0,0.0,0,sim
0-6-169,7,0,0.0,1,sim
0-6-170,7,0,1.0,0,sim
0-6-171,7,0,0.0,0,sim
0-6-172,7,0,0.0,0,sim
0-6-173,7,0,1.0,0,sim
0-6-174,7,0,1.0,0,sim
0-6-175,7,0,,0,sim
0-6-176,7,0,1.0,0,sim
0-6-177,7,0,0.0,1,sim
0-6-178,7,0,1.0,0,sim
0-6-179,7,0,1.0,0,sim
0-6-180,7,0,1.0,0,sim
0-6-181,7,0,0.0,0,sim
0-6-182,7,0,1.0,0,sim
0-6-183,7,0,1.0,0,sim
0-6-184,7,0,1.0,0,sim
0-6-185,7,0,1.0,0,sim
0-6-186,7,0,,0,sim
0-6-187,7,0,0.0,0,sim
0-6-188,7,0,1.0,0,sim
0-6-189,7,0,0.0,0,sim
0-6-190,7,0,1.0,0,sim
0-6-191,7,0,1.0,0,sim
0-6-192,7,0,1.0,0,sim
0-6-193,7,0,0.0,0,sim
0-6-194,7,0,1.0,0,sim
0-6-195,7,0,0.0,0,sim
0-6-196,7,0,1.0,0,sim
0-6-197,7,0,0.0,0,sim
0-6-198,7,0,1.0,0,sim
0-6-199,7,0,0.0,0,sim
0-6-200,7,0,0.0,0,sim
0-6-201,7,0,1.0,0,sim
0-6-202,7,0,0.0,0,sim
0-6-203,7,0,0.0,0,sim
0-6-204,7,0,1.0,0,sim
0-6-205,7,0,0.0,0,sim
0-6-206,7,0,0.0,0,sim
0-6-207,7,0,1.0,0,sim
0-6-208,7,0,0.0,0,sim
0-6-209,7,0,1.0,0,sim
0-6-210,7,0,1.0,0,sim
0-6-211,7,0,0.0,0,sim
0-6-212,7,0,1.0,0,sim
0-6-213,7,0,0.0,0,sim
0-6-214,7,0,1.0,0,sim
0-6-215,7,0,0.0,0,sim
0-6-216,7,0,1.0,0,sim
0-6-217,7,0,1.0,0,sim
0-6-218,7,0,0.0,1,sim
0-6-219,7,0,0.0,1,sim
0-6-220,7,0,1.0,0,sim
0-6-221,7,0,1.0,0,sim
0-6-222,7,0,1.0,0,sim
0-6-223,7,0,0.0,0,sim
0-6-224,7,0,0.0,0,sim
0-6-225,7,0,1.0,0,sim
0-6-226,7,0,1.0,0,sim
0-6-227,7,0,1.0,0,sim
0-6-228,7,0,0.0,0,sim
0-6-229,7,0,1.0,0,sim
0-6-230,7,0,1.0,0,sim
0-6-231,7,0,1.0,0,sim
0-6-232,7,0,1.0,0,sim
0-6-233,7,0,1.0,0,sim
0-6-234,7,0,1.0,0,sim
0-6-235,7,0,0.0,0,sim
0-6-236,7,0,1.0,0,sim
0-6-237,7,0,0.0,0,sim
0-6-238,7,0,1.0,0,sim
0-6-239,7,0,1.0,0,sim
0-7-0,8,0,0.0,0,sim
0-7-1,8,0,0.0,0,sim
0-7-2,8,0,0.0,0,sim
0-7-3,8,0,0.0,0,sim
0-7-4,8,0,1.0,0,sim
0-7-5,8,0,1.0,0,sim
0-7-6,8,0,1.0,0,sim
0-7-7,8,0,1.0,0,sim
0-7-8,8,0,1.0,0,sim
0-7-9,8,0,0.0,0,sim
0-7-10,8,0,0.0,1,sim
0-7-11,8,0,0.0,0,sim
0-7-12,8,0,1.0,0,sim
0-7-13,8,0,0.0,0,sim
0-7-14,8,0,1.0,0,sim
0-7-15,8,0,1.0,0,sim
0-7-16,8,0,0.0,0,sim
0-7-17,8,0,1.0,0,sim
0-7-18,8,0,0.0,0,sim
0-7-19,8,0,1.0,0,sim
0-7-20,8,0,1.0,0,sim
0-7-21,8,0,1.0,0,sim
0-7-22,8,0,1.0,0,sim
0-7-23,8,0,1.0,0,sim
0-7-24,8,0,1.0,0,sim
0-7-25,8,0,1.0,0,sim
0-7-26,8,0,0.0,0,sim
0-7-27,8,0,0.0,0,sim
0-7-28,8,0,0.0,0,sim
0-7-29,8,0,0.0,0,sim
0-7-30,8,0,0.0,0,sim
0-7-31,8,0,1.0,0,sim
0-7-32,8,0,1.0,0,sim
0-7-33,8,0,1.0,0,sim
0-7-34,8,0,1.0,0,sim
0-7-35,8,0,1.0,0,sim
0-7-36,8,0,0.0,0,sim
0-7-37,8,0,1.0,0,sim
0-7-38,8,0,0.0,0,sim
0-7-39,8,0,1.0,0,sim
0-7-40,8,0,1.0,0,sim
0-7-41,8,0,1.0,0,sim
0-7-42,8,0,1.0,0,sim
0-7-43,8,0,1.0,0,sim
0-7-44,8,0,0.0,1,sim
0-7-45,8,0,1.0,0,sim
0-7-46,8,0,1.0,0,sim
0-7-47,8,0,0.0,0,sim
0-7-48,8,0,1.0,0,sim
0-7-49,8,0,1.0,0,sim
0-7-50,8,0,1.0,0,sim
0-7-51,8,0,1.0,0,sim
0-7-52,8,0,1.0,0,sim
0-7-53,8,0,0.0,0,sim
0-7-54,8,0,1.0,0,sim
0-7-55,8,0,1.0,0,sim
0-7-56,8,0,0.0,0,sim
0-7-57,8,0,1.0,0,sim
0-7-58,8,0,0.0,1,sim
0-7-59,8,0,1.0,0,sim
0-7-60,8,0,1.0,0,sim
0-7-61,8,0,1.0,0,sim
0-7-62,8,0,1.0,0,sim
0-7-63,8,0,0.0,0,sim
0-7-64,8,0,0.0,0,sim
0-7-65,8,0,1.0,0,sim
0-7-66,8,0,0.0,0,sim
0-7-67,8,0,1.0,0,sim
0-7-68,8,0,0.0,0,sim
0-7-69,8,0,0.0,0,sim
0-7-70,8,0,0.0,0,sim
0-7-71,8,0,0.0,0,sim
0-7-72,8,0,1.0,0,sim
0-7-73,8,0,1.0,0,sim
0-7-74,8,0,0.0,0,sim
0-7-75,8,0,1.0,0,sim
0-7-76,8,0,1.0,0,sim
0-7-77,8,0,0.0,0,sim
0-7-78,8,0,1.0,0,sim
0-7-79,8,0,0.0,0,sim
0-7-80,8,0,0.0,0,sim
0-7-81,8,0,1.0,0,sim
0-7-82,8,0,1.0,0,sim
0-7-83,8,0,1.0,0,sim
0-7-84,8,0,1.0,0,sim
0-7-85,8,0,1.0,0,sim
0-7-86,8,0,0.0,0,sim
0-7-87,8,0,0.0,0,sim
0-7-88,8,0,1.0,0,sim
0-7-89,8,0,1.0,0,sim
0-7-90,8,0,0.0,0,sim
0-7-91,8,0,1.0,0,sim
0-7-92,8,0,0.0,0,sim
0-7-93,8,0,1.0,1,sim
0-7-94,8,0,0.0,0,sim
0-7-95,8,0,0.0,0,sim
0-7-96,8,0,1.0,1,sim
0-7-97,8,0,1.0,0,sim
0-7-98,8,0,,0,sim
0-7-99,8,0,0.0,0,sim
0-7-100,8,0,1.0,0,sim
0-7-101,8,0,,0,sim
0-7-102,8,0,1.0,0,sim
0-7-103,8,0,1.0,0,sim
0-7-104,8,0,0.0,0,sim
0-7-105,8,0,0.0,0,sim
0-7-106,8,0,0.0,0,sim
0-7-107,8,0,1.0,0,sim
0-7-108,8,0,1.0,0,sim
0-7-109,8,0,1.0,0,sim
0-7-110,8,0,1.0,0,sim
0-7-111,8,0,1.0,0,sim
0-7-112,8,0,0.0,0,sim
0-7-113,8,0,0.0,1,sim
0-7-114,8,0,1.0,0,sim
0-7-115,8,0,1.0,0,sim
0-7-116,8,0,1.0,0,sim
0-7-117,8,0,1.0,0,sim
0-7-118,8,0,1.0,0,sim
0-7-119,8,0,0.0,0,sim
0-7-120,8,0,0.0,0,sim
0-7-121,8,0,1.0,0,sim
0-7-122,8,0,1.0,0,sim
0-7-123,8,0,1.0,0,sim
0-7-124,8,0,0.0,0,sim
0-7-125,8,0,1.0,0,sim
0-7-126,8,0,1.0,0,sim
0-7-127,8,0,1.0,0,sim
0-7-128,8,0,1.0,0,sim
0-7-129,8,0,0.0,0,sim
0-7-130,8,0,1.0,0,sim
0-7-131,8,0,0.0,0,sim
0-7-132,8,0,,0,sim
0-7-133,8,0,1.0,0,sim
0-7-134,8,0,1.0,1,sim
0-7-135,8,0,0.0,0,sim
0-7-136,8,0,1.0,0,sim
0-7-137,8,0,1.0,0,sim
0-7-138,8,0,1.0,0,sim
0-7-139,8,0,0.0,0,sim
0-7-140,8,0,0.0,0,sim
0-7-141,8,0,0.0,0,sim
0-7-142,8,0,1.0,0,sim
0-7-143,8,0,1.0,0,sim
0-7-144,8,0,1.0,0,sim
0-7-145,8,0,0.0,0,sim
0-7-146,8,0,1.0,0,sim
0-7-147,8,0,1.0,0,sim
0-7-148,8,0,0.0,0,sim
0-7-149,8,0,0.0,0,sim
0-7-150,8,0,0.0,0,sim
0-7-151,8,0,1.0,0,sim
0-7-152,8,0,1.0,0,sim
0-7-153,8,0,1.0,0,sim
0-7-154,8,0,1.0,0,sim
0-7-155,8,0,0.0,0,sim
0-7-156,8,0,1.0,0,sim
0-7-157,8,0,1.0,0,sim
0-7-158,8,0,1.0,0,sim
0-7-159,8,0,1.0,0,sim
0-7-160,8,0,1.0,0,sim
0-7-161,8,0,0.0,0,sim
0-7-162,8,0,0.0,0,sim
0-7-163,8,0,1.0,0,sim
0-7-164,8,0,1.0,0,sim
0-7-165,8,0,1.0,0,sim
0-7-166,8,0,0.0,0,sim
0-7-167,8,0,0.0,1,sim
0-7-168,8,0,1.0,0,sim
0-7-169,8,0,0.0,0,sim
0-7-170,8,0,1.0,0,sim
0-7-171,8,0,,0,sim
0-7-172,8,0,1.0,0,sim
0-7-173,8,0,0.0,0,sim
0-7-174,8,0,1.0,0,sim
0-7-175,8,0,0.0,0,sim
0-7-176,8,0,1.0,0,sim
0-7-177,8,0,0.0,0,sim
0-7-178,8,0,0.0,0,sim
0-7-179,8,0,1.0,0,sim
0-7-180,8,0,1.0,0,sim
0-7-181,8,0,1.0,0,sim
0-7-182,8,0,1.0,0,sim
0-7-183,8,0,1.0,0,sim
0-7-184,8,0,1.0,0,sim
0-7-185,8,0,1.0,0,sim
0-7-186,8,0,1.0,0,sim
0-7-187,8,0,1.0,0,sim
0-7-188,8,0,1.0,0,sim
0-7-189,8,0,0.0,0,sim
0-7-190,8,0,1.0,0,sim
0-7-191,8,0,1.0,0,sim
0-7-192,8,0,1.0,0,sim
0-7-193,8,0,1.0,0,sim
0-7-194,8,0,1.0,0,sim
0-7-195,8,0,1.0,0,sim
0-7-196,8,0,1.0,0,sim
0-7-197,8,0,1.0,0,sim
0-7-198,8,0,1.0,0,sim
0-7-199,8,0,1.0,0,sim
0-7-200,8,0,0.0,0,sim
0-7-201,8,0,1.0,1,sim
0-7-202,8,0,0.0,0,sim
0-7-203,8,0,,0,sim
0-7-204,8,0,0.0,0,sim
0-7-205,8,0,1.0,0,sim
0-7-206,8,0,1.0,0,sim
0-7-207,8,0,0.0,0,sim
0-7-208,8,0,1.0,0,sim
0-7-209,8,0,1.0,0,sim
0-7-210,8,0,1.0,0,sim
0-7-211,8,0,1.0,0,sim
0-7-212,8,0,1.0,0,sim
0-7-213,8,0,1.0,0,sim
0-7-214,8,0,0.0,0,sim
0-7-215,8,0,0.0,0,sim
0-7-216,8,0,1.0,0,sim
0-7-217,8,0,0.0,0,sim
0-7-218,8,0,1.0,0,sim
0-7-219,8,0,0.0,0,sim
0-7-220,8,0,1.0,0,sim
0-7-221,8,0,1.0,0,sim
0-7-222,8,0,1.0,0,sim
0-7-223,8,0,1.0,0,sim
0-7-224,8,0,1.0,0,sim
0-7-225,8,0,1.0,0,sim
0-7-226,8,0,0.0,0,sim
0-7-227,8,0,1.0,0,sim
0-7-228,8,0,0.0,0,sim
0-7-229,8,0,0.0,0,sim
0-7-230,8,0,0.0,0,sim
0-7-231,8,0,0.0,0,sim
0-7-232,8,0,1.0,0,sim
0-7-233,8,0,1.0,0,sim
0-7-234,8,0,0.0,0,sim
0-7-235,8,0,1.0,0,sim
0-7-236,8,0,1.0,0,sim
0-7-237,8,0,0.0,0,sim
0-7-238,8,0,0.0,0,sim
0-7-239,8,0,1.0,0,sim
0-8-0,9,0,1.0,0,sim
0-8-1,9,0,0.0,0,sim
0-8-2,9,0,1.0,0,sim
0-8-3,9,0,,0,sim
0-8-4,9,0,1.0,0,sim
0-8-5,9,0,1.0,0,sim
0-8-6,9,0,1.0,0,sim
0-8-7,9,0,1.0,0,sim
0-8-8,9,0,1.0,0,sim
0-8-9,9,0,1.0,0,sim
0-8-10,9,0,0.0,0,sim
0-8-11,9,0,1.0,0,sim
0-8-12,9,0,0.0,0,sim
0-8-13,9,0,1.0,0,sim
0-8-14,9,0,1.0,0,sim
0-8-15,9,0,0.0,0,sim
0-8-16,9,0,1.0,0,sim
0-8-17,9,0,0.0,0,sim
0-8-18,9,0,1.0,1,sim
0-8-19,9,0,1.0,0,sim
0-8-20,9,0,1.0,0,sim
0-8-21,9,0,0.0,0,sim
0-8-22,9,0,1.0,0,sim
0-8-23,9,0,0.0,0,sim
0-8-24,9,0,,0,sim
0-8-25,9,0,1.0,0,sim
0-8-26,9,0,1.0,0,sim
0-8-27,9,0,1.0,0,sim
0-8-28,9,0,1.0,0,sim
0-8-29,9,0,1.0,0,sim
0-8-30,9,0,1.0,0,sim
0-8-31,9,0,0.0,0,sim
0-8-32,9,0,1.0,0,sim
0-8-33,9,0,1.0,0,sim
0-8-34,9,0,1.0,0,sim
0-8-35,9,0,0.0,0,sim
0-8-36,9,0,1.0,0,sim
0-8-37,9,0,1.0,0,sim
0-8-38,9,0,0.0,0,sim
0-8-39,9,0,0.0,0,sim
0-8-40,9,0,1.0,0,sim
0-8-41,9,0,1.0,1,sim
0-8-42,9,0,1.0,0,sim
0-8-43,9,0,0.0,0,sim
0-8-44,9,0,1.0,0,sim
0-8-45,9,0,0.0,0,sim
0-8-46,9,0,1.0,0,sim
0-8-47,9,0,,0,sim
0-8-48,9,0,0.0,0,sim
0-8-49,9,0,1.0,0,sim
0-8-50,9,0,1.0,0,sim
0-8-51,9,0,1.0,0,sim
0-8-52,9,0,0.0,0,sim
0-8-53,9,0,0.0,0,sim
0-8-54,9,0,0.0,0,sim
0-8-55,9,0,0.0,0,sim
0-8-56,9,0,0.0,0,sim
0-8-57,9,0,1.0,0,sim
0-8-58,9,0,1.0,0,sim
0-8-59,9,0,1.0,0,sim
0-8-60,9,0,1.0,1,sim
0-8-61,9,0,0.0,0,sim
0-8-62,9,0,0.0,0,sim
0-8-63,9,0,0.0,0,sim
0-8-64,9,0,0.0,0,sim
0-8-65,9,0,0.0,0,sim
0-8-66,9,0,1.0,0,sim
0-8-67,9,0,1.0,0,sim
0-8-68,9,0,1.0,0,sim
0-8-69,9,0,1.0,0,sim
0-8-70,9,0,0.0,0,sim
0-8-71,9,0,0.0,0,sim
0-8-72,9,0,1.0,0,sim
0-8-73,9,0,1.0,0,sim
0-8-74,9,0,1.0,0,sim
0-8-75,9,0,1.0,0,sim
0-8-76,9,0,0.0,0,sim
0-8-77,9,0,1.0,0,sim
0-8-78,9,0,1.0,0,sim
0-8-79,9,0,,0,sim
0-8-80,9,0,1.0,0,sim
0-8-81,9,0,0.0,0,sim
0-8-82,9,0,1.0,0,sim
0-8-83,9,0,1.0,0,sim
0-8-84,9,0,1.0,0,sim
0-8-85,9,0,1.0,0,sim
0-8-86,9,0,1.0,0,sim
0-8-87,9,0,1.0,0,sim
0-8-88,9,0,1.0,0,sim
0-8-89,9,0,1.0,0,sim
0-8-90,9,0,0.0,0,sim
0-8-91,9,0,0.0,0,sim
0-8-92,9,0,1.0,0,sim
0-8-93,9,0,1.0,0,sim
0-8-94,9,0,1.0,0,sim
0-8-95,9,0,1.0,0,sim
0-8-96,9,0,1.0,0,sim
0-8-97,9,0,0.0,0,sim
0-8-98,9,0,1.0,0,sim
0-8-99,9,0,0.0,0,sim
0-8-100,9,0,1.0,0,sim
0-8-101,9,0,1.0,0,sim
0-8-102,9,0,0.0,0,sim
0-8-103,9,0,1.0,0,sim
0-8-104,9,0,1.0,0,sim
0-8-105,9,0,1.0,0,sim
0-8-106,9,0,1.0,0,sim
0-8-107,9,0,1.0,0,sim
0-8-108,9,0,0.0,0,sim
0-8-109,9,0,1.0,0,sim
0-8-110,9,0,0.0,0,sim
0-8-111,9,0,1.0,0,sim
0-8-112,9,0,1.0,0,sim
0-8-113,9,0,1.0,0,sim
0-8-114,9,0,0.0,0,sim
0-8-115,9,0,0.0,0,sim
0-8-116,9,0,1.0,0,sim
0-8-117,9,0,0.0,0,sim
0-8-118,9,0,0.0,0,sim
0-8-119,9,0,1.0,0,sim
0-8-120,9,0,0.0,0,sim
0-8-121,9,0,0.0,0,sim
0-8-122,9,0,1.0,0,sim
0-8-123,9,0,0.0,0,sim
0-8-124,9,0,1.0,0,sim
0-8-125,9,0,1.0,0,sim
0-8-126,9,0,0.0,0,sim
0-8-127,9,0,0.0,0,sim
0-8-128,9,0,0.0,0,sim
0-8-129,9,0,1.0,0,sim
0-8-130,9,0,0.0,0,sim
0-8-131,9,0,0.0,0,sim
0-8-132,9,0,1.0,0,sim
0-8-133,9,0,1.0,0,sim
0-8-134,9,0,1.0,0,sim
0-8-135,9,0,1.0,0,sim
0-8-136,9,0,1.0,0,sim
0-8-137,9,0,0.0,0,sim
0-8-138,9,0,1.0,0,sim
0-8-139,9,0,0.0,0,sim
0-8-140,9,0,1.0,0,sim
0-8-141,9,0,0.0,0,sim
0-8-142,9,0,1.0,1,sim
0-8-143,9,0,1.0,0,sim
0-8-144,9,0,1.0,0,sim
0-8-145,9,0,0.0,0,sim
0-8-146,9,0,1.0,0,sim
0-8-147,9,0,0.0,0,sim
0-8-148,9,0,1.0,0,sim
0-8-149,9,0,1.0,0,sim
0-8-150,9,0,1.0,0,sim
0-8-151,9,0,1.0,0,sim
0-8-152,9,0,0.0,0,sim
0-8-153,9,0,1.0,0,sim
0-8-154,9,0,1.0,0,sim
0-8-155,9,0,1.0,0,sim
0-8-156,9,0,1.0,0,sim
0-8-157,9,0,1.0,0,sim
0-8-158,9,0,0.0,0,sim
0-8-159,9,0,0.0,0,sim
0-8-160,9,0,1.0,0,sim
0-8-161,9,0,0.0,0,sim
0-8-162,9,0,1.0,0,sim
0-8-163,9,0,1.0,0,sim
0-8-164,9,0,1.0,0,sim
0-8-165,9,0,1.0,0,sim
0-8-166,9,0,0.0,0,sim
0-8-167,9,0,1.0,0,sim
0-8-168,9,0,1.0,0,sim
0-8-169,9,0,1.0,0,sim
0-8-170,9,0,1.0,0,sim
0-8-171,9,0,1.0,0,sim
0-8-172,9,0,1.0,0,sim
0-8-173,9,0,0.0,0,sim
0-8-174,9,0,1.0,0,sim
0-8-175,9,0,1.0,0,sim
0-8-176,9,0,1.0,0,sim
0-8-177,9,0,1.0,0,sim
0-8-178,9,0,0.0,0,sim
0-8-179,9,0,1.0,0,sim
0-8-180,9,0,1.0,0,sim
0-8-181,9,0,0.0,0,sim
0-8-182,9,0,1.0,0,sim
0-8-183,9,0,1.0,0,sim
0-8-184,9,0,1.0,0,sim
0-8-185,9,0,1.0,0,sim
0-8-186,9,0,1.0,0,sim
0-8-187,9,0,1.0,0,sim
0-8-188,9,0,,0,sim
0-8-189,9,0,1.0,0,sim
0-8-190,9,0,1.0,0,sim
0-8-191,9,0,0.0,0,sim
0-8-192,9,0,1.0,0,sim
0-8-193,9,0,0.0,0,sim
0-8-194,9,0,1.0,0,sim
0-8-195,9,0,1.0,0,sim
0-8-196,9,0,1.0,0,sim
0-8-197,9,0,0.0,0,sim
0-8-198,9,0,0.0,0,sim
0-8-199,9,0,1.0,0,sim
0-8-200,9,0,1.0,0,sim
0-8-201,9,0,0.0,0,sim
0-8-202,9,0,1.0,0,sim
0-8-203,9,0,1.0,0,sim
0-8-204,9,0,1.0,0,sim
0-8-205,9,0,1.0,0,sim
0-8-206,9,0,1.0,0,sim
0-8-207,9,0,0.0,0,sim
0-8-208,9,0,1.0,0,sim
0-8-209,9,0,1.0,0,sim
0-8-210,9,0,1.0,0,sim
0-8-211,9,0,0.0,0,sim
0-8-212,9,0,1.0,0,sim
0-8-213,9,0,1.0,0,sim
0-8-214,9,0,1.0,0,sim
0-8-215,9,0,1.0,0,sim
0-8-216,9,0,1.0,0,sim
0-8-217,9,0,0.0,0,sim
0-8-218,9,0,0.0,0,sim
0-8-219,9,0,1.0,0,sim
0-8-220,9,0,0.0,0,sim
0-8-221,9,0,1.0,0,sim
0-8-222,9,0,1.0,0,sim
0-8-223,9,0,1.0,0,sim
0-8-224,9,0,1.0,0,sim
0-8-225,9,0,1.0,0,sim
0-8-226,9,0,1.0,0,sim
0-8-227,9,0,1.0,0,sim
0-8-228,9,0,1.0,0,sim
0-8-229,9,0,1.0,0,sim
0-8-230,9,0,1.0,0,sim
0-8-231,9,0,1.0,0,sim
0-8-232,9,0,1.0,0,sim
0-8-233,9,0,1.0,0,sim
0-8-234,9,0,1.0,0,sim
0-8-235,9,0,,0,sim
0-8-236,9,0,1.0,0,sim
0-8-237,9,0,1.0,0,sim
0-8-238,9,0,1.0,0,sim
0-8-239,9,0,1.0,0,sim
0-9-0,10,0,1.0,0,sim
0-9-1,10,0,1.0,0,sim
0-9-2,10,0,1.0,0,sim
0-9-3,10,0,0.0,0,sim
0-9-4,10,0,1.0,0,sim
0-9-5,10,0,0.0,0,sim
0-9-6,10,0,1.0,0,sim
0-9-7,10,0,1.0,0,sim
0-9-8,10,0,0.0,1,sim
0-9-9,10,0,1.0,0,sim
0-9-10,10,0,1.0,0,sim
0-9-11,10,0,0.0,0,sim
0-9-12,10,0,0.0,0,sim
0-9-13,10,0,1.0,0,sim
0-9-14,10,0,1.0,0,sim
0-9-15,10,0,1.0,1,sim
0-9-16,10,0,0.0,0,sim
0-9-17,10,0,0.0,0,sim
0-9-18,10,0,1.0,0,sim
0-9-19,10,0,1.0,0,sim
0-9-20,10,0,1.0,0,sim
0-9-21,10,0,1.0,0,sim
0-9-22,10,0,,0,sim
0-9-23,10,0,1.0,0,sim
0-9-24,10,0,,0,sim
0-9-25,10,0,1.0,0,sim
0-9-26,10,0,1.0,0,sim
0-9-27,10,0,1.0,0,sim
0-9-28,10,0,0.0,0,sim
0-9-29,10,0,1.0,0,sim
0-9-30,10,0,0.0,1,sim
0-9-31,10,0,1.0,0,sim
0-9-32,10,0,0.0,0,sim
0-9-33,10,0,0.0,0,sim
0-9-34,10,0,1.0,0,sim
0-9-35,10,0,0.0,0,sim
0-9-36,10,0,0.0,0,sim
0-9-37,10,0,1.0,0,sim
0-9-38,10,0,0.0,0,sim
0-9-39,10,0,0.0,0,sim
0-9-40,10,0,0.0,1,sim
0-9-41,10,0,1.0,0,sim
0-9-42,10,0,1.0,0,sim
0-9-43,10,0,1.0,0,sim
0-9-44,10,0,1.0,0,sim
0-9-45,10,0,0.0,0,sim
0-9-46,10,0,1.0,0,sim
0-9-47,10,0,1.0,0,sim
0-9-48,10,0,1.0,0,sim
0-9-49,10,0,0.0,0,sim
0-9-50,10,0,0.0,0,sim
0-9-51,10,0,1.0,0,sim
0-9-52,10,0,1.0,0,sim
0-9-53,10,0,1.0,0,sim
0-9-54,10,0,0.0,0,sim
0-9-55,10,0,1.0,0,sim
0-9-56,10,0,0.0,0,sim
0-9-57,10,0,1.0,0,sim
0-9-58,10,0,0.0,0,sim
0-9-59,10,0,1.0,0,sim
0-9-60,10,0,1.0,0,sim
0-9-61,10,0,0.0,0,sim
0-9-62,10,0,1.0,0,sim
0-9-63,10,0,0.0,0,sim
0-9-64,10,0,1.0,0,sim
0-9-65,10,0,1.0,0,sim
0-9-66,10,0,1.0,0,sim
0-9-67,10,0,1.0,0,sim
0-9-68,10,0,0.0,0,sim
0-9-69,10,0,1.0,0,sim
0-9-70,10,0,1.0,1,sim
0-9-71,10,0,,0,sim
0-9-72,10,0,1.0,0,sim
0-9-73,10,0,1.0,0,sim
0-9-74,10,0,1.0,0,sim
0-9-75,10,0,1.0,0,sim
0-9-76,10,0,1.0,0,sim
0-9-77,10,0,,0,sim
0-9-78,10,0,0.0,0,sim
0-9-79,10,0,1.0,0,sim
0-9-80,10,0,1.0,0,sim
0-9-81,10,0,0.0,0,sim
0-9-82,10,0,1.0,0,sim
0-9-83,10,0,0.0,0,sim
0-9-84,10,0,1.0,0,sim
0-9-85,10,0,,0,sim
0-9-86,10,0,1.0,0,sim
0-9-87,10,0,1.0,0,sim
0-9-88,10,0,1.0,0,sim
0-9-89,10,0,0.0,0,sim
0-9-90,10,0,1.0,0,sim
0-9-91,10,0,1.0,0,sim
0-9-92,10,0,0.0,0,sim
0-9-93,10,0,1.0,0,sim
0-9-94,10,0,1.0,0,sim
0-9-95,10,0,1.0,0,sim
0-9-96,10,0,0.0,0,sim
0-9-97,10,0,1.0,0,sim
0-9-98,10,0,1.0,0,sim
0-9-99,10,0,0.0,0,sim
0-9-100,10,0,1.0,0,sim
0-9-101,10,0,1.0,0,sim
0-9-102,10,0,1.0,0,sim
0-9-103,10,0,0.0,0,sim
0-9-104,10,0,1.0,0,sim
0-9-105,10,0,1.0,0,sim
0-9-106,10,0,1.0,0,sim
0-9-107,10,0,1.0,0,sim
0-9-108,10,0,1.0,0,sim
0-9-109,10,0,0.0,0,sim
0-9-110,10,0,1.0,0,sim
0-9-111,10,0,1.0,0,sim
0-9-112,10,0,1.0,0,sim
0-9-113,10,0,0.0,0,sim
0-9-114,10,0,1.0,0,sim
0-9-115,10,0,1.0,0,sim
0-9-116,10,0,1.0,0,sim
0-9-117,10,0,1.0,0,sim
0-9-118,10,0,1.0,0,sim
0-9-119,10,0,1.0,0,sim
0-9-120,10,0,1.0,0,sim
0-9-121,10,0,1.0,0,sim
0-9-122,10,0,1.0,0,sim
0-9-123,10,0,0.0,0,sim
0-9-124,10,0,1.0,0,sim
0-9-125,10,0,,0,sim
0-9-126,10,0,0.0,0,sim
0-9-127,10,0,1.0,0,sim
0-9-128,10,0,1.0,0,sim
0-9-129,10,0,1.0,0,sim
0-9-130,10,0,1.0,0,sim
0-9-131,10,0,1.0,0,sim
0-9-132,10,0,0.0,0,sim
0-9-133,10,0,0.0,0,sim
0-9-134,10,0,1.0,0,sim
0-9-135,10,0,0.0,0,sim
0-9-136,10,0,0.0,0,sim
0-9-137,10,0,1.0,0,sim
0-9-138,10,0,1.0,0,sim
0-9-139,10,0,0.0,0,sim
0-9-140,10,0,0.0,0,sim
0-9-141,10,0,0.0,0,sim
0-9-142,10,0,0.0,0,sim
0-9-143,10,0,,0,sim
0-9-144,10,0,1.0,0,sim
0-9-145,10,0,0.0,1,sim
0-9-146,10,0,1.0,0,sim
0-9-147,10,0,1.0,0,sim
0-9-148,10,0,1.0,0,sim
0-9-149,10,0,0.0,0,sim
0-9-150,10,0,1.0,0,sim
0-9-151,10,0,1.0,0,sim
0-9-152,10,0,0.0,0,sim
0-9-153,10,0,1.0,0,sim
0-9-154,10,0,0.0,0,sim
0-9-155,10,0,1.0,0,sim
0-9-156,10,0,1.0,0,sim
0-9-157,10,0,1.0,0,sim
0-9-158,10,0,1.0,0,sim
0-9-159,10,0,0.0,0,sim
0-9-160,10,0,1.0,0,sim
0-9-161,10,0,1.0,0,sim
0-9-162,10,0,1.0,0,sim
0-9-163,10,0,1.0,0,sim
0-9-164,10,0,1.0,0,sim
0-9-165,10,0,1.0,0,sim
0-9-166,10,0,0.0,0,sim
0-9-167,10,0,1.0,0,sim
0-9-168,10,0,1.0,0,sim
0-9-169,10,0,1.0,0,sim
0-9-170,10,0,0.0,0,sim
0-9-171,10,0,1.0,0,sim
0-9-172,10,0,0.0,0,sim
0-9-173,10,0,1.0,0,sim
0-9-174,10,0,1.0,0,sim
0-9-175,10,0,,0,sim
0-9-176,10,0,1.0,0,sim
0-9-177,10,0,1.0,0,sim
0-9-178,10,0,1.0,0,sim
0-9-179,10,0,1.0,0,sim
0-9-180,10,0,1.0,0,sim
0-9-181,10,0,1.0,0,sim
0-9-182,10,0,1.0,0,sim
0-9-183,10,0,1.0,0,sim
0-9-184,10,0,1.0,0,sim
0-9-185,10,0,1.0,0,sim
0-9-186,10,0,1.0,0,sim
0-9-187,10,0,1.0,0,sim
0-9-188,10,0,1.0,0,sim
0-9-189,10,0,0.0,0,sim
0-9-190,10,0,0.0,1,sim
0-9-191,10,0,1.0,1,sim
0-9-192,10,0,1.0,0,sim
0-9-193,10,0,1.0,0,sim
0-9-194,10,0,0.0,0,sim
0-9-195,10,0,0.0,0,sim
0-9-196,10,0,1.0,0,sim
0-9-197,10,0,1.0,0,sim
0-9-198,10,0,1.0,0,sim
0-9-199,10,0,0.0,0,sim
0-9-200,10,0,1.0,0,sim
0-9-201,10,0,0.0,0,sim
0-9-202,10,0,0.0,0,sim
0-9-203,10,0,1.0,0,sim
0-9-204,10,0,1.0,0,sim
0-9-205,10,0,1.0,0,sim
0-9-206,10,0,0.0,0,sim
0-9-207,10,0,1.0,0,sim
0-9-208,10,0,1.0,0,sim
0-9-209,10,0,0.0,0,sim
0-9-210,10,0,1.0,0,sim
0-9-211,10,0,0.0,0,sim
0-9-212,10,0,1.0,0,sim
0-9-213,10,0,0.0,0,sim
0-9-214,10,0,1.0,0,sim
0-9-215,10,0,1.0,0,sim
0-9-216,10,0,0.0,0,sim
0-9-217,10,0,1.0,0,sim
0-9-218,10,0,0.0,0,sim
0-9-219,10,0,0.0,0,sim
0-9-220,10,0,0.0,0,sim
0-9-221,10,0,1.0,0,sim
0-9-222,10,0,0.0,0,sim
0-9-223,10,0,0.0,0,sim
0-9-224,10,0,1.0,0,sim
0-9-225,10,0,1.0,0,sim
0-9-226,10,0,1.0,0,sim
0-9-227,10,0,1.0,0,sim
0-9-228,10,0,1.0,0,sim
0-9-229,10,0,1.0,0,sim
0-9-230,10,0,1.0,0,sim
0-9-231,10,0,1.0,0,sim
0-9-232,10,0,0.0,0,sim
0-9-233,10,0,1.0,0,sim
0-9-234,10,0,1.0,0,sim
0-9-235,10,0,0.0,0,sim
0-9-236,10,0,1.0,0,sim
0-9-237,10,0,1.0,0,sim
0-9-238,10,0,1.0,0,sim
0-9-239,10,0,1.0,0,sim
0-10-0,11,0,0.0,0,sim
0-10-1,11,0,1.0,0,sim
0-10-2,11,0,1.0,0,sim
0-10-3,11,0,1.0,0,sim
0-10-4,11,0,1.0,0,sim
0-10-5,11,0,0.0,0,sim
0-10-6,11,0,1.0,0,sim
0-10-7,11,0,1.0,0,sim
0-10-8,11,0,1.0,0,sim
0-10-9,11,0,1.0,0,sim
0-10-10,11,0,1.0,0,sim
0-10-11,11,0,1.0,0,sim
0-10-12,11,0,0.0,0,sim
0-10-13,11,0,0.0,0,sim
0-10-14,11,0,0.0,0,sim
0-10-15,11,0,0.0,0,sim
0-10-16,11,0,1.0,0,sim
0-10-17,11,0,0.0,0,sim
0-10-18,11,0,1.0,0,sim
0-10-19,11,0,0.0,0,sim
0-10-20,11,0,1.0,0,sim
0-10-21,11,0,0.0,0,sim
0-10-22,11,0,0.0,0,sim
0-10-23,11,0,0.0,0,sim
0-10-24,11,0,1.0,0,sim
0-10-25,11,0,1.0,0,sim
0-10-26,11,0,1.0,0,sim
0-10-27,11,0,1.0,0,sim
0-10-28,11,0,0.0,0,sim
0-10-29,11,0,0.0,0,sim
0-10-30,11,0,0.0,0,sim
0-10-31,11,0,1.0,0,sim
0-10-32,11,0,0.0,0,sim
0-10-33,11,0,0.0,0,sim
0-10-34,11,0,0.0,0,sim
0-10-35,11,0,0.0,0,sim
0-10-36,11,0,0.0,0,sim
0-10-37,11,0,1.0,0,sim
0-10-38,11,0,0.0,0,sim
0-10-39,11,0,0.0,0,sim
0-10-40,11,0,1.0,0,sim
0-10-41,11,0,1.0,0,sim
0-10-42,11,0,1.0,0,sim
0-10-43,11,0,0.0,0,sim
0-10-44,11,0,1.0,0,sim
0-10-45,11,0,1.0,0,sim
0-10-46,11,0,0.0,0,sim
0-10-47,11,0,1.0,0,sim
0-10-48,11,0,1.0,0,sim
0-10-49,11,0,1.0,0,sim
0-10-50,11,0,0.0,0,sim
0-10-51,11,0,0.0,0,sim
0-10-52,11,0,1.0,0,sim
0-10-53,11,0,0.0,0,sim
0-10-54,11,0,1.0,0,sim
0-10-55,11,0,1.0,0,sim
0-10-56,11,0,1.0,0,sim
0-10-57,11,0,1.0,0,sim
0-10-58,11,0,1.0,0,sim
0-10-59,11,0,0.0,0,sim
0-10-60,11,0,0.0,0,sim
0-10-61,11,0,1.0,0,sim
0-10-62,11,0,1.0,0,sim
0-10-63,11,0,1.0,0,sim
0-10-64,11,0,1.0,0,sim
0-10-65,11,0,1.0,0,sim
0-10-66,11,0,0.0,0,sim
0-10-67,11,0,0.0,0,sim
0-10-68,11,0,0.0,0,sim
0-10-69,11,0,0.0,0,sim
0-10-70,11,0,0.0,0,sim
0-10-71,11,0,0.0,0,sim
0-10-72,11,0,1.0,0,sim
0-10-73,11,0,1.0,0,sim
0-10-74,11,0,0.0,0,sim
0-10-75,11,0,0.0,0,sim
0-10-76,11,0,1.0,0,sim
0-10-77,11,0,1.0,0,sim
0-10-78,11,0,1.0,0,sim
0-10-79,11,0,1.0,0,sim
0-10-80,11,0,0.0,0,sim
0-10-81,11,0,1.0,0,sim
0-10-82,11,0,1.0,0,sim
0-10-83,11,0,1.0,0,sim
0-10-84,11,0,0.0,1,sim
0-10-85,11,0,0.0,0,sim
0-10-86,11,0,1.0,0,sim
0-10-87,11,0,1.0,1,sim
0-10-88,11,0,1.0,0,sim
0-10-89,11,0,0.0,0,sim
0-10-90,11,0,0.0,0,sim
0-10-91,11,0,1.0,0,sim
0-10-92,11,0,1.0,0,sim
0-10-93,11,0,1.0,0,sim
0-10-94,11,0,1.0,0,sim
0-10-95,11,0,1.0,0,sim
0-10-96,11,0,1.0,0,sim
0-10-97,11,0,1.0,0,sim
0-10-98,11,0,0.0,0,sim
0-10-99,11,0,1.0,0,sim
0-10-100,11,0,1.0,0,sim
0-10-101,11,0,1.0,0,sim
0-10-102,11,0,,0,sim
0-10-103,11,0,1.0,0,sim
0-10-104,11,0,1.0,0,sim
0-10-105,11,0,0.0,0,sim
0-10-106,11,0,,0,sim
0-10-107,11,0,1.0,0,sim
0-10-108,11,0,1.0,0,sim
0-10-109,11,0,1.0,0,sim
0-10-110,11,0,0.0,0,sim
0-10-111,11,0,0.0,0,sim
0-10-112,11,0,0.0,0,sim
0-10-113,11,0,1.0,0,sim
0-10-114,11,0,1.0,0,sim
0-10-115,11,0,0.0,0,sim
0-10-116,11,0,1.0,0,sim
0-10-117,11,0,0.0,0,sim
0-10-118,11,0,1.0,0,sim
0-10-119,11,0,1.0,0,sim
0-10-120,11,0,1.0,0,sim
0-10-121,11,0,0.0,0,sim
0-10-122,11,0,1.0,0,sim
0-10-123,11,0,1.0,0,sim
0-10-124,11,0,0.0,0,sim
0-10-125,11,0,0.0,0,sim
0-10-126,11,0,1.0,0,sim
0-10-127,11,0,0.0,0,sim
0-10-128,11,0,0.0,0,sim
0-10-129,11,0,1.0,0,sim
0-10-130,11,0,0.0,0,sim
0-10-131,11,0,0.0,0,sim
0-10-132,11,0,1.0,0,sim
0-10-133,11,0,0.0,0,sim
0-10-134,11,0,1.0,0,sim
0-10-135,11,0,1.0,0,sim
0-10-136,11,0,1.0,0,sim
0-10-137,11,0,1.0,0,sim
0-10-138,11,0,1.0,0,sim
0-10-139,11,0,1.0,0,sim
0-10-140,11,0,1.0,0,sim
0-10-141,11,0,0.0,0,sim
0-10-142,11,0,1.0,0,sim
0-10-143,11,0,1.0,0,sim
0-10-144,11,0,0.0,0,sim
0-10-145,11,0,1.0,0,sim
0-10-146,11,0,0.0,0,sim
0-10-147,11,0,1.0,0,sim
0-10-148,11,0,1.0,0,sim
0-10-149,11,0,0.0,0,sim
0-10-150,11,0,1.0,0,sim
0-10-151,11,0,0.0,0,sim
0-10-152,11,0,1.0,0,sim
0-10-153,11,0,0.0,0,sim
0-10-154,11,0,0.0,0,sim
0-10-155,11,0,1.0,0,sim
0-10-156,11,0,0.0,0,sim
0-10-157,11,0,0.0,0,sim
0-10-158,11,0,1.0,0,sim
0-10-159,11,0,1.0,0,sim
0-10-160,11,0,0.0,0,sim
0-10-161,11,0,1.0,0,sim
0-10-162,11,0,0.0,0,sim
0-10-163,11,0,0.0,0,sim
0-10-164,11,0,1.0,0,sim
0-10-165,11,0,0.0,0,sim
0-10-166,11,0,1.0,1,sim
0-10-167,11,0,1.0,0,sim
0-10-168,11,0,0.0,0,sim
0-10-169,11,0,1.0,0,sim
0-10-170,11,0,0.0,0,sim
0-10-171,11,0,0.0,0,sim
0-10-172,11,0,1.0,0,sim
0-10-173,11,0,1.0,0,sim
0-10-174,11,0,1.0,0,sim
0-10-175,11,0,0.0,0,sim
0-10-176,11,0,0.0,0,sim
0-10-177,11,0,1.0,0,sim
0-10-178,11,0,1.0,0,sim
0-10-179,11,0,1.0,0,sim
0-10-180,11,0,0.0,1,sim
0-10-181,11,0,1.0,0,sim
0-10-182,11,0,1.0,0,sim
0-10-183,11,0,0.0,0,sim
0-10-184,11,0,0.0,0,sim
0-10-185,11,0,1.0,0,sim
0-10-186,11,0,1.0,0,sim
0-10-187,11,0,1.0,0,sim
0-10-188,11,0,0.0,0,sim
0-10-189,11,0,1.0,0,sim
0-10-190,11,0,0.0,0,sim
0-10-191,11,0,0.0,0,sim
0-10-192,11,0,1.0,1,sim
0-10-193,11,0,0.0,0,sim
0-10-194,11,0,0.0,0,sim
0-10-195,11,0,1.0,0,sim
0-10-196,11,0,1.0,0,sim
0-10-197,11,0,1.0,0,sim
0-10-198,11,0,0.0,0,sim
0-10-199,11,0,1.0,1,sim
0-10-200,11,0,1.0,0,sim
0-10-201,11,0,1.0,0,sim
0-10-202,11,0,1.0,0,sim
0-10-203,11,0,1.0,0,sim
0-10-204,11,0,0.0,0,sim
0-10-205,11,0,0.0,0,sim
0-10-206,11,0,0.0,0,sim
0-10-207,11,0,0.0,0,sim
0-10-208,11,0,1.0,0,sim
0-10-209,11,0,0.0,0,sim
0-10-210,11,0,0.0,0,sim
0-10-211,11,0,0.0,0,sim
0-10-212,11,0,1.0,0,sim
0-10-213,11,0,1.0,1,sim
0-10-214,11,0,0.0,0,sim
0-10-215,11,0,0.0,0,sim
0-10-216,11,0,1.0,0,sim
0-10-217,11,0,0.0,0,sim
0-10-218,11,0,1.0,0,sim
0-10-219,11,0,1.0,0,sim
0-10-220,11,0,0.0,0,sim
0-10-221,11,0,1.0,0,sim
0-10-222,11,0,0.0,0,sim
0-10-223,11,0,1.0,0,sim
0-10-224,11,0,1.0,0,sim
0-10-225,11,0,1.0,0,sim
0-10-226,11,0,0.0,0,sim
0-10-227,11,0,0.0,0,sim
0-10-228,11,0,1.0,0,sim
0-10-229,11,0,0.0,0,sim
0-10-230,11,0,1.0,0,sim
0-10-231,11,0,1.0,0,sim
0-10-232,11,0,1.0,0,sim
0-10-233,11,0,1.0,0,sim
0-10-234,11,0,0.0,0,sim
0-10-235,11,0,0.0,0,sim
0-10-236,11,0,1.0,0,sim
0-10-237,11,0,1.0,0,sim
0-10-238,11,0,1.0,0,sim
0-10-239,11,0,1.0,0,sim
0-11-0,12,0,0.0,0,sim
0-11-1,12,0,1.0,0,sim
0-11-2,12,0,1.0,0,sim
0-11-3,12,0,1.0,0,sim
0-11-4,12,0,1.0,0,sim
0-11-5,12,0,1.0,0,sim
0-11-6,12,0,1.0,0,sim
0-11-7,12,0,1.0,0,sim
0-11-8,12,0,0.0,0,sim
0-11-9,12,0,0.0,0,sim
0-11-10,12,0,0.0,0,sim
0-11-11,12,0,1.0,0,sim
0-11-12,12,0,0.0,0,sim
0-11-13,12,0,0.0,0,sim
0-11-14,12,0,1.0,0,sim
0-11-15,12,0,0.0,0,sim
0-11-16,12,0,1.0,0,sim
0-11-17,12,0,1.0,0,sim
0-11-18,12,0,1.0,0,sim
0-11-19,12,0,1.0,1,sim
0-11-20,12,0,1.0,0,sim
0-11-21,12,0,1.0,0,sim
0-11-22,12,0,1.0,0,sim
0-11-23,12,0,0.0,0,sim
0-11-24,12,0,0.0,0,sim
0-11-25,12,0,1.0,0,sim
0-11-26,12,0,1.0,0,sim
0-11-27,12,0,1.0,0,sim
0-11-28,12,0,1.0,0,sim
0-11-29,12,0,1.0,0,sim
0-11-30,12,0,0.0,0,sim
0-11-31,12,0,1.0,0,sim
0-11-32,12,0,1.0,0,sim
0-11-33,12,0,1.0,0,sim
0-11-34,12,0,0.0,0,sim
0-11-35,12,0,1.0,0,sim
0-11-36,12,0,1.0,0,sim
0-11-37,12,0,1.0,0,sim
0-11-38,12,0,1.0,0,sim
0-11-39,12,0,0.0,0,sim
0-11-40,12,0,0.0,0,sim
0-11-41,12,0,1.0,0,sim
0-11-42,12,0,1.0,0,sim
0-11-43,12,0,0.0,0,sim
0-11-44,12,0,1.0,0,sim
0-11-45,12,0,0.0,0,sim
0-11-46,12,0,0.0,0,sim
0-11-47,12,0,1.0,0,sim
0-11-48,12,0,0.0,0,sim
0-11-49,12,0,1.0,0,sim
0-11-50,12,0,0.0,0,sim
0-11-51,12,0,1.0,0,sim
0-11-52,12,0,0.0,0,sim
0-11-53,12,0,0.0,0,sim
0-11-54,12,0,0.0,0,sim
0-11-55,12,0,1.0,0,sim
0-11-56,12,0,1.0,0,sim
0-11-57,12,0,1.0,0,sim
0-11-58,12,0,0.0,0,sim
0-11-59,12,0,0.0,0,sim
0-11-60,12,0,0.0,0,sim
0-11-61,12,0,1.0,0,sim
0-11-62,12,0,1.0,0,sim
0-11-63,12,0,0.0,0,sim
0-11-64,12,0,1.0,0,sim
0-11-65,12,0,1.0,0,sim
0-11-66,12,0,0.0,0,sim
0-11-67,12,0,0.0,0,sim
0-11-68,12,0,1.0,0,sim
0-11-69,12,0,1.0,0,sim
0-11-70,12,0,0.0,0,sim
0-11-71,12,0,1.0,0,sim
0-11-72,12,0,1.0,0,sim
0-11-73,12,0,1.0,0,sim
0-11-74,12,0,0.0,0,sim
0-11-75,12,0,0.0,0,sim
0-11-76,12,0,1.0,0,sim
0-11-77,12,0,0.0,0,sim
0-11-78,12,0,1.0,0,sim
0-11-79,12,0,0.0,0,sim
0-11-80,12,0,0.0,0,sim
0-11-81,12,0,0.0,0,sim
0-11-82,12,0,0.0,0,sim
0-11-83,12,0,0.0,0,sim
0-11-84,12,0,0.0,0,sim
0-11-85,12,0,0.0,0,sim
0-11-86,12,0,0.0,0,sim
0-11-87,12,0,0.0,0,sim
0-11-88,12,0,1.0,0,sim
0-11-89,12,0,0.0,0,sim
0-11-90,12,0,0.0,0,sim
0-11-91,12,0,,0,sim
0-11-92,12,0,1.0,0,sim
0-11-93,12,0,1.0,0,sim
0-11-94,12,0,0.0,0,sim
0-11-95,12,0,1.0,0,sim
0-11-96,12,0,1.0,0,sim
0-11-97,12,0,0.0,0,sim
0-11-98,12,0,0.0,0,sim
0-11-99,12,0,1.0,0,sim
0-11-100,12,0,,0,sim
0-11-101,12,0,0.0,0,sim
0-11-102,12,0,0.0,0,sim
0-11-103,12,0,1.0,0,sim
0-11-104,12,0,0.0,0,sim
0-11-105,12,0,1.0,0,sim
0-11-106,12,0,1.0,0,sim
0-11-107,12,0,1.0,0,sim
0-11-108,12,0,,0,sim
0-11-109,12,0,1.0,0,sim
0-11-110,12,0,0.0,0,sim
0-11-111,12,0,1.0,0,sim
0-11-112,12,0,0.0,0,sim
0-11-113,12,0,0.0,0,sim
0-11-114,12,0,1.0,0,sim
0-11-115,12,0,0.0,0,sim
0-11-116,12,0,0.0,0,sim
0-11-117,12,0,1.0,0,sim
0-11-118,12,0,1.0,0,sim
0-11-119,12,0,1.0,0,sim
0-11-120,12,0,1.0,0,sim
0-11-121,12,0,1.0,0,sim
0-11-122,12,0,1.0,0,sim
0-11-123,12,0,1.0,0,sim
0-11-124,12,0,1.0,0,sim
0-11-125,12,0,0.0,0,sim
0-11-126,12,0,1.0,0,sim
0-11-127,12,0,1.0,0,sim
0-11-128,12,0,1.0,0,sim
0-11-129,12,0,0.0,0,sim
0-11-130,12,0,0.0,0,sim
0-11-131,12,0,0.0,0,sim
0-11-132,12,0,1.0,0,sim
0-11-133,12,0,1.0,1,sim
0-11-134,12,0,0.0,0,sim
0-11-135,12,0,0.0,0,sim
0-11-136,12,0,1.0,0,sim
0-11-137,12,0,1.0,0,sim
0-11-138,12,0,1.0,0,sim
0-11-139,12,0,1.0,0,sim
0-11-140,12,0,1.0,0,sim
0-11-141,12,0,0.0,0,sim
0-11-142,12,0,1.0,0,sim
0-11-143,12,0,0.0,0,sim
0-11-144,12,0,0.0,0,sim
0-11-145,12,0,0.0,0,sim
0-11-146,12,0,1.0,0,sim
0-11-147,12,0,0.0,0,sim
0-11-148,12,0,1.0,0,sim
0-11-149,12,0,1.0,0,sim
0-11-150,12,0,,0,sim
0-11-151,12,0,1.0,0,sim
0-11-152,12,0,0.0,0,sim
0-11-153,12,0,0.0,0,sim
0-11-154,12,0,0.0,0,sim
0-11-155,12,0,0.0,0,sim
0-11-156,12,0,0.0,0,sim
0-11-157,12,0,1.0,0,sim
0-11-158,12,0,1.0,0,sim
0-11-159,12,0,0.0,0,sim
0-11-160,12,0,1.0,0,sim
0-11-161,12,0,0.0,0,sim
0-11-162,12,0,0.0,0,sim
0-11-163,12,0,0.0,0,sim
0-11-164,12,0,1.0,0,sim
0-11-165,12,0,0.0,0,sim
0-11-166,12,0,1.0,0,sim
0-11-167,12,0,0.0,0,sim
0-11-168,12,0,1.0,0,sim
0-11-169,12,0,1.0,0,sim
0-11-170,12,0,1.0,0,sim
0-11-171,12,0,1.0,0,sim
0-11-172,12,0,0.0,1,sim
0-11-173,12,0,0.0,0,sim
0-11-174,12,0,0.0,0,sim
0-11-175,12,0,,0,sim
0-11-176,12,0,0.0,0,sim
0-11-177,12,0,1.0,0,sim
0-11-178,12,0,0.0,0,sim
0-11-179,12,0,1.0,0,sim
0-11-180,12,0,1.0,0,sim
0-11-181,12,0,0.0,0,sim
0-11-182,12,0,0.0,0,sim
0-11-183,12,0,0.0,0,sim
0-11-184,12,0,0.0,0,sim
0-11-185,12,0,1.0,0,sim
0-11-186,12,0,0.0,0,sim
0-11-187,12,0,1.0,0,sim
0-11-188,12,0,0.0,0,sim
0-11-189,12,0,0.0,0,sim
0-11-190,12,0,0.0,0,sim
0-11-191,12,0,0.0,1,sim
0-11-192,12,0,1.0,0,sim
0-11-193,12,0,1.0,0,sim
0-11-194,12,0,1.0,0,sim
0-11-195,12,0,1.0,0,sim
0-11-196,12,0,0.0,0,sim
0-11-197,12,0,1.0,0,sim
0-11-198,12,0,1.0,0,sim
0-11-199,12,0,1.0,0,sim
0-11-200,12,0,0.0,0,sim
0-11-201,12,0,1.0,0,sim
0-11-202,12,0,1.0,0,sim
0-11-203,12,0,1.0,0,sim
0-11-204,12,0,1.0,0,sim
0-11-205,12,0,0.0,0,sim
0-11-206,12,0,0.0,0,sim
0-11-207,12,0,0.0,0,sim
0-11-208,12,0,1.0,0,sim
0-11-209,12,0,1.0,0,sim
0-11-210,12,0,0.0,0,sim
0-11-211,12,0,1.0,0,sim
0-11-212,12,0,0.0,0,sim
0-11-213,12,0,1.0,0,sim
0-11-214,12,0,1.0,0,sim
0-11-215,12,0,0.0,0,sim
0-11-216,12,0,0.0,0,sim
0-11-217,12,0,1.0,0,sim
0-11-218,12,0,1.0,1,sim
0-11-219,12,0,1.0,0,sim
0-11-220,12,0,0.0,0,sim
0-11-221,12,0,1.0,0,sim
0-11-222,12,0,1.0,0,sim
0-11-223,12,0,0.0,0,sim
0-11-224,12,0,1.0,0,sim
0-11-225,12,0,1.0,0,sim
0-11-226,12,0,1.0,0,sim
0-11-227,12,0,1.0,0,sim
0-11-228,12,0,1.0,0,sim
0-11-229,12,0,0.0,0,sim
0-11-230,12,0,1.0,0,sim
0-11-231,12,0,1.0,0,sim
0-11-232,12,0,1.0,0,sim
0-11-233,12,0,1.0,0,sim
0-11-234,12,0,1.0,0,sim
0-11-235,12,0,0.0,0,sim
0-11-236,12,0,0.0,0,sim
0-11-237,12,0,1.0,0,sim
0-11-238,12,0,0.0,0,sim
0-11-239,12,0,0.0,0,sim
0-12-0,13,0,1.0,0,sim
0-12-1,13,0,0.0,0,sim
0-12-2,13,0,1.0,0,sim
0-12-3,13,0,0.0,0,sim
0-12-4,13,0,0.0,0,sim
0-12-5,13,0,1.0,0,sim
0-12-6,13,0,1.0,0,sim
0-12-7,13,0,1.0,0,sim
0-12-8,13,0,0.0,0,sim
0-12-9,13,0,1.0,0,sim
0-12-10,13,0,1.0,0,sim
0-12-11,13,0,0.0,0,sim
0-12-12,13,0,0.0,0,sim
0-12-13,13,0,0.0,0,sim
0-12-14,13,0,0.0,0,sim
0-12-15,13,0,0.0,0,sim
0-12-16,13,0,0.0,0,sim
0-12-17,13,0,0.0,0,sim
0-12-18,13,0,0.0,0,sim
0-12-19,13,0,0.0,0,sim
0-12-20,13,0,1.0,0,sim
0-12-21,13,0,1.0,0,sim
0-12-22,13,0,1.0,0,sim
0-12-23,13,0,0.0,0,sim
0-12-24,13,0,1.0,0,sim
0-12-25,13,0,1.0,0,sim
0-12-26,13,0,0.0,0,sim
0-12-27,13,0,0.0,0,sim
0-12-28,13,0,1.0,0,sim
0-12-29,13,0,0.0,0,sim
0-12-30,13,0,0.0,0,sim
0-12-31,13,0,0.0,0,sim
0-12-32,13,0,0.0,0,sim
0-12-33,13,0,0.0,0,sim
0-12-34,13,0,1.0,0,sim
0-12-35,13,0,1.0,0,sim
0-12-36,13,0,0.0,0,sim
0-12-37,13,0,0.0,0,sim
0-12-38,13,0,0.0,0,sim
0-12-39,13,0,0.0,0,sim
0-12-40,13,0,1.0,0,sim
0-12-41,13,0,1.0,0,sim
0-12-42,13,0,1.0,0,sim
0-12-43,13,0,,0,sim
0-12-44,13,0,0.0,0,sim
0-12-45,13,0,0.0,0,sim
0-12-46,13,0,0.0,0,sim
0-12-47,13,0,0.0,0,sim
0-12-48,13,0,0.0,0,sim
0-12-49,13,0,1.0,0,sim
0-12-50,13,0,1.0,0,sim
0-12-51,13,0,1.0,0,sim
0-12-52,13,0,0.0,0,sim
0-12-53,13,0,1.0,0,sim
0-12-54,13,0,0.0,0,sim
0-12-55,13,0,0.0,0,sim
0-12-56,13,0,1.0,0,sim
0-12-57,13,0,0.0,0,sim
0-12-58,13,0,0.0,0,sim
0-12-59,13,0,1.0,0,sim
0-12-60,13,0,1.0,0,sim
0-12-61,13,0,1.0,0,sim
0-12-62,13,0,0.0,0,sim
0-12-63,13,0,0.0,0,sim
0-12-64,13,0,1.0,0,sim
0-12-65,13,0,0.0,0,sim
0-12-66,13,0,0.0,0,sim
0-12-67,13,0,1.0,0,sim
0-12-68,13,0,1.0,0,sim
0-12-69,13,0,0.0,0,sim
0-12-70,13,0,1.0,1,sim
0-12-71,13,0,0.0,0,sim
0-12-72,13,0,0.0,0,sim
0-12-73,13,0,0.0,0,sim
0-12-74,13,0,1.0,0,sim
0-12-75,13,0,1.0,0,sim
0-12-76,13,0,1.0,0,sim
0-12-77,13,0,1.0,0,sim
0-12-78,13,0,0.0,0,sim
0-12-79,13,0,1.0,0,sim
0-12-80,13,0,0.0,0,sim
0-12-81,13,0,1.0,0,sim
0-12-82,13,0,0.0,0,sim
0-12-83,13,0,,0,sim
0-12-84,13,0,0.0,0,sim
0-12-85,13,0,0.0,0,sim
0-12-86,13,0,0.0,0,sim
0-12-87,13,0,1.0,0,sim
0-12-88,13,0,1.0,0,sim
0-12-89,13,0,1.0,0,sim
0-12-90,13,0,,0,sim
0-12-91,13,0,1.0,0,sim
0-12-92,13,0,,0,sim
0-12-93,13,0,0.0,0,sim
0-12-94,13,0,1.0,0,sim
0-12-95,13,0,1.0,0,sim
0-12-96,13,0,0.0,0,sim
0-12-97,13,0,1.0,0,sim
0-12-98,13,0,0.0,0,sim
0-12-99,13,0,1.0,0,sim
0-12-100,13,0,1.0,0,sim
0-12-101,13,0,0.0,0,sim
0-12-102,13,0,0.0,0,sim
0-12-103,13,0,1.0,0,sim
0-12-104,13,0,1.0,0,sim
0-12-105,13,0,0.0,0,sim
0-12-106,13,0,1.0,0,sim
0-12-107,13,0,1.0,0,sim
0-12-108,13,0,0.0,0,sim
0-12-109,13,0,1.0,0,sim
0-12-110,13,0,0.0,0,sim
0-12-111,13,0,0.0,0,sim
0-12-112,13,0,1.0,0,sim
0-12-113,13,0,0.0,0,sim
0-12-114,13,0,1.0,0,sim
0-12-115,13,0,1.0,0,sim
0-12-116,13,0,0.0,0,sim
0-12-117,13,0,1.0,0,sim
0-12-118,13,0,0.0,0,sim
0-12-119,13,0,1.0,0,sim
0-12-120,13,0,1.0,0,sim
0-12-121,13,0,0.0,0,sim
0-12-122,13,0,0.0,0,sim
0-12-123,13,0,0.0,0,sim
0-12-124,13,0,0.0,0,sim
0-12-125,13,0,0.0,0,sim
0-12-126,13,0,1.0,0,sim
0-12-127,13,0,0.0,0,sim
0-12-128,13,0,0.0,0,sim
0-12-129,13,0,0.0,0,sim
0-12-130,13,0,1.0,0,sim
0-12-131,13,0,1.0,0,sim
0-12-132,13,0,,0,sim
0-12-133,13,0,0.0,0,sim
0-12-134,13,0,1.0,0,sim
0-12-135,13,0,1.0,0,sim
0-12-136,13,0,0.0,0,sim
0-12-137,13,0,0.0,0,sim
0-12-138,13,0,0.0,0,sim
0-12-139,13,0,0.0,0,sim
0-12-140,13,0,1.0,0,sim
0-12-141,13,0,1.0,0,sim
0-12-142,13,0,0.0,0,sim
0-12-143,13,0,0.0,0,sim
0-12-144,13,0,1.0,0,sim
0-12-145,13,0,1.0,0,sim
0-12-146,13,0,1.0,0,sim
0-12-147,13,0,0.0,0,sim
0-12-148,13,0,0.0,0,sim
0-12-149,13,0,1.0,0,sim
0-12-150,13,0,0.0,0,sim
0-12-151,13,0,1.0,0,sim
0-12-152,13,0,1.0,0,sim
0-12-153,13,0,0.0,0,sim
0-12-154,13,0,0.0,0,sim
0-12-155,13,0,0.0,0,sim
0-12-156,13,0,1.0,0,sim
0-12-157,13,0,1.0,0,sim
0-12-158,13,0,0.0,0,sim
0-12-159,13,0,0.0,0,sim
0-12-160,13,0,1.0,0,sim
0-12-161,13,0,0.0,0,sim
0-12-162,13,0,1.0,0,sim
0-12-163,13,0,1.0,0,sim
0-12-164,13,0,0.0,0,sim
0-12-165,13,0,,0,sim
0-12-166,13,0,0.0,0,sim
0-12-167,13,0,0.0,0,sim
0-12-168,13,0,1.0,0,sim
0-12-169,13,0,0.0,0,sim
0-12-170,13,0,0.0,0,sim
0-12-171,13,0,1.0,0,sim
0-12-172,13,0,1.0,0,sim
0-12-173,13,0,1.0,0,sim
0-12-174,13,0,1.0,0,sim
0-12-175,13,0,0.0,0,sim
0-12-176,13,0,1.0,0,sim
0-12-177,13,0,0.0,1,sim
0-12-178,13,0,1.0,0,sim
0-12-179,13,0,1.0,0,sim
0-12-180,13,0,0.0,0,sim
0-12-181,13,0,1.0,0,sim
0-12-182,13,0,0.0,0,sim
0-12-183,13,0,0.0,0,sim
0-12-184,13,0,0.0,0,sim
0-12-185,13,0,1.0,0,sim
0-12-186,13,0,0.0,0,sim
0-12-187,13,0,0.0,0,sim
0-12-188,13,0,1.0,0,sim
0-12-189,13,0,0.0,0,sim
0-12-190,13,0,1.0,0,sim
0-12-191,13,0,1.0,0,sim
0-12-192,13,0,0.0,1,sim
0-12-193,13,0,1.0,0,sim
0-12-194,13,0,0.0,0,sim
0-12-195,13,0,0.0,0,sim
0-12-196,13,0,0.0,0,sim
0-12-197,13,0,0.0,0,sim
0-12-198,13,0,0.0,0,sim
0-12-199,13,0,1.0,0,sim
0-12-200,13,0,0.0,0,sim
0-12-201,13,0,0.0,0,sim
0-12-202,13,0,0.0,0,sim
0-12-203,13,0,1.0,0,sim
0-12-204,13,0,0.0,0,sim
0-12-205,13,0,0.0,0,sim
0-12-206,13,0,0.0,0,sim
0-12-207,13,0,0.0,0,sim
0-12-208,13,0,0.0,1,sim
0-12-209,13,0,1.0,0,sim
0-12-210,13,0,0.0,0,sim
0-12-211,13,0,,0,sim
0-12-212,13,0,1.0,0,sim
0-12-213,13,0,1.0,0,sim
0-12-214,13,0,0.0,0,sim
0-12-215,13,0,0.0,0,sim
0-12-216,13,0,0.0,0,sim
0-12-217,13,0,0.0,0,sim
0-12-218,13,0,0.0,0,sim
0-12-219,13,0,1.0,0,sim
0-12-220,13,0,0.0,0,sim
0-12-221,13,0,0.0,0,sim
0-12-222,13,0,0.0,0,sim
0-12-223,13,0,0.0,0,sim
0-12-224,13,0,0.0,0,sim
0-12-225,13,0,0.0,0,sim
0-12-226,13,0,0.0,0,sim
0-12-227,13,0,1.0,0,sim
0-12-228,13,0,0.0,0,sim
0-12-229,13,0,1.0,0,sim
0-12-230,13,0,0.0,0,sim
0-12-231,13,0,0.0,0,sim
0-12-232,13,0,0.0,0,sim
0-12-233,13,0,,0,sim
0-12-234,13,0,1.0,0,sim
0-12-235,13,0,1.0,0,sim
0-12-236,13,0,0.0,0,sim
0-12-237,13,0,1.0,0,sim
0-12-238,13,0,0.0,0,sim
0-12-239,13,0,1.0,0,sim
0-13-0,14,0,1.0,0,sim
0-13-1,14,0,1.0,0,sim
0-13-2,14,0,,0,sim
0-13-3,14,0,,0,sim
0-13-4,14,0,0.0,0,sim
0-13-5,14,0,0.0,0,sim
0-13-6,14,0,0.0,0,sim
0-13-7,14,0,1.0,0,sim
0-13-8,14,0,0.0,0,sim
0-13-9,14,0,1.0,0,sim
0-13-10,14,0,0.0,0,sim
0-13-11,14,0,0.0,0,sim
0-13-12,14,0,0.0,0,sim
0-13-13,14,0,1.0,0,sim
0-13-14,14,0,1.0,0,sim
0-13-15,14,0,0.0,0,sim
0-13-16,14,0,0.0,0,sim
0-13-17,14,0,0.0,0,sim
0-13-18,14,0,0.0,0,sim
0-13-19,14,0,0.0,0,sim
0-13-20,14,0,1.0,0,sim
0-13-21,14,0,1.0,0,sim
0-13-22,14,0,1.0,0,sim
0-13-23,14,0,1.0,0,sim
0-13-24,14,0,0.0,1,sim
0-13-25,14,0,1.0,0,sim
0-13-26,14,0,1.0,0,sim
0-13-27,14,0,1.0,0,sim
0-13-28,14,0,0.0,0,sim
0-13-29,14,0,1.0,0,sim
0-13-30,14,0,0.0,0,sim
0-13-31,14,0,1.0,0,sim
0-13-32,14,0,1.0,0,sim
0-13-33,14,0,0.0,0,sim
0-13-34,14,0,1.0,0,sim
0-13-35,14,0,0.0,0,sim
0-13-36,14,0,1.0,0,sim
0-13-37,14,0,1.0,0,sim
0-13-38,14,0,1.0,0,sim
0-13-39,14,0,1.0,0,sim
0-13-40,14,0,0.0,0,sim
0-13-41,14,0,1.0,0,sim
0-13-42,14,0,,0,sim
0-13-43,14,0,1.0,0,sim
0-13-44,14,0,0.0,0,sim
0-13-45,14,0,1.0,0,sim
0-13-46,14,0,0.0,0,sim
0-13-47,14,0,0.0,0,sim
0-13-48,14,0,1.0,0,sim
0-13-49,14,0,0.0,0,sim
0-13-50,14,0,0.0,0,sim
0-13-51,14,0,0.0,0,sim
0-13-52,14,0,0.0,0,sim
0-13-53,14,0,0.0,0,sim
0-13-54,14,0,1.0,0,sim
0-13-55,14,0,1.0,0,sim
0-13-56,14,0,0.0,0,sim
0-13-57,14,0,1.0,0,sim
0-13-58,14,0,0.0,0,sim
0-13-59,14,0,1.0,0,sim
0-13-60,14,0,0.0,0,sim
0-13-61,14,0,0.0,0,sim
0-13-62,14,0,0.0,0,sim
0-13-63,14,0,0.0,0,sim
0-13-64,14,0,1.0,0,sim
0-13-65,14,0,0.0,0,sim
0-13-66,14,0,1.0,0,sim
0-13-67,14,0,0.0,0,sim
0-13-68,14,0,1.0,0,sim
0-13-69,14,0,1.0,1,sim
0-13-70,14,0,1.0,0,sim
0-13-71,14,0,0.0,0,sim
0-13-72,14,0,0.0,0,sim
0-13-73,14,0,1.0,0,sim
0-13-74,14,0,1.0,0,sim
0-13-75,14,0,0.0,0,sim
0-13-76,14,0,0.0,0,sim
0-13-77,14,0,1.0,0,sim
0-13-78,14,0,1.0,0,sim
0-13-79,14,0,0.0,0,sim
0-13-80,14,0,1.0,0,sim
0-13-81,14,0,1.0,0,sim
0-13-82,14,0,1.0,0,sim
0-13-83,14,0,1.0,0,sim
0-13-84,14,0,0.0,0,sim
0-13-85,14,0,,1,sim
0-13-86,14,0,1.0,0,sim
0-13-87,14,0,0.0,0,sim
0-13-88,14,0,1.0,0,sim
0-13-89,14,0,1.0,0,sim
0-13-90,14,0,1.0,0,sim
0-13-91,14,0,0.0,0,sim
0-13-92,14,0,0.0,0,sim
0-13-93,14,0,1.0,0,sim
0-13-94,14,0,0.0,0,sim
0-13-95,14,0,1.0,0,sim
0-13-96,14,0,0.0,0,sim
0-13-97,14,0,0.0,0,sim
0-13-98,14,0,1.0,0,sim
0-13-99,14,0,0.0,0,sim
0-13-100,14,0,1.0,0,sim
0-13-101,14,0,0.0,0,sim
0-13-102,14,0,0.0,0,sim
0-13-103,14,0,0.0,0,sim
0-13-104,14,0,1.0,0,sim
0-13-105,14,0,1.0,0,sim
0-13-106,14,0,1.0,0,sim
0-13-107,14,0,0.0,0,sim
0-13-108,14,0,0.0,0,sim
0-13-109,14,0,0.0,0,sim
0-13-110,14,0,0.0,0,sim
0-13-111,14,0,0.0,0,sim
0-13-112,14,0,1.0,0,sim
0-13-113,14,0,0.0,0,sim
0-13-114,14,0,0.0,0,sim
0-13-115,14,0,1.0,0,sim
0-13-116,14,0,1.0,0,sim
0-13-117,14,0,0.0,0,sim
0-13-118,14,0,0.0,0,sim
0-13-119,14,0,0.0,0,sim
0-13-120,14,0,0.0,0,sim
0-13-121,14,0,0.0,0,sim
0-13-122,14,0,1.0,0,sim
0-13-123,14,0,0.0,0,sim
0-13-124,14,0,0.0,0,sim
0-13-125,14,0,0.0,0,sim
0-13-126,14,0,,0,sim
0-13-127,14,0,1.0,0,sim
0-13-128,14,0,1.0,0,sim
0-13-129,14,0,1.0,0,sim
0-13-130,14,0,0.0,0,sim
0-13-131,14,0,1.0,0,sim
0-13-132,14,0,1.0,0,sim
0-13-133,14,0,1.0,0,sim
0-13-134,14,0,1.0,0,sim
0-13-135,14,0,0.0,0,sim
0-13-136,14,0,,0,sim
0-13-137,14,0,1.0,0,sim
0-13-138,14,0,0.0,0,sim
0-13-139,14,0,1.0,0,sim
0-13-140,14,0,0.0,0,sim
0-13-141,14,0,1.0,0,sim
0-13-142,14,0,0.0,0,sim
0-13-143,14,0,1.0,0,sim
0-13-144,14,0,0.0,0,sim
0-13-145,14,0,1.0,0,sim
0-13-146,14,0,,0,sim
0-13-147,14,0,1.0,0,sim
0-13-148,14,0,0.0,0,sim
0-13-149,14,0,0.0,0,sim
0-13-150,14,0,1.0,0,sim
0-13-151,14,0,0.0,0,sim
0-13-152,14,0,0.0,0,sim
0-13-153,14,0,0.0,0,sim
0-13-154,14,0,0.0,0,sim
0-13-155,14,0,1.0,0,sim
0-13-156,14,0,1.0,1,sim
0-13-157,14,0,1.0,0,sim
0-13-158,14,0,0.0,0,sim
0-13-159,14,0,0.0,0,sim
0-13-160,14,0,0.0,0,sim
0-13-161,14,0,1.0,0,sim
0-13-162,14,0,0.0,0,sim
0-13-163,14,0,1.0,0,sim
0-13-164,14,0,1.0,0,sim
0-13-165,14,0,0.0,0,sim
0-13-166,14,0,1.0,0,sim
0-13-167,14,0,0.0,0,sim
0-13-168,14,0,0.0,0,sim
0-13-169,14,0,0.0,0,sim
0-13-170,14,0,0.0,0,sim
0-13-171,14,0,0.0,0,sim
0-13-172,14,0,1.0,0,sim
0-13-173,14,0,0.0,0,sim
0-13-174,14,0,0.0,0,sim
0-13-175,14,0,1.0,0,sim
0-13-176,14,0,0.0,0,sim
0-13-177,14,0,1.0,0,sim
0-13-178,14,0,0.0,0,sim
0-13-179,14,0,,0,sim
0-13-180,14,0,0.0,0,sim
0-13-181,14,0,0.0,0,sim
0-13-182,14,0,0.0,0,sim
0-13-183,14,0,0.0,0,sim
0-13-184,14,0,0.0,0,sim
0-13-185,14,0,0.0,0,sim
0-13-186,14,0,0.0,0,sim
0-13-187,14,0,0.0,0,sim
0-13-188,14,0,1.0,0,sim
0-13-189,14,0,1.0,0,sim
0-13-190,14,0,0.0,0,sim
0-13-191,14,0,1.0,0,sim
0-13-192,14,0,0.0,0,sim
0-13-193,14,0,0.0,0,sim
0-13-194,14,0,0.0,0,sim
0-13-195,14,0,0.0,0,sim
0-13-196,14,0,1.0,0,sim
0-13-197,14,0,1.0,0,sim
0-13-198,14,0,1.0,0,sim
0-13-199,14,0,1.0,0,sim
0-13-200,14,0,1.0,0,sim
0-13-201,14,0,1.0,0,sim
0-13-202,14,0,1.0,0,sim
0-13-203,14,0,1.0,0,sim
0-13-204,14,0,1.0,0,sim
0-13-205,14,0,1.0,0,sim
0-13-206,14,0,0.0,0,sim
0-13-207,14,0,0.0,0,sim
0-13-208,14,0,1.0,0,sim
0-13-209,14,0,1.0,0,sim
0-13-210,14,0,1.0,0,sim
0-13-211,14,0,1.0,0,sim
0-13-212,14,0,0.0,0,sim
0-13-213,14,0,1.0,0,sim
0-13-214,14,0,0.0,0,sim
0-13-215,14,0,1.0,0,sim
0-13-216,14,0,1.0,0,sim
0-13-217,14,0,0.0,0,sim
0-13-218,14,0,0.0,0,sim
0-13-219,14,0,0.0,0,sim
0-13-220,14,0,1.0,0,sim
0-13-221,14,0,1.0,0,sim
0-13-222,14,0,0.0,0,sim
0-13-223,14,0,0.0,0,sim
0-13-224,14,0,0.0,0,sim
0-13-225,14,0,0.0,0,sim
0-13-226,14,0,0.0,0,sim
0-13-227,14,0,1.0,0,sim
0-13-228,14,0,0.0,1,sim
0-13-229,14,0,1.0,0,sim
0-13-230,14,0,1.0,0,sim
0-13-231,14,0,0.0,0,sim
0-13-232,14,0,0.0,0,sim
0-13-233,14,0,0.0,0,sim
0-13-234,14,0,1.0,0,sim
0-13-235,14,0,1.0,0,sim
0-13-236,14,0,1.0,0,sim
0-13-237,14,0,1.0,0,sim
0-13-238,14,0,1.0,0,sim
0-13-239,14,0,0.0,0,sim
0-14-0,15,0,0.0,0,sim
0-14-1,15,0,0.0,1,sim
0-14-2,15,0,0.0,0,sim
0-14-3,15,0,1.0,0,sim
0-14-4,15,0,1.0,0,sim
0-14-5,15,0,0.0,0,sim
0-14-6,15,0,0.0,0,sim
0-14-7,15,0,0.0,0,sim
0-14-8,15,0,1.0,0,sim
0-14-9,15,0,0.0,0,sim
0-14-10,15,0,1.0,0,sim
0-14-11,15,0,0.0,0,sim
0-14-12,15,0,1.0,0,sim
0-14-13,15,0,0.0,0,sim
0-14-14,15,0,1.0,0,sim
0-14-15,15,0,0.0,0,sim
0-14-16,15,0,1.0,0,sim
0-14-17,15,0,1.0,0,sim
0-14-18,15,0,0.0,0,sim
0-14-19,15,0,0.0,0,sim
0-14-20,15,0,0.0,0,sim
0-14-21,15,0,1.0,0,sim
0-14-22,15,0,0.0,0,sim
0-14-23,15,0,1.0,0,sim
0-14-24,15,0,0.0,0,sim
0-14-25,15,0,0.0,0,sim
0-14-26,15,0,0.0,0,sim
0-14-27,15,0,1.0,0,sim
0-14-28,15,0,0.0,0,sim
0-14-29,15,0,1.0,0,sim
0-14-30,15,0,0.0,0,sim
0-14-31,15,0,0.0,0,sim
0-14-32,15,0,1.0,0,sim
0-14-33,15,0,0.0,0,sim
0-14-34,15,0,1.0,0,sim
0-14-35,15,0,0.0,0,sim
0-14-36,15,0,1.0,0,sim
0-14-37,15,0,1.0,0,sim
0-14-38,15,0,0.0,0,sim
0-14-39,15,0,0.0,0,sim
0-14-40,15,0,0.0,0,sim
0-14-41,15,0,1.0,0,sim
0-14-42,15,0,1.0,0,sim
0-14-43,15,0,1.0,0,sim
0-14-44,15,0,0.0,0,sim
0-14-45,15,0,0.0,0,sim
0-14-46,15,0,0.0,0,sim
0-14-47,15,0,0.0,0,sim
0-14-48,15,0,0.0,0,sim
0-14-49,15,0,0.0,0,sim
0-14-50,15,0,0.0,0,sim
0-14-51,15,0,1.0,0,sim
0-14-52,15,0,1.0,0,sim
0-14-53,15,0,0.0,0,sim
0-14-54,15,0,1.0,0,sim
0-14-55,15,0,0.0,0,sim
0-14-56,15,0,0.0,0,sim
0-14-57,15,0,1.0,0,sim
0-14-58,15,0,1.0,0,sim
0-14-59,15,0,0.0,0,sim
0-14-60,15,0,0.0,0,sim
0-14-61,15,0,0.0,0,sim
0-14-62,15,0,1.0,0,sim
0-14-63,15,0,1.0,1,sim
0-14-64,15,0,0.0,0,sim
0-14-65,15,0,0.0,0,sim
0-14-66,15,0,0.0,0,sim
0-14-67,15,0,1.0,0,sim
0-14-68,15,0,1.0,0,sim
0-14-69,15,0,1.0,0,sim
0-14-70,15,0,0.0,0,sim
0-14-71,15,0,1.0,0,sim
0-14-72,15,0,1.0,0,sim
0-14-73,15,0,0.0,0,sim
0-14-74,15,0,0.0,0,sim
0-14-75,15,0,,0,sim
0-14-76,15,0,1.0,0,sim
0-14-77,15,0,1.0,0,sim
0-14-78,15,0,0.0,0,sim
0-14-79,15,0,0.0,0,sim
0-14-80,15,0,1.0,0,sim
0-14-81,15,0,0.0,0,sim
0-14-82,15,0,1.0,0,sim
0-14-83,15,0,0.0,0,sim
0-14-84,15,0,,0,sim
0-14-85,15,0,1.0,0,sim
0-14-86,15,0,1.0,0,sim
0-14-87,15,0,0.0,0,sim
0-14-88,15,0,,1,sim
0-14-89,15,0,1.0,0,sim
0-14-90,15,0,1.0,0,sim
0-14-91,15,0,1.0,0,sim
0-14-92,15,0,,0,sim
0-14-93,15,0,1.0,0,sim
0-14-94,15,0,1.0,0,sim
0-14-95,15,0,1.0,0,sim
0-14-96,15,0,0.0,0,sim
0-14-97,15,0,1.0,0,sim
0-14-98,15,0,1.0,0,sim
0-14-99,15,0,1.0,0,sim
0-14-100,15,0,1.0,0,sim
0-14-101,15,0,1.0,0,sim
0-14-102,15,0,1.0,0,sim
0-14-103,15,0,1.0,0,sim
0-14-104,15,0,1.0,0,sim
0-14-105,15,0,1.0,1,sim
0-14-106,15,0,1.0,0,sim
0-14-107,15,0,0.0,0,sim
0-14-108,15,0,1.0,0,sim
0-14-109,15,0,1.0,0,sim
0-14-110,15,0,1.0,0,sim
0-14-111,15,0,0.0,0,sim
0-14-112,15,0,0.0,0,sim
0-14-113,15,0,0.0,0,sim
0-14-114,15,0,1.0,0,sim
0-14-115,15,0,0.0,0,sim
0-14-116,15,0,0.0,0,sim
0-14-117,15,0,0.0,0,sim
0-14-118,15,0,0.0,0,sim
0-14-119,15,0,1.0,0,sim
0-14-120,15,0,1.0,0,sim
0-14-121,15,0,0.0,0,sim
0-14-122,15,0,0.0,0,sim
0-14-123,15,0,0.0,0,sim
0-14-124,15,0,0.0,0,sim
0-14-125,15,0,1.0,0,sim
0-14-126,15,0,1.0,0,sim
0-14-127,15,0,1.0,0,sim
0-14-128,15,0,1.0,0,sim
0-14-129,15,0,0.0,0,sim
0-14-130,15,0,1.0,0,sim
0-14-131,15,0,0.0,0,sim
0-14-132,15,0,0.0,0,sim
0-14-133,15,0,0.0,0,sim
0-14-134,15,0,0.0,1,sim
0-14-135,15,0,0.0,0,sim
0-14-136,15,0,1.0,0,sim
0-14-137,15,0,0.0,0,sim
0-14-138,15,0,1.0,0,sim
0-14-139,15,0,1.0,0,sim
0-14-140,15,0,0.0,0,sim
0-14-141,15,0,1.0,0,sim
0-14-142,15,0,1.0,0,sim
0-14-143,15,0,1.0,0,sim
0-14-144,15,0,0.0,0,sim
0-14-145,15,0,0.0,0,sim
0-14-146,15,0,0.0,0,sim
0-14-147,15,0,0.0,0,sim
0-14-148,15,0,1.0,0,sim
0-14-149,15,0,1.0,0,sim
0-14-150,15,0,1.0,0,sim
0-14-151,15,0,1.0,0,sim
0-14-152,15,0,1.0,0,sim
0-14-153,15,0,1.0,0,sim
0-14-154,15,0,0.0,0,sim
0-14-155,15,0,1.0,0,sim
0-14-156,15,0,0.0,0,sim
0-14-157,15,0,1.0,0,sim
0-14-158,15,0,1.0,0,sim
0-14-159,15,0,0.0,0,sim
0-14-160,15,0,0.0,0,sim
0-14-161,15,0,,0,sim
0-14-162,15,0,1.0,0,sim
0-14-163,15,0,0.0,0,sim
0-14-164,15,0,1.0,0,sim
0-14-165,15,0,0.0,0,sim
0-14-166,15,0,1.0,0,sim
0-14-167,15,0,1.0,0,sim
0-14-168,15,0,1.0,0,sim
0-14-169,15,0,0.0,0,sim
0-14-170,15,0,0.0,0,sim
0-14-171,15,0,1.0,0,sim
0-14-172,15,0,0.0,0,sim
0-14-173,15,0,0.0,0,sim
0-14-174,15,0,1.0,0,sim
0-14-175,15,0,1.0,0,sim
0-14-176,15,0,0.0,0,sim
0-14-177,15,0,1.0,0,sim
0-14-178,15,0,0.0,0,sim
0-14-179,15,0,0.0,0,sim
0-14-180,15,0,0.0,0,sim
0-14-181,15,0,1.0,0,sim
0-14-182,15,0,0.0,0,sim
0-14-183,15,0,1.0,0,sim
0-14-184,15,0,1.0,0,sim
0-14-185,15,0,0.0,0,sim
0-14-186,15,0,1.0,0,sim
0-14-187,15,0,1.0,0,sim
0-14-188,15,0,0.0,0,sim
0-14-189,15,0,1.0,0,sim
0-14-190,15,0,0.0,0,sim
0-14-191,15,0,0.0,0,sim
0-14-192,15,0,0.0,0,sim
0-14-193,15,0,1.0,0,sim
0-14-194,15,0,1.0,0,sim
0-14-195,15,0,1.0,0,sim
0-14-196,15,0,0.0,0,sim
0-14-197,15,0,0.0,0,sim
0-14-198,15,0,1.0,0,sim
0-14-199,15,0,1.0,0,sim
0-14-200,15,0,0.0,0,sim
0-14-201,15,0,,0,sim
0-14-202,15,0,1.0,0,sim
0-14-203,15,0,0.0,0,sim
0-14-204,15,0,0.0,0,sim
0-14-205,15,0,0.0,0,sim
0-14-206,15,0,0.0,0,sim
0-14-207,15,0,0.0,0,sim
0-14-208,15,0,0.0,0,sim
0-14-209,15,0,1.0,0,sim
0-14-210,15,0,1.0,0,sim
0-14-211,15,0,1.0,0,sim
0-14-212,15,0,1.0,0,sim
0-14-213,15,0,0.0,0,sim
0-14-214,15,0,1.0,0,sim
0-14-215,15,0,0.0,0,sim
0-14-216,15,0,0.0,0,sim
0-14-217,15,0,1.0,0,sim
0-14-218,15,0,0.0,0,sim
0-14-219,15,0,0.0,0,sim
0-14-220,15,0,0.0,0,sim
0-14-221,15,0,1.0,0,sim
0-14-222,15,0,0.0,0,sim
0-14-223,15,0,1.0,0,sim
0-14-224,15,0,0.0,0,sim
0-14-225,15,0,0.0,0,sim
0-14-226,15,0,1.0,0,sim
0-14-227,15,0,1.0,0,sim
0-14-228,15,0,0.0,0,sim
0-14-229,15,0,0.0,0,sim
0-14-230,15,0,0.0,0,sim
0-14-231,15,0,,0,sim
0-14-232,15,0,1.0,0,sim
0-14-233,15,0,0.0,0,sim
0-14-234,15,0,1.0,0,sim
0-14-235,15,0,0.0,0,sim
0-14-236,15,0,1.0,0,sim
0-14-237,15,0,0.0,0,sim
0-14-238,15,0,1.0,0,sim
0-14-239,15,0,0.0,0,sim
0-15-0,16,0,0.0,0,sim
0-15-1,16,0,1.0,0,sim
0-15-2,16,0,0.0,0,sim
0-15-3,16,0,1.0,0,sim
0-15-4,16,0,1.0,0,sim
0-15-5,16,0,0.0,0,sim
0-15-6,16,0,1.0,0,sim
0-15-7,16,0,0.0,0,sim
0-15-8,16,0,1.0,0,sim
0-15-9,16,0,0.0,0,sim
0-15-10,16,0,0.0,0,sim
0-15-11,16,0,1.0,0,sim
0-15-12,16,0,1.0,0,sim
0-15-13,16,0,0.0,0,sim
0-15-14,16,0,0.0,0,sim
0-15-15,16,0,0.0,0,sim
0-15-16,16,0,1.0,0,sim
0-15-17,16,0,,0,sim
0-15-18,16,0,1.0,0,sim
0-15-19,16,0,0.0,0,sim
0-15-20,16,0,,0,sim
0-15-21,16,0,0.0,0,sim
0-15-22,16,0,1.0,0,sim
0-15-23,16,0,0.0,0,sim
0-15-24,16,0,1.0,0,sim
0-15-25,16,0,0.0,0,sim
0-15-26,16,0,1.0,0,sim
0-15-27,16,0,1.0,0,sim
0-15-28,16,0,0.0,0,sim
0-15-29,16,0,1.0,0,sim
0-15-30,16,0,0.0,0,sim
0-15-31,16,0,0.0,0,sim
0-15-32,16,0,0.0,0,sim
0-15-33,16,0,,0,sim
0-15-34,16,0,1.0,0,sim
0-15-35,16,0,0.0,0,sim
0-15-36,16,0,1.0,0,sim
0-15-37,16,0,1.0,0,sim
0-15-38,16,0,1.0,0,sim
0-15-39,16,0,1.0,0,sim
0-15-40,16,0,0.0,0,sim
0-15-41,16,0,1.0,0,sim
0-15-42,16,0,1.0,0,sim
0-15-43,16,0,1.0,0,sim
0-15-44,16,0,,0,sim
0-15-45,16,0,1.0,0,sim
0-15-46,16,0,0.0,0,sim
0-15-47,16,0,0.0,0,sim
0-15-48,16,0,0.0,0,sim
0-15-49,16,0,0.0,0,sim
0-15-50,16,0,1.0,0,sim
0-15-51,16,0,1.0,0,sim
0-15-52,16,0,1.0,0,sim
0-15-53,16,0,0.0,0,sim
0-15-54,16,0,0.0,0,sim
0-15-55,16,0,1.0,0,sim
0-15-56,16,0,1.0,0,sim
0-15-57,16,0,1.0,0,sim
0-15-58,16,0,1.0,0,sim
0-15-59,16,0,1.0,0,sim
0-15-60,16,0,1.0,0,sim
0-15-61,16,0,0.0,0,sim
0-15-62,16,0,0.0,0,sim
0-15-63,16,0,0.0,0,sim
0-15-64,16,0,0.0,0,sim
0-15-65,16,0,0.0,0,sim
0-15-66,16,0,0.0,0,sim
0-15-67,16,0,0.0,0,sim
0-15-68,16,0,1.0,0,sim
0-15-69,16,0,1.0,0,sim
0-15-70,16,0,0.0,0,sim
0-15-71,16,0,1.0,0,sim
0-15-72,16,0,1.0,0,sim
0-15-73,16,0,1.0,0,sim
0-15-74,16,0,1.0,0,sim
0-15-75,16,0,0.0,0,sim
0-15-76,16,0,0.0,0,sim
0-15-77,16,0,1.0,0,sim
0-15-78,16,0,1.0,0,sim
0-15-79,16,0,0.0,0,sim
0-15-80,16,0,0.0,0,sim
0-15-81,16,0,0.0,0,sim
0-15-82,16,0,1.0,0,sim
0-15-83,16,0,0.0,0,sim
0-15-84,16,0,0.0,0,sim
0-15-85,16,0,1.0,0,sim
0-15-86,16,0,0.0,0,sim
0-15-87,16,0,1.0,0,sim
0-15-88,16,0,0.0,0,sim
0-15-89,16,0,0.0,0,sim
0-15-90,16,0,1.0,0,sim
0-15-91,16,0,1.0,0,sim
0-15-92,16,0,1.0,0,sim
0-15-93,16,0,0.0,0,sim
0-15-94,16,0,1.0,0,sim
0-15-95,16,0,1.0,0,sim
0-15-96,16,0,1.0,0,sim
0-15-97,16,0,1.0,0,sim
0-15-98,16,0,0.0,0,sim
0-15-99,16,0,0.0,0,sim
0-15-100,16,0,0.0,0,sim
0-15-101,16,0,1.0,0,sim
0-15-102,16,0,0.0,0,sim
0-15-103,16,0,0.0,0,sim
0-15-104,16,0,1.0,0,sim
0-15-105,16,0,1.0,0,sim
0-15-106,16,0,0.0,0,sim
0-15-107,16,0,1.0,0,sim
0-15-108,16,0,0.0,0,sim
0-15-109,16,0,0.0,0,sim
0-15-110,16,0,1.0,0,sim
0-15-111,16,0,1.0,0,sim
0-15-112,16,0,1.0,0,sim
0-15-113,16,0,0.0,0,sim
0-15-114,16,0,1.0,0,sim
0-15-115,16,0,1.0,0,sim
0-15-116,16,0,1.0,0,sim
0-15-117,16,0,1.0,0,sim
0-15-118,16,0,1.0,0,sim
0-15-119,16,0,0.0,0,sim
0-15-120,16,0,0.0,0,sim
0-15-121,16,0,1.0,0,sim
0-15-122,16,0,1.0,0,sim
0-15-123,16,0,0.0,0,sim
0-15-124,16,0,0.0,0,sim
0-15-125,16,0,0.0,0,sim
0-15-126,16,0,1.0,0,sim
0-15-127,16,0,1.0,0,sim
0-15-128,16,0,0.0,0,sim
0-15-129,16,0,1.0,0,sim
0-15-130,16,0,1.0,0,sim
0-15-131,16,0,0.0,0,sim
0-15-132,16,0,0.0,0,sim
0-15-133,16,0,0.0,0,sim
0-15-134,16,0,0.0,0,sim
0-15-135,16,0,1.0,0,sim
0-15-136,16,0,1.0,0,sim
0-15-137,16,0,,0,sim
0-15-138,16,0,1.0,0,sim
0-15-139,16,0,0.0,0,sim
0-15-140,16,0,1.0,0,sim
0-15-141,16,0,1.0,0,sim
0-15-142,16,0,1.0,0,sim
0-15-143,16,0,0.0,0,sim
0-15-144,16,0,1.0,0,sim
0-15-145,16,0,0.0,0,sim
0-15-146,16,0,1.0,0,sim
0-15-147,16,0,0.0,0,sim
0-15-148,16,0,0.0,0,sim
0-15-149,16,0,0.0,0,sim
0-15-150,16,0,0.0,0,sim
0-15-151,16,0,0.0,0,sim
0-15-152,16,0,0.0,0,sim
0-15-153,16,0,0.0,0,sim
0-15-154,16,0,1.0,0,sim
0-15-155,16,0,1.0,0,sim
0-15-156,16,0,1.0,0,sim
0-15-157,16,0,1.0,0,sim
0-15-158,16,0,1.0,0,sim
0-15-159,16,0,0.0,0,sim
0-15-160,16,0,1.0,0,sim
0-15-161,16,0,1.0,0,sim
0-15-162,16,0,0.0,0,sim
0-15-163,16,0,1.0,0,sim
0-15-164,16,0,0.0,0,sim
0-15-165,16,0,0.0,0,sim
0-15-166,16,0,1.0,0,sim
0-15-167,16,0,0.0,0,sim
0-15-168,16,0,0.0,0,sim
0-15-169,16,0,1.0,0,sim
0-15-170,16,0,0.0,0,sim
0-15-171,16,0,0.0,0,sim
0-15-172,16,0,1.0,0,sim
0-15-173,16,0,0.0,0,sim
0-15-174,16,0,0.0,0,sim
0-15-175,16,0,0.0,0,sim
0-15-176,16,0,0.0,0,sim
0-15-177,16,0,0.0,0,sim
0-15-178,16,0,0.0,0,sim
0-15-179,16,0,0.0,0,sim
0-15-180,16,0,1.0,0,sim
0-15-181,16,0,1.0,0,sim
0-15-182,16,0,0.0,0,sim
0-15-183,16,0,1.0,0,sim
0-15-184,16,0,1.0,0,sim
0-15-185,16,0,1.0,0,sim
0-15-186,16,0,0.0,0,sim
0-15-187,16,0,1.0,0,sim
0-15-188,16,0,1.0,0,sim
0-15-189,16,0,0.0,0,sim
0-15-190,16,0,1.0,0,sim
0-15-191,16,0,1.0,1,sim
0-15-192,16,0,1.0,0,sim
0-15-193,16,0,1.0,0,sim
0-15-194,16,0,1.0,0,sim
0-15-195,16,0,0.0,0,sim
0-15-196,16,0,0.0,0,sim
0-15-197,16,0,0.0,1,sim
0-15-198,16,0,1.0,1,sim
0-15-199,16,0,1.0,0,sim
0-15-200,16,0,1.0,0,sim
0-15-201,16,0,0.0,0,sim
0-15-202,16,0,0.0,0,sim
0-15-203,16,0,1.0,0,sim
0-15-204,16,0,0.0,0,sim
0-15-205,16,0,0.0,0,sim
0-15-206,16,0,0.0,0,sim
0-15-207,16,0,1.0,0,sim
0-15-208,16,0,0.0,0,sim
0-15-209,16,0,,0,sim
0-15-210,16,0,0.0,0,sim
0-15-211,16,0,1.0,0,sim
0-15-212,16,0,0.0,0,sim
0-15-213,16,0,1.0,0,sim
0-15-214,16,0,0.0,0,sim
0-15-215,16,0,1.0,0,sim
0-15-216,16,0,0.0,0,sim
0-15-217,16,0,1.0,0,sim
0-15-218,16,0,0.0,0,sim
0-15-219,16,0,1.0,0,sim
0-15-220,16,0,0.0,0,sim
0-15-221,16,0,0.0,0,sim
0-15-222,16,0,1.0,0,sim
0-15-223,16,0,0.0,0,sim
0-15-224,16,0,0.0,0,sim
0-15-225,16,0,0.0,0,sim
0-15-226,16,0,1.0,0,sim
0-15-227,16,0,1.0,0,sim
0-15-228,16,0,0.0,0,sim
0-15-229,16,0,1.0,0,sim
0-15-230,16,0,1.0,0,sim
0-15-231,16,0,1.0,0,sim
0-15-232,16,0,0.0,1,sim
0-15-233,16,0,0.0,0,sim
0-15-234,16,0,1.0,0,sim
0-15-235,16,0,1.0,0,sim
0-15-236,16,0,1.0,0,sim
0-15-237,16,0,1.0,0,sim
0-15-238,16,0,0.0,0,sim
0-15-239,16,0,1.0,0,sim
0-16-0,17,0,1.0,0,sim
0-16-1,17,0,0.0,0,sim
0-16-2,17,0,1.0,0,sim
0-16-3,17,0,1.0,0,sim
0-16-4,17,0,1.0,0,sim
0-16-5,17,0,0.0,0,sim
0-16-6,17,0,1.0,0,sim
0-16-7,17,0,0.0,0,sim
0-16-8,17,0,1.0,0,sim
0-16-9,17,0,0.0,0,sim
0-16-10,17,0,0.0,0,sim
0-16-11,17,0,0.0,0,sim
0-16-12,17,0,1.0,0,sim
0-16-13,17,0,0.0,0,sim
0-16-14,17,0,1.0,0,sim
0-16-15,17,0,1.0,0,sim
0-16-16,17,0,0.0,0,sim
0-16-17,17,0,1.0,0,sim
0-16-18,17,0,1.0,0,sim
0-16-19,17,0,,0,sim
0-16-20,17,0,1.0,0,sim
0-16-21,17,0,0.0,0,sim
0-16-22,17,0,0.0,0,sim
0-16-23,17,0,0.0,0,sim
0-16-24,17,0,1.0,0,sim
0-16-25,17,0,1.0,0,sim
0-16-26,17,0,0.0,0,sim
0-16-27,17,0,0.0,0,sim
0-16-28,17,0,1.0,0,sim
0-16-29,17,0,1.0,0,sim
0-16-30,17,0,0.0,0,sim
0-16-31,17,0,0.0,0,sim
0-16-32,17,0,1.0,1,sim
0-16-33,17,0,0.0,0,sim
0-16-34,17,0,1.0,0,sim
0-16-35,17,0,1.0,0,sim
0-16-36,17,0,0.0,0,sim
0-16-37,17,0,0.0,0,sim
0-16-38,17,0,0.0,0,sim
0-16-39,17,0,1.0,0,sim
0-16-40,17,0,1.0,0,sim
0-16-41,17,0,1.0,0,sim
0-16-42,17,0,1.0,0,sim
0-16-43,17,0,0.0,0,sim
0-16-44,17,0,0.0,0,sim
0-16-45,17,0,1.0,0,sim
0-16-46,17,0,0.0,0,sim
0-16-47,17,0,1.0,0,sim
0-16-48,17,0,1.0,0,sim
0-16-49,17,0,0.0,0,sim
0-16-50,17,0,1.0,0,sim
0-16-51,17,0,0.0,0,sim
0-16-52,17,0,0.0,0,sim
0-16-53,17,0,0.0,0,sim
0-16-54,17,0,1.0,0,sim
0-16-55,17,0,0.0,0,sim
0-16-56,17,0,0.0,0,sim
0-16-57,17,0,0.0,0,sim
0-16-58,17,0,1.0,0,sim
0-16-59,17,0,0.0,0,sim
0-16-60,17,0,0.0,0,sim
0-16-61,17,0,0.0,0,sim
0-16-62,17,0,0.0,0,sim
0-16-63,17,0,1.0,0,sim
0-16-64,17,0,0.0,0,sim
0-16-65,17,0,0.0,0,sim
0-16-66,17,0,1.0,0,sim
0-16-67,17,0,1.0,0,sim
0-16-68,17,0,1.0,0,sim
0-16-69,17,0,1.0,0,sim
0-16-70,17,0,1.0,0,sim
0-16-71,17,0,1.0,0,sim
0-16-72,17,0,0.0,0,sim
0-16-73,17,0,0.0,0,sim
0-16-74,17,0,0.0,0,sim
0-16-75,17,0,1.0,0,sim
0-16-76,17,0,1.0,0,sim
0-16-77,17,0,1.0,0,sim
0-16-78,17,0,1.0,0,sim
0-16-79,17,0,0.0,0,sim
0-16-80,17,0,1.0,0,sim
0-16-81,17,0,1.0,0,sim
0-16-82,17,0,0.0,0,sim
0-16-83,17,0,1.0,0,sim
0-16-84,17,0,1.0,0,sim
0-16-85,17,0,1.0,0,sim
0-16-86,17,0,0.0,0,sim
0-16-87,17,0,1.0,0,sim
0-16-88,17,0,1.0,0,sim
0-16-89,17,0,0.0,0,sim
0-16-90,17,0,1.0,0,sim
0-16-91,17,0,0.0,0,sim
0-16-92,17,0,0.0,0,sim
0-16-93,17,0,0.0,0,sim
0-16-94,17,0,0.0,0,sim
0-16-95,17,0,0.0,0,sim
0-16-96,17,0,0.0,0,sim
0-16-97,17,0,1.0,0,sim
0-16-98,17,0,0.0,0,sim
0-16-99,17,0,0.0,0,sim
0-16-100,17,0,0.0,0,sim
0-16-101,17,0,1.0,0,sim
0-16-102,17,0,1.0,0,sim
0-16-103,17,0,0.0,0,sim
0-16-104,17,0,0.0,0,sim
0-16-105,17,0,0.0,0,sim
0-16-106,17,0,1.0,0,sim
0-16-107,17,0,1.0,0,sim
0-16-108,17,0,0.0,0,sim
0-16-109,17,0,0.0,0,sim
0-16-110,17,0,0.0,0,sim
0-16-111,17,0,1.0,0,sim
0-16-112,17,0,1.0,1,sim
0-16-113,17,0,0.0,0,sim
0-16-114,17,0,1.0,0,sim
0-16-115,17,0,1.0,0,sim
0-16-116,17,0,0.0,0,sim
0-16-117,17,0,0.0,0,sim
0-16-118,17,0,1.0,0,sim
0-16-119,17,0,0.0,0,sim
0-16-120,17,0,1.0,0,sim
0-16-121,17,0,1.0,0,sim
0-16-122,17,0,0.0,0,sim
0-16-123,17,0,0.0,1,sim
0-16-124,17,0,1.0,0,sim
0-16-125,17,0,0.0,0,sim
0-16-126,17,0,1.0,0,sim
0-16-127,17,0,1.0,0,sim
0-16-128,17,0,1.0,0,sim
0-16-129,17,0,1.0,0,sim
0-16-130,17,0,1.0,0,sim
0-16-131,17,0,1.0,0,sim
0-16-132,17,0,1.0,0,sim
0-16-133,17,0,0.0,0,sim
0-16-134,17,0,0.0,0,sim
0-16-135,17,0,1.0,0,sim
0-16-136,17,0,,0,sim
0-16-137,17,0,0.0,0,sim
0-16-138,17,0,0.0,0,sim
0-16-139,17,0,0.0,0,sim
0-16-140,17,0,0.0,0,sim
0-16-141,17,0,1.0,0,sim
0-16-142,17,0,0.0,0,sim
0-16-143,17,0,0.0,0,sim
0-16-144,17,0,0.0,0,sim
0-16-145,17,0,1.0,0,sim
0-16-146,17,0,0.0,0,sim
0-16-147,17,0,1.0,0,sim
0-16-148,17,0,1.0,0,sim
0-16-149,17,0,0.0,0,sim
0-16-150,17,0,1.0,0,sim
0-16-151,17,0,1.0,0,sim
0-16-152,17,0,1.0,0,sim
0-16-153,17,0,1.0,0,sim
0-16-154,17,0,0.0,0,sim
0-16-155,17,0,0.0,0,sim
0-16-156,17,0,0.0,0,sim
0-16-157,17,0,0.0,0,sim
0-16-158,17,0,1.0,0,sim
0-16-159,17,0,0.0,0,sim
0-16-160,17,0,0.0,0,sim
0-16-161,17,0,0.0,0,sim
0-16-162,17,0,1.0,0,sim
0-16-163,17,0,0.0,0,sim
0-16-164,17,0,0.0,0,sim
0-16-165,17,0,0.0,0,sim
0-16-166,17,0,0.0,0,sim
0-16-167,17,0,0.0,0,sim
0-16-168,17,0,1.0,0,sim
0-16-169,17,0,1.0,1,sim
0-16-170,17,0,1.0,0,sim
0-16-171,17,0,1.0,0,sim
0-16-172,17,0,0.0,0,sim
0-16-173,17,0,0.0,0,sim
0-16-174,17,0,1.0,0,sim
0-16-175,17,0,1.0,0,sim
0-16-176,17,0,1.0,0,sim
0-16-177,17,0,0.0,0,sim
0-16-178,17,0,1.0,0,sim
0-16-179,17,0,0.0,0,sim
0-16-180,17,0,1.0,0,sim
0-16-181,17,0,0.0,0,sim
0-16-182,17,0,0.0,0,sim
0-16-183,17,0,0.0,0,sim
0-16-184,17,0,1.0,0,sim
0-16-185,17,0,1.0,0,sim
0-16-186,17,0,1.0,0,sim
0-16-187,17,0,0.0,0,sim
0-16-188,17,0,1.0,0,sim
0-16-189,17,0,0.0,0,sim
0-16-190,17,0,1.0,0,sim
0-16-191,17,0,1.0,0,sim
0-16-192,17,0,0.0,0,sim
0-16-193,17,0,1.0,0,sim
0-16-194,17,0,0.0,0,sim
0-16-195,17,0,0.0,0,sim
0-16-196,17,0,1.0,0,sim
0-16-197,17,0,1.0,0,sim
0-16-198,17,0,1.0,0,sim
0-16-199,17,0,0.0,0,sim
0-16-200,17,0,1.0,0,sim
0-16-201,17,0,0.0,0,sim
0-16-202,17,0,1.0,0,sim
0-16-203,17,0,0.0,0,sim
0-16-204,17,0,0.0,0,sim
0-16-205,17,0,1.0,0,sim
0-16-206,17,0,1.0,0,sim
0-16-207,17,0,1.0,0,sim
0-16-208,17,0,1.0,0,sim
0-16-209,17,0,0.0,0,sim
0-16-210,17,0,0.0,0,sim
0-16-211,17,0,1.0,0,sim
0-16-212,17,0,0.0,0,sim
0-16-213,17,0,0.0,0,sim
0-16-214,17,0,1.0,0,sim
0-16-215,17,0,1.0,0,sim
0-16-216,17,0,0.0,0,sim
0-16-217,17,0,0.0,0,sim
0-16-218,17,0,0.0,0,sim
0-16-219,17,0,1.0,0,sim
0-16-220,17,0,0.0,0,sim
0-16-221,17,0,1.0,0,sim
0-16-222,17,0,0.0,0,sim
0-16-223,17,0,1.0,0,sim
0-16-224,17,0,1.0,0,sim
0-16-225,17,0,0.0,0,sim
0-16-226,17,0,0.0,0,sim
0-16-227,17,0,0.0,0,sim
0-16-228,17,0,1.0,0,sim
0-16-229,17,0,1.0,0,sim
0-16-230,17,0,1.0,0,sim
0-16-231,17,0,0.0,0,sim
0-16-232,17,0,0.0,0,sim
0-16-233,17,0,0.0,0,sim
0-16-234,17,0,1.0,0,sim
0-16-235,17,0,1.0,0,sim
0-16-236,17,0,1.0,0,sim
0-16-237,17,0,0.0,0,sim
0-16-238,17,0,1.0,0,sim
0-16-239,17,0,0.0,0,sim
0-17-0,18,0,0.0,0,sim
0-17-1,18,0,0.0,0,sim
0-17-2,18,0,1.0,0,sim
0-17-3,18,0,0.0,0,sim
0-17-4,18,0,0.0,0,sim
0-17-5,18,0,0.0,0,sim
0-17-6,18,0,0.0,0,sim
0-17-7,18,0,1.0,0,sim
0-17-8,18,0,,0,sim
0-17-9,18,0,0.0,0,sim
0-17-10,18,0,1.0,0,sim
0-17-11,18,0,,0,sim
0-17-12,18,0,0.0,0,sim
0-17-13,18,0,0.0,0,sim
0-17-14,18,0,0.0,0,sim
0-17-15,18,0,1.0,0,sim
0-17-16,18,0,0.0,0,sim
0-17-17,18,0,1.0,0,sim
0-17-18,18,0,1.0,0,sim
0-17-19,18,0,1.0,0,sim
0-17-20,18,0,0.0,0,sim
0-17-21,18,0,1.0,0,sim
0-17-22,18,0,0.0,0,sim
0-17-23,18,0,1.0,0,sim
0-17-24,18,0,0.0,0,sim
0-17-25,18,0,1.0,0,sim
0-17-26,18,0,1.0,1,sim
0-17-27,18,0,0.0,0,sim
0-17-28,18,0,1.0,0,sim
0-17-29,18,0,1.0,0,sim
0-17-30,18,0,1.0,0,sim
0-17-31,18,0,1.0,1,sim
0-17-32,18,0,1.0,0,sim
0-17-33,18,0,1.0,1,sim
0-17-34,18,0,0.0,0,sim
0-17-35,18,0,1.0,0,sim
0-17-36,18,0,0.0,0,sim
0-17-37,18,0,1.0,0,sim
0-17-38,18,0,1.0,0,sim
0-17-39,18,0,1.0,0,sim
0-17-40,18,0,,0,sim
0-17-41,18,0,1.0,0,sim
0-17-42,18,0,0.0,0,sim
0-17-43,18,0,1.0,0,sim
0-17-44,18,0,0.0,0,sim
0-17-45,18,0,1.0,0,sim
0-17-46,18,0,0.0,0,sim
0-17-47,18,0,1.0,0,sim
0-17-48,18,0,1.0,0,sim
0-17-49,18,0,1.0,0,sim
0-17-50,18,0,1.0,0,sim
0-17-51,18,0,0.0,0,sim
0-17-52,18,0,1.0,0,sim
0-17-53,18,0,0.0,0,sim
0-17-54,18,0,1.0,0,sim
0-17-55,18,0,0.0,0,sim
0-17-56,18,0,0.0,0,sim
0-17-57,18,0,1.0,0,sim
0-17-58,18,0,1.0,0,sim
0-17-59,18,0,1.0,0,sim
0-17-60,18,0,1.0,0,sim
0-17-61,18,0,1.0,0,sim
0-17-62,18,0,0.0,0,sim
0-17-63,18,0,0.0,0,sim
0-17-64,18,0,0.0,0,sim
0-17-65,18,0,1.0,0,sim
0-17-66,18,0,1.0,0,sim
0-17-67,18,0,0.0,0,sim
0-17-68,18,0,1.0,0,sim
0-17-69,18,0,0.0,0,sim
0-17-70,18,0,1.0,1,sim
0-17-71,18,0,0.0,0,sim
0-17-72,18,0,1.0,0,sim
0-17-73,18,0,1.0,0,sim
0-17-74,18,0,0.0,0,sim
0-17-75,18,0,0.0,0,sim
0-17-76,18,0,1.0,0,sim
0-17-77,18,0,1.0,0,sim
0-17-78,18,0,1.0,0,sim
0-17-79,18,0,1.0,0,sim
0-17-80,18,0,0.0,0,sim
0-17-81,18,0,0.0,0,sim
0-17-82,18,0,1.0,0,sim
0-17-83,18,0,1.0,0,sim
0-17-84,18,0,0.0,0,sim
0-17-85,18,0,0.0,0,sim
0-17-86,18,0,1.0,0,sim
0-17-87,18,0,0.0,0,sim
0-17-88,18,0,1.0,0,sim
0-17-89,18,0,1.0,0,sim
0-17-90,18,0,1.0,0,sim
0-17-91,18,0,0.0,0,sim
0-17-92,18,0,0.0,0,sim
0-17-93,18,0,0.0,0,sim
0-17-94,18,0,1.0,0,sim
0-17-95,18,0,1.0,0,sim
0-17-96,18,0,1.0,0,sim
0-17-97,18,0,1.0,0,sim
0-17-98,18,0,1.0,0,sim
0-17-99,18,0,1.0,0,sim
0-17-100,18,0,1.0,0,sim
0-17-101,18,0,0.0,0,sim
0-17-102,18,0,0.0,0,sim
0-17-103,18,0,1.0,0,sim
0-17-104,18,0,1.0,0,sim
0-17-105,18,0,1.0,0,sim
0-17-106,18,0,1.0,0,sim
0-17-107,18,0,0.0,0,sim
0-17-108,18,0,1.0,0,sim
0-17-109,18,0,1.0,0,sim
0-17-110,18,0,1.0,0,sim
0-17-111,18,0,0.0,0,sim
0-17-112,18,0,1.0,0,sim
0-17-113,18,0,1.0,0,sim
0-17-114,18,0,0.0,0,sim
0-17-115,18,0,1.0,1,sim
0-17-116,18,0,0.0,0,sim
0-17-117,18,0,1.0,0,sim
0-17-118,18,0,0.0,0,sim
0-17-119,18,0,1.0,0,sim
0-17-120,18,0,0.0,0,sim
0-17-121,18,0,0.0,0,sim
0-17-122,18,0,1.0,0,sim
0-17-123,18,0,0.0,0,sim
0-17-124,18,0,1.0,0,sim
0-17-125,18,0,0.0,0,sim
0-17-126,18,0,0.0,0,sim
0-17-127,18,0,1.0,0,sim
0-17-128,18,0,1.0,0,sim
0-17-129,18,0,0.0,0,sim
0-17-130,18,0,1.0,0,sim
0-17-131,18,0,1.0,0,sim
0-17-132,18,0,0.0,0,sim
0-17-133,18,0,0.0,0,sim
0-17-134,18,0,1.0,0,sim
0-17-135,18,0,0.0,0,sim
0-17-136,18,0,1.0,0,sim
0-17-137,18,0,1.0,0,sim
0-17-138,18,0,1.0,0,sim
0-17-139,18,0,1.0,0,sim
0-17-140,18,0,1.0,0,sim
0-17-141,18,0,1.0,0,sim
0-17-142,18,0,0.0,0,sim
0-17-143,18,0,1.0,0,sim
0-17-144,18,0,1.0,0,sim
0-17-145,18,0,0.0,0,sim
0-17-146,18,0,,0,sim
0-17-147,18,0,1.0,0,sim
0-17-148,18,0,1.0,0,sim
0-17-149,18,0,0.0,0,sim
0-17-150,18,0,0.0,0,sim
0-17-151,18,0,0.0,1,sim
0-17-152,18,0,1.0,0,sim
0-17-153,18,0,0.0,0,sim
0-17-154,18,0,1.0,0,sim
0-17-155,18,0,1.0,0,sim
0-17-156,18,0,1.0,0,sim
0-17-157,18,0,0.0,0,sim
0-17-158,18,0,1.0,0,sim
0-17-159,18,0,1.0,0,sim
0-17-160,18,0,1.0,0,sim
0-17-161,18,0,1.0,0,sim
0-17-162,18,0,1.0,0,sim
0-17-163,18,0,1.0,0,sim
0-17-164,18,0,0.0,0,sim
0-17-165,18,0,1.0,0,sim
0-17-166,18,0,1.0,0,sim
0-17-167,18,0,1.0,0,sim
0-17-168,18,0,1.0,0,sim
0-17-169,18,0,0.0,0,sim
0-17-170,18,0,1.0,1,sim
0-17-171,18,0,1.0,0,sim
0-17-172,18,0,1.0,0,sim
0-17-173,18,0,1.0,0,sim
0-17-174,18,0,1.0,0,sim
0-17-175,18,0,0.0,0,sim
0-17-176,18,0,1.0,0,sim
0-17-177,18,0,1.0,0,sim
0-17-178,18,0,0.0,0,sim
0-17-179,18,0,1.0,0,sim
0-17-180,18,0,0.0,0,sim
0-17-181,18,0,1.0,0,sim
0-17-182,18,0,0.0,0,sim
0-17-183,18,0,1.0,0,sim
0-17-184,18,0,0.0,0,sim
0-17-185,18,0,0.0,0,sim
0-17-186,18,0,1.0,0,sim
0-17-187,18,0,,0,sim
0-17-188,18,0,0.0,0,sim
0-17-189,18,0,1.0,0,sim
0-17-190,18,0,0.0,0,sim
0-17-191,18,0,0.0,0,sim
0-17-192,18,0,1.0,0,sim
0-17-193,18,0,0.0,0,sim
0-17-194,18,0,0.0,1,sim
0-17-195,18,0,,0,sim
0-17-196,18,0,0.0,0,sim
0-17-197,18,0,0.0,0,sim
0-17-198,18,0,0.0,0,sim
0-17-199,18,0,0.0,0,sim
0-17-200,18,0,0.0,0,sim
0-17-201,18,0,1.0,0,sim
0-17-202,18,0,1.0,0,sim
0-17-203,18,0,1.0,0,sim
0-17-204,18,0,,0,sim
0-17-205,18,0,1.0,0,sim
0-17-206,18,0,0.0,0,sim
0-17-207,18,0,1.0,0,sim
0-17-208,18,0,0.0,0,sim
0-17-209,18,0,1.0,0,sim
0-17-210,18,0,1.0,0,sim
0-17-211,18,0,,0,sim
0-17-212,18,0,1.0,0,sim
0-17-213,18,0,1.0,0,sim
0-17-214,18,0,0.0,0,sim
0-17-215,18,0,0.0,0,sim
0-17-216,18,0,1.0,0,sim
0-17-217,18,0,1.0,0,sim
0-17-218,18,0,0.0,0,sim
0-17-219,18,0,0.0,0,sim
0-17-220,18,0,1.0,0,sim
0-17-221,18,0,0.0,0,sim
0-17-222,18,0,1.0,0,sim
0-17-223,18,0,,0,sim
0-17-224,18,0,1.0,0,sim
0-17-225,18,0,1.0,0,sim
0-17-226,18,0,1.0,0,sim
0-17-227,18,0,1.0,0,sim
0-17-228,18,0,0.0,0,sim
0-17-229,18,0,0.0,0,sim
0-17-230,18,0,0.0,0,sim
0-17-231,18,0,0.0,0,sim
0-17-232,18,0,0.0,0,sim
0-17-233,18,0,0.0,0,sim
0-17-234,18,0,1.0,0,sim
0-17-235,18,0,0.0,0,sim
0-17-236,18,0,1.0,0,sim
0-17-237,18,0,0.0,0,sim
0-17-238,18,0,1.0,0,sim
0-17-239,18,0,0.0,0,sim
0-18-0,19,0,0.0,0,sim
0-18-1,19,0,0.0,0,sim
0-18-2,19,0,1.0,0,sim
0-18-3,19,0,0.0,0,sim
0-18-4,19,0,0.0,0,sim
0-18-5,19,0,1.0,0,sim
0-18-6,19,0,0.0,0,sim
0-18-7,19,0,0.0,0,sim
0-18-8,19,0,0.0,0,sim
0-18-9,19,0,1.0,0,sim
0-18-10,19,0,1.0,0,sim
0-18-11,19,0,0.0,0,sim
0-18-12,19,0,1.0,0,sim
0-18-13,19,0,0.0,1,sim
0-18-14,19,0,0.0,0,sim
0-18-15,19,0,1.0,0,sim
0-18-16,19,0,1.0,0,sim
0-18-17,19,0,1.0,0,sim
0-18-18,19,0,1.0,0,sim
0-18-19,19,0,0.0,0,sim
0-18-20,19,0,0.0,0,sim
0-18-21,19,0,0.0,0,sim
0-18-22,19,0,1.0,0,sim
0-18-23,19,0,0.0,0,sim
0-18-24,19,0,1.0,0,sim
0-18-25,19,0,0.0,0,sim
0-18-26,19,0,1.0,0,sim
0-18-27,19,0,1.0,0,sim
0-18-28,19,0,0.0,0,sim
0-18-29,19,0,1.0,0,sim
0-18-30,19,0,1.0,1,sim
0-18-31,19,0,1.0,0,sim
0-18-32,19,0,1.0,0,sim
0-18-33,19,0,1.0,0,sim
0-18-34,19,0,1.0,0,sim
0-18-35,19,0,0.0,0,sim
0-18-36,19,0,1.0,0,sim
0-18-37,19,0,1.0,0,sim
0-18-38,19,0,1.0,0,sim
0-18-39,19,0,0.0,0,sim
0-18-40,19,0,1.0,0,sim
0-18-41,19,0,0.0,0,sim
0-18-42,19,0,1.0,0,sim
0-18-43,19,0,1.0,0,sim
0-18-44,19,0,0.0,0,sim
0-18-45,19,0,0.0,0,sim
0-18-46,19,0,1.0,0,sim
0-18-47,19,0,0.0,0,sim
0-18-48,19,0,1.0,0,sim
0-18-49,19,0,1.0,0,sim
0-18-50,19,0,0.0,1,sim
0-18-51,19,0,0.0,0,sim
0-18-52,19,0,1.0,0,sim
0-18-53,19,0,1.0,0,sim
0-18-54,19,0,0.0,0,sim
0-18-55,19,0,0.0,0,sim
0-18-56,19,0,0.0,0,sim
0-18-57,19,0,1.0,0,sim
0-18-58,19,0,0.0,1,sim
0-18-59,19,0,0.0,0,sim
0-18-60,19,0,0.0,0,sim
0-18-61,19,0,0.0,0,sim
0-18-62,19,0,0.0,0,sim
0-18-63,19,0,0.0,0,sim
0-18-64,19,0,0.0,0,sim
0-18-65,19,0,0.0,0,sim
0-18-66,19,0,1.0,0,sim
0-18-67,19,0,1.0,0,sim
0-18-68,19,0,1.0,0,sim
0-18-69,19,0,0.0,0,sim
0-18-70,19,0,0.0,0,sim
0-18-71,19,0,0.0,0,sim
0-18-72,19,0,0.0,0,sim
0-18-73,19,0,0.0,0,sim
0-18-74,19,0,1.0,0,sim
0-18-75,19,0,1.0,0,sim
0-18-76,19,0,1.0,0,sim
0-18-77,19,0,0.0,0,sim
0-18-78,19,0,1.0,0,sim
0-18-79,19,0,1.0,0,sim
0-18-80,19,0,1.0,0,sim
0-18-81,19,0,1.0,0,sim
0-18-82,19,0,1.0,0,sim
0-18-83,19,0,0.0,0,sim
0-18-84,19,0,1.0,0,sim
0-18-85,19,0,1.0,0,sim
0-18-86,19,0,1.0,0,sim
0-18-87,19,0,0.0,0,sim
0-18-88,19,0,0.0,0,sim
0-18-89,19,0,0.0,0,sim
0-18-90,19,0,1.0,0,sim
0-18-91,19,0,1.0,1,sim
0-18-92,19,0,,0,sim
0-18-93,19,0,0.0,0,sim
0-18-94,19,0,0.0,0,sim
0-18-95,19,0,0.0,0,sim
0-18-96,19,0,0.0,0,sim
0-18-97,19,0,1.0,0,sim
0-18-98,19,0,0.0,0,sim
0-18-99,19,0,0.0,0,sim
0-18-100,19,0,1.0,0,sim
0-18-101,19,0,0.0,0,sim
0-18-102,19,0,1.0,0,sim
0-18-103,19,0,0.0,0,sim
0-18-104,19,0,1.0,0,sim
0-18-105,19,0,0.0,0,sim
0-18-106,19,0,1.0,0,sim
0-18-107,19,0,0.0,0,sim
0-18-108,19,0,1.0,0,sim
0-18-109,19,0,0.0,0,sim
0-18-110,19,0,0.0,0,sim
0-18-111,19,0,0.0,0,sim
0-18-112,19,0,0.0,0,sim
0-18-113,19,0,0.0,0,sim
0-18-114,19,0,0.0,0,sim
0-18-115,19,0,0.0,0,sim
0-18-116,19,0,0.0,0,sim
0-18-117,19,0,1.0,0,sim
0-18-118,19,0,0.0,0,sim
0-18-119,19,0,0.0,0,sim
0-18-120,19,0,1.0,0,sim
0-18-121,19,0,0.0,0,sim
0-18-122,19,0,1.0,0,sim
0-18-123,19,0,1.0,0,sim
0-18-124,19,0,1.0,0,sim
0-18-125,19,0,1.0,0,sim
0-18-126,19,0,1.0,0,sim
0-18-127,19,0,1.0,0,sim
0-18-128,19,0,1.0,0,sim
0-18-129,19,0,1.0,0,sim
0-18-130,19,0,0.0,0,sim
0-18-131,19,0,0.0,0,sim
0-18-132,19,0,0.0,0,sim
0-18-133,19,0,0.0,0,sim
0-18-134,19,0,1.0,0,sim
0-18-135,19,0,1.0,0,sim
0-18-136,19,0,0.0,0,sim
0-18-137,19,0,0.0,0,sim
0-18-138,19,0,0.0,1,sim
0-18-139,19,0,1.0,0,sim
0-18-140,19,0,1.0,0,sim
0-18-141,19,0,0.0,0,sim
0-18-142,19,0,0.0,0,sim
0-18-143,19,0,1.0,0,sim
0-18-144,19,0,1.0,1,sim
0-18-145,19,0,1.0,0,sim
0-18-146,19,0,1.0,0,sim
0-18-147,19,0,0.0,0,sim
0-18-148,19,0,1.0,0,sim
0-18-149,19,0,1.0,0,sim
0-18-150,19,0,0.0,0,sim
0-18-151,19,0,0.0,0,sim
0-18-152,19,0,0.0,1,sim
0-18-153,19,0,0.0,0,sim
0-18-154,19,0,,0,sim
0-18-155,19,0,1.0,0,sim
0-18-156,19,0,0.0,0,sim
0-18-157,19,0,1.0,0,sim
0-18-158,19,0,1.0,0,sim
0-18-159,19,0,0.0,0,sim
0-18-160,19,0,1.0,0,sim
0-18-161,19,0,1.0,0,sim
0-18-162,19,0,0.0,0,sim
0-18-163,19,0,1.0,0,sim
0-18-164,19,0,1.0,1,sim
0-18-165,19,0,0.0,0,sim
0-18-166,19,0,1.0,0,sim
0-18-167,19,0,0.0,0,sim
0-18-168,19,0,1.0,0,sim
0-18-169,19,0,0.0,0,sim
0-18-170,19,0,1.0,0,sim
0-18-171,19,0,0.0,0,sim
0-18-172,19,0,,0,sim
0-18-173,19,0,0.0,0,sim
0-18-174,19,0,0.0,0,sim
0-18-175,19,0,0.0,1,sim
0-18-176,19,0,0.0,0,sim
0-18-177,19,0,0.0,0,sim
0-18-178,19,0,1.0,1,sim
0-18-179,19,0,1.0,0,sim
0-18-180,19,0,0.0,0,sim
0-18-181,19,0,1.0,0,sim
0-18-182,19,0,0.0,0,sim
0-18-183,19,0,1.0,0,sim
0-18-184,19,0,1.0,0,sim
0-18-185,19,0,1.0,0,sim
0-18-186,19,0,1.0,0,sim
0-18-187,19,0,1.0,0,sim
0-18-188,19,0,1.0,0,sim
0-18-189,19,0,0.0,0,sim
0-18-190,19,0,0.0,0,sim
0-18-191,19,0,1.0,0,sim
0-18-192,19,0,0.0,0,sim
0-18-193,19,0,1.0,0,sim
0-18-194,19,0,0.0,1,sim
0-18-195,19,0,1.0,0,sim
0-18-196,19,0,1.0,0,sim
0-18-197,19,0,0.0,0,sim
0-18-198,19,0,0.0,0,sim
0-18-199,19,0,0.0,0,sim
0-18-200,19,0,1.0,0,sim
0-18-201,19,0,0.0,0,sim
0-18-202,19,0,1.0,0,sim
0-18-203,19,0,0.0,0,sim
0-18-204,19,0,1.0,0,sim
0-18-205,19,0,1.0,0,sim
0-18-206,19,0,0.0,0,sim
0-18-207,19,0,0.0,0,sim
0-18-208,19,0,1.0,0,sim
0-18-209,19,0,1.0,0,sim
0-18-210,19,0,1.0,0,sim
0-18-211,19,0,1.0,0,sim
0-18-212,19,0,0.0,0,sim
0-18-213,19,0,1.0,0,sim
0-18-214,19,0,0.0,0,sim
0-18-215,19,0,1.0,0,sim
0-18-216,19,0,0.0,0,sim
0-18-217,19,0,1.0,0,sim
0-18-218,19,0,1.0,0,sim
0-18-219,19,0,1.0,0,sim
0-18-220,19,0,1.0,0,sim
0-18-221,19,0,1.0,0,sim
0-18-222,19,0,0.0,0,sim
0-18-223,19,0,0.0,0,sim
0-18-224,19,0,1.0,0,sim
0-18-225,19,0,1.0,0,sim
0-18-226,19,0,1.0,0,sim
0-18-227,19,0,0.0,1,sim
0-18-228,19,0,1.0,0,sim
0-18-229,19,0,0.0,0,sim
0-18-230,19,0,1.0,0,sim
0-18-231,19,0,1.0,0,sim
0-18-232,19,0,1.0,0,sim
0-18-233,19,0,1.0,0,sim
0-18-234,19,0,1.0,1,sim
0-18-235,19,0,0.0,0,sim
0-18-236,19,0,1.0,0,sim
0-18-237,19,0,1.0,0,sim
0-18-238,19,0,1.0,0,sim
0-18-239,19,0,1.0,0,sim
0-19-0,20,0,1.0,0,sim
0-19-1,20,0,1.0,0,sim
0-19-2,20,0,1.0,0,sim
0-19-3,20,0,0.0,0,sim
0-19-4,20,0,0.0,0,sim
0-19-5,20,0,1.0,0,sim
0-19-6,20,0,1.0,0,sim
0-19-7,20,0,0.0,0,sim
0-19-8,20,0,0.0,0,sim
0-19-9,20,0,1.0,0,sim
0-19-10,20,0,1.0,0,sim
0-19-11,20,0,0.0,0,sim
0-19-12,20,0,1.0,0,sim
0-19-13,20,0,1.0,0,sim
0-19-14,20,0,0.0,0,sim
0-19-15,20,0,0.0,0,sim
0-19-16,20,0,0.0,0,sim
0-19-17,20,0,1.0,0,sim
0-19-18,20,0,0.0,0,sim
0-19-19,20,0,1.0,0,sim
0-19-20,20,0,0.0,0,sim
0-19-21,20,0,1.0,0,sim
0-19-22,20,0,0.0,0,sim
0-19-23,20,0,1.0,0,sim
0-19-24,20,0,1.0,0,sim
0-19-25,20,0,1.0,0,sim
0-19-26,20,0,1.0,0,sim
0-19-27,20,0,1.0,0,sim
0-19-28,20,0,1.0,0,sim
0-19-29,20,0,1.0,0,sim
0-19-30,20,0,0.0,0,sim
0-19-31,20,0,1.0,0,sim
0-19-32,20,0,1.0,0,sim
0-19-33,20,0,1.0,0,sim
0-19-34,20,0,0.0,0,sim
0-19-35,20,0,0.0,0,sim
0-19-36,20,0,1.0,0,sim
0-19-37,20,0,0.0,0,sim
0-19-38,20,0,1.0,0,sim
0-19-39,20,0,0.0,1,sim
0-19-40,20,0,1.0,0,sim
0-19-41,20,0,1.0,0,sim
0-19-42,20,0,0.0,0,sim
0-19-43,20,0,1.0,0,sim
0-19-44,20,0,0.0,0,sim
0-19-45,20,0,1.0,0,sim
0-19-46,20,0,0.0,0,sim
0-19-47,20,0,1.0,0,sim
0-19-48,20,0,0.0,0,sim
0-19-49,20,0,0.0,0,sim
0-19-50,20,0,1.0,0,sim
0-19-51,20,0,1.0,0,sim
0-19-52,20,0,1.0,0,sim
0-19-53,20,0,1.0,0,sim
0-19-54,20,0,1.0,0,sim
0-19-55,20,0,0.0,0,sim
0-19-56,20,0,1.0,0,sim
0-19-57,20,0,1.0,0,sim
0-19-58,20,0,1.0,0,sim
0-19-59,20,0,0.0,0,sim
0-19-60,20,0,1.0,0,sim
0-19-61,20,0,1.0,0,sim
0-19-62,20,0,0.0,0,sim
0-19-63,20,0,0.0,0,sim
0-19-64,20,0,1.0,0,sim
0-19-65,20,0,1.0,0,sim
0-19-66,20,0,1.0,0,sim
0-19-67,20,0,0.0,0,sim
0-19-68,20,0,0.0,0,sim
0-19-69,20,0,0.0,0,sim
0-19-70,20,0,1.0,0,sim
0-19-71,20,0,1.0,0,sim
0-19-72,20,0,1.0,0,sim
0-19-73,20,0,1.0,0,sim
0-19-74,20,0,1.0,0,sim
0-19-75,20,0,0.0,0,sim
0-19-76,20,0,0.0,0,sim
0-19-77,20,0,1.0,0,sim
0-19-78,20,0,0.0,0,sim
0-19-79,20,0,1.0,0,sim
0-19-80,20,0,1.0,0,sim
0-19-81,20,0,1.0,0,sim
0-19-82,20,0,0.0,0,sim
0-19-83,20,0,0.0,0,sim
0-19-84,20,0,1.0,0,sim
0-19-85,20,0,1.0,0,sim
0-19-86,20,0,0.0,0,sim
0-19-87,20,0,1.0,0,sim
0-19-88,20,0,0.0,0,sim
0-19-89,20,0,1.0,0,sim
0-19-90,20,0,1.0,0,sim
0-19-91,20,0,1.0,0,sim
0-19-92,20,0,1.0,0,sim
0-19-93,20,0,0.0,0,sim
0-19-94,20,0,0.0,0,sim
0-19-95,20,0,1.0,0,sim
0-19-96,20,0,0.0,0,sim
0-19-97,20,0,0.0,0,sim
0-19-98,20,0,1.0,0,sim
0-19-99,20,0,1.0,0,sim
0-19-100,20,0,1.0,0,sim
0-19-101,20,0,1.0,0,sim
0-19-102,20,0,1.0,0,sim
0-19-103,20,0,1.0,0,sim
0-19-104,20,0,1.0,0,sim
0-19-105,20,0,1.0,0,sim
0-19-106,20,0,0.0,0,sim
0-19-107,20,0,0.0,0,sim
0-19-108,20,0,,0,sim
0-19-109,20,0,0.0,0,sim
0-19-110,20,0,0.0,0,sim
0-19-111,20,0,,0,sim
0-19-112,20,0,1.0,0,sim
0-19-113,20,0,1.0,0,sim
0-19-114,20,0,1.0,0,sim
0-19-115,20,0,1.0,0,sim
0-19-116,20,0,0.0,1,sim
0-19-117,20,0,0.0,0,sim
0-19-118,20,0,1.0,0,sim
0-19-119,20,0,1.0,0,sim
0-19-120,20,0,0.0,0,sim
0-19-121,20,0,1.0,0,sim
0-19-122,20,0,0.0,1,sim
0-19-123,20,0,0.0,0,sim
0-19-124,20,0,0.0,0,sim
0-19-125,20,0,0.0,0,sim
0-19-126,20,0,0.0,0,sim
0-19-127,20,0,1.0,0,sim
0-19-128,20,0,0.0,0,sim
0-19-129,20,0,0.0,0,sim
0-19-130,20,0,1.0,0,sim
0-19-131,20,0,1.0,0,sim
0-19-132,20,0,0.0,0,sim
0-19-133,20,0,0.0,0,sim
0-19-134,20,0,1.0,0,sim
0-19-135,20,0,0.0,0,sim
0-19-136,20,0,1.0,0,sim
0-19-137,20,0,1.0,0,sim
0-19-138,20,0,1.0,0,sim
0-19-139,20,0,0.0,0,sim
0-19-140,20,0,0.0,0,sim
0-19-141,20,0,0.0,0,sim
0-19-142,20,0,1.0,0,sim
0-19-143,20,0,1.0,0,sim
0-19-144,20,0,1.0,0,sim
0-19-145,20,0,0.0,0,sim
0-19-146,20,0,,0,sim
0-19-147,20,0,0.0,0,sim
0-19-148,20,0,0.0,1,sim
0-19-149,20,0,0.0,0,sim
0-19-150,20,0,0.0,0,sim
0-19-151,20,0,1.0,0,sim
0-19-152,20,0,1.0,0,sim
0-19-153,20,0,1.0,0,sim
0-19-154,20,0,1.0,0,sim
0-19-155,20,0,0.0,0,sim
0-19-156,20,0,0.0,0,sim
0-19-157,20,0,1.0,0,sim
0-19-158,20,0,1.0,0,sim
0-19-159,20,0,1.0,0,sim
0-19-160,20,0,1.0,0,sim
0-19-161,20,0,1.0,0,sim
0-19-162,20,0,0.0,0,sim
0-19-163,20,0,1.0,0,sim
0-19-164,20,0,0.0,0,sim
0-19-165,20,0,0.0,0,sim
0-19-166,20,0,0.0,0,sim
0-19-167,20,0,1.0,0,sim
0-19-168,20,0,1.0,0,sim
0-19-169,20,0,1.0,0,sim
0-19-170,20,0,1.0,0,sim
0-19-171,20,0,1.0,0,sim
0-19-172,20,0,1.0,0,sim
0-19-173,20,0,1.0,0,sim
0-19-174,20,0,,0,sim
0-19-175,20,0,1.0,0,sim
0-19-176,20,0,0.0,0,sim
0-19-177,20,0,0.0,0,sim
0-19-178,20,0,0.0,0,sim
0-19-179,20,0,0.0,0,sim
0-19-180,20,0,1.0,0,sim
0-19-181,20,0,1.0,0,sim
0-19-182,20,0,0.0,0,sim
0-19-183,20,0,1.0,0,sim
0-19-184,20,0,0.0,0,sim
0-19-185,20,0,0.0,0,sim
0-19-186,20,0,0.0,1,sim
0-19-187,20,0,0.0,0,sim
0-19-188,20,0,1.0,0,sim
0-19-189,20,0,1.0,0,sim
0-19-190,20,0,1.0,0,sim
0-19-191,20,0,0.0,0,sim
0-19-192,20,0,1.0,0,sim
0-19-193,20,0,0.0,0,sim
0-19-194,20,0,1.0,0,sim
0-19-195,20,0,0.0,0,sim
0-19-196,20,0,1.0,0,sim
0-19-197,20,0,0.0,1,sim
0-19-198,20,0,0.0,0,sim
0-19-199,20,0,0.0,0,sim
0-19-200,20,0,0.0,0,sim
0-19-201,20,0,,0,sim
0-19-202,20,0,0.0,0,sim
0-19-203,20,0,,0,sim
0-19-204,20,0,1.0,0,sim
0-19-205,20,0,1.0,0,sim
0-19-206,20,0,0.0,0,sim
0-19-207,20,0,0.0,0,sim
0-19-208,20,0,1.0,0,sim
0-19-209,20,0,1.0,0,sim
0-19-210,20,0,1.0,0,sim
0-19-211,20,0,0.0,0,sim
0-19-212,20,0,0.0,0,sim
0-19-213,20,0,1.0,0,sim
0-19-214,20,0,0.0,0,sim
0-19-215,20,0,1.0,0,sim
0-19-216,20,0,0.0,0,sim
0-19-217,20,0,0.0,0,sim
0-19-218,20,0,1.0,0,sim
0-19-219,20,0,0.0,0,sim
0-19-220,20,0,1.0,0,sim
0-19-221,20,0,1.0,1,sim
0-19-222,20,0,0.0,0,sim
0-19-223,20,0,0.0,0,sim
0-19-224,20,0,0.0,0,sim
0-19-225,20,0,1.0,0,sim
0-19-226,20,0,0.0,0,sim
0-19-227,20,0,0.0,0,sim
0-19-228,20,0,1.0,0,sim
0-19-229,20,0,1.0,0,sim
0-19-230,20,0,1.0,0,sim
0-19-231,20,0,0.0,0,sim
0-19-232,20,0,0.0,0,sim
0-19-233,20,0,0.0,0,sim
0-19-234,20,0,1.0,0,sim
0-19-235,20,0,0.0,0,sim
0-19-236,20,0,0.0,0,sim
0-19-237,20,0,0.0,0,sim
0-19-238,20,0,0.0,0,sim
0-19-239,20,0,1.0,0,sim
0-20-0,21,0,,0,sim
0-20-1,21,0,1.0,0,sim
0-20-2,21,0,0.0,0,sim
0-20-3,21,0,0.0,0,sim
0-20-4,21,0,0.0,0,sim
0-20-5,21,0,1.0,0,sim
0-20-6,21,0,0.0,0,sim
0-20-7,21,0,0.0,0,sim
0-20-8,21,0,1.0,0,sim
0-20-9,21,0,1.0,1,sim
0-20-10,21,0,0.0,0,sim
0-20-11,21,0,1.0,0,sim
0-20-12,21,0,1.0,0,sim
0-20-13,21,0,1.0,0,sim
0-20-14,21,0,1.0,0,sim
0-20-15,21,0,1.0,0,sim
0-20-16,21,0,0.0,0,sim
0-20-17,21,0,1.0,0,sim
0-20-18,21,0,0.0,0,sim
0-20-19,21,0,1.0,0,sim
0-20-20,21,0,1.0,0,sim
0-20-21,21,0,0.0,0,sim
0-20-22,21,0,0.0,0,sim
0-20-23,21,0,1.0,0,sim
0-20-24,21,0,0.0,0,sim
0-20-25,21,0,0.0,0,sim
0-20-26,21,0,1.0,0,sim
0-20-27,21,0,1.0,0,sim
0-20-28,21,0,1.0,0,sim
0-20-29,21,0,1.0,0,sim
0-20-30,21,0,1.0,0,sim
0-20-31,21,0,0.0,0,sim
0-20-32,21,0,1.0,0,sim
0-20-33,21,0,1.0,0,sim
0-20-34,21,0,1.0,0,sim
0-20-35,21,0,0.0,0,sim
0-20-36,21,0,0.0,0,sim
0-20-37,21,0,0.0,0,sim
0-20-38,21,0,1.0,0,sim
0-20-39,21,0,1.0,0,sim
0-20-40,21,0,1.0,0,sim
0-20-41,21,0,0.0,0,sim
0-20-42,21,0,1.0,0,sim
0-20-43,21,0,0.0,0,sim
0-20-44,21,0,0.0,0,sim
0-20-45,21,0,0.0,0,sim
0-20-46,21,0,1.0,0,sim
0-20-47,21,0,0.0,0,sim
0-20-48,21,0,1.0,0,sim
0-20-49,21,0,0.0,0,sim
0-20-50,21,0,,0,sim
0-20-51,21,0,1.0,0,sim
0-20-52,21,0,1.0,0,sim
0-20-53,21,0,1.0,0,sim
0-20-54,21,0,1.0,0,sim
0-20-55,21,0,1.0,0,sim
0-20-56,21,0,0.0,0,sim
0-20-57,21,0,0.0,0,sim
0-20-58,21,0,1.0,0,sim
0-20-59,21,0,1.0,0,sim
0-20-60,21,0,1.0,0,sim
0-20-61,21,0,0.0,0,sim
0-20-62,21,0,0.0,0,sim
0-20-63,21,0,0.0,0,sim
0-20-64,21,0,1.0,0,sim
0-20-65,21,0,1.0,0,sim
0-20-66,21,0,0.0,0,sim
0-20-67,21,0,0.0,0,sim
0-20-68,21,0,1.0,0,sim
0-20-69,21,0,0.0,1,sim
0-20-70,21,0,1.0,0,sim
0-20-71,21,0,0.0,0,sim
0-20-72,21,0,1.0,0,sim
0-20-73,21,0,0.0,0,sim
0-20-74,21,0,1.0,0,sim
0-20-75,21,0,0.0,1,sim
0-20-76,21,0,0.0,0,sim
0-20-77,21,0,1.0,0,sim
0-20-78,21,0,1.0,0,sim
0-20-79,21,0,0.0,0,sim
0-20-80,21,0,1.0,0,sim
0-20-81,21,0,0.0,0,sim
0-20-82,21,0,1.0,0,sim
0-20-83,21,0,1.0,0,sim
0-20-84,21,0,1.0,0,sim
0-20-85,21,0,1.0,0,sim
0-20-86,21,0,0.0,0,sim
0-20-87,21,0,1.0,0,sim
0-20-88,21,0,1.0,0,sim
0-20-89,21,0,1.0,0,sim
0-20-90,21,0,1.0,0,sim
0-20-91,21,0,1.0,0,sim
0-20-92,21,0,1.0,0,sim
0-20-93,21,0,1.0,0,sim
0-20-94,21,0,0.0,0,sim
0-20-95,21,0,0.0,0,sim
0-20-96,21,0,0.0,0,sim
0-20-97,21,0,0.0,0,sim
0-20-98,21,0,1.0,0,sim
0-20-99,21,0,0.0,0,sim
0-20-100,21,0,0.0,0,sim
0-20-101,21,0,0.0,0,sim
0-20-102,21,0,0.0,0,sim
0-20-103,21,0,1.0,0,sim
0-20-104,21,0,1.0,0,sim
0-20-105,21,0,1.0,0,sim
0-20-106,21,0,1.0,0,sim
0-20-107,21,0,,0,sim
0-20-108,21,0,0.0,0,sim
0-20-109,21,0,0.0,0,sim
0-20-110,21,0,0.0,0,sim
0-20-111,21,0,1.0,0,sim
0-20-112,21,0,1.0,0,sim
0-20-113,21,0,1.0,0,sim
0-20-114,21,0,,0,sim
0-20-115,21,0,0.0,0,sim
0-20-116,21,0,0.0,0,sim
0-20-117,21,0,1.0,0,sim
0-20-118,21,0,1.0,0,sim
0-20-119,21,0,0.0,0,sim
0-20-120,21,0,1.0,0,sim
0-20-121,21,0,0.0,0,sim
0-20-122,21,0,1.0,0,sim
0-20-123,21,0,0.0,0,sim
0-20-124,21,0,1.0,0,sim
0-20-125,21,0,1.0,0,sim
0-20-126,21,0,1.0,0,sim
0-20-127,21,0,0.0,0,sim
0-20-128,21,0,1.0,0,sim
0-20-129,21,0,1.0,0,sim
0-20-130,21,0,1.0,0,sim
0-20-131,21,0,,0,sim
0-20-132,21,0,1.0,0,sim
0-20-133,21,0,0.0,0,sim
0-20-134,21,0,1.0,0,sim
0-20-135,21,0,1.0,1,sim
0-20-136,21,0,1.0,0,sim
0-20-137,21,0,0.0,0,sim
0-20-138,21,0,1.0,0,sim
0-20-139,21,0,1.0,0,sim
0-20-140,21,0,,0,sim
0-20-141,21,0,0.0,0,sim
0-20-142,21,0,1.0,0,sim
0-20-143,21,0,0.0,0,sim
0-20-144,21,0,0.0,0,sim
0-20-145,21,0,0.0,0,sim
0-20-146,21,0,0.0,0,sim
0-20-147,21,0,1.0,0,sim
0-20-148,21,0,0.0,0,sim
0-20-149,21,0,0.0,0,sim
0-20-150,21,0,0.0,0,sim
0-20-151,21,0,1.0,0,sim
0-20-152,21,0,1.0,0,sim
0-20-153,21,0,0.0,0,sim
0-20-154,21,0,0.0,0,sim
0-20-155,21,0,1.0,0,sim
0-20-156,21,0,1.0,0,sim
0-20-157,21,0,0.0,0,sim
0-20-158,21,0,1.0,0,sim
0-20-159,21,0,1.0,0,sim
0-20-160,21,0,1.0,0,sim
0-20-161,21,0,,0,sim
0-20-162,21,0,1.0,0,sim
0-20-163,21,0,0.0,0,sim
0-20-164,21,0,0.0,0,sim
0-20-165,21,0,1.0,0,sim
0-20-166,21,0,0.0,0,sim
0-20-167,21,0,1.0,0,sim
0-20-168,21,0,1.0,0,sim
0-20-169,21,0,1.0,0,sim
0-20-170,21,0,0.0,0,sim
0-20-171,21,0,1.0,0,sim
0-20-172,21,0,0.0,0,sim
0-20-173,21,0,1.0,0,sim
0-20-174,21,0,1.0,0,sim
0-20-175,21,0,0.0,0,sim
0-20-176,21,0,1.0,0,sim
0-20-177,21,0,0.0,0,sim
0-20-178,21,0,0.0,0,sim
0-20-179,21,0,0.0,0,sim
0-20-180,21,0,0.0,0,sim
0-20-181,21,0,,0,sim
0-20-182,21,0,0.0,0,sim
0-20-183,21,0,0.0,0,sim
0-20-184,21,0,1.0,0,sim
0-20-185,21,0,0.0,0,sim
0-20-186,21,0,1.0,0,sim
0-20-187,21,0,0.0,0,sim
0-20-188,21,0,0.0,0,sim
0-20-189,21,0,1.0,0,sim
0-20-190,21,0,0.0,0,sim
0-20-191,21,0,1.0,0,sim
0-20-192,21,0,0.0,0,sim
0-20-193,21,0,,0,sim
0-20-194,21,0,0.0,0,sim
0-20-195,21,0,0.0,0,sim
0-20-196,21,0,1.0,0,sim
0-20-197,21,0,0.0,0,sim
0-20-198,21,0,0.0,0,sim
0-20-199,21,0,1.0,0,sim
0-20-200,21,0,1.0,0,sim
0-20-201,21,0,0.0,0,sim
0-20-202,21,0,1.0,0,sim
0-20-203,21,0,1.0,0,sim
0-20-204,21,0,0.0,0,sim
0-20-205,21,0,1.0,0,sim
0-20-206,21,0,0.0,0,sim
0-20-207,21,0,0.0,0,sim
0-20-208,21,0,1.0,0,sim
0-20-209,21,0,0.0,0,sim
0-20-210,21,0,1.0,0,sim
0-20-211,21,0,0.0,0,sim
0-20-212,21,0,1.0,0,sim
0-20-213,21,0,1.0,0,sim
0-20-214,21,0,0.0,0,sim
0-20-215,21,0,1.0,1,sim
0-20-216,21,0,1.0,0,sim
0-20-217,21,0,1.0,0,sim
0-20-218,21,0,0.0,0,sim
0-20-219,21,0,1.0,0,sim
0-20-220,21,0,0.0,0,sim
0-20-221,21,0,0.0,0,sim
0-20-222,21,0,1.0,0,sim
0-20-223,21,0,1.0,0,sim
0-20-224,21,0,0.0,0,sim
0-20-225,21,0,0.0,0,sim
0-20-226,21,0,1.0,0,sim
0-20-227,21,0,1.0,0,sim
0-20-228,21,0,,0,sim
0-20-229,21,0,1.0,0,sim
0-20-230,21,0,1.0,0,sim
0-20-231,21,0,1.0,0,sim
0-20-232,21,0,0.0,0,sim
0-20-233,21,0,1.0,0,sim
0-20-234,21,0,0.0,0,sim
0-20-235,21,0,1.0,0,sim
0-20-236,21,0,0.0,0,sim
0-20-237,21,0,0.0,0,sim
0-20-238,21,0,,0,sim
0-20-239,21,0,1.0,0,sim
0-21-0,22,0,0.0,0,sim
0-21-1,22,0,0.0,0,sim
0-21-2,22,0,0.0,0,sim
0-21-3,22,0,0.0,0,sim
0-21-4,22,0,1.0,0,sim
0-21-5,22,0,0.0,0,sim
0-21-6,22,0,,0,sim
0-21-7,22,0,0.0,0,sim
0-21-8,22,0,1.0,0,sim
0-21-9,22,0,1.0,0,sim
0-21-10,22,0,0.0,0,sim
0-21-11,22,0,0.0,0,sim
0-21-12,22,0,1.0,0,sim
0-21-13,22,0,1.0,0,sim
0-21-14,22,0,0.0,0,sim
0-21-15,22,0,1.0,0,sim
0-21-16,22,0,1.0,0,sim
0-21-17,22,0,1.0,0,sim
0-21-18,22,0,1.0,1,sim
0-21-19,22,0,1.0,0,sim
0-21-20,22,0,1.0,0,sim
0-21-21,22,0,1.0,0,sim
0-21-22,22,0,0.0,0,sim
0-21-23,22,0,1.0,0,sim
0-21-24,22,0,1.0,0,sim
0-21-25,22,0,0.0,0,sim
0-21-26,22,0,1.0,0,sim
0-21-27,22,0,1.0,0,sim
0-21-28,22,0,1.0,0,sim
0-21-29,22,0,1.0,0,sim
0-21-30,22,0,1.0,0,sim
0-21-31,22,0,0.0,0,sim
0-21-32,22,0,0.0,0,sim
0-21-33,22,0,0.0,0,sim
0-21-34,22,0,1.0,0,sim
0-21-35,22,0,0.0,0,sim
0-21-36,22,0,0.0,0,sim
0-21-37,22,0,0.0,0,sim
0-21-38,22,0,1.0,0,sim
0-21-39,22,0,1.0,0,sim
0-21-40,22,0,0.0,0,sim
0-21-41,22,0,1.0,0,sim
0-21-42,22,0,1.0,0,sim
0-21-43,22,0,1.0,0,sim
0-21-44,22,0,0.0,0,sim
0-21-45,22,0,1.0,0,sim
0-21-46,22,0,1.0,0,sim
0-21-47,22,0,1.0,0,sim
0-21-48,22,0,1.0,0,sim
0-21-49,22,0,0.0,0,sim
0-21-50,22,0,1.0,0,sim
0-21-51,22,0,0.0,0,sim
0-21-52,22,0,1.0,0,sim
0-21-53,22,0,0.0,0,sim
0-21-54,22,0,0.0,0,sim
0-21-55,22,0,,0,sim
0-21-56,22,0,1.0,0,sim
0-21-57,22,0,1.0,0,sim
0-21-58,22,0,1.0,0,sim
0-21-59,22,0,0.0,0,sim
0-21-60,22,0,1.0,0,sim
0-21-61,22,0,1.0,0,sim
0-21-62,22,0,0.0,0,sim
0-21-63,22,0,1.0,0,sim
0-21-64,22,0,1.0,0,sim
0-21-65,22,0,1.0,0,sim
0-21-66,22,0,0.0,0,sim
0-21-67,22,0,1.0,0,sim
0-21-68,22,0,1.0,0,sim
0-21-69,22,0,1.0,0,sim
0-21-70,22,0,0.0,0,sim
0-21-71,22,0,1.0,0,sim
0-21-72,22,0,0.0,0,sim
0-21-73,22,0,1.0,0,sim
0-21-74,22,0,,0,sim
0-21-75,22,0,1.0,0,sim
0-21-76,22,0,1.0,0,sim
0-21-77,22,0,0.0,0,sim
0-21-78,22,0,1.0,0,sim
0-21-79,22,0,1.0,0,sim
0-21-80,22,0,1.0,0,sim
0-21-81,22,0,0.0,0,sim
0-21-82,22,0,1.0,0,sim
0-21-83,22,0,1.0,0,sim
0-21-84,22,0,0.0,0,sim
0-21-85,22,0,0.0,0,sim
0-21-86,22,0,1.0,0,sim
0-21-87,22,0,,0,sim
0-21-88,22,0,0.0,0,sim
0-21-89,22,0,1.0,0,sim
0-21-90,22,0,0.0,0,sim
0-21-91,22,0,1.0,0,sim
0-21-92,22,0,1.0,0,sim
0-21-93,22,0,1.0,0,sim
0-21-94,22,0,1.0,0,sim
0-21-95,22,0,0.0,0,sim
0-21-96,22,0,0.0,0,sim
0-21-97,22,0,0.0,0,sim
0-21-98,22,0,0.0,0,sim
0-21-99,22,0,0.0,0,sim
0-21-100,22,0,0.0,0,sim
0-21-101,22,0,0.0,0,sim
0-21-102,22,0,1.0,0,sim
0-21-103,22,0,0.0,0,sim
0-21-104,22,0,1.0,0,sim
0-21-105,22,0,0.0,0,sim
0-21-106,22,0,1.0,0,sim
0-21-107,22,0,1.0,0,sim
0-21-108,22,0,1.0,0,sim
0-21-109,22,0,0.0,0,sim
0-21-110,22,0,0.0,0,sim
0-21-111,22,0,1.0,0,sim
0-21-112,22,0,0.0,0,sim
0-21-113,22,0,0.0,0,sim
0-21-114,22,0,0.0,0,sim
0-21-115,22,0,0.0,0,sim
0-21-116,22,0,1.0,0,sim
0-21-117,22,0,1.0,0,sim
0-21-118,22,0,0.0,0,sim
0-21-119,22,0,1.0,0,sim
0-21-120,22,0,1.0,0,sim
0-21-121,22,0,1.0,0,sim
0-21-122,22,0,0.0,0,sim
0-21-123,22,0,0.0,0,sim
0-21-124,22,0,0.0,0,sim
0-21-125,22,0,1.0,0,sim
0-21-126,22,0,0.0,0,sim
0-21-127,22,0,1.0,0,sim
0-21-128,22,0,1.0,0,sim
0-21-129,22,0,0.0,0,sim
0-21-130,22,0,1.0,0,sim
0-21-131,22,0,1.0,0,sim
0-21-132,22,0,1.0,0,sim
0-21-133,22,0,0.0,0,sim
0-21-134,22,0,1.0,0,sim
0-21-135,22,0,0.0,0,sim
0-21-136,22,0,0.0,0,sim
0-21-137,22,0,0.0,0,sim
0-21-138,22,0,1.0,0,sim
0-21-139,22,0,1.0,0,sim
0-21-140,22,0,0.0,0,sim
0-21-141,22,0,1.0,0,sim
0-21-142,22,0,0.0,0,sim
0-21-143,22,0,0.0,0,sim
0-21-144,22,0,1.0,0,sim
0-21-145,22,0,1.0,0,sim
0-21-146,22,0,1.0,0,sim
0-21-147,22,0,1.0,0,sim
0-21-148,22,0,,0,sim
0-21-149,22,0,1.0,0,sim
0-21-150,22,0,0.0,0,sim
0-21-151,22,0,0.0,0,sim
0-21-152,22,0,1.0,0,sim
0-21-153,22,0,0.0,0,sim
0-21-154,22,0,0.0,0,sim
0-21-155,22,0,0.0,0,sim
0-21-156,22,0,0.0,0,sim
0-21-157,22,0,0.0,0,sim
0-21-158,22,0,1.0,0,sim
0-21-159,22,0,1.0,0,sim
0-21-160,22,0,0.0,0,sim
0-21-161,22,0,0.0,1,sim
0-21-162,22,0,1.0,0,sim
0-21-163,22,0,1.0,0,sim
0-21-164,22,0,1.0,0,sim
0-21-165,22,0,0.0,0,sim
0-21-166,22,0,1.0,0,sim
0-21-167,22,0,1.0,0,sim
0-21-168,22,0,1.0,0,sim
0-21-169,22,0,1.0,0,sim
0-21-170,22,0,1.0,0,sim
0-21-171,22,0,1.0,0,sim
0-21-172,22,0,1.0,0,sim
0-21-173,22,0,1.0,0,sim
0-21-174,22,0,1.0,0,sim
0-21-175,22,0,1.0,0,sim
0-21-176,22,0,0.0,0,sim
0-21-177,22,0,,0,sim
0-21-178,22,0,0.0,0,sim
0-21-179,22,0,1.0,1,sim
0-21-180,22,0,0.0,0,sim
0-21-181,22,0,0.0,0,sim
0-21-182,22,0,1.0,0,sim
0-21-183,22,0,0.0,0,sim
0-21-184,22,0,1.0,0,sim
0-21-185,22,0,0.0,0,sim
0-21-186,22,0,0.0,0,sim
0-21-187,22,0,1.0,0,sim
0-21-188,22,0,0.0,0,sim
0-21-189,22,0,0.0,0,sim
0-21-190,22,0,0.0,0,sim
0-21-191,22,0,1.0,0,sim
0-21-192,22,0,0.0,0,sim
0-21-193,22,0,0.0,0,sim
0-21-194,22,0,0.0,0,sim
0-21-195,22,0,0.0,0,sim
0-21-196,22,0,0.0,0,sim
0-21-197,22,0,,0,sim
0-21-198,22,0,1.0,0,sim
0-21-199,22,0,1.0,0,sim
0-21-200,22,0,1.0,0,sim
0-21-201,22,0,1.0,0,sim
0-21-202,22,0,1.0,0,sim
0-21-203,22,0,1.0,0,sim
0-21-204,22,0,1.0,0,sim
0-21-205,22,0,0.0,0,sim
0-21-206,22,0,0.0,0,sim
0-21-207,22,0,1.0,0,sim
0-21-208,22,0,0.0,1,sim
0-21-209,22,0,1.0,0,sim
0-21-210,22,0,0.0,0,sim
0-21-211,22,0,1.0,0,sim
0-21-212,22,0,0.0,0,sim
0-21-213,22,0,1.0,1,sim
0-21-214,22,0,1.0,0,sim
0-21-215,22,0,1.0,0,sim
0-21-216,22,0,1.0,0,sim
0-21-217,22,0,0.0,0,sim
0-21-218,22,0,1.0,0,sim
0-21-219,22,0,0.0,0,sim
0-21-220,22,0,1.0,0,sim
0-21-221,22,0,1.0,0,sim
0-21-222,22,0,0.0,0,sim
0-21-223,22,0,1.0,0,sim
0-21-224,22,0,1.0,0,sim
0-21-225,22,0,1.0,1,sim
0-21-226,22,0,0.0,0,sim
0-21-227,22,0,1.0,0,sim
0-21-228,22,0,0.0,0,sim
0-21-229,22,0,0.0,0,sim
0-21-230,22,0,1.0,0,sim
0-21-231,22,0,1.0,0,sim
0-21-232,22,0,1.0,0,sim
0-21-233,22,0,0.0,0,sim
0-21-234,22,0,0.0,0,sim
0-21-235,22,0,0.0,0,sim
0-21-236,22,0,1.0,0,sim
0-21-237,22,0,1.0,0,sim
0-21-238,22,0,0.0,0,sim
0-21-239,22,0,1.0,0,sim
0-22-0,23,0,0.0,0,sim
0-22-1,23,0,0.0,0,sim
0-22-2,23,0,1.0,0,sim
0-22-3,23,0,1.0,0,sim
0-22-4,23,0,0.0,0,sim
0-22-5,23,0,1.0,0,sim
0-22-6,23,0,1.0,0,sim
0-22-7,23,0,1.0,0,sim
0-22-8,23,0,0.0,0,sim
0-22-9,23,0,0.0,0,sim
0-22-10,23,0,0.0,0,sim
0-22-11,23,0,1.0,0,sim
0-22-12,23,0,1.0,0,sim
0-22-13,23,0,1.0,0,sim
0-22-14,23,0,0.0,0,sim
0-22-15,23,0,1.0,0,sim
0-22-16,23,0,0.0,0,sim
0-22-17,23,0,1.0,0,sim
0-22-18,23,0,1.0,0,sim
0-22-19,23,0,0.0,0,sim
0-22-20,23,0,1.0,0,sim
0-22-21,23,0,1.0,0,sim
0-22-22,23,0,1.0,0,sim
0-22-23,23,0,1.0,0,sim
0-22-24,23,0,0.0,0,sim
0-22-25,23,0,0.0,0,sim
0-22-26,23,0,0.0,0,sim
0-22-27,23,0,0.0,0,sim
0-22-28,23,0,0.0,0,sim
0-22-29,23,0,1.0,0,sim
0-22-30,23,0,1.0,0,sim
0-22-31,23,0,1.0,0,sim
0-22-32,23,0,0.0,0,sim
0-22-33,23,0,0.0,0,sim
0-22-34,23,0,1.0,0,sim
0-22-35,23,0,1.0,0,sim
0-22-36,23,0,0.0,0,sim
0-22-37,23,0,1.0,0,sim
0-22-38,23,0,0.0,0,sim
0-22-39,23,0,1.0,0,sim
0-22-40,23,0,0.0,0,sim
0-22-41,23,0,0.0,0,sim
0-22-42,23,0,0.0,0,sim
0-22-43,23,0,0.0,0,sim
0-22-44,23,0,0.0,0,sim
0-22-45,23,0,1.0,0,sim
0-22-46,23,0,0.0,0,sim
0-22-47,23,0,0.0,0,sim
0-22-48,23,0,1.0,1,sim
0-22-49,23,0,1.0,0,sim
0-22-50,23,0,1.0,0,sim
0-22-51,23,0,1.0,0,sim
0-22-52,23,0,1.0,0,sim
0-22-53,23,0,0.0,0,sim
0-22-54,23,0,1.0,0,sim
0-22-55,23,0,0.0,0,sim
0-22-56,23,0,0.0,0,sim
0-22-57,23,0,1.0,0,sim
0-22-58,23,0,0.0,0,sim
0-22-59,23,0,1.0,0,sim
0-22-60,23,0,0.0,0,sim
0-22-61,23,0,1.0,0,sim
0-22-62,23,0,0.0,0,sim
0-22-63,23,0,0.0,0,sim
0-22-64,23,0,0.0,0,sim
0-22-65,23,0,1.0,0,sim
0-22-66,23,0,0.0,0,sim
0-22-67,23,0,1.0,0,sim
0-22-68,23,0,1.0,0,sim
0-22-69,23,0,1.0,1,sim
0-22-70,23,0,1.0,0,sim
0-22-71,23,0,0.0,0,sim
0-22-72,23,0,0.0,0,sim
0-22-73,23,0,1.0,0,sim
0-22-74,23,0,1.0,0,sim
0-22-75,23,0,0.0,0,sim
0-22-76,23,0,0.0,0,sim
0-22-77,23,0,1.0,0,sim
0-22-78,23,0,0.0,0,sim
0-22-79,23,0,0.0,0,sim
0-22-80,23,0,0.0,0,sim
0-22-81,23,0,0.0,0,sim
0-22-82,23,0,1.0,0,sim
0-22-83,23,0,0.0,0,sim
0-22-84,23,0,,0,sim
0-22-85,23,0,1.0,0,sim
0-22-86,23,0,1.0,0,sim
0-22-87,23,0,0.0,0,sim
0-22-88,23,0,1.0,0,sim
0-22-89,23,0,1.0,0,sim
0-22-90,23,0,1.0,0,sim
0-22-91,23,0,0.0,0,sim
0-22-92,23,0,1.0,0,sim
0-22-93,23,0,1.0,0,sim
0-22-94,23,0,0.0,0,sim
0-22-95,23,0,0.0,0,sim
0-22-96,23,0,0.0,0,sim
0-22-97,23,0,1.0,0,sim
0-22-98,23,0,1.0,1,sim
0-22-99,23,0,0.0,0,sim
0-22-100,23,0,0.0,0,sim
0-22-101,23,0,1.0,0,sim
0-22-102,23,0,1.0,0,sim
0-22-103,23,0,0.0,0,sim
0-22-104,23,0,1.0,0,sim
0-22-105,23,0,1.0,0,sim
0-22-106,23,0,0.0,0,sim
0-22-107,23,0,0.0,0,sim
0-22-108,23,0,1.0,0,sim
0-22-109,23,0,0.0,0,sim
0-22-110,23,0,0.0,0,sim
0-22-111,23,0,1.0,0,sim
0-22-112,23,0,0.0,0,sim
0-22-113,23,0,1.0,0,sim
0-22-114,23,0,0.0,0,sim
0-22-115,23,0,0.0,0,sim
0-22-116,23,0,0.0,0,sim
0-22-117,23,0,1.0,0,sim
0-22-118,23,0,0.0,0,sim
0-22-119,23,0,0.0,0,sim
0-22-120,23,0,0.0,0,sim
0-22-121,23,0,1.0,0,sim
0-22-122,23,0,0.0,0,sim
0-22-123,23,0,1.0,0,sim
0-22-124,23,0,,0,sim
0-22-125,23,0,1.0,0,sim
0-22-126,23,0,0.0,0,sim
0-22-127,23,0,1.0,0,sim
0-22-128,23,0,0.0,0,sim
0-22-129,23,0,1.0,0,sim
0-22-130,23,0,0.0,0,sim
0-22-131,23,0,1.0,0,sim
0-22-132,23,0,0.0,0,sim
0-22-133,23,0,1.0,0,sim
0-22-134,23,0,1.0,0,sim
0-22-135,23,0,1.0,0,sim
0-22-136,23,0,1.0,0,sim
0-22-137,23,0,0.0,0,sim
0-22-138,23,0,1.0,0,sim
0-22-139,23,0,1.0,0,sim
0-22-140,23,0,1.0,0,sim
0-22-141,23,0,0.0,0,sim
0-22-142,23,0,0.0,0,sim
0-22-143,23,0,0.0,0,sim
0-22-144,23,0,0.0,0,sim
0-22-145,23,0,1.0,0,sim
0-22-146,23,0,0.0,0,sim
0-22-147,23,0,1.0,0,sim
0-22-148,23,0,1.0,0,sim
0-22-149,23,0,1.0,0,sim
0-22-150,23,0,0.0,0,sim
0-22-151,23,0,0.0,0,sim
0-22-152,23,0,1.0,0,sim
0-22-153,23,0,1.0,0,sim
0-22-154,23,0,0.0,0,sim
0-22-155,23,0,1.0,0,sim
0-22-156,23,0,0.0,0,sim
0-22-157,23,0,1.0,0,sim
0-22-158,23,0,1.0,0,sim
0-22-159,23,0,1.0,0,sim
0-22-160,23,0,0.0,0,sim
0-22-161,23,0,1.0,0,sim
0-22-162,23,0,1.0,0,sim
0-22-163,23,0,0.0,0,sim
0-22-164,23,0,1.0,0,sim
0-22-165,23,0,1.0,0,sim
0-22-166,23,0,0.0,0,sim
0-22-167,23,0,0.0,0,sim
0-22-168,23,0,1.0,0,sim
0-22-169,23,0,1.0,0,sim
0-22-170,23,0,1.0,0,sim
0-22-171,23,0,1.0,0,sim
0-22-172,23,0,1.0,0,sim
0-22-173,23,0,1.0,0,sim
0-22-174,23,0,1.0,0,sim
0-22-175,23,0,1.0,0,sim
0-22-176,23,0,1.0,0,sim
0-22-177,23,0,0.0,0,sim
0-22-178,23,0,1.0,0,sim
0-22-179,23,0,1.0,0,sim
0-22-180,23,0,1.0,0,sim
0-22-181,23,0,0.0,0,sim
0-22-182,23,0,1.0,0,sim
0-22-183,23,0,0.0,0,sim
0-22-184,23,0,1.0,0,sim
0-22-185,23,0,0.0,0,sim
0-22-186,23,0,,0,sim
0-22-187,23,0,0.0,0,sim
0-22-188,23,0,0.0,0,sim
0-22-189,23,0,1.0,0,sim
0-22-190,23,0,0.0,0,sim
0-22-191,23,0,1.0,0,sim
0-22-192,23,0,1.0,0,sim
0-22-193,23,0,1.0,0,sim
0-22-194,23,0,1.0,0,sim
0-22-195,23,0,1.0,0,sim
0-22-196,23,0,1.0,0,sim
0-22-197,23,0,1.0,0,sim
0-22-198,23,0,1.0,0,sim
0-22-199,23,0,0.0,0,sim
0-22-200,23,0,0.0,0,sim
0-22-201,23,0,1.0,0,sim
0-22-202,23,0,0.0,0,sim
0-22-203,23,0,0.0,0,sim
0-22-204,23,0,1.0,0,sim
0-22-205,23,0,1.0,0,sim
0-22-206,23,0,0.0,0,sim
0-22-207,23,0,,0,sim
0-22-208,23,0,1.0,0,sim
0-22-209,23,0,0.0,0,sim
0-22-210,23,0,0.0,0,sim
0-22-211,23,0,0.0,0,sim
0-22-212,23,0,0.0,0,sim
0-22-213,23,0,1.0,0,sim
0-22-214,23,0,1.0,0,sim
0-22-215,23,0,0.0,0,sim
0-22-216,23,0,0.0,0,sim
0-22-217,23,0,0.0,0,sim
0-22-218,23,0,0.0,0,sim
0-22-219,23,0,1.0,1,sim
0-22-220,23,0,1.0,0,sim
0-22-221,23,0,0.0,0,sim
0-22-222,23,0,1.0,0,sim
0-22-223,23,0,0.0,0,sim
0-22-224,23,0,1.0,0,sim
0-22-225,23,0,0.0,0,sim
0-22-226,23,0,1.0,0,sim
0-22-227,23,0,0.0,0,sim
0-22-228,23,0,1.0,0,sim
0-22-229,23,0,1.0,0,sim
0-22-230,23,0,0.0,0,sim
0-22-231,23,0,1.0,0,sim
0-22-232,23,0,0.0,0,sim
0-22-233,23,0,1.0,0,sim
0-22-234,23,0,0.0,0,sim
0-22-235,23,0,1.0,0,sim
0-22-236,23,0,0.0,0,sim
0-22-237,23,0,0.0,0,sim
0-22-238,23,0,1.0,0,sim
0-22-239,23,0,,0,sim
0-23-0,24,0,0.0,0,sim
0-23-1,24,0,0.0,0,sim
0-23-2,24,0,1.0,0,sim
0-23-3,24,0,0.0,0,sim
0-23-4,24,0,0.0,0,sim
0-23-5,24,0,0.0,0,sim
0-23-6,24,0,1.0,0,sim
0-23-7,24,0,0.0,0,sim
0-23-8,24,0,0.0,0,sim
0-23-9,24,0,1.0,0,sim
0-23-10,24,0,1.0,0,sim
0-23-11,24,0,0.0,0,sim
0-23-12,24,0,1.0,0,sim
0-23-13,24,0,0.0,0,sim
0-23-14,24,0,0.0,0,sim
0-23-15,24,0,1.0,0,sim
0-23-16,24,0,0.0,0,sim
0-23-17,24,0,0.0,0,sim
0-23-18,24,0,1.0,0,sim
0-23-19,24,0,0.0,0,sim
0-23-20,24,0,1.0,0,sim
0-23-21,24,0,0.0,0,sim
0-23-22,24,0,1.0,0,sim
0-23-23,24,0,1.0,0,sim
0-23-24,24,0,0.0,0,sim
0-23-25,24,0,0.0,0,sim
0-23-26,24,0,1.0,0,sim
0-23-27,24,0,1.0,0,sim
0-23-28,24,0,1.0,0,sim
0-23-29,24,0,0.0,0,sim
0-23-30,24,0,0.0,0,sim
0-23-31,24,0,1.0,0,sim
0-23-32,24,0,1.0,0,sim
0-23-33,24,0,0.0,0,sim
0-23-34,24,0,0.0,0,sim
0-23-35,24,0,0.0,0,sim
0-23-36,24,0,0.0,0,sim
0-23-37,24,0,0.0,0,sim
0-23-38,24,0,0.0,0,sim
0-23-39,24,0,0.0,0,sim
0-23-40,24,0,1.0,0,sim
0-23-41,24,0,0.0,0,sim
0-23-42,24,0,0.0,0,sim
0-23-43,24,0,0.0,0,sim
0-23-44,24,0,0.0,0,sim
0-23-45,24,0,1.0,0,sim
0-23-46,24,0,1.0,0,sim
0-23-47,24,0,1.0,0,sim
0-23-48,24,0,0.0,0,sim
0-23-49,24,0,0.0,0,sim
0-23-50,24,0,0.0,0,sim
0-23-51,24,0,0.0,0,sim
0-23-52,24,0,1.0,0,sim
0-23-53,24,0,1.0,0,sim
0-23-54,24,0,1.0,0,sim
0-23-55,24,0,1.0,0,sim
0-23-56,24,0,0.0,0,sim
0-23-57,24,0,1.0,0,sim
0-23-58,24,0,1.0,0,sim
0-23-59,24,0,0.0,0,sim
0-23-60,24,0,0.0,0,sim
0-23-61,24,0,0.0,0,sim
0-23-62,24,0,0.0,0,sim
0-23-63,24,0,0.0,0,sim
0-23-64,24,0,0.0,0,sim
0-23-65,24,0,0.0,0,sim
0-23-66,24,0,0.0,0,sim
0-23-67,24,0,,0,sim
0-23-68,24,0,0.0,1,sim
0-23-69,24,0,0.0,0,sim
0-23-70,24,0,1.0,0,sim
0-23-71,24,0,1.0,0,sim
0-23-72,24,0,1.0,0,sim
0-23-73,24,0,0.0,0,sim
0-23-74,24,0,1.0,0,sim
0-23-75,24,0,0.0,0,sim
0-23-76,24,0,0.0,0,sim
0-23-77,24,0,1.0,0,sim
0-23-78,24,0,1.0,0,sim
0-23-79,24,0,1.0,0,sim
0-23-80,24,0,1.0,0,sim
0-23-81,24,0,1.0,0,sim
0-23-82,24,0,0.0,0,sim
0-23-83,24,0,1.0,0,sim
0-23-84,24,0,0.0,0,sim
0-23-85,24,0,0.0,0,sim
0-23-86,24,0,1.0,0,sim
0-23-87,24,0,1.0,0,sim
0-23-88,24,0,1.0,0,sim
0-23-89,24,0,1.0,0,sim
0-23-90,24,0,0.0,0,sim
0-23-91,24,0,0.0,0,sim
0-23-92,24,0,1.0,0,sim
0-23-93,24,0,1.0,0,sim
0-23-94,24,0,0.0,0,sim
0-23-95,24,0,0.0,0,sim
0-23-96,24,0,0.0,0,sim
0-23-97,24,0,1.0,0,sim
0-23-98,24,0,0.0,0,sim
0-23-99,24,0,1.0,0,sim
0-23-100,24,0,1.0,0,sim
0-23-101,24,0,1.0,0,sim
0-23-102,24,0,1.0,0,sim
0-23-103,24,0,0.0,0,sim
0-23-104,24,0,1.0,0,sim
0-23-105,24,0,0.0,0,sim
0-23-106,24,0,0.0,0,sim
0-23-107,24,0,,0,sim
0-23-108,24,0,1.0,0,sim
0-23-109,24,0,1.0,0,sim
0-23-110,24,0,0.0,0,sim
0-23-111,24,0,1.0,0,sim
0-23-112,24,0,0.0,0,sim
0-23-113,24,0,1.0,0,sim
0-23-114,24,0,1.0,0,sim
0-23-115,24,0,0.0,0,sim
0-23-116,24,0,0.0,0,sim
0-23-117,24,0,0.0,0,sim
0-23-118,24,0,0.0,0,sim
0-23-119,24,0,0.0,0,sim
0-23-120,24,0,1.0,0,sim
0-23-121,24,0,0.0,0,sim
0-23-122,24,0,1.0,0,sim
0-23-123,24,0,1.0,0,sim
0-23-124,24,0,1.0,0,sim
0-23-125,24,0,0.0,0,sim
0-23-126,24,0,0.0,0,sim
0-23-127,24,0,0.0,0,sim
0-23-128,24,0,1.0,0,sim
0-23-129,24,0,0.0,0,sim
0-23-130,24,0,0.0,0,sim
0-23-131,24,0,0.0,0,sim
0-23-132,24,0,1.0,0,sim
0-23-133,24,0,0.0,0,sim
0-23-134,24,0,1.0,0,sim
0-23-135,24,0,1.0,0,sim
0-23-136,24,0,0.0,0,sim
0-23-137,24,0,1.0,0,sim
0-23-138,24,0,1.0,0,sim
0-23-139,24,0,0.0,0,sim
0-23-140,24,0,1.0,0,sim
0-23-141,24,0,0.0,0,sim
0-23-142,24,0,1.0,0,sim
0-23-143,24,0,1.0,0,sim
0-23-144,24,0,0.0,0,sim
0-23-145,24,0,0.0,0,sim
0-23-146,24,0,0.0,1,sim
0-23-147,24,0,1.0,0,sim
0-23-148,24,0,1.0,0,sim
0-23-149,24,0,0.0,0,sim
0-23-150,24,0,1.0,0,sim
0-23-151,24,0,,0,sim
0-23-152,24,0,0.0,0,sim
0-23-153,24,0,0.0,0,sim
0-23-154,24,0,0.0,0,sim
0-23-155,24,0,0.0,0,sim
0-23-156,24,0,1.0,0,sim
0-23-157,24,0,,0,sim
0-23-158,24,0,1.0,1,sim
0-23-159,24,0,0.0,0,sim
0-23-160,24,0,0.0,0,sim
0-23-161,24,0,0.0,0,sim
0-23-162,24,0,1.0,0,sim
0-23-163,24,0,0.0,0,sim
0-23-164,24,0,1.0,0,sim
0-23-165,24,0,1.0,0,sim
0-23-166,24,0,0.0,0,sim
0-23-167,24,0,1.0,0,sim
0-23-168,24,0,1.0,0,sim
0-23-169,24,0,1.0,0,sim
0-23-170,24,0,1.0,0,sim
0-23-171,24,0,1.0,0,sim
0-23-172,24,0,0.0,0,sim
0-23-173,24,0,1.0,0,sim
0-23-174,24,0,,0,sim
0-23-175,24,0,1.0,0,sim
0-23-176,24,0,0.0,0,sim
0-23-177,24,0,0.0,0,sim
0-23-178,24,0,0.0,0,sim
0-23-179,24,0,1.0,0,sim
0-23-180,24,0,0.0,0,sim
0-23-181,24,0,0.0,0,sim
0-23-182,24,0,0.0,0,sim
0-23-183,24,0,0.0,0,sim
0-23-184,24,0,0.0,0,sim
0-23-185,24,0,1.0,0,sim
0-23-186,24,0,0.0,0,sim
0-23-187,24,0,0.0,0,sim
0-23-188,24,0,0.0,0,sim
0-23-189,24,0,1.0,0,sim
0-23-190,24,0,0.0,0,sim
0-23-191,24,0,0.0,0,sim
0-23-192,24,0,1.0,0,sim
0-23-193,24,0,1.0,0,sim
0-23-194,24,0,1.0,0,sim
0-23-195,24,0,1.0,0,sim
0-23-196,24,0,0.0,0,sim
0-23-197,24,0,1.0,0,sim
0-23-198,24,0,0.0,0,sim
0-23-199,24,0,0.0,0,sim
0-23-200,24,0,,0,sim
0-23-201,24,0,1.0,0,sim
0-23-202,24,0,0.0,0,sim
0-23-203,24,0,0.0,0,sim
0-23-204,24,0,0.0,0,sim
0-23-205,24,0,1.0,0,sim
0-23-206,24,0,0.0,0,sim
0-23-207,24,0,1.0,0,sim
0-23-208,24,0,1.0,0,sim
0-23-209,24,0,1.0,0,sim
0-23-210,24,0,1.0,1,sim
0-23-211,24,0,0.0,0,sim
0-23-212,24,0,0.0,0,sim
0-23-213,24,0,1.0,1,sim
0-23-214,24,0,0.0,1,sim
0-23-215,24,0,1.0,1,sim
0-23-216,24,0,0.0,0,sim
0-23-217,24,0,0.0,0,sim
0-23-218,24,0,1.0,0,sim
0-23-219,24,0,1.0,0,sim
0-23-220,24,0,0.0,0,sim
0-23-221,24,0,1.0,0,sim
0-23-222,24,0,1.0,0,sim
0-23-223,24,0,1.0,0,sim
0-23-224,24,0,1.0,0,sim
0-23-225,24,0,1.0,0,sim
0-23-226,24,0,0.0,0,sim
0-23-227,24,0,,0,sim
0-23-228,24,0,1.0,1,sim
0-23-229,24,0,1.0,0,sim
0-23-230,24,0,0.0,0,sim
0-23-231,24,0,0.0,0,sim
0-23-232,24,0,1.0,0,sim
0-23-233,24,0,0.0,1,sim
0-23-234,24,0,1.0,0,sim
0-23-235,24,0,0.0,0,sim
0-23-236,24,0,1.0,0,sim
0-23-237,24,0,0.0,0,sim
0-23-238,24,0,1.0,0,sim
0-23-239,24,0,0.0,0,sim
0-24-0,25,0,0.0,0,sim
0-24-1,25,0,1.0,0,sim
0-24-2,25,0,1.0,0,sim
0-24-3,25,0,0.0,0,sim
0-24-4,25,0,1.0,0,sim
0-24-5,25,0,0.0,0,sim
0-24-6,25,0,0.0,0,sim
0-24-7,25,0,0.0,0,sim
0-24-8,25,0,0.0,0,sim
0-24-9,25,0,1.0,0,sim
0-24-10,25,0,0.0,0,sim
0-24-11,25,0,1.0,0,sim
0-24-12,25,0,1.0,0,sim
0-24-13,25,0,0.0,0,sim
0-24-14,25,0,1.0,0,sim
0-24-15,25,0,1.0,0,sim
0-24-16,25,0,1.0,0,sim
0-24-17,25,0,1.0,0,sim
0-24-18,25,0,0.0,1,sim
0-24-19,25,0,1.0,0,sim
0-24-20,25,0,1.0,0,sim
0-24-21,25,0,0.0,0,sim
0-24-22,25,0,0.0,0,sim
0-24-23,25,0,0.0,0,sim
0-24-24,25,0,0.0,0,sim
0-24-25,25,0,0.0,0,sim
0-24-26,25,0,1.0,0,sim
0-24-27,25,0,0.0,0,sim
0-24-28,25,0,1.0,0,sim
0-24-29,25,0,0.0,0,sim
0-24-30,25,0,1.0,0,sim
0-24-31,25,0,0.0,0,sim
0-24-32,25,0,0.0,0,sim
0-24-33,25,0,0.0,0,sim
0-24-34,25,0,0.0,0,sim
0-24-35,25,0,0.0,0,sim
0-24-36,25,0,0.0,0,sim
0-24-37,25,0,0.0,0,sim
0-24-38,25,0,0.0,0,sim
0-24-39,25,0,0.0,0,sim
0-24-40,25,0,0.0,0,sim
0-24-41,25,0,0.0,0,sim
0-24-42,25,0,0.0,0,sim
0-24-43,25,0,0.0,0,sim
0-24-44,25,0,1.0,0,sim
0-24-45,25,0,1.0,0,sim
0-24-46,25,0,0.0,0,sim
0-24-47,25,0,0.0,0,sim
0-24-48,25,0,1.0,0,sim
0-24-49,25,0,,0,sim
0-24-50,25,0,0.0,0,sim
0-24-51,25,0,0.0,0,sim
0-24-52,25,0,0.0,0,sim
0-24-53,25,0,1.0,0,sim
0-24-54,25,0,1.0,0,sim
0-24-55,25,0,1.0,0,sim
0-24-56,25,0,0.0,0,sim
0-24-57,25,0,0.0,0,sim
0-24-58,25,0,0.0,0,sim
0-24-59,25,0,0.0,0,sim
0-24-60,25,0,0.0,0,sim
0-24-61,25,0,0.0,0,sim
0-24-62,25,0,1.0,0,sim
0-24-63,25,0,0.0,0,sim
0-24-64,25,0,1.0,0,sim
0-24-65,25,0,0.0,0,sim
0-24-66,25,0,1.0,0,sim
0-24-67,25,0,0.0,1,sim
0-24-68,25,0,0.0,0,sim
0-24-69,25,0,0.0,0,sim
0-24-70,25,0,0.0,0,sim
0-24-71,25,0,1.0,0,sim
0-24-72,25,0,1.0,0,sim
0-24-73,25,0,1.0,0,sim
0-24-74,25,0,1.0,0,sim
0-24-75,25,0,0.0,0,sim
0-24-76,25,0,1.0,0,sim
0-24-77,25,0,0.0,0,sim
0-24-78,25,0,1.0,1,sim
0-24-79,25,0,1.0,0,sim
0-24-80,25,0,0.0,0,sim
0-24-81,25,0,1.0,0,sim
0-24-82,25,0,1.0,0,sim
0-24-83,25,0,0.0,0,sim
0-24-84,25,0,1.0,0,sim
0-24-85,25,0,0.0,0,sim
0-24-86,25,0,0.0,0,sim
0-24-87,25,0,1.0,0,sim
0-24-88,25,0,0.0,0,sim
0-24-89,25,0,0.0,0,sim
0-24-90,25,0,0.0,0,sim
0-24-91,25,0,0.0,0,sim
0-24-92,25,0,0.0,0,sim
0-24-93,25,0,0.0,0,sim
0-24-94,25,0,1.0,0,sim
0-24-95,25,0,0.0,0,sim
0-24-96,25,0,0.0,0,sim
0-24-97,25,0,0.0,0,sim
0-24-98,25,0,0.0,0,sim
0-24-99,25,0,1.0,0,sim
0-24-100,25,0,0.0,0,sim
0-24-101,25,0,0.0,0,sim
0-24-102,25,0,0.0,0,sim
0-24-103,25,0,1.0,1,sim
0-24-104,25,0,0.0,0,sim
0-24-105,25,0,0.0,0,sim
0-24-106,25,0,0.0,0,sim
0-24-107,25,0,1.0,0,sim
0-24-108,25,0,0.0,0,sim
0-24-109,25,0,0.0,0,sim
0-24-110,25,0,1.0,0,sim
0-24-111,25,0,1.0,0,sim
0-24-112,25,0,0.0,0,sim
0-24-113,25,0,0.0,0,sim
0-24-114,25,0,0.0,0,sim
0-24-115,25,0,0.0,0,sim
0-24-116,25,0,0.0,0,sim
0-24-117,25,0,1.0,0,sim
0-24-118,25,0,1.0,0,sim
0-24-119,25,0,1.0,0,sim
0-24-120,25,0,0.0,0,sim
0-24-121,25,0,0.0,0,sim
0-24-122,25,0,0.0,0,sim
0-24-123,25,0,1.0,0,sim
0-24-124,25,0,1.0,0,sim
0-24-125,25,0,0.0,0,sim
0-24-126,25,0,0.0,0,sim
0-24-127,25,0,0.0,0,sim
0-24-128,25,0,0.0,0,sim
0-24-129,25,0,0.0,0,sim
0-24-130,25,0,1.0,0,sim
0-24-131,25,0,0.0,0,sim
0-24-132,25,0,0.0,0,sim
0-24-133,25,0,1.0,0,sim
0-24-134,25,0,1.0,0,sim
0-24-135,25,0,0.0,0,sim
0-24-136,25,0,0.0,0,sim
0-24-137,25,0,0.0,1,sim
0-24-138,25,0,1.0,0,sim
0-24-139,25,0,1.0,0,sim
0-24-140,25,0,0.0,0,sim
0-24-141,25,0,0.0,0,sim
0-24-142,25,0,1.0,1,sim
0-24-143,25,0,0.0,0,sim
0-24-144,25,0,1.0,0,sim
0-24-145,25,0,1.0,0,sim
0-24-146,25,0,1.0,0,sim
0-24-147,25,0,0.0,0,sim
0-24-148,25,0,1.0,0,sim
0-24-149,25,0,0.0,0,sim
0-24-150,25,0,0.0,0,sim
0-24-151,25,0,0.0,0,sim
0-24-152,25,0,0.0,0,sim
0-24-153,25,0,0.0,0,sim
0-24-154,25,0,0.0,0,sim
0-24-155,25,0,0.0,0,sim
0-24-156,25,0,0.0,0,sim
0-24-157,25,0,0.0,0,sim
0-24-158,25,0,0.0,0,sim
0-24-159,25,0,1.0,0,sim
0-24-160,25,0,0.0,0,sim
0-24-161,25,0,0.0,0,sim
0-24-162,25,0,0.0,0,sim
0-24-163,25,0,1.0,0,sim
0-24-164,25,0,1.0,0,sim
0-24-165,25,0,1.0,0,sim
0-24-166,25,0,0.0,0,sim
0-24-167,25,0,1.0,0,sim
0-24-168,25,0,1.0,0,sim
0-24-169,25,0,0.0,0,sim
0-24-170,25,0,,0,sim
0-24-171,25,0,0.0,0,sim
0-24-172,25,0,1.0,0,sim
0-24-173,25,0,0.0,0,sim
0-24-174,25,0,0.0,0,sim
0-24-175,25,0,1.0,0,sim
0-24-176,25,0,1.0,0,sim
0-24-177,25,0,1.0,0,sim
0-24-178,25,0,,0,sim
0-24-179,25,0,1.0,0,sim
0-24-180,25,0,1.0,0,sim
0-24-181,25,0,0.0,0,sim
0-24-182,25,0,1.0,0,sim
0-24-183,25,0,0.0,0,sim
0-24-184,25,0,0.0,0,sim
0-24-185,25,0,1.0,0,sim
0-24-186,25,0,1.0,0,sim
0-24-187,25,0,1.0,0,sim
0-24-188,25,0,1.0,0,sim
0-24-189,25,0,1.0,0,sim
0-24-190,25,0,1.0,0,sim
0-24-191,25,0,1.0,0,sim
0-24-192,25,0,0.0,0,sim
0-24-193,25,0,0.0,0,sim
0-24-194,25,0,1.0,0,sim
0-24-195,25,0,0.0,0,sim
0-24-196,25,0,0.0,0,sim
0-24-197,25,0,0.0,0,sim
0-24-198,25,0,0.0,0,sim
0-24-199,25,0,0.0,0,sim
0-24-200,25,0,0.0,0,sim
0-24-201,25,0,0.0,0,sim
0-24-202,25,0,0.0,0,sim
0-24-203,25,0,0.0,0,sim
0-24-204,25,0,0.0,0,sim
0-24-205,25,0,0.0,0,sim
0-24-206,25,0,0.0,0,sim
0-24-207,25,0,0.0,0,sim
0-24-208,25,0,0.0,0,sim
0-24-209,25,0,0.0,0,sim
0-24-210,25,0,1.0,0,sim
0-24-211,25,0,0.0,0,sim
0-24-212,25,0,0.0,0,sim
0-24-213,25,0,0.0,0,sim
0-24-214,25,0,0.0,0,sim
0-24-215,25,0,0.0,0,sim
0-24-216,25,0,0.0,0,sim
0-24-217,25,0,0.0,0,sim
0-24-218,25,0,1.0,0,sim
0-24-219,25,0,0.0,0,sim
0-24-220,25,0,0.0,0,sim
0-24-221,25,0,0.0,0,sim
0-24-222,25,0,1.0,0,sim
0-24-223,25,0,0.0,0,sim
0-24-224,25,0,1.0,0,sim
0-24-225,25,0,0.0,0,sim
0-24-226,25,0,1.0,0,sim
0-24-227,25,0,0.0,0,sim
0-24-228,25,0,0.0,0,sim
0-24-229,25,0,0.0,0,sim
0-24-230,25,0,0.0,0,sim
0-24-231,25,0,0.0,0,sim
0-24-232,25,0,1.0,0,sim
0-24-233,25,0,0.0,0,sim
0-24-234,25,0,1.0,0,sim
0-24-235,25,0,0.0,0,sim
0-24-236,25,0,1.0,0,sim
0-24-237,25,0,0.0,0,sim
0-24-238,25,0,0.0,1,sim
0-24-239,25,0,0.0,0,sim
0-25-0,26,0,0.0,0,sim
0-25-1,26,0,1.0,0,sim
0-25-2,26,0,0.0,0,sim
0-25-3,26,0,0.0,0,sim
0-25-4,26,0,0.0,0,sim
0-25-5,26,0,0.0,0,sim
0-25-6,26,0,0.0,0,sim
0-25-7,26,0,0.0,0,sim
0-25-8,26,0,1.0,0,sim
0-25-9,26,0,0.0,0,sim
0-25-10,26,0,0.0,0,sim
0-25-11,26,0,0.0,0,sim
0-25-12,26,0,0.0,0,sim
0-25-13,26,0,0.0,0,sim
0-25-14,26,0,1.0,0,sim
0-25-15,26,0,1.0,0,sim
0-25-16,26,0,0.0,0,sim
0-25-17,26,0,0.0,0,sim
0-25-18,26,0,1.0,0,sim
0-25-19,26,0,0.0,0,sim
0-25-20,26,0,1.0,0,sim
0-25-21,26,0,1.0,0,sim
0-25-22,26,0,0.0,0,sim
0-25-23,26,0,0.0,0,sim
0-25-24,26,0,1.0,0,sim
0-25-25,26,0,1.0,0,sim
0-25-26,26,0,0.0,0,sim
0-25-27,26,0,1.0,0,sim
0-25-28,26,0,1.0,0,sim
0-25-29,26,0,1.0,0,sim
0-25-30,26,0,0.0,0,sim
0-25-31,26,0,1.0,0,sim
0-25-32,26,0,0.0,1,sim
0-25-33,26,0,0.0,0,sim
0-25-34,26,0,0.0,0,sim
0-25-35,26,0,1.0,0,sim
0-25-36,26,0,0.0,0,sim
0-25-37,26,0,0.0,0,sim
0-25-38,26,0,0.0,0,sim
0-25-39,26,0,1.0,0,sim
0-25-40,26,0,0.0,0,sim
0-25-41,26,0,0.0,0,sim
0-25-42,26,0,1.0,0,sim
0-25-43,26,0,0.0,0,sim
0-25-44,26,0,0.0,0,sim
0-25-45,26,0,1.0,0,sim
0-25-46,26,0,0.0,0,sim
0-25-47,26,0,0.0,0,sim
0-25-48,26,0,1.0,0,sim
0-25-49,26,0,0.0,0,sim
0-25-50,26,0,0.0,0,sim
0-25-51,26,0,1.0,0,sim
0-25-52,26,0,1.0,0,sim
0-25-53,26,0,1.0,0,sim
0-25-54,26,0,0.0,0,sim
0-25-55,26,0,0.0,0,sim
0-25-56,26,0,0.0,0,sim
0-25-57,26,0,1.0,0,sim
0-25-58,26,0,1.0,0,sim
0-25-59,26,0,1.0,0,sim
0-25-60,26,0,1.0,0,sim
0-25-61,26,0,0.0,0,sim
0-25-62,26,0,1.0,0,sim
0-25-63,26,0,0.0,0,sim
0-25-64,26,0,0.0,0,sim
0-25-65,26,0,1.0,0,sim
0-25-66,26,0,1.0,0,sim
0-25-67,26,0,1.0,0,sim
0-25-68,26,0,0.0,0,sim
0-25-69,26,0,0.0,1,sim
0-25-70,26,0,0.0,0,sim
0-25-71,26,0,0.0,0,sim
0-25-72,26,0,0.0,0,sim
0-25-73,26,0,,0,sim
0-25-74,26,0,1.0,0,sim
0-25-75,26,0,1.0,0,sim
0-25-76,26,0,,0,sim
0-25-77,26,0,0.0,0,sim
0-25-78,26,0,0.0,0,sim
0-25-79,26,0,0.0,0,sim
0-25-80,26,0,1.0,0,sim
0-25-81,26,0,0.0,0,sim
0-25-82,26,0,1.0,0,sim
0-25-83,26,0,1.0,0,sim
0-25-84,26,0,0.0,0,sim
0-25-85,26,0,0.0,0,sim
0-25-86,26,0,0.0,0,sim
0-25-87,26,0,0.0,0,sim
0-25-88,26,0,1.0,0,sim
0-25-89,26,0,1.0,0,sim
0-25-90,26,0,0.0,0,sim
0-25-91,26,0,1.0,0,sim
0-25-92,26,0,1.0,0,sim
0-25-93,26,0,0.0,0,sim
0-25-94,26,0,0.0,0,sim
0-25-95,26,0,0.0,0,sim
0-25-96,26,0,0.0,0,sim
0-25-97,26,0,0.0,1,sim
0-25-98,26,0,0.0,0,sim
0-25-99,26,0,0.0,0,sim
0-25-100,26,0,0.0,1,sim
0-25-101,26,0,1.0,0,sim
0-25-102,26,0,1.0,0,sim
0-25-103,26,0,1.0,0,sim
0-25-104,26,0,0.0,0,sim
0-25-105,26,0,0.0,0,sim
0-25-106,26,0,0.0,0,sim
0-25-107,26,0,,0,sim
0-25-108,26,0,0.0,0,sim
0-25-109,26,0,1.0,0,sim
0-25-110,26,0,1.0,0,sim
0-25-111,26,0,1.0,0,sim
0-25-112,26,0,1.0,0,sim
0-25-113,26,0,0.0,0,sim
0-25-114,26,0,1.0,0,sim
0-25-115,26,0,1.0,0,sim
0-25-116,26,0,1.0,0,sim
0-25-117,26,0,1.0,0,sim
0-25-118,26,0,1.0,0,sim
0-25-119,26,0,1.0,0,sim
0-25-120,26,0,1.0,1,sim
0-25-121,26,0,0.0,0,sim
0-25-122,26,0,0.0,0,sim
0-25-123,26,0,1.0,0,sim
0-25-124,26,0,0.0,0,sim
0-25-125,26,0,1.0,0,sim
0-25-126,26,0,1.0,0,sim
0-25-127,26,0,0.0,0,sim
0-25-128,26,0,0.0,0,sim
0-25-129,26,0,0.0,0,sim
0-25-130,26,0,0.0,0,sim
0-25-131,26,0,1.0,0,sim
0-25-132,26,0,1.0,0,sim
0-25-133,26,0,0.0,0,sim
0-25-134,26,0,0.0,0,sim
0-25-135,26,0,0.0,0,sim
0-25-136,26,0,1.0,0,sim
0-25-137,26,0,0.0,0,sim
0-25-138,26,0,1.0,0,sim
0-25-139,26,0,0.0,0,sim
0-25-140,26,0,1.0,0,sim
0-25-141,26,0,1.0,0,sim
0-25-142,26,0,1.0,0,sim
0-25-143,26,0,1.0,0,sim
0-25-144,26,0,1.0,0,sim
0-25-145,26,0,0.0,0,sim
0-25-146,26,0,0.0,0,sim
0-25-147,26,0,0.0,0,sim
0-25-148,26,0,0.0,0,sim
0-25-149,26,0,1.0,0,sim
0-25-150,26,0,1.0,0,sim
0-25-151,26,0,0.0,0,sim
0-25-152,26,0,0.0,0,sim
0-25-153,26,0,0.0,0,sim
0-25-154,26,0,1.0,0,sim
0-25-155,26,0,0.0,0,sim
0-25-156,26,0,0.0,0,sim
0-25-157,26,0,0.0,0,sim
0-25-158,26,0,0.0,0,sim
0-25-159,26,0,1.0,0,sim
0-25-160,26,0,0.0,0,sim
0-25-161,26,0,0.0,1,sim
0-25-162,26,0,0.0,0,sim
0-25-163,26,0,0.0,1,sim
0-25-164,26,0,0.0,0,sim
0-25-165,26,0,0.0,0,sim
0-25-166,26,0,,0,sim
0-25-167,26,0,0.0,0,sim
0-25-168,26,0,,0,sim
0-25-169,26,0,1.0,0,sim
0-25-170,26,0,0.0,0,sim
0-25-171,26,0,0.0,0,sim
0-25-172,26,0,1.0,0,sim
0-25-173,26,0,0.0,0,sim
0-25-174,26,0,1.0,0,sim
0-25-175,26,0,0.0,0,sim
0-25-176,26,0,1.0,0,sim
0-25-177,26,0,0.0,0,sim
0-25-178,26,0,0.0,0,sim
0-25-179,26,0,0.0,0,sim
0-25-180,26,0,0.0,0,sim
0-25-181,26,0,0.0,0,sim
0-25-182,26,0,0.0,0,sim
0-25-183,26,0,0.0,0,sim
0-25-184,26,0,0.0,0,sim
0-25-185,26,0,0.0,0,sim
0-25-186,26,0,1.0,0,sim
0-25-187,26,0,0.0,0,sim
0-25-188,26,0,1.0,0,sim
0-25-189,26,0,0.0,0,sim
0-25-190,26,0,0.0,0,sim
0-25-191,26,0,1.0,0,sim
0-25-192,26,0,1.0,0,sim
0-25-193,26,0,0.0,0,sim
0-25-194,26,0,0.0,0,sim
0-25-195,26,0,1.0,1,sim
0-25-196,26,0,0.0,0,sim
0-25-197,26,0,0.0,0,sim
0-25-198,26,0,1.0,0,sim
0-25-199,26,0,0.0,1,sim
0-25-200,26,0,1.0,0,sim
0-25-201,26,0,1.0,0,sim
0-25-202,26,0,0.0,0,sim
0-25-203,26,0,0.0,0,sim
0-25-204,26,0,0.0,0,sim
0-25-205,26,0,0.0,0,sim
0-25-206,26,0,0.0,0,sim
0-25-207,26,0,0.0,0,sim
0-25-208,26,0,0.0,0,sim
0-25-209,26,0,0.0,0,sim
0-25-210,26,0,0.0,0,sim
0-25-211,26,0,0.0,0,sim
0-25-212,26,0,0.0,0,sim
0-25-213,26,0,0.0,0,sim
0-25-214,26,0,1.0,0,sim
0-25-215,26,0,0.0,0,sim
0-25-216,26,0,0.0,0,sim
0-25-217,26,0,0.0,0,sim
0-25-218,26,0,,0,sim
0-25-219,26,0,0.0,0,sim
0-25-220,26,0,0.0,0,sim
0-25-221,26,0,,0,sim
0-25-222,26,0,1.0,0,sim
0-25-223,26,0,1.0,0,sim
0-25-224,26,0,1.0,0,sim
0-25-225,26,0,0.0,0,sim
0-25-226,26,0,0.0,0,sim
0-25-227,26,0,0.0,0,sim
0-25-228,26,0,1.0,0,sim
0-25-229,26,0,0.0,0,sim
0-25-230,26,0,1.0,0,sim
0-25-231,26,0,0.0,0,sim
0-25-232,26,0,0.0,0,sim
0-25-233,26,0,,0,sim
0-25-234,26,0,0.0,0,sim
0-25-235,26,0,0.0,0,sim
0-25-236,26,0,1.0,0,sim
0-25-237,26,0,0.0,0,sim
0-25-238,26,0,0.0,0,sim
0-25-239,26,0,0.0,0,sim
0-26-0,27,0,0.0,0,sim
0-26-1,27,0,0.0,0,sim
0-26-2,27,0,1.0,0,sim
0-26-3,27,0,0.0,0,sim
0-26-4,27,0,0.0,0,sim
0-26-5,27,0,0.0,0,sim
0-26-6,27,0,1.0,0,sim
0-26-7,27,0,0.0,0,sim
0-26-8,27,0,0.0,0,sim
0-26-9,27,0,1.0,0,sim
0-26-10,27,0,0.0,0,sim
0-26-11,27,0,1.0,0,sim
0-26-12,27,0,0.0,0,sim
0-26-13,27,0,0.0,0,sim
0-26-14,27,0,0.0,0,sim
0-26-15,27,0,1.0,0,sim
0-26-16,27,0,1.0,0,sim
0-26-17,27,0,0.0,0,sim
0-26-18,27,0,1.0,1,sim
0-26-19,27,0,1.0,0,sim
0-26-20,27,0,0.0,0,sim
0-26-21,27,0,0.0,0,sim
0-26-22,27,0,0.0,0,sim
0-26-23,27,0,0.0,0,sim
0-26-24,27,0,0.0,0,sim
0-26-25,27,0,0.0,0,sim
0-26-26,27,0,0.0,0,sim
0-26-27,27,0,0.0,0,sim
0-26-28,27,0,0.0,0,sim
0-26-29,27,0,1.0,0,sim
0-26-30,27,0,0.0,0,sim
0-26-31,27,0,0.0,0,sim
0-26-32,27,0,0.0,0,sim
0-26-33,27,0,0.0,0,sim
0-26-34,27,0,0.0,0,sim
0-26-35,27,0,1.0,0,sim
0-26-36,27,0,0.0,0,sim
0-26-37,27,0,0.0,0,sim
0-26-38,27,0,0.0,0,sim
0-26-39,27,0,0.0,0,sim
0-26-40,27,0,1.0,0,sim
0-26-41,27,0,1.0,0,sim
0-26-42,27,0,0.0,0,sim
0-26-43,27,0,0.0,0,sim
0-26-44,27,0,0.0,0,sim
0-26-45,27,0,1.0,0,sim
0-26-46,27,0,0.0,0,sim
0-26-47,27,0,1.0,0,sim
0-26-48,27,0,1.0,0,sim
0-26-49,27,0,1.0,0,sim
0-26-50,27,0,1.0,0,sim
0-26-51,27,0,0.0,0,sim
0-26-52,27,0,0.0,0,sim
0-26-53,27,0,0.0,0,sim
0-26-54,27,0,0.0,0,sim
0-26-55,27,0,0.0,0,sim
0-26-56,27,0,0.0,0,sim
0-26-57,27,0,0.0,0,sim
0-26-58,27,0,0.0,0,sim
0-26-59,27,0,0.0,0,sim
0-26-60,27,0,0.0,0,sim
0-26-61,27,0,0.0,0,sim
0-26-62,27,0,0.0,1,sim
0-26-63,27,0,0.0,0,sim
0-26-64,27,0,0.0,0,sim
0-26-65,27,0,0.0,0,sim
0-26-66,27,0,0.0,0,sim
0-26-67,27,0,1.0,0,sim
0-26-68,27,0,1.0,0,sim
0-26-69,27,0,1.0,0,sim
0-26-70,27,0,0.0,0,sim
0-26-71,27,0,0.0,0,sim
0-26-72,27,0,0.0,0,sim
0-26-73,27,0,0.0,0,sim
0-26-74,27,0,0.0,0,sim
0-26-75,27,0,0.0,0,sim
0-26-76,27,0,0.0,0,sim
0-26-77,27,0,0.0,0,sim
0-26-78,27,0,0.0,0,sim
0-26-79,27,0,1.0,0,sim
0-26-80,27,0,0.0,0,sim
0-26-81,27,0,0.0,0,sim
0-26-82,27,0,0.0,0,sim
0-26-83,27,0,1.0,1,sim
0-26-84,27,0,0.0,0,sim
0-26-85,27,0,0.0,0,sim
0-26-86,27,0,0.0,0,sim
0-26-87,27,0,0.0,0,sim
0-26-88,27,0,1.0,0,sim
0-26-89,27,0,1.0,1,sim
0-26-90,27,0,0.0,0,sim
0-26-91,27,0,0.0,0,sim
0-26-92,27,0,0.0,0,sim
0-26-93,27,0,0.0,0,sim
0-26-94,27,0,0.0,0,sim
0-26-95,27,0,0.0,0,sim
0-26-96,27,0,0.0,0,sim
0-26-97,27,0,0.0,0,sim
0-26-98,27,0,0.0,0,sim
0-26-99,27,0,,0,sim
0-26-100,27,0,,0,sim
0-26-101,27,0,0.0,0,sim
0-26-102,27,0,0.0,0,sim
0-26-103,27,0,0.0,0,sim
0-26-104,27,0,0.0,0,sim
0-26-105,27,0,1.0,0,sim
0-26-106,27,0,1.0,0,sim
0-26-107,27,0,1.0,0,sim
0-26-108,27,0,0.0,0,sim
0-26-109,27,0,0.0,0,sim
0-26-110,27,0,1.0,0,sim
0-26-111,27,0,0.0,0,sim
0-26-112,27,0,0.0,0,sim
0-26-113,27,0,0.0,0,sim
0-26-114,27,0,0.0,0,sim
0-26-115,27,0,0.0,0,sim
0-26-116,27,0,1.0,0,sim
0-26-117,27,0,1.0,0,sim
0-26-118,27,0,0.0,0,sim
0-26-119,27,0,1.0,0,sim
0-26-120,27,0,0.0,0,sim
0-26-121,27,0,0.0,0,sim
0-26-122,27,0,0.0,0,sim
0-26-123,27,0,1.0,0,sim
0-26-124,27,0,0.0,0,sim
0-26-125,27,0,1.0,0,sim
0-26-126,27,0,0.0,0,sim
0-26-127,27,0,0.0,0,sim
0-26-128,27,0,0.0,0,sim
0-26-129,27,0,1.0,0,sim
0-26-130,27,0,0.0,1,sim
0-26-131,27,0,0.0,0,sim
0-26-132,27,0,0.0,0,sim
0-26-133,27,0,0.0,0,sim
0-26-134,27,0,1.0,0,sim
0-26-135,27,0,0.0,0,sim
0-26-136,27,0,0.0,0,sim
0-26-137,27,0,0.0,0,sim
0-26-138,27,0,1.0,0,sim
0-26-139,27,0,0.0,0,sim
0-26-140,27,0,0.0,0,sim
0-26-141,27,0,1.0,1,sim
0-26-142,27,0,0.0,0,sim
0-26-143,27,0,0.0,0,sim
0-26-144,27,0,0.0,0,sim
0-26-145,27,0,,0,sim
0-26-146,27,0,0.0,0,sim
0-26-147,27,0,1.0,0,sim
0-26-148,27,0,0.0,0,sim
0-26-149,27,0,1.0,0,sim
0-26-150,27,0,0.0,0,sim
0-26-151,27,0,1.0,0,sim
0-26-152,27,0,0.0,0,sim
0-26-153,27,0,0.0,0,sim
0-26-154,27,0,1.0,0,sim
0-26-155,27,0,1.0,0,sim
0-26-156,27,0,1.0,0,sim
0-26-157,27,0,1.0,0,sim
0-26-158,27,0,1.0,0,sim
0-26-159,27,0,,0,sim
0-26-160,27,0,1.0,0,sim
0-26-161,27,0,0.0,0,sim
0-26-162,27,0,0.0,0,sim
0-26-163,27,0,1.0,1,sim
0-26-164,27,0,0.0,0,sim
0-26-165,27,0,0.0,0,sim
0-26-166,27,0,1.0,0,sim
0-26-167,27,0,0.0,0,sim
0-26-168,27,0,0.0,0,sim
0-26-169,27,0,1.0,0,sim
0-26-170,27,0,0.0,0,sim
0-26-171,27,0,1.0,0,sim
0-26-172,27,0,0.0,0,sim
0-26-173,27,0,0.0,0,sim
0-26-174,27,0,0.0,0,sim
0-26-175,27,0,0.0,0,sim
0-26-176,27,0,0.0,0,sim
0-26-177,27,0,0.0,0,sim
0-26-178,27,0,0.0,0,sim
0-26-179,27,0,0.0,0,sim
0-26-180,27,0,1.0,0,sim
0-26-181,27,0,0.0,0,sim
0-26-182,27,0,0.0,0,sim
0-26-183,27,0,1.0,0,sim
0-26-184,27,0,0.0,0,sim
0-26-185,27,0,0.0,0,sim
0-26-186,27,0,1.0,0,sim
0-26-187,27,0,,0,sim
0-26-188,27,0,1.0,0,sim
0-26-189,27,0,1.0,0,sim
0-26-190,27,0,0.0,0,sim
0-26-191,27,0,1.0,0,sim
0-26-192,27,0,0.0,0,sim
0-26-193,27,0,1.0,0,sim
0-26-194,27,0,0.0,0,sim
0-26-195,27,0,1.0,0,sim
0-26-196,27,0,0.0,0,sim
0-26-197,27,0,0.0,0,sim
0-26-198,27,0,1.0,0,sim
0-26-199,27,0,0.0,0,sim
0-26-200,27,0,1.0,0,sim
0-26-201,27,0,0.0,0,sim
0-26-202,27,0,0.0,0,sim
0-26-203,27,0,0.0,0,sim
0-26-204,27,0,0.0,0,sim
0-26-205,27,0,1.0,0,sim
0-26-206,27,0,1.0,0,sim
0-26-207,27,0,0.0,0,sim
0-26-208,27,0,0.0,0,sim
0-26-209,27,0,1.0,0,sim
0-26-210,27,0,0.0,0,sim
0-26-211,27,0,0.0,0,sim
0-26-212,27,0,1.0,0,sim
0-26-213,27,0,0.0,0,sim
0-26-214,27,0,1.0,0,sim
0-26-215,27,0,0.0,0,sim
0-26-216,27,0,1.0,0,sim
0-26-217,27,0,0.0,0,sim
0-26-218,27,0,1.0,0,sim
0-26-219,27,0,1.0,0,sim
0-26-220,27,0,0.0,0,sim
0-26-221,27,0,1.0,0,sim
0-26-222,27,0,0.0,0,sim
0-26-223,27,0,0.0,0,sim
0-26-224,27,0,0.0,0,sim
0-26-225,27,0,0.0,0,sim
0-26-226,27,0,0.0,0,sim
0-26-227,27,0,0.0,0,sim
0-26-228,27,0,0.0,0,sim
0-26-229,27,0,0.0,0,sim
0-26-230,27,0,1.0,0,sim
0-26-231,27,0,1.0,0,sim
0-26-232,27,0,0.0,0,sim
0-26-233,27,0,0.0,0,sim
0-26-234,27,0,1.0,0,sim
0-26-235,27,0,0.0,0,sim
0-26-236,27,0,1.0,0,sim
0-26-237,27,0,0.0,0,sim
0-26-238,27,0,1.0,0,sim
0-26-239,27,0,0.0,0,sim
0-27-0,28,0,0.0,0,sim
0-27-1,28,0,0.0,0,sim
0-27-2,28,0,0.0,0,sim
0-27-3,28,0,1.0,0,sim
0-27-4,28,0,0.0,0,sim
0-27-5,28,0,1.0,0,sim
0-27-6,28,0,1.0,0,sim
0-27-7,28,0,1.0,0,sim
0-27-8,28,0,0.0,0,sim
0-27-9,28,0,1.0,0,sim
0-27-10,28,0,0.0,0,sim
0-27-11,28,0,1.0,0,sim
0-27-12,28,0,1.0,0,sim
0-27-13,28,0,1.0,0,sim
0-27-14,28,0,1.0,0,sim
0-27-15,28,0,1.0,0,sim
0-27-16,28,0,1.0,0,sim
0-27-17,28,0,0.0,0,sim
0-27-18,28,0,1.0,0,sim
0-27-19,28,0,0.0,0,sim
0-27-20,28,0,1.0,0,sim
0-27-21,28,0,0.0,0,sim
0-27-22,28,0,0.0,1,sim
0-27-23,28,0,1.0,0,sim
0-27-24,28,0,0.0,0,sim
0-27-25,28,0,0.0,0,sim
0-27-26,28,0,1.0,0,sim
0-27-27,28,0,1.0,0,sim
0-27-28,28,0,1.0,0,sim
0-27-29,28,0,0.0,0,sim
0-27-30,28,0,0.0,0,sim
0-27-31,28,0,0.0,0,sim
0-27-32,28,0,1.0,0,sim
0-27-33,28,0,0.0,0,sim
0-27-34,28,0,0.0,0,sim
0-27-35,28,0,0.0,0,sim
0-27-36,28,0,0.0,0,sim
0-27-37,28,0,1.0,0,sim
0-27-38,28,0,1.0,0,sim
0-27-39,28,0,0.0,0,sim
0-27-40,28,0,1.0,0,sim
0-27-41,28,0,0.0,0,sim
0-27-42,28,0,0.0,0,sim
0-27-43,28,0,0.0,0,sim
0-27-44,28,0,1.0,0,sim
0-27-45,28,0,0.0,0,sim
0-27-46,28,0,,0,sim
0-27-47,28,0,0.0,0,sim
0-27-48,28,0,0.0,0,sim
0-27-49,28,0,,0,sim
0-27-50,28,0,0.0,0,sim
0-27-51,28,0,1.0,0,sim
0-27-52,28,0,1.0,0,sim
0-27-53,28,0,0.0,0,sim
0-27-54,28,0,0.0,0,sim
0-27-55,28,0,1.0,0,sim
0-27-56,28,0,1.0,0,sim
0-27-57,28,0,0.0,0,sim
0-27-58,28,0,0.0,0,sim
0-27-59,28,0,1.0,0,sim
0-27-60,28,0,1.0,0,sim
0-27-61,28,0,1.0,0,sim
0-27-62,28,0,1.0,0,sim
0-27-63,28,0,0.0,0,sim
0-27-64,28,0,1.0,0,sim
0-27-65,28,0,1.0,0,sim
0-27-66,28,0,0.0,0,sim
0-27-67,28,0,1.0,0,sim
0-27-68,28,0,1.0,0,sim
0-27-69,28,0,0.0,0,sim
0-27-70,28,0,1.0,0,sim
0-27-71,28,0,1.0,0,sim
0-27-72,28,0,1.0,0,sim
0-27-73,28,0,0.0,0,sim
0-27-74,28,0,1.0,0,sim
0-27-75,28,0,0.0,0,sim
0-27-76,28,0,1.0,0,sim
0-27-77,28,0,0.0,0,sim
0-27-78,28,0,0.0,0,sim
0-27-79,28,0,1.0,0,sim
0-27-80,28,0,0.0,0,sim
0-27-81,28,0,0.0,0,sim
0-27-82,28,0,1.0,0,sim
0-27-83,28,0,1.0,0,sim
0-27-84,28,0,0.0,0,sim
0-27-85,28,0,0.0,0,sim
0-27-86,28,0,1.0,0,sim
0-27-87,28,0,1.0,0,sim
0-27-88,28,0,0.0,0,sim
0-27-89,28,0,1.0,0,sim
0-27-90,28,0,1.0,0,sim
0-27-91,28,0,0.0,0,sim
0-27-92,28,0,1.0,0,sim
0-27-93,28,0,0.0,0,sim
0-27-94,28,0,1.0,0,sim
0-27-95,28,0,1.0,0,sim
0-27-96,28,0,1.0,0,sim
0-27-97,28,0,1.0,0,sim
0-27-98,28,0,1.0,0,sim
0-27-99,28,0,0.0,0,sim
0-27-100,28,0,1.0,0,sim
0-27-101,28,0,0.0,0,sim
0-27-102,28,0,1.0,0,sim
0-27-103,28,0,0.0,0,sim
0-27-104,28,0,1.0,0,sim
0-27-105,28,0,1.0,0,sim
0-27-106,28,0,1.0,0,sim
0-27-107,28,0,,0,sim
0-27-108,28,0,1.0,0,sim
0-27-109,28,0,0.0,0,sim
0-27-110,28,0,1.0,0,sim
0-27-111,28,0,1.0,0,sim
0-27-112,28,0,,0,sim
0-27-113,28,0,1.0,0,sim
0-27-114,28,0,0.0,0,sim
0-27-115,28,0,0.0,0,sim
0-27-116,28,0,1.0,0,sim
0-27-117,28,0,1.0,0,sim
0-27-118,28,0,1.0,0,sim
0-27-119,28,0,1.0,0,sim
0-27-120,28,0,0.0,0,sim
0-27-121,28,0,0.0,0,sim
0-27-122,28,0,0.0,0,sim
0-27-123,28,0,0.0,0,sim
0-27-124,28,0,0.0,0,sim
0-27-125,28,0,1.0,0,sim
0-27-126,28,0,1.0,0,sim
0-27-127,28,0,0.0,0,sim
0-27-128,28,0,0.0,0,sim
0-27-129,28,0,0.0,0,sim
0-27-130,28,0,0.0,0,sim
0-27-131,28,0,0.0,0,sim
0-27-132,28,0,1.0,0,sim
0-27-133,28,0,1.0,0,sim
0-27-134,28,0,1.0,0,sim
0-27-135,28,0,1.0,0,sim
0-27-136,28,0,1.0,0,sim
0-27-137,28,0,1.0,0,sim
0-27-138,28,0,1.0,0,sim
0-27-139,28,0,0.0,0,sim
0-27-140,28,0,0.0,0,sim
0-27-141,28,0,0.0,0,sim
0-27-142,28,0,0.0,0,sim
0-27-143,28,0,0.0,0,sim
0-27-144,28,0,0.0,0,sim
0-27-145,28,0,0.0,0,sim
0-27-146,28,0,1.0,0,sim
0-27-147,28,0,1.0,0,sim
0-27-148,28,0,0.0,0,sim
0-27-149,28,0,1.0,0,sim
0-27-150,28,0,1.0,0,sim
0-27-151,28,0,1.0,0,sim
0-27-152,28,0,0.0,0,sim
0-27-153,28,0,0.0,0,sim
0-27-154,28,0,0.0,0,sim
0-27-155,28,0,0.0,0,sim
0-27-156,28,0,1.0,0,sim
0-27-157,28,0,1.0,0,sim
0-27-158,28,0,0.0,0,sim
0-27-159,28,0,0.0,0,sim
0-27-160,28,0,0.0,0,sim
0-27-161,28,0,0.0,0,sim
0-27-162,28,0,0.0,0,sim
0-27-163,28,0,0.0,0,sim
0-27-164,28,0,1.0,0,sim
0-27-165,28,0,0.0,0,sim
0-27-166,28,0,0.0,0,sim
0-27-167,28,0,1.0,0,sim
0-27-168,28,0,1.0,0,sim
0-27-169,28,0,0.0,0,sim
0-27-170,28,0,1.0,0,sim
0-27-171,28,0,0.0,0,sim
0-27-172,28,0,1.0,0,sim
0-27-173,28,0,1.0,0,sim
0-27-174,28,0,0.0,0,sim
0-27-175,28,0,1.0,0,sim
0-27-176,28,0,1.0,0,sim
0-27-177,28,0,0.0,0,sim
0-27-178,28,0,1.0,0,sim
0-27-179,28,0,0.0,0,sim
0-27-180,28,0,0.0,0,sim
0-27-181,28,0,0.0,0,sim
0-27-182,28,0,0.0,1,sim
0-27-183,28,0,0.0,0,sim
0-27-184,28,0,0.0,0,sim
0-27-185,28,0,0.0,0,sim
0-27-186,28,0,1.0,0,sim
0-27-187,28,0,0.0,0,sim
0-27-188,28,0,1.0,1,sim
0-27-189,28,0,0.0,0,sim
0-27-190,28,0,0.0,0,sim
0-27-191,28,0,0.0,0,sim
0-27-192,28,0,1.0,0,sim
0-27-193,28,0,0.0,0,sim
0-27-194,28,0,1.0,0,sim
0-27-195,28,0,0.0,0,sim
0-27-196,28,0,0.0,0,sim
0-27-197,28,0,1.0,0,sim
0-27-198,28,0,0.0,0,sim
0-27-199,28,0,0.0,0,sim
0-27-200,28,0,1.0,0,sim
0-27-201,28,0,1.0,0,sim
0-27-202,28,0,0.0,0,sim
0-27-203,28,0,0.0,0,sim
0-27-204,28,0,0.0,0,sim
0-27-205,28,0,,0,sim
0-27-206,28,0,1.0,0,sim
0-27-207,28,0,1.0,0,sim
0-27-208,28,0,0.0,0,sim
0-27-209,28,0,1.0,0,sim
0-27-210,28,0,0.0,0,sim
0-27-211,28,0,0.0,0,sim
0-27-212,28,0,0.0,0,sim
0-27-213,28,0,1.0,0,sim
0-27-214,28,0,0.0,0,sim
0-27-215,28,0,0.0,0,sim
0-27-216,28,0,1.0,0,sim
0-27-217,28,0,1.0,0,sim
0-27-218,28,0,1.0,0,sim
0-27-219,28,0,0.0,0,sim
0-27-220,28,0,0.0,0,sim
0-27-221,28,0,1.0,0,sim
0-27-222,28,0,0.0,0,sim
0-27-223,28,0,0.0,0,sim
0-27-224,28,0,0.0,0,sim
0-27-225,28,0,1.0,0,sim
0-27-226,28,0,1.0,0,sim
0-27-227,28,0,0.0,0,sim
0-27-228,28,0,0.0,0,sim
0-27-229,28,0,0.0,0,sim
0-27-230,28,0,1.0,0,sim
0-27-231,28,0,0.0,0,sim
0-27-232,28,0,1.0,0,sim
0-27-233,28,0,0.0,0,sim
0-27-234,28,0,0.0,0,sim
0-27-235,28,0,1.0,0,sim
0-27-236,28,0,0.0,0,sim
0-27-237,28,0,0.0,0,sim
0-27-238,28,0,1.0,0,sim
0-27-239,28,0,0.0,0,sim
0-28-0,29,0,1.0,0,sim
0-28-1,29,0,0.0,0,sim
0-28-2,29,0,1.0,0,sim
0-28-3,29,0,0.0,0,sim
0-28-4,29,0,0.0,0,sim
0-28-5,29,0,1.0,0,sim
0-28-6,29,0,1.0,0,sim
0-28-7,29,0,1.0,0,sim
0-28-8,29,0,0.0,0,sim
0-28-9,29,0,1.0,0,sim
0-28-10,29,0,1.0,0,sim
0-28-11,29,0,1.0,0,sim
0-28-12,29,0,0.0,0,sim
0-28-13,29,0,1.0,0,sim
0-28-14,29,0,,0,sim
0-28-15,29,0,1.0,0,sim
0-28-16,29,0,0.0,0,sim
0-28-17,29,0,0.0,0,sim
0-28-18,29,0,0.0,0,sim
0-28-19,29,0,0.0,0,sim
0-28-20,29,0,0.0,0,sim
0-28-21,29,0,1.0,0,sim
0-28-22,29,0,1.0,0,sim
0-28-23,29,0,0.0,0,sim
0-28-24,29,0,0.0,0,sim
0-28-25,29,0,1.0,0,sim
0-28-26,29,0,1.0,0,sim
0-28-27,29,0,0.0,0,sim
0-28-28,29,0,1.0,0,sim
0-28-29,29,0,1.0,0,sim
0-28-30,29,0,1.0,0,sim
0-28-31,29,0,0.0,0,sim
0-28-32,29,0,0.0,0,sim
0-28-33,29,0,0.0,0,sim
0-28-34,29,0,0.0,0,sim
0-28-35,29,0,1.0,0,sim
0-28-36,29,0,1.0,0,sim
0-28-37,29,0,1.0,0,sim
0-28-38,29,0,0.0,0,sim
0-28-39,29,0,1.0,0,sim
0-28-40,29,0,1.0,0,sim
0-28-41,29,0,1.0,0,sim
0-28-42,29,0,1.0,0,sim
0-28-43,29,0,0.0,0,sim
0-28-44,29,0,0.0,0,sim
0-28-45,29,0,0.0,0,sim
0-28-46,29,0,1.0,0,sim
0-28-47,29,0,1.0,0,sim
0-28-48,29,0,0.0,1,sim
0-28-49,29,0,0.0,0,sim
0-28-50,29,0,0.0,0,sim
0-28-51,29,0,1.0,0,sim
0-28-52,29,0,1.0,0,sim
0-28-53,29,0,0.0,0,sim
0-28-54,29,0,0.0,0,sim
0-28-55,29,0,0.0,0,sim
0-28-56,29,0,1.0,0,sim
0-28-57,29,0,,0,sim
0-28-58,29,0,1.0,0,sim
0-28-59,29,0,1.0,0,sim
0-28-60,29,0,0.0,0,sim
0-28-61,29,0,0.0,0,sim
0-28-62,29,0,1.0,0,sim
0-28-63,29,0,1.0,0,sim
0-28-64,29,0,1.0,0,sim
0-28-65,29,0,1.0,0,sim
0-28-66,29,0,0.0,0,sim
0-28-67,29,0,0.0,0,sim
0-28-68,29,0,1.0,0,sim
0-28-69,29,0,1.0,0,sim
0-28-70,29,0,1.0,0,sim
0-28-71,29,0,1.0,0,sim
0-28-72,29,0,0.0,0,sim
0-28-73,29,0,0.0,0,sim
0-28-74,29,0,1.0,0,sim
0-28-75,29,0,1.0,1,sim
0-28-76,29,0,0.0,0,sim
0-28-77,29,0,0.0,0,sim
0-28-78,29,0,0.0,0,sim
0-28-79,29,0,0.0,0,sim
0-28-80,29,0,1.0,0,sim
0-28-81,29,0,0.0,0,sim
0-28-82,29,0,1.0,0,sim
0-28-83,29,0,1.0,0,sim
0-28-84,29,0,0.0,0,sim
0-28-85,29,0,1.0,0,sim
0-28-86,29,0,0.0,0,sim
0-28-87,29,0,1.0,0,sim
0-28-88,29,0,1.0,0,sim
0-28-89,29,0,0.0,0,sim
0-28-90,29,0,1.0,0,sim
0-28-91,29,0,,0,sim
0-28-92,29,0,0.0,0,sim
0-28-93,29,0,1.0,0,sim
0-28-94,29,0,0.0,0,sim
0-28-95,29,0,0.0,0,sim
0-28-96,29,0,0.0,0,sim
0-28-97,29,0,0.0,0,sim
0-28-98,29,0,0.0,0,sim
0-28-99,29,0,1.0,0,sim
0-28-100,29,0,0.0,0,sim
0-28-101,29,0,1.0,0,sim
0-28-102,29,0,1.0,0,sim
0-28-103,29,0,0.0,0,sim
0-28-104,29,0,0.0,0,sim
0-28-105,29,0,0.0,0,sim
0-28-106,29,0,0.0,0,sim
0-28-107,29,0,0.0,0,sim
0-28-108,29,0,0.0,0,sim
0-28-109,29,0,0.0,0,sim
0-28-110,29,0,0.0,0,sim
0-28-111,29,0,1.0,0,sim
0-28-112,29,0,0.0,0,sim
0-28-113,29,0,1.0,0,sim
0-28-114,29,0,0.0,0,sim
0-28-115,29,0,1.0,0,sim
0-28-116,29,0,1.0,0,sim
0-28-117,29,0,0.0,0,sim
0-28-118,29,0,1.0,0,sim
0-28-119,29,0,1.0,0,sim
0-28-120,29,0,1.0,0,sim
0-28-121,29,0,0.0,0,sim
0-28-122,29,0,1.0,0,sim
0-28-123,29,0,1.0,1,sim
0-28-124,29,0,0.0,0,sim
0-28-125,29,0,0.0,0,sim
0-28-126,29,0,1.0,0,sim
0-28-127,29,0,0.0,0,sim
0-28-128,29,0,1.0,0,sim
0-28-129,29,0,1.0,0,sim
0-28-130,29,0,0.0,0,sim
0-28-131,29,0,1.0,0,sim
0-28-132,29,0,0.0,0,sim
0-28-133,29,0,1.0,0,sim
0-28-134,29,0,1.0,0,sim
0-28-135,29,0,0.0,0,sim
0-28-136,29,0,0.0,0,sim
0-28-137,29,0,1.0,0,sim
0-28-138,29,0,0.0,0,sim
0-28-139,29,0,0.0,0,sim
0-28-140,29,0,0.0,0,sim
0-28-141,29,0,1.0,0,sim
0-28-142,29,0,1.0,0,sim
0-28-143,29,0,1.0,0,sim
0-28-144,29,0,1.0,0,sim
0-28-145,29,0,1.0,0,sim
0-28-146,29,0,0.0,0,sim
0-28-147,29,0,1.0,0,sim
0-28-148,29,0,0.0,0,sim
0-28-149,29,0,0.0,0,sim
0-28-150,29,0,0.0,0,sim
0-28-151,29,0,1.0,0,sim
0-28-152,29,0,1.0,0,sim
0-28-153,29,0,0.0,0,sim
0-28-154,29,0,1.0,0,sim
0-28-155,29,0,1.0,0,sim
0-28-156,29,0,0.0,0,sim
0-28-157,29,0,0.0,0,sim
0-28-158,29,0,1.0,0,sim
0-28-159,29,0,1.0,0,sim
0-28-160,29,0,0.0,0,sim
0-28-161,29,0,1.0,0,sim
0-28-162,29,0,1.0,1,sim
0-28-163,29,0,,0,sim
0-28-164,29,0,1.0,0,sim
0-28-165,29,0,0.0,0,sim
0-28-166,29,0,0.0,0,sim
0-28-167,29,0,1.0,0,sim
0-28-168,29,0,0.0,0,sim
0-28-169,29,0,1.0,0,sim
0-28-170,29,0,0.0,0,sim
0-28-171,29,0,1.0,0,sim
0-28-172,29,0,0.0,0,sim
0-28-173,29,0,0.0,0,sim
0-28-174,29,0,0.0,0,sim
0-28-175,29,0,1.0,0,sim
0-28-176,29,0,0.0,0,sim
0-28-177,29,0,1.0,0,sim
0-28-178,29,0,0.0,0,sim
0-28-179,29,0,0.0,0,sim
0-28-180,29,0,0.0,0,sim
0-28-181,29,0,0.0,0,sim
0-28-182,29,0,0.0,0,sim
0-28-183,29,0,1.0,0,sim
0-28-184,29,0,0.0,0,sim
0-28-185,29,0,1.0,0,sim
0-28-186,29,0,0.0,0,sim
0-28-187,29,0,1.0,0,sim
0-28-188,29,0,1.0,0,sim
0-28-189,29,0,1.0,0,sim
0-28-190,29,0,1.0,0,sim
0-28-191,29,0,1.0,0,sim
0-28-192,29,0,0.0,0,sim
0-28-193,29,0,0.0,0,sim
0-28-194,29,0,0.0,0,sim
0-28-195,29,0,0.0,0,sim
0-28-196,29,0,0.0,0,sim
0-28-197,29,0,1.0,0,sim
0-28-198,29,0,,0,sim
0-28-199,29,0,1.0,0,sim
0-28-200,29,0,0.0,0,sim
0-28-201,29,0,0.0,0,sim
0-28-202,29,0,0.0,0,sim
0-28-203,29,0,0.0,0,sim
0-28-204,29,0,1.0,0,sim
0-28-205,29,0,0.0,0,sim
0-28-206,29,0,,0,sim
0-28-207,29,0,1.0,0,sim
0-28-208,29,0,1.0,0,sim
0-28-209,29,0,1.0,0,sim
0-28-210,29,0,1.0,0,sim
0-28-211,29,0,0.0,0,sim
0-28-212,29,0,0.0,1,sim
0-28-213,29,0,0.0,0,sim
0-28-214,29,0,1.0,0,sim
0-28-215,29,0,1.0,0,sim
0-28-216,29,0,1.0,0,sim
0-28-217,29,0,0.0,0,sim
0-28-218,29,0,1.0,0,sim
0-28-219,29,0,1.0,0,sim
0-28-220,29,0,1.0,0,sim
0-28-221,29,0,0.0,0,sim
0-28-222,29,0,1.0,0,sim
0-28-223,29,0,1.0,0,sim
0-28-224,29,0,0.0,0,sim
0-28-225,29,0,1.0,0,sim
0-28-226,29,0,0.0,0,sim
0-28-227,29,0,1.0,0,sim
0-28-228,29,0,1.0,0,sim
0-28-229,29,0,1.0,0,sim
0-28-230,29,0,1.0,0,sim
0-28-231,29,0,1.0,0,sim
0-28-232,29,0,1.0,0,sim
0-28-233,29,0,1.0,0,sim
0-28-234,29,0,0.0,0,sim
0-28-235,29,0,1.0,0,sim
0-28-236,29,0,0.0,0,sim
0-28-237,29,0,1.0,0,sim
0-28-238,29,0,0.0,0,sim
0-28-239,29,0,1.0,0,sim
0-29-0,30,0,0.0,0,sim
0-29-1,30,0,1.0,0,sim
0-29-2,30,0,1.0,0,sim
0-29-3,30,0,0.0,0,sim
0-29-4,30,0,1.0,0,sim
0-29-5,30,0,0.0,0,sim
0-29-6,30,0,0.0,0,sim
0-29-7,30,0,0.0,0,sim
0-29-8,30,0,0.0,0,sim
0-29-9,30,0,0.0,0,sim
0-29-10,30,0,1.0,0,sim
0-29-11,30,0,1.0,0,sim
0-29-12,30,0,1.0,0,sim
0-29-13,30,0,1.0,0,sim
0-29-14,30,0,1.0,0,sim
0-29-15,30,0,1.0,0,sim
0-29-16,30,0,0.0,0,sim
0-29-17,30,0,0.0,0,sim
0-29-18,30,0,0.0,0,sim
0-29-19,30,0,0.0,0,sim
0-29-20,30,0,1.0,0,sim
0-29-21,30,0,0.0,0,sim
0-29-22,30,0,0.0,0,sim
0-29-23,30,0,1.0,0,sim
0-29-24,30,0,1.0,0,sim
0-29-25,30,0,0.0,0,sim
0-29-26,30,0,0.0,0,sim
0-29-27,30,0,,0,sim
0-29-28,30,0,0.0,0,sim
0-29-29,30,0,1.0,0,sim
0-29-30,30,0,,0,sim
0-29-31,30,0,1.0,0,sim
0-29-32,30,0,0.0,0,sim
0-29-33,30,0,1.0,0,sim
0-29-34,30,0,1.0,0,sim
0-29-35,30,0,1.0,0,sim
0-29-36,30,0,1.0,0,sim
0-29-37,30,0,0.0,0,sim
0-29-38,30,0,1.0,0,sim
0-29-39,30,0,1.0,0,sim
0-29-40,30,0,1.0,0,sim
0-29-41,30,0,1.0,0,sim
0-29-42,30,0,1.0,0,sim
0-29-43,30,0,1.0,0,sim
0-29-44,30,0,1.0,0,sim
0-29-45,30,0,1.0,0,sim
0-29-46,30,0,1.0,0,sim
0-29-47,30,0,0.0,0,sim
0-29-48,30,0,0.0,0,sim
0-29-49,30,0,1.0,0,sim
0-29-50,30,0,1.0,0,sim
0-29-51,30,0,1.0,0,sim
0-29-52,30,0,0.0,0,sim
0-29-53,30,0,1.0,0,sim
0-29-54,30,0,1.0,0,sim
0-29-55,30,0,1.0,0,sim
0-29-56,30,0,0.0,0,sim
0-29-57,30,0,1.0,0,sim
0-29-58,30,0,0.0,0,sim
0-29-59,30,0,1.0,0,sim
0-29-60,30,0,1.0,0,sim
0-29-61,30,0,0.0,0,sim
0-29-62,30,0,1.0,0,sim
0-29-63,30,0,1.0,0,sim
0-29-64,30,0,0.0,0,sim
0-29-65,30,0,1.0,0,sim
0-29-66,30,0,1.0,0,sim
0-29-67,30,0,1.0,0,sim
0-29-68,30,0,1.0,0,sim
0-29-69,30,0,1.0,0,sim
0-29-70,30,0,1.0,0,sim
0-29-71,30,0,0.0,0,sim
0-29-72,30,0,1.0,0,sim
0-29-73,30,0,1.0,0,sim
0-29-74,30,0,1.0,0,sim
0-29-75,30,0,1.0,0,sim
0-29-76,30,0,0.0,0,sim
0-29-77,30,0,0.0,0,sim
0-29-78,30,0,0.0,0,sim
0-29-79,30,0,0.0,0,sim
0-29-80,30,0,0.0,0,sim
0-29-81,30,0,0.0,0,sim
0-29-82,30,0,1.0,0,sim
0-29-83,30,0,1.0,0,sim
0-29-84,30,0,0.0,0,sim
0-29-85,30,0,1.0,0,sim
0-29-86,30,0,0.0,0,sim
0-29-87,30,0,0.0,0,sim
0-29-88,30,0,1.0,0,sim
0-29-89,30,0,0.0,0,sim
0-29-90,30,0,1.0,0,sim
0-29-91,30,0,0.0,0,sim
0-29-92,30,0,1.0,0,sim
0-29-93,30,0,0.0,0,sim
0-29-94,30,0,1.0,0,sim
0-29-95,30,0,,0,sim
0-29-96,30,0,0.0,0,sim
0-29-97,30,0,1.0,0,sim
0-29-98,30,0,1.0,0,sim
0-29-99,30,0,0.0,0,sim
0-29-100,30,0,1.0,0,sim
0-29-101,30,0,1.0,0,sim
0-29-102,30,0,0.0,0,sim
0-29-103,30,0,1.0,0,sim
0-29-104,30,0,1.0,0,sim
0-29-105,30,0,1.0,0,sim
0-29-106,30,0,1.0,0,sim
0-29-107,30,0,1.0,0,sim
0-29-108,30,0,1.0,0,sim
0-29-109,30,0,0.0,0,sim
0-29-110,30,0,0.0,0,sim
0-29-111,30,0,0.0,0,sim
0-29-112,30,0,1.0,0,sim
0-29-113,30,0,1.0,0,sim
0-29-114,30,0,0.0,0,sim
0-29-115,30,0,1.0,0,sim
0-29-116,30,0,0.0,0,sim
0-29-117,30,0,1.0,0,sim
0-29-118,30,0,1.0,0,sim
0-29-119,30,0,1.0,0,sim
0-29-120,30,0,1.0,0,sim
0-29-121,30,0,1.0,0,sim
0-29-122,30,0,1.0,0,sim
0-29-123,30,0,1.0,0,sim
0-29-124,30,0,,0,sim
0-29-125,30,0,1.0,0,sim
0-29-126,30,0,1.0,0,sim
0-29-127,30,0,1.0,0,sim
0-29-128,30,0,0.0,0,sim
0-29-129,30,0,1.0,0,sim
0-29-130,30,0,1.0,0,sim
0-29-131,30,0,1.0,0,sim
0-29-132,30,0,1.0,0,sim
0-29-133,30,0,0.0,0,sim
0-29-134,30,0,1.0,0,sim
0-29-135,30,0,1.0,0,sim
0-29-136,30,0,1.0,0,sim
0-29-137,30,0,0.0,0,sim
0-29-138,30,0,1.0,0,sim
0-29-139,30,0,1.0,0,sim
0-29-140,30,0,1.0,0,sim
0-29-141,30,0,1.0,0,sim
0-29-142,30,0,1.0,0,sim
0-29-143,30,0,1.0,0,sim
0-29-144,30,0,1.0,0,sim
0-29-145,30,0,1.0,0,sim
0-29-146,30,0,1.0,0,sim
0-29-147,30,0,1.0,0,sim
0-29-148,30,0,0.0,0,sim
0-29-149,30,0,1.0,0,sim
0-29-150,30,0,1.0,0,sim
0-29-151,30,0,1.0,0,sim
0-29-152,30,0,1.0,0,sim
0-29-153,30,0,1.0,0,sim
0-29-154,30,0,1.0,0,sim
0-29-155,30,0,1.0,0,sim
0-29-156,30,0,0.0,0,sim
0-29-157,30,0,1.0,0,sim
0-29-158,30,0,1.0,0,sim
0-29-159,30,0,1.0,0,sim
0-29-160,30,0,1.0,0,sim
0-29-161,30,0,,0,sim
0-29-162,30,0,1.0,0,sim
0-29-163,30,0,1.0,0,sim
0-29-164,30,0,1.0,0,sim
0-29-165,30,0,1.0,0,sim
0-29-166,30,0,1.0,0,sim
0-29-167,30,0,1.0,1,sim
0-29-168,30,0,1.0,0,sim
0-29-169,30,0,1.0,0,sim
0-29-170,30,0,0.0,0,sim
0-29-171,30,0,0.0,0,sim
0-29-172,30,0,1.0,0,sim
0-29-173,30,0,0.0,0,sim
0-29-174,30,0,0.0,0,sim
0-29-175,30,0,1.0,0,sim
0-29-176,30,0,0.0,0,sim
0-29-177,30,0,1.0,0,sim
0-29-178,30,0,1.0,0,sim
0-29-179,30,0,1.0,0,sim
0-29-180,30,0,1.0,0,sim
0-29-181,30,0,1.0,0,sim
0-29-182,30,0,0.0,0,sim
0-29-183,30,0,1.0,0,sim
0-29-184,30,0,1.0,0,sim
0-29-185,30,0,1.0,0,sim
0-29-186,30,0,1.0,0,sim
0-29-187,30,0,1.0,0,sim
0-29-188,30,0,0.0,0,sim
0-29-189,30,0,1.0,0,sim
0-29-190,30,0,1.0,0,sim
0-29-191,30,0,0.0,0,sim
0-29-192,30,0,0.0,0,sim
0-29-193,30,0,1.0,0,sim
0-29-194,30,0,0.0,0,sim
0-29-195,30,0,1.0,0,sim
0-29-196,30,0,1.0,0,sim
0-29-197,30,0,0.0,0,sim
0-29-198,30,0,1.0,1,sim
0-29-199,30,0,1.0,0,sim
0-29-200,30,0,0.0,0,sim
0-29-201,30,0,0.0,0,sim
0-29-202,30,0,1.0,0,sim
0-29-203,30,0,0.0,0,sim
0-29-204,30,0,0.0,0,sim
0-29-205,30,0,0.0,1,sim
0-29-206,30,0,1.0,0,sim
0-29-207,30,0,0.0,0,sim
0-29-208,30,0,1.0,0,sim
0-29-209,30,0,1.0,0,sim
0-29-210,30,0,1.0,0,sim
0-29-211,30,0,1.0,0,sim
0-29-212,30,0,0.0,0,sim
0-29-213,30,0,0.0,0,sim
0-29-214,30,0,1.0,0,sim
0-29-215,30,0,0.0,0,sim
0-29-216,30,0,0.0,0,sim
0-29-217,30,0,1.0,0,sim
0-29-218,30,0,1.0,0,sim
0-29-219,30,0,0.0,0,sim
0-29-220,30,0,1.0,0,sim
0-29-221,30,0,1.0,0,sim
0-29-222,30,0,0.0,1,sim
0-29-223,30,0,1.0,0,sim
0-29-224,30,0,1.0,0,sim
0-29-225,30,0,1.0,0,sim
0-29-226,30,0,0.0,1,sim
0-29-227,30,0,0.0,0,sim
0-29-228,30,0,1.0,0,sim
0-29-229,30,0,1.0,0,sim
0-29-230,30,0,0.0,0,sim
0-29-231,30,0,1.0,0,sim
0-29-232,30,0,1.0,0,sim
0-29-233,30,0,0.0,0,sim
0-29-234,30,0,1.0,0,sim
0-29-235,30,0,1.0,0,sim
0-29-236,30,0,0.0,0,sim
0-29-237,30,0,1.0,0,sim
0-29-238,30,0,1.0,0,sim
0-29-239,30,0,0.0,0,sim
0-30-0,31,0,,0,sim
0-30-1,31,0,1.0,0,sim
0-30-2,31,0,1.0,0,sim
0-30-3,31,0,0.0,0,sim
0-30-4,31,0,0.0,0,sim
0-30-5,31,0,0.0,0,sim
0-30-6,31,0,1.0,0,sim
0-30-7,31,0,0.0,0,sim
0-30-8,31,0,1.0,0,sim
0-30-9,31,0,1.0,0,sim
0-30-10,31,0,1.0,0,sim
0-30-11,31,0,0.0,0,sim
0-30-12,31,0,0.0,0,sim
0-30-13,31,0,1.0,0,sim
0-30-14,31,0,1.0,0,sim
0-30-15,31,0,0.0,0,sim
0-30-16,31,0,0.0,0,sim
0-30-17,31,0,0.0,0,sim
0-30-18,31,0,1.0,0,sim
0-30-19,31,0,1.0,0,sim
0-30-20,31,0,1.0,0,sim
0-30-21,31,0,1.0,0,sim
0-30-22,31,0,1.0,0,sim
0-30-23,31,0,1.0,0,sim
0-30-24,31,0,1.0,0,sim
0-30-25,31,0,0.0,0,sim
0-30-26,31,0,1.0,0,sim
0-30-27,31,0,0.0,0,sim
0-30-28,31,0,1.0,0,sim
0-30-29,31,0,0.0,0,sim
0-30-30,31,0,0.0,0,sim
0-30-31,31,0,1.0,0,sim
0-30-32,31,0,1.0,0,sim
0-30-33,31,0,1.0,0,sim
0-30-34,31,0,1.0,0,sim
0-30-35,31,0,1.0,0,sim
0-30-36,31,0,0.0,0,sim
0-30-37,31,0,1.0,0,sim
0-30-38,31,0,0.0,0,sim
0-30-39,31,0,0.0,0,sim
0-30-40,31,0,1.0,0,sim
0-30-41,31,0,1.0,0,sim
0-30-42,31,0,1.0,0,sim
0-30-43,31,0,0.0,0,sim
0-30-44,31,0,1.0,0,sim
0-30-45,31,0,1.0,0,sim
0-30-46,31,0,1.0,0,sim
0-30-47,31,0,0.0,0,sim
0-30-48,31,0,,0,sim
0-30-49,31,0,0.0,0,sim
0-30-50,31,0,0.0,0,sim
0-30-51,31,0,1.0,0,sim
0-30-52,31,0,1.0,0,sim
0-30-53,31,0,1.0,0,sim
0-30-54,31,0,0.0,0,sim
0-30-55,31,0,1.0,0,sim
0-30-56,31,0,1.0,0,sim
0-30-57,31,0,0.0,0,sim
0-30-58,31,0,0.0,0,sim
0-30-59,31,0,1.0,0,sim
0-30-60,31,0,1.0,0,sim
0-30-61,31,0,0.0,0,sim
0-30-62,31,0,1.0,0,sim
0-30-63,31,0,0.0,0,sim
0-30-64,31,0,1.0,0,sim
0-30-65,31,0,0.0,0,sim
0-30-66,31,0,1.0,0,sim
0-30-67,31,0,1.0,0,sim
0-30-68,31,0,0.0,0,sim
0-30-69,31,0,0.0,0,sim
0-30-70,31,0,,0,sim
0-30-71,31,0,0.0,0,sim
0-30-72,31,0,1.0,0,sim
0-30-73,31,0,1.0,0,sim
0-30-74,31,0,1.0,0,sim
0-30-75,31,0,0.0,0,sim
0-30-76,31,0,,0,sim
0-30-77,31,0,0.0,0,sim
0-30-78,31,0,0.0,0,sim
0-30-79,31,0,1.0,0,sim
0-30-80,31,0,1.0,0,sim
0-30-81,31,0,1.0,0,sim
0-30-82,31,0,1.0,0,sim
0-30-83,31,0,1.0,0,sim
0-30-84,31,0,1.0,1,sim
0-30-85,31,0,1.0,0,sim
0-30-86,31,0,1.0,0,sim
0-30-87,31,0,1.0,0,sim
0-30-88,31,0,1.0,0,sim
0-30-89,31,0,1.0,0,sim
0-30-90,31,0,0.0,0,sim
0-30-91,31,0,0.0,0,sim
0-30-92,31,0,1.0,0,sim
0-30-93,31,0,1.0,0,sim
0-30-94,31,0,0.0,0,sim
0-30-95,31,0,1.0,0,sim
0-30-96,31,0,1.0,0,sim
0-30-97,31,0,0.0,0,sim
0-30-98,31,0,0.0,0,sim
0-30-99,31,0,1.0,0,sim
0-30-100,31,0,1.0,0,sim
0-30-101,31,0,0.0,0,sim
0-30-102,31,0,1.0,0,sim
0-30-103,31,0,1.0,0,sim
0-30-104,31,0,1.0,0,sim
0-30-105,31,0,1.0,0,sim
0-30-106,31,0,1.0,0,sim
0-30-107,31,0,0.0,0,sim
0-30-108,31,0,0.0,0,sim
0-30-109,31,0,0.0,0,sim
0-30-110,31,0,0.0,0,sim
0-30-111,31,0,1.0,0,sim
0-30-112,31,0,1.0,0,sim
0-30-113,31,0,1.0,0,sim
0-30-114,31,0,1.0,0,sim
0-30-115,31,0,1.0,0,sim
0-30-116,31,0,1.0,0,sim
0-30-117,31,0,0.0,0,sim
0-30-118,31,0,1.0,0,sim
0-30-119,31,0,1.0,0,sim
0-30-120,31,0,0.0,0,sim
0-30-121,31,0,0.0,0,sim
0-30-122,31,0,0.0,0,sim
0-30-123,31,0,0.0,0,sim
0-30-124,31,0,0.0,0,sim
0-30-125,31,0,1.0,0,sim
0-30-126,31,0,1.0,0,sim
0-30-127,31,0,1.0,0,sim
0-30-128,31,0,1.0,0,sim
0-30-129,31,0,1.0,0,sim
0-30-130,31,0,1.0,0,sim
0-30-131,31,0,1.0,0,sim
0-30-132,31,0,1.0,0,sim
0-30-133,31,0,0.0,0,sim
0-30-134,31,0,1.0,0,sim
0-30-135,31,0,0.0,0,sim
0-30-136,31,0,1.0,0,sim
0-30-137,31,0,1.0,0,sim
0-30-138,31,0,0.0,0,sim
0-30-139,31,0,0.0,0,sim
0-30-140,31,0,1.0,0,sim
0-30-141,31,0,0.0,0,sim
0-30-142,31,0,0.0,0,sim
0-30-143,31,0,0.0,0,sim
0-30-144,31,0,1.0,0,sim
0-30-145,31,0,1.0,0,sim
0-30-146,31,0,0.0,0,sim
0-30-147,31,0,0.0,0,sim
0-30-148,31,0,0.0,0,sim
0-30-149,31,0,0.0,0,sim
0-30-150,31,0,1.0,0,sim
0-30-151,31,0,1.0,0,sim
0-30-152,31,0,1.0,0,sim
0-30-153,31,0,0.0,0,sim
0-30-154,31,0,0.0,0,sim
0-30-155,31,0,1.0,0,sim
0-30-156,31,0,0.0,0,sim
0-30-157,31,0,1.0,0,sim
0-30-158,31,0,0.0,0,sim
0-30-159,31,0,1.0,0,sim
0-30-160,31,0,1.0,0,sim
0-30-161,31,0,1.0,0,sim
0-30-162,31,0,1.0,0,sim
0-30-163,31,0,1.0,0,sim
0-30-164,31,0,1.0,0,sim
0-30-165,31,0,1.0,0,sim
0-30-166,31,0,0.0,1,sim
0-30-167,31,0,0.0,0,sim
0-30-168,31,0,1.0,0,sim
0-30-169,31,0,1.0,0,sim
0-30-170,31,0,0.0,0,sim
0-30-171,31,0,1.0,0,sim
0-30-172,31,0,0.0,0,sim
0-30-173,31,0,1.0,1,sim
0-30-174,31,0,0.0,0,sim
0-30-175,31,0,1.0,0,sim
0-30-176,31,0,0.0,0,sim
0-30-177,31,0,1.0,0,sim
0-30-178,31,0,0.0,0,sim
0-30-179,31,0,1.0,0,sim
0-30-180,31,0,0.0,0,sim
0-30-181,31,0,1.0,0,sim
0-30-182,31,0,0.0,0,sim
0-30-183,31,0,,0,sim
0-30-184,31,0,1.0,0,sim
0-30-185,31,0,0.0,0,sim
0-30-186,31,0,0.0,0,sim
0-30-187,31,0,1.0,0,sim
0-30-188,31,0,0.0,0,sim
0-30-189,31,0,1.0,0,sim
0-30-190,31,0,0.0,0,sim
0-30-191,31,0,0.0,0,sim
0-30-192,31,0,1.0,0,sim
0-30-193,31,0,0.0,0,sim
0-30-194,31,0,0.0,0,sim
0-30-195,31,0,1.0,0,sim
0-30-196,31,0,1.0,0,sim
0-30-197,31,0,1.0,0,sim
0-30-198,31,0,0.0,0,sim
0-30-199,31,0,1.0,0,sim
0-30-200,31,0,1.0,0,sim
0-30-201,31,0,1.0,0,sim
0-30-202,31,0,1.0,0,sim
0-30-203,31,0,0.0,0,sim
0-30-204,31,0,1.0,0,sim
0-30-205,31,0,1.0,0,sim
0-30-206,31,0,1.0,0,sim
0-30-207,31,0,0.0,0,sim
0-30-208,31,0,0.0,0,sim
0-30-209,31,0,0.0,0,sim
0-30-210,31,0,0.0,0,sim
0-30-211,31,0,0.0,0,sim
0-30-212,31,0,1.0,0,sim
0-30-213,31,0,1.0,0,sim
0-30-214,31,0,1.0,0,sim
0-30-215,31,0,1.0,0,sim
0-30-216,31,0,1.0,0,sim
0-30-217,31,0,0.0,0,sim
0-30-218,31,0,0.0,0,sim
0-30-219,31,0,1.0,0,sim
0-30-220,31,0,0.0,0,sim
0-30-221,31,0,0.0,0,sim
0-30-222,31,0,1.0,0,sim
0-30-223,31,0,1.0,0,sim
0-30-224,31,0,1.0,0,sim
0-30-225,31,0,0.0,0,sim
0-30-226,31,0,0.0,0,sim
0-30-227,31,0,1.0,0,sim
0-30-228,31,0,0.0,0,sim
0-30-229,31,0,1.0,0,sim
0-30-230,31,0,1.0,0,sim
0-30-231,31,0,1.0,0,sim
0-30-232,31,0,1.0,0,sim
0-30-233,31,0,1.0,0,sim
0-30-234,31,0,1.0,0,sim
0-30-235,31,0,0.0,0,sim
0-30-236,31,0,0.0,0,sim
0-30-237,31,0,1.0,0,sim
0-30-238,31,0,0.0,0,sim
0-30-239,31,0,1.0,0,sim
0-31-0,32,0,0.0,0,sim
0-31-1,32,0,0.0,0,sim
0-31-2,32,0,1.0,0,sim
0-31-3,32,0,1.0,0,sim
0-31-4,32,0,0.0,0,sim
0-31-5,32,0,0.0,0,sim
0-31-6,32,0,1.0,0,sim
0-31-7,32,0,1.0,0,sim
0-31-8,32,0,1.0,0,sim
0-31-9,32,0,1.0,0,sim
0-31-10,32,0,1.0,0,sim
0-31-11,32,0,0.0,0,sim
0-31-12,32,0,0.0,0,sim
0-31-13,32,0,0.0,0,sim
0-31-14,32,0,0.0,0,sim
0-31-15,32,0,1.0,0,sim
0-31-16,32,0,0.0,0,sim
0-31-17,32,0,1.0,0,sim
0-31-18,32,0,0.0,0,sim
0-31-19,32,0,1.0,0,sim
0-31-20,32,0,0.0,0,sim
0-31-21,32,0,0.0,0,sim
0-31-22,32,0,0.0,0,sim
0-31-23,32,0,,0,sim
0-31-24,32,0,1.0,0,sim
0-31-25,32,0,0.0,0,sim
0-31-26,32,0,0.0,0,sim
0-31-27,32,0,0.0,0,sim
0-31-28,32,0,0.0,0,sim
0-31-29,32,0,1.0,0,sim
0-31-30,32,0,1.0,0,sim
0-31-31,32,0,1.0,0,sim
0-31-32,32,0,1.0,0,sim
0-31-33,32,0,0.0,0,sim
0-31-34,32,0,1.0,0,sim
0-31-35,32,0,0.0,0,sim
0-31-36,32,0,1.0,0,sim
0-31-37,32,0,0.0,0,sim
0-31-38,32,0,1.0,0,sim
0-31-39,32,0,0.0,0,sim
0-31-40,32,0,1.0,0,sim
0-31-41,32,0,1.0,0,sim
0-31-42,32,0,0.0,0,sim
0-31-43,32,0,1.0,0,sim
0-31-44,32,0,0.0,0,sim
0-31-45,32,0,1.0,0,sim
0-31-46,32,0,0.0,0,sim
0-31-47,32,0,1.0,0,sim
0-31-48,32,0,1.0,0,sim
0-31-49,32,0,0.0,0,sim
0-31-50,32,0,1.0,0,sim
0-31-51,32,0,1.0,0,sim
0-31-52,32,0,1.0,0,sim
0-31-53,32,0,0.0,0,sim
0-31-54,32,0,0.0,0,sim
0-31-55,32,0,0.0,0,sim
0-31-56,32,0,0.0,1,sim
0-31-57,32,0,1.0,0,sim
0-31-58,32,0,1.0,1,sim
0-31-59,32,0,1.0,0,sim
0-31-60,32,0,1.0,0,sim
0-31-61,32,0,0.0,0,sim
0-31-62,32,0,0.0,0,sim
0-31-63,32,0,1.0,0,sim
0-31-64,32,0,0.0,0,sim
0-31-65,32,0,1.0,0,sim
0-31-66,32,0,1.0,0,sim
0-31-67,32,0,1.0,0,sim
0-31-68,32,0,1.0,0,sim
0-31-69,32,0,0.0,0,sim
0-31-70,32,0,0.0,0,sim
0-31-71,32,0,1.0,0,sim
0-31-72,32,0,1.0,0,sim
0-31-73,32,0,1.0,0,sim
0-31-74,32,0,0.0,0,sim
0-31-75,32,0,1.0,0,sim
0-31-76,32,0,1.0,0,sim
0-31-77,32,0,1.0,0,sim
0-31-78,32,0,1.0,0,sim
0-31-79,32,0,0.0,0,sim
0-31-80,32,0,1.0,0,sim
0-31-81,32,0,1.0,0,sim
0-31-82,32,0,1.0,0,sim
0-31-83,32,0,0.0,0,sim
0-31-84,32,0,1.0,0,sim
0-31-85,32,0,0.0,0,sim
0-31-86,32,0,1.0,0,sim
0-31-87,32,0,1.0,0,sim
0-31-88,32,0,0.0,0,sim
0-31-89,32,0,0.0,0,sim
0-31-90,32,0,1.0,0,sim
0-31-91,32,0,1.0,0,sim
0-31-92,32,0,0.0,0,sim
0-31-93,32,0,1.0,0,sim
0-31-94,32,0,1.0,0,sim
0-31-95,32,0,1.0,0,sim
0-31-96,32,0,1.0,0,sim
0-31-97,32,0,1.0,0,sim
0-31-98,32,0,0.0,0,sim
0-31-99,32,0,1.0,0,sim
0-31-100,32,0,0.0,0,sim
0-31-101,32,0,0.0,0,sim
0-31-102,32,0,0.0,0,sim
0-31-103,32,0,0.0,0,sim
0-31-104,32,0,1.0,0,sim
0-31-105,32,0,1.0,0,sim
0-31-106,32,0,1.0,0,sim
0-31-107,32,0,1.0,0,sim
0-31-108,32,0,1.0,0,sim
0-31-109,32,0,0.0,0,sim
0-31-110,32,0,1.0,0,sim
0-31-111,32,0,1.0,0,sim
0-31-112,32,0,1.0,0,sim
0-31-113,32,0,0.0,0,sim
0-31-114,32,0,1.0,0,sim
0-31-115,32,0,0.0,0,sim
0-31-116,32,0,1.0,0,sim
0-31-117,32,0,0.0,0,sim
0-31-118,32,0,1.0,0,sim
0-31-119,32,0,,0,sim
0-31-120,32,0,0.0,0,sim
0-31-121,32,0,1.0,0,sim
0-31-122,32,0,0.0,0,sim
0-31-123,32,0,1.0,0,sim
0-31-124,32,0,0.0,0,sim
0-31-125,32,0,0.0,0,sim
0-31-126,32,0,1.0,0,sim
0-31-127,32,0,1.0,0,sim
0-31-128,32,0,1.0,1,sim
0-31-129,32,0,0.0,0,sim
0-31-130,32,0,1.0,0,sim
0-31-131,32,0,0.0,0,sim
0-31-132,32,0,1.0,0,sim
0-31-133,32,0,1.0,0,sim
0-31-134,32,0,0.0,0,sim
0-31-135,32,0,1.0,0,sim
0-31-136,32,0,0.0,0,sim
0-31-137,32,0,1.0,0,sim
0-31-138,32,0,1.0,0,sim
0-31-139,32,0,0.0,0,sim
0-31-140,32,0,0.0,0,sim
0-31-141,32,0,1.0,0,sim
0-31-142,32,0,0.0,0,sim
0-31-143,32,0,1.0,0,sim
0-31-144,32,0,0.0,0,sim
0-31-145,32,0,0.0,0,sim
0-31-146,32,0,1.0,0,sim
0-31-147,32,0,1.0,0,sim
0-31-148,32,0,0.0,0,sim
0-31-149,32,0,1.0,0,sim
0-31-150,32,0,1.0,0,sim
0-31-151,32,0,1.0,0,sim
0-31-152,32,0,1.0,0,sim
0-31-153,32,0,0.0,0,sim
0-31-154,32,0,0.0,0,sim
0-31-155,32,0,1.0,0,sim
0-31-156,32,0,1.0,0,sim
0-31-157,32,0,0.0,0,sim
0-31-158,32,0,1.0,0,sim
0-31-159,32,0,1.0,0,sim
0-31-160,32,0,0.0,0,sim
0-31-161,32,0,0.0,0,sim
0-31-162,32,0,1.0,0,sim
0-31-163,32,0,1.0,0,sim
0-31-164,32,0,1.0,0,sim
0-31-165,32,0,0.0,0,sim
0-31-166,32,0,1.0,0,sim
0-31-167,32,0,1.0,0,sim
0-31-168,32,0,0.0,0,sim
0-31-169,32,0,0.0,0,sim
0-31-170,32,0,1.0,0,sim
0-31-171,32,0,1.0,0,sim
0-31-172,32,0,1.0,0,sim
0-31-173,32,0,0.0,1,sim
0-31-174,32,0,1.0,0,sim
0-31-175,32,0,0.0,0,sim
0-31-176,32,0,1.0,0,sim
0-31-177,32,0,0.0,0,sim
0-31-178,32,0,1.0,0,sim
0-31-179,32,0,1.0,0,sim
0-31-180,32,0,0.0,0,sim
0-31-181,32,0,1.0,0,sim
0-31-182,32,0,0.0,0,sim
0-31-183,32,0,1.0,0,sim
0-31-184,32,0,1.0,0,sim
0-31-185,32,0,1.0,0,sim
0-31-186,32,0,0.0,0,sim
0-31-187,32,0,,0,sim
0-31-188,32,0,1.0,0,sim
0-31-189,32,0,1.0,0,sim
0-31-190,32,0,1.0,0,sim
0-31-191,32,0,1.0,0,sim
0-31-192,32,0,0.0,0,sim
0-31-193,32,0,1.0,1,sim
0-31-194,32,0,0.0,0,sim
0-31-195,32,0,0.0,0,sim
0-31-196,32,0,0.0,0,sim
0-31-197,32,0,1.0,0,sim
0-31-198,32,0,0.0,0,sim
0-31-199,32,0,,0,sim
0-31-200,32,0,0.0,0,sim
0-31-201,32,0,1.0,0,sim
0-31-202,32,0,1.0,0,sim
0-31-203,32,0,1.0,0,sim
0-31-204,32,0,0.0,0,sim
0-31-205,32,0,1.0,0,sim
0-31-206,32,0,0.0,0,sim
0-31-207,32,0,0.0,0,sim
0-31-208,32,0,0.0,0,sim
0-31-209,32,0,1.0,0,sim
0-31-210,32,0,0.0,0,sim
0-31-211,32,0,0.0,0,sim
0-31-212,32,0,1.0,0,sim
0-31-213,32,0,1.0,0,sim
0-31-214,32,0,0.0,0,sim
0-31-215,32,0,1.0,0,sim
0-31-216,32,0,1.0,0,sim
0-31-217,32,0,1.0,0,sim
0-31-218,32,0,0.0,0,sim
0-31-219,32,0,1.0,0,sim
0-31-220,32,0,1.0,0,sim
0-31-221,32,0,1.0,0,sim
0-31-222,32,0,0.0,0,sim
0-31-223,32,0,0.0,0,sim
0-31-224,32,0,0.0,0,sim
0-31-225,32,0,1.0,0,sim
0-31-226,32,0,1.0,0,sim
0-31-227,32,0,1.0,0,sim
0-31-228,32,0,1.0,0,sim
0-31-229,32,0,1.0,0,sim
0-31-230,32,0,0.0,0,sim
0-31-231,32,0,1.0,0,sim
0-31-232,32,0,1.0,0,sim
0-31-233,32,0,0.0,0,sim
0-31-234,32,0,0.0,0,sim
0-31-235,32,0,0.0,0,sim
0-31-236,32,0,0.0,0,sim
0-31-237,32,0,1.0,0,sim
0-31-238,32,0,1.0,0,sim
0-31-239,32,0,1.0,0,sim
0-32-0,33,0,1.0,0,sim
0-32-1,33,0,1.0,0,sim
0-32-2,33,0,0.0,0,sim
0-32-3,33,0,1.0,0,sim
0-32-4,33,0,1.0,0,sim
0-32-5,33,0,1.0,0,sim
0-32-6,33,0,0.0,0,sim
0-32-7,33,0,1.0,0,sim
0-32-8,33,0,1.0,0,sim
0-32-9,33,0,1.0,0,sim
0-32-10,33,0,1.0,0,sim
0-32-11,33,0,0.0,0,sim
0-32-12,33,0,0.0,0,sim
0-32-13,33,0,1.0,0,sim
0-32-14,33,0,1.0,0,sim
0-32-15,33,0,1.0,0,sim
0-32-16,33,0,0.0,0,sim
0-32-17,33,0,1.0,0,sim
0-32-18,33,0,0.0,0,sim
0-32-19,33,0,0.0,0,sim
0-32-20,33,0,0.0,0,sim
0-32-21,33,0,1.0,0,sim
0-32-22,33,0,0.0,1,sim
0-32-23,33,0,1.0,0,sim
0-32-24,33,0,1.0,0,sim
0-32-25,33,0,1.0,0,sim
0-32-26,33,0,0.0,0,sim
0-32-27,33,0,0.0,0,sim
0-32-28,33,0,0.0,0,sim
0-32-29,33,0,1.0,0,sim
0-32-30,33,0,1.0,0,sim
0-32-31,33,0,1.0,0,sim
0-32-32,33,0,1.0,0,sim
0-32-33,33,0,1.0,0,sim
0-32-34,33,0,1.0,0,sim
0-32-35,33,0,1.0,0,sim
0-32-36,33,0,1.0,0,sim
0-32-37,33,0,1.0,0,sim
0-32-38,33,0,1.0,0,sim
0-32-39,33,0,1.0,0,sim
0-32-40,33,0,1.0,0,sim
0-32-41,33,0,1.0,0,sim
0-32-42,33,0,1.0,0,sim
0-32-43,33,0,1.0,0,sim
0-32-44,33,0,0.0,0,sim
0-32-45,33,0,1.0,0,sim
0-32-46,33,0,1.0,0,sim
0-32-47,33,0,1.0,0,sim
0-32-48,33,0,0.0,0,sim
0-32-49,33,0,0.0,0,sim
0-32-50,33,0,0.0,0,sim
0-32-51,33,0,0.0,0,sim
0-32-52,33,0,1.0,0,sim
0-32-53,33,0,0.0,0,sim
0-32-54,33,0,0.0,0,sim
0-32-55,33,0,1.0,0,sim
0-32-56,33,0,1.0,0,sim
0-32-57,33,0,0.0,0,sim
0-32-58,33,0,0.0,0,sim
0-32-59,33,0,0.0,0,sim
0-32-60,33,0,1.0,0,sim
0-32-61,33,0,0.0,0,sim
0-32-62,33,0,1.0,0,sim
0-32-63,33,0,1.0,0,sim
0-32-64,33,0,1.0,0,sim
0-32-65,33,0,1.0,0,sim
0-32-66,33,0,1.0,0,sim
0-32-67,33,0,1.0,0,sim
0-32-68,33,0,1.0,0,sim
0-32-69,33,0,1.0,0,sim
0-32-70,33,0,0.0,0,sim
0-32-71,33,0,0.0,0,sim
0-32-72,33,0,1.0,0,sim
0-32-73,33,0,0.0,0,sim
0-32-74,33,0,1.0,0,sim
0-32-75,33,0,0.0,0,sim
0-32-76,33,0,1.0,0,sim
0-32-77,33,0,0.0,0,sim
0-32-78,33,0,1.0,0,sim
0-32-79,33,0,,0,sim
0-32-80,33,0,1.0,0,sim
0-32-81,33,0,1.0,0,sim
0-32-82,33,0,1.0,0,sim
0-32-83,33,0,1.0,0,sim
0-32-84,33,0,1.0,0,sim
0-32-85,33,0,1.0,0,sim
0-32-86,33,0,1.0,0,sim
0-32-87,33,0,1.0,0,sim
0-32-88,33,0,1.0,0,sim
0-32-89,33,0,1.0,0,sim
0-32-90,33,0,1.0,0,sim
0-32-91,33,0,1.0,0,sim
0-32-92,33,0,0.0,0,sim
0-32-93,33,0,1.0,0,sim
0-32-94,33,0,1.0,0,sim
0-32-95,33,0,1.0,0,sim
0-32-96,33,0,1.0,0,sim
0-32-97,33,0,0.0,0,sim
0-32-98,33,0,1.0,0,sim
0-32-99,33,0,1.0,0,sim
0-32-100,33,0,0.0,0,sim
0-32-101,33,0,0.0,0,sim
0-32-102,33,0,1.0,0,sim
0-32-103,33,0,1.0,0,sim
0-32-104,33,0,1.0,0,sim
0-32-105,33,0,0.0,0,sim
0-32-106,33,0,1.0,0,sim
0-32-107,33,0,1.0,0,sim
0-32-108,33,0,0.0,0,sim
0-32-109,33,0,0.0,0,sim
0-32-110,33,0,1.0,0,sim
0-32-111,33,0,1.0,0,sim
0-32-112,33,0,1.0,0,sim
0-32-113,33,0,1.0,0,sim
0-32-114,33,0,1.0,0,sim
0-32-115,33,0,0.0,0,sim
0-32-116,33,0,,0,sim
0-32-117,33,0,0.0,0,sim
0-32-118,33,0,0.0,0,sim
0-32-119,33,0,1.0,0,sim
0-32-120,33,0,1.0,0,sim
0-32-121,33,0,1.0,0,sim
0-32-122,33,0,1.0,0,sim
0-32-123,33,0,1.0,0,sim
0-32-124,33,0,1.0,0,sim
0-32-125,33,0,,0,sim
0-32-126,33,0,1.0,0,sim
0-32-127,33,0,1.0,0,sim
0-32-128,33,0,0.0,0,sim
0-32-129,33,0,1.0,0,sim
0-32-130,33,0,1.0,0,sim
0-32-131,33,0,1.0,1,sim
0-32-132,33,0,1.0,0,sim
0-32-133,33,0,1.0,0,sim
0-32-134,33,0,1.0,0,sim
0-32-135,33,0,1.0,0,sim
0-32-136,33,0,0.0,0,sim
0-32-137,33,0,1.0,0,sim
0-32-138,33,0,1.0,0,sim
0-32-139,33,0,0.0,0,sim
0-32-140,33,0,1.0,0,sim
0-32-141,33,0,1.0,0,sim
0-32-142,33,0,0.0,0,sim
0-32-143,33,0,1.0,0,sim
0-32-144,33,0,1.0,0,sim
0-32-145,33,0,0.0,0,sim
0-32-146,33,0,0.0,0,sim
0-32-147,33,0,1.0,0,sim
0-32-148,33,0,1.0,0,sim
0-32-149,33,0,0.0,0,sim
0-32-150,33,0,1.0,0,sim
0-32-151,33,0,1.0,0,sim
0-32-152,33,0,1.0,0,sim
0-32-153,33,0,1.0,0,sim
0-32-154,33,0,0.0,0,sim
0-32-155,33,0,0.0,0,sim
0-32-156,33,0,1.0,1,sim
0-32-157,33,0,1.0,0,sim
0-32-158,33,0,0.0,1,sim
0-32-159,33,0,1.0,0,sim
0-32-160,33,0,0.0,0,sim
0-32-161,33,0,1.0,0,sim
0-32-162,33,0,1.0,0,sim
0-32-163,33,0,1.0,0,sim
0-32-164,33,0,1.0,0,sim
0-32-165,33,0,0.0,0,sim
0-32-166,33,0,0.0,0,sim
0-32-167,33,0,1.0,0,sim
0-32-168,33,0,1.0,0,sim
0-32-169,33,0,0.0,0,sim
0-32-170,33,0,0.0,0,sim
0-32-171,33,0,1.0,0,sim
0-32-172,33,0,1.0,0,sim
0-32-173,33,0,1.0,0,sim
0-32-174,33,0,1.0,0,sim
0-32-175,33,0,1.0,0,sim
0-32-176,33,0,1.0,0,sim
0-32-177,33,0,1.0,0,sim
0-32-178,33,0,1.0,0,sim
0-32-179,33,0,1.0,0,sim
0-32-180,33,0,1.0,0,sim
0-32-181,33,0,0.0,0,sim
0-32-182,33,0,0.0,0,sim
0-32-183,33,0,1.0,0,sim
0-32-184,33,0,0.0,0,sim
0-32-185,33,0,0.0,0,sim
0-32-186,33,0,0.0,0,sim
0-32-187,33,0,1.0,0,sim
0-32-188,33,0,1.0,0,sim
0-32-189,33,0,1.0,0,sim
0-32-190,33,0,1.0,0,sim
0-32-191,33,0,1.0,0,sim
0-32-192,33,0,1.0,0,sim
0-32-193,33,0,1.0,0,sim
0-32-194,33,0,1.0,0,sim
0-32-195,33,0,1.0,1,sim
0-32-196,33,0,1.0,0,sim
0-32-197,33,0,0.0,0,sim
0-32-198,33,0,1.0,0,sim
0-32-199,33,0,1.0,0,sim
0-32-200,33,0,1.0,0,sim
0-32-201,33,0,1.0,0,sim
0-32-202,33,0,1.0,0,sim
0-32-203,33,0,0.0,0,sim
0-32-204,33,0,1.0,0,sim
0-32-205,33,0,0.0,0,sim
0-32-206,33,0,0.0,0,sim
0-32-207,33,0,1.0,0,sim
0-32-208,33,0,1.0,0,sim
0-32-209,33,0,1.0,0,sim
0-32-210,33,0,0.0,0,sim
0-32-211,33,0,1.0,0,sim
0-32-212,33,0,0.0,0,sim
0-32-213,33,0,1.0,0,sim
0-32-214,33,0,1.0,0,sim
0-32-215,33,0,1.0,0,sim
0-32-216,33,0,1.0,0,sim
0-32-217,33,0,0.0,0,sim
0-32-218,33,0,1.0,0,sim
0-32-219,33,0,1.0,0,sim
0-32-220,33,0,1.0,0,sim
0-32-221,33,0,0.0,0,sim
0-32-222,33,0,0.0,0,sim
0-32-223,33,0,1.0,0,sim
0-32-224,33,0,1.0,0,sim
0-32-225,33,0,1.0,0,sim
0-32-226,33,0,0.0,0,sim
0-32-227,33,0,1.0,0,sim
0-32-228,33,0,0.0,0,sim
0-32-229,33,0,1.0,0,sim
0-32-230,33,0,1.0,0,sim
0-32-231,33,0,0.0,0,sim
0-32-232,33,0,1.0,0,sim
0-32-233,33,0,1.0,0,sim
0-32-234,33,0,0.0,0,sim
0-32-235,33,0,1.0,0,sim
0-32-236,33,0,1.0,0,sim
0-32-237,33,0,1.0,0,sim
0-32-238,33,0,1.0,0,sim
0-32-239,33,0,1.0,0,sim
0-33-0,34,0,1.0,0,sim
0-33-1,34,0,1.0,0,sim
0-33-2,34,0,1.0,0,sim
0-33-3,34,0,1.0,0,sim
0-33-4,34,0,0.0,0,sim
0-33-5,34,0,1.0,0,sim
0-33-6,34,0,1.0,0,sim
0-33-7,34,0,,0,sim
0-33-8,34,0,1.0,0,sim
0-33-9,34,0,,0,sim
0-33-10,34,0,,0,sim
0-33-11,34,0,1.0,0,sim
0-33-12,34,0,1.0,0,sim
0-33-13,34,0,1.0,0,sim
0-33-14,34,0,1.0,0,sim
0-33-15,34,0,1.0,0,sim
0-33-16,34,0,1.0,0,sim
0-33-17,34,0,0.0,0,sim
0-33-18,34,0,,0,sim
0-33-19,34,0,1.0,0,sim
0-33-20,34,0,1.0,0,sim
0-33-21,34,0,1.0,0,sim
0-33-22,34,0,0.0,0,sim
0-33-23,34,0,1.0,0,sim
0-33-24,34,0,1.0,0,sim
0-33-25,34,0,0.0,0,sim
0-33-26,34,0,1.0,0,sim
0-33-27,34,0,0.0,0,sim
0-33-28,34,0,1.0,0,sim
0-33-29,34,0,1.0,0,sim
0-33-30,34,0,1.0,0,sim
0-33-31,34,0,0.0,0,sim
0-33-32,34,0,0.0,0,sim
0-33-33,34,0,1.0,0,sim
0-33-34,34,0,0.0,0,sim
0-33-35,34,0,1.0,0,sim
0-33-36,34,0,0.0,0,sim
0-33-37,34,0,0.0,0,sim
0-33-38,34,0,1.0,0,sim
0-33-39,34,0,0.0,0,sim
0-33-40,34,0,0.0,0,sim
0-33-41,34,0,1.0,0,sim
0-33-42,34,0,0.0,0,sim
0-33-43,34,0,0.0,0,sim
0-33-44,34,0,1.0,0,sim
0-33-45,34,0,0.0,0,sim
0-33-46,34,0,1.0,0,sim
0-33-47,34,0,1.0,0,sim
0-33-48,34,0,1.0,0,sim
0-33-49,34,0,1.0,0,sim
0-33-50,34,0,0.0,0,sim
0-33-51,34,0,1.0,0,sim
0-33-52,34,0,1.0,0,sim
0-33-53,34,0,1.0,0,sim
0-33-54,34,0,0.0,0,sim
0-33-55,34,0,0.0,0,sim
0-33-56,34,0,1.0,1,sim
0-33-57,34,0,0.0,0,sim
0-33-58,34,0,0.0,0,sim
0-33-59,34,0,0.0,0,sim
0-33-60,34,0,0.0,0,sim
0-33-61,34,0,1.0,0,sim
0-33-62,34,0,1.0,0,sim
0-33-63,34,0,0.0,0,sim
0-33-64,34,0,0.0,0,sim
0-33-65,34,0,0.0,0,sim
0-33-66,34,0,1.0,0,sim
0-33-67,34,0,0.0,0,sim
0-33-68,34,0,1.0,0,sim
0-33-69,34,0,0.0,0,sim
0-33-70,34,0,0.0,0,sim
0-33-71,34,0,1.0,0,sim
0-33-72,34,0,0.0,0,sim
0-33-73,34,0,1.0,0,sim
0-33-74,34,0,0.0,0,sim
0-33-75,34,0,1.0,0,sim
0-33-76,34,0,1.0,0,sim
0-33-77,34,0,0.0,0,sim
0-33-78,34,0,1.0,0,sim
0-33-79,34,0,1.0,0,sim
0-33-80,34,0,0.0,0,sim
0-33-81,34,0,1.0,0,sim
0-33-82,34,0,0.0,0,sim
0-33-83,34,0,0.0,0,sim
0-33-84,34,0,0.0,0,sim
0-33-85,34,0,1.0,0,sim
0-33-86,34,0,1.0,0,sim
0-33-87,34,0,1.0,0,sim
0-33-88,34,0,1.0,0,sim
0-33-89,34,0,1.0,0,sim
0-33-90,34,0,0.0,0,sim
0-33-91,34,0,1.0,0,sim
0-33-92,34,0,0.0,0,sim
0-33-93,34,0,0.0,0,sim
0-33-94,34,0,1.0,0,sim
0-33-95,34,0,0.0,0,sim
0-33-96,34,0,1.0,0,sim
0-33-97,34,0,1.0,0,sim
0-33-98,34,0,0.0,0,sim
0-33-99,34,0,0.0,0,sim
0-33-100,34,0,0.0,0,sim
0-33-101,34,0,0.0,0,sim
0-33-102,34,0,1.0,0,sim
0-33-103,34,0,0.0,0,sim
0-33-104,34,0,1.0,0,sim
0-33-105,34,0,0.0,0,sim
0-33-106,34,0,0.0,0,sim
0-33-107,34,0,1.0,0,sim
0-33-108,34,0,1.0,0,sim
0-33-109,34,0,1.0,0,sim
0-33-110,34,0,1.0,0,sim
0-33-111,34,0,0.0,0,sim
0-33-112,34,0,1.0,0,sim
0-33-113,34,0,0.0,0,sim
0-33-114,34,0,1.0,0,sim
0-33-115,34,0,1.0,0,sim
0-33-116,34,0,1.0,0,sim
0-33-117,34,0,1.0,0,sim
0-33-118,34,0,1.0,0,sim
0-33-119,34,0,1.0,0,sim
0-33-120,34,0,1.0,0,sim
0-33-121,34,0,1.0,0,sim
0-33-122,34,0,0.0,1,sim
0-33-123,34,0,1.0,0,sim
0-33-124,34,0,1.0,0,sim
0-33-125,34,0,0.0,0,sim
0-33-126,34,0,1.0,0,sim
0-33-127,34,0,0.0,0,sim
0-33-128,34,0,0.0,0,sim
0-33-129,34,0,1.0,0,sim
0-33-130,34,0,1.0,0,sim
0-33-131,34,0,0.0,0,sim
0-33-132,34,0,0.0,0,sim
0-33-133,34,0,0.0,0,sim
0-33-134,34,0,0.0,0,sim
0-33-135,34,0,0.0,0,sim
0-33-136,34,0,0.0,0,sim
0-33-137,34,0,0.0,0,sim
0-33-138,34,0,0.0,0,sim
0-33-139,34,0,1.0,0,sim
0-33-140,34,0,1.0,0,sim
0-33-141,34,0,1.0,1,sim
0-33-142,34,0,1.0,0,sim
0-33-143,34,0,1.0,0,sim
0-33-144,34,0,0.0,0,sim
0-33-145,34,0,0.0,0,sim
0-33-146,34,0,0.0,0,sim
0-33-147,34,0,0.0,0,sim
0-33-148,34,0,0.0,0,sim
0-33-149,34,0,1.0,0,sim
0-33-150,34,0,0.0,0,sim
0-33-151,34,0,0.0,0,sim
0-33-152,34,0,1.0,0,sim
0-33-153,34,0,1.0,0,sim
0-33-154,34,0,,0,sim
0-33-155,34,0,0.0,0,sim
0-33-156,34,0,,0,sim
0-33-157,34,0,1.0,0,sim
0-33-158,34,0,0.0,0,sim
0-33-159,34,0,1.0,0,sim
0-33-160,34,0,1.0,0,sim
0-33-161,34,0,1.0,0,sim
0-33-162,34,0,1.0,0,sim
0-33-163,34,0,1.0,0,sim
0-33-164,34,0,0.0,0,sim
0-33-165,34,0,0.0,0,sim
0-33-166,34,0,1.0,0,sim
0-33-167,34,0,0.0,0,sim
0-33-168,34,0,1.0,0,sim
0-33-169,34,0,0.0,0,sim
0-33-170,34,0,0.0,0,sim
0-33-171,34,0,1.0,0,sim
0-33-172,34,0,1.0,0,sim
0-33-173,34,0,0.0,0,sim
0-33-174,34,0,0.0,0,sim
0-33-175,34,0,1.0,0,sim
0-33-176,34,0,0.0,0,sim
0-33-177,34,0,0.0,0,sim
0-33-178,34,0,1.0,0,sim
0-33-179,34,0,0.0,0,sim
0-33-180,34,0,1.0,0,sim
0-33-181,34,0,0.0,0,sim
0-33-182,34,0,0.0,0,sim
0-33-183,34,0,0.0,0,sim
0-33-184,34,0,0.0,0,sim
0-33-185,34,0,0.0,0,sim
0-33-186,34,0,1.0,0,sim
0-33-187,34,0,1.0,0,sim
0-33-188,34,0,1.0,0,sim
0-33-189,34,0,1.0,0,sim
0-33-190,34,0,1.0,0,sim
0-33-191,34,0,0.0,0,sim
0-33-192,34,0,0.0,0,sim
0-33-193,34,0,1.0,0,sim
0-33-194,34,0,0.0,0,sim
0-33-195,34,0,1.0,0,sim
0-33-196,34,0,0.0,0,sim
0-33-197,34,0,0.0,0,sim
0-33-198,34,0,0.0,0,sim
0-33-199,34,0,1.0,0,sim
0-33-200,34,0,0.0,0,sim
0-33-201,34,0,0.0,0,sim
0-33-202,34,0,0.0,0,sim
0-33-203,34,0,1.0,0,sim
0-33-204,34,0,1.0,0,sim
0-33-205,34,0,1.0,0,sim
0-33-206,34,0,1.0,0,sim
0-33-207,34,0,0.0,0,sim
0-33-208,34,0,0.0,0,sim
0-33-209,34,0,1.0,0,sim
0-33-210,34,0,1.0,0,sim
0-33-211,34,0,1.0,0,sim
0-33-212,34,0,0.0,0,sim
0-33-213,34,0,0.0,0,sim
0-33-214,34,0,1.0,0,sim
0-33-215,34,0,0.0,0,sim
0-33-216,34,0,0.0,0,sim
0-33-217,34,0,1.0,0,sim
0-33-218,34,0,0.0,0,sim
0-33-219,34,0,0.0,0,sim
0-33-220,34,0,0.0,0,sim
0-33-221,34,0,0.0,0,sim
0-33-222,34,0,1.0,0,sim
0-33-223,34,0,0.0,0,sim
0-33-224,34,0,1.0,0,sim
0-33-225,34,0,1.0,0,sim
0-33-226,34,0,1.0,0,sim
0-33-227,34,0,0.0,0,sim
0-33-228,34,0,0.0,0,sim
0-33-229,34,0,0.0,0,sim
0-33-230,34,0,1.0,0,sim
0-33-231,34,0,0.0,0,sim
0-33-232,34,0,1.0,0,sim
0-33-233,34,0,0.0,0,sim
0-33-234,34,0,0.0,0,sim
0-33-235,34,0,0.0,0,sim
0-33-236,34,0,0.0,0,sim
0-33-237,34,0,0.0,0,sim
0-33-238,34,0,1.0,0,sim
0-33-239,34,0,1.0,0,sim
0-34-0,35,0,1.0,0,sim
0-34-1,35,0,1.0,0,sim
0-34-2,35,0,0.0,0,sim
0-34-3,35,0,0.0,0,sim
0-34-4,35,0,1.0,0,sim
0-34-5,35,0,0.0,0,sim
0-34-6,35,0,0.0,0,sim
0-34-7,35,0,1.0,0,sim
0-34-8,35,0,0.0,0,sim
0-34-9,35,0,0.0,0,sim
0-34-10,35,0,0.0,0,sim
0-34-11,35,0,0.0,0,sim
0-34-12,35,0,1.0,0,sim
0-34-13,35,0,,0,sim
0-34-14,35,0,1.0,0,sim
0-34-15,35,0,0.0,0,sim
0-34-16,35,0,1.0,0,sim
0-34-17,35,0,0.0,0,sim
0-34-18,35,0,0.0,0,sim
0-34-19,35,0,1.0,1,sim
0-34-20,35,0,1.0,0,sim
0-34-21,35,0,1.0,0,sim
0-34-22,35,0,0.0,0,sim
0-34-23,35,0,1.0,0,sim
0-34-24,35,0,0.0,0,sim
0-34-25,35,0,0.0,0,sim
0-34-26,35,0,0.0,0,sim
0-34-27,35,0,1.0,0,sim
0-34-28,35,0,0.0,0,sim
0-34-29,35,0,1.0,0,sim
0-34-30,35,0,1.0,0,sim
0-34-31,35,0,0.0,0,sim
0-34-32,35,0,1.0,0,sim
0-34-33,35,0,1.0,0,sim
0-34-34,35,0,1.0,0,sim
0-34-35,35,0,1.0,0,sim
0-34-36,35,0,0.0,0,sim
0-34-37,35,0,1.0,0,sim
0-34-38,35,0,1.0,0,sim
0-34-39,35,0,0.0,0,sim
0-34-40,35,0,1.0,0,sim
0-34-41,35,0,0.0,0,sim
0-34-42,35,0,0.0,0,sim
0-34-43,35,0,0.0,0,sim
0-34-44,35,0,1.0,0,sim
0-34-45,35,0,1.0,0,sim
0-34-46,35,0,0.0,0,sim
0-34-47,35,0,0.0,0,sim
0-34-48,35,0,0.0,0,sim
0-34-49,35,0,1.0,0,sim
0-34-50,35,0,1.0,0,sim
0-34-51,35,0,1.0,0,sim
0-34-52,35,0,1.0,0,sim
0-34-53,35,0,0.0,0,sim
0-34-54,35,0,0.0,0,sim
0-34-55,35,0,1.0,0,sim
0-34-56,35,0,0.0,0,sim
0-34-57,35,0,1.0,0,sim
0-34-58,35,0,1.0,0,sim
0-34-59,35,0,1.0,0,sim
0-34-60,35,0,1.0,0,sim
0-34-61,35,0,1.0,0,sim
0-34-62,35,0,1.0,0,sim
0-34-63,35,0,1.0,0,sim
0-34-64,35,0,1.0,0,sim
0-34-65,35,0,0.0,0,sim
0-34-66,35,0,0.0,0,sim
0-34-67,35,0,0.0,0,sim
0-34-68,35,0,1.0,0,sim
0-34-69,35,0,0.0,0,sim
0-34-70,35,0,1.0,0,sim
0-34-71,35,0,1.0,0,sim
0-34-72,35,0,1.0,0,sim
0-34-73,35,0,1.0,0,sim
0-34-74,35,0,1.0,0,sim
0-34-75,35,0,0.0,0,sim
0-34-76,35,0,1.0,0,sim
0-34-77,35,0,0.0,0,sim
0-34-78,35,0,1.0,0,sim
0-34-79,35,0,1.0,0,sim
0-34-80,35,0,1.0,0,sim
0-34-81,35,0,1.0,1,sim
0-34-82,35,0,1.0,0,sim
0-34-83,35,0,1.0,0,sim
0-34-84,35,0,0.0,0,sim
0-34-85,35,0,1.0,0,sim
0-34-86,35,0,1.0,0,sim
0-34-87,35,0,1.0,0,sim
0-34-88,35,0,0.0,0,sim
0-34-89,35,0,1.0,0,sim
0-34-90,35,0,0.0,0,sim
0-34-91,35,0,1.0,0,sim
0-34-92,35,0,0.0,0,sim
0-34-93,35,0,1.0,0,sim
0-34-94,35,0,1.0,0,sim
0-34-95,35,0,1.0,0,sim
0-34-96,35,0,1.0,0,sim
0-34-97,35,0,1.0,0,sim
0-34-98,35,0,1.0,0,sim
0-34-99,35,0,1.0,0,sim
0-34-100,35,0,1.0,0,sim
0-34-101,35,0,1.0,0,sim
0-34-102,35,0,0.0,0,sim
0-34-103,35,0,0.0,0,sim
0-34-104,35,0,0.0,0,sim
0-34-105,35,0,0.0,0,sim
0-34-106,35,0,1.0,0,sim
0-34-107,35,0,0.0,0,sim
0-34-108,35,0,1.0,0,sim
0-34-109,35,0,0.0,0,sim
0-34-110,35,0,0.0,0,sim
0-34-111,35,0,1.0,0,sim
0-34-112,35,0,0.0,0,sim
0-34-113,35,0,0.0,0,sim
0-34-114,35,0,1.0,0,sim
0-34-115,35,0,1.0,0,sim
0-34-116,35,0,1.0,0,sim
0-34-117,35,0,1.0,0,sim
0-34-118,35,0,0.0,0,sim
0-34-119,35,0,,0,sim
0-34-120,35,0,0.0,0,sim
0-34-121,35,0,1.0,0,sim
0-34-122,35,0,0.0,0,sim
0-34-123,35,0,0.0,0,sim
0-34-124,35,0,1.0,0,sim
0-34-125,35,0,1.0,0,sim
0-34-126,35,0,0.0,0,sim
0-34-127,35,0,1.0,0,sim
0-34-128,35,0,0.0,0,sim
0-34-129,35,0,0.0,0,sim
0-34-130,35,0,1.0,0,sim
0-34-131,35,0,0.0,0,sim
0-34-132,35,0,0.0,0,sim
0-34-133,35,0,1.0,0,sim
0-34-134,35,0,,0,sim
0-34-135,35,0,1.0,0,sim
0-34-136,35,0,0.0,0,sim
0-34-137,35,0,1.0,0,sim
0-34-138,35,0,1.0,0,sim
0-34-139,35,0,1.0,1,sim
0-34-140,35,0,1.0,0,sim
0-34-141,35,0,1.0,0,sim
0-34-142,35,0,1.0,0,sim
0-34-143,35,0,0.0,1,sim
0-34-144,35,0,0.0,0,sim
0-34-145,35,0,1.0,0,sim
0-34-146,35,0,1.0,0,sim
0-34-147,35,0,1.0,0,sim
0-34-148,35,0,1.0,0,sim
0-34-149,35,0,1.0,0,sim
0-34-150,35,0,0.0,1,sim
0-34-151,35,0,0.0,0,sim
0-34-152,35,0,1.0,0,sim
0-34-153,35,0,1.0,0,sim
0-34-154,35,0,0.0,0,sim
0-34-155,35,0,1.0,0,sim
0-34-156,35,0,1.0,0,sim
0-34-157,35,0,1.0,0,sim
0-34-158,35,0,0.0,0,sim
0-34-159,35,0,0.0,0,sim
0-34-160,35,0,1.0,0,sim
0-34-161,35,0,1.0,0,sim
0-34-162,35,0,0.0,1,sim
0-34-163,35,0,0.0,0,sim
0-34-164,35,0,0.0,0,sim
0-34-165,35,0,1.0,0,sim
0-34-166,35,0,1.0,0,sim
0-34-167,35,0,1.0,0,sim
0-34-168,35,0,0.0,0,sim
0-34-169,35,0,0.0,0,sim
0-34-170,35,0,0.0,0,sim
0-34-171,35,0,1.0,0,sim
0-34-172,35,0,0.0,0,sim
0-34-173,35,0,0.0,0,sim
0-34-174,35,0,0.0,0,sim
0-34-175,35,0,0.0,0,sim
0-34-176,35,0,1.0,0,sim
0-34-177,35,0,0.0,0,sim
0-34-178,35,0,1.0,0,sim
0-34-179,35,0,0.0,0,sim
0-34-180,35,0,0.0,0,sim
0-34-181,35,0,1.0,0,sim
0-34-182,35,0,1.0,0,sim
0-34-183,35,0,1.0,0,sim
0-34-184,35,0,1.0,0,sim
0-34-185,35,0,1.0,0,sim
0-34-186,35,0,1.0,0,sim
0-34-187,35,0,0.0,0,sim
0-34-188,35,0,1.0,0,sim
0-34-189,35,0,1.0,0,sim
0-34-190,35,0,1.0,0,sim
0-34-191,35,0,1.0,0,sim
0-34-192,35,0,1.0,0,sim
0-34-193,35,0,0.0,0,sim
0-34-194,35,0,1.0,0,sim
0-34-195,35,0,1.0,0,sim
0-34-196,35,0,1.0,0,sim
0-34-197,35,0,1.0,0,sim
0-34-198,35,0,1.0,0,sim
0-34-199,35,0,1.0,0,sim
0-34-200,35,0,0.0,0,sim
0-34-201,35,0,0.0,0,sim
0-34-202,35,0,1.0,0,sim
0-34-203,35,0,1.0,0,sim
0-34-204,35,0,1.0,0,sim
0-34-205,35,0,1.0,1,sim
0-34-206,35,0,0.0,0,sim
0-34-207,35,0,0.0,1,sim
0-34-208,35,0,1.0,0,sim
0-34-209,35,0,0.0,0,sim
0-34-210,35,0,1.0,0,sim
0-34-211,35,0,1.0,0,sim
0-34-212,35,0,1.0,0,sim
0-34-213,35,0,1.0,0,sim
0-34-214,35,0,1.0,0,sim
0-34-215,35,0,0.0,0,sim
0-34-216,35,0,1.0,1,sim
0-34-217,35,0,1.0,0,sim
0-34-218,35,0,0.0,0,sim
0-34-219,35,0,0.0,0,sim
0-34-220,35,0,1.0,0,sim
0-34-221,35,0,0.0,0,sim
0-34-222,35,0,1.0,0,sim
0-34-223,35,0,0.0,1,sim
0-34-224,35,0,1.0,0,sim
0-34-225,35,0,0.0,0,sim
0-34-226,35,0,1.0,0,sim
0-34-227,35,0,1.0,0,sim
0-34-228,35,0,1.0,0,sim
0-34-229,35,0,1.0,0,sim
0-34-230,35,0,1.0,0,sim
0-34-231,35,0,1.0,0,sim
0-34-232,35,0,1.0,0,sim
0-34-233,35,0,1.0,0,sim
0-34-234,35,0,1.0,0,sim
0-34-235,35,0,1.0,0,sim
0-34-236,35,0,1.0,0,sim
0-34-237,35,0,1.0,0,sim
0-34-238,35,0,0.0,0,sim
0-34-239,35,0,1.0,0,sim
0-35-0,36,0,1.0,0,sim
0-35-1,36,0,0.0,0,sim
0-35-2,36,0,1.0,0,sim
0-35-3,36,0,1.0,0,sim
0-35-4,36,0,1.0,0,sim
0-35-5,36,0,1.0,0,sim
0-35-6,36,0,0.0,0,sim
0-35-7,36,0,1.0,0,sim
0-35-8,36,0,1.0,0,sim
0-35-9,36,0,0.0,0,sim
0-35-10,36,0,0.0,0,sim
0-35-11,36,0,1.0,0,sim
0-35-12,36,0,0.0,0,sim
0-35-13,36,0,1.0,0,sim
0-35-14,36,0,1.0,0,sim
0-35-15,36,0,1.0,0,sim
0-35-16,36,0,1.0,0,sim
0-35-17,36,0,0.0,0,sim
0-35-18,36,0,0.0,0,sim
0-35-19,36,0,1.0,0,sim
0-35-20,36,0,1.0,0,sim
0-35-21,36,0,0.0,0,sim
0-35-22,36,0,0.0,0,sim
0-35-23,36,0,1.0,0,sim
0-35-24,36,0,1.0,0,sim
0-35-25,36,0,1.0,0,sim
0-35-26,36,0,1.0,0,sim
0-35-27,36,0,0.0,0,sim
0-35-28,36,0,1.0,0,sim
0-35-29,36,0,0.0,0,sim
0-35-30,36,0,1.0,0,sim
0-35-31,36,0,1.0,0,sim
0-35-32,36,0,0.0,0,sim
0-35-33,36,0,0.0,0,sim
0-35-34,36,0,1.0,0,sim
0-35-35,36,0,1.0,1,sim
0-35-36,36,0,0.0,0,sim
0-35-37,36,0,1.0,0,sim
0-35-38,36,0,0.0,0,sim
0-35-39,36,0,1.0,0,sim
0-35-40,36,0,0.0,0,sim
0-35-41,36,0,1.0,0,sim
0-35-42,36,0,1.0,0,sim
0-35-43,36,0,1.0,0,sim
0-35-44,36,0,0.0,0,sim
0-35-45,36,0,1.0,0,sim
0-35-46,36,0,,0,sim
0-35-47,36,0,0.0,0,sim
0-35-48,36,0,0.0,0,sim
0-35-49,36,0,1.0,0,sim
0-35-50,36,0,1.0,0,sim
0-35-51,36,0,0.0,0,sim
0-35-52,36,0,1.0,0,sim
0-35-53,36,0,0.0,0,sim
0-35-54,36,0,1.0,0,sim
0-35-55,36,0,0.0,0,sim
0-35-56,36,0,0.0,0,sim
0-35-57,36,0,1.0,0,sim
0-35-58,36,0,1.0,0,sim
0-35-59,36,0,1.0,0,sim
0-35-60,36,0,0.0,0,sim
0-35-61,36,0,0.0,0,sim
0-35-62,36,0,1.0,0,sim
0-35-63,36,0,1.0,0,sim
0-35-64,36,0,1.0,0,sim
0-35-65,36,0,1.0,0,sim
0-35-66,36,0,1.0,0,sim
0-35-67,36,0,0.0,0,sim
0-35-68,36,0,1.0,0,sim
0-35-69,36,0,1.0,0,sim
0-35-70,36,0,1.0,0,sim
0-35-71,36,0,0.0,0,sim
0-35-72,36,0,0.0,0,sim
0-35-73,36,0,0.0,0,sim
0-35-74,36,0,0.0,0,sim
0-35-75,36,0,1.0,0,sim
0-35-76,36,0,1.0,0,sim
0-35-77,36,0,0.0,0,sim
0-35-78,36,0,1.0,0,sim
0-35-79,36,0,1.0,0,sim
0-35-80,36,0,0.0,0,sim
0-35-81,36,0,1.0,0,sim
0-35-82,36,0,1.0,0,sim
0-35-83,36,0,1.0,0,sim
0-35-84,36,0,1.0,0,sim
0-35-85,36,0,0.0,0,sim
0-35-86,36,0,0.0,0,sim
0-35-87,36,0,1.0,0,sim
0-35-88,36,0,0.0,0,sim
0-35-89,36,0,1.0,0,sim
0-35-90,36,0,0.0,0,sim
0-35-91,36,0,0.0,0,sim
0-35-92,36,0,1.0,0,sim
0-35-93,36,0,0.0,0,sim
0-35-94,36,0,0.0,0,sim
0-35-95,36,0,0.0,0,sim
0-35-96,36,0,0.0,0,sim
0-35-97,36,0,,0,sim
0-35-98,36,0,0.0,0,sim
0-35-99,36,0,0.0,0,sim
0-35-100,36,0,1.0,0,sim
0-35-101,36,0,0.0,0,sim
0-35-102,36,0,0.0,0,sim
0-35-103,36,0,1.0,0,sim
0-35-104,36,0,1.0,0,sim
0-35-105,36,0,0.0,0,sim
0-35-106,36,0,0.0,0,sim
0-35-107,36,0,1.0,0,sim
0-35-108,36,0,1.0,0,sim
0-35-109,36,0,1.0,0,sim
0-35-110,36,0,1.0,0,sim
0-35-111,36,0,0.0,0,sim
0-35-112,36,0,0.0,0,sim
0-35-113,36,0,0.0,0,sim
0-35-114,36,0,0.0,0,sim
0-35-115,36,0,0.0,0,sim
0-35-116,36,0,1.0,0,sim
0-35-117,36,0,0.0,0,sim
0-35-118,36,0,0.0,0,sim
0-35-119,36,0,1.0,0,sim
0-35-120,36,0,0.0,0,sim
0-35-121,36,0,1.0,0,sim
0-35-122,36,0,0.0,0,sim
0-35-123,36,0,0.0,0,sim
0-35-124,36,0,0.0,0,sim
0-35-125,36,0,1.0,0,sim
0-35-126,36,0,0.0,0,sim
0-35-127,36,0,1.0,0,sim
0-35-128,36,0,1.0,0,sim
0-35-129,36,0,1.0,0,sim
0-35-130,36,0,1.0,0,sim
0-35-131,36,0,1.0,0,sim
0-35-132,36,0,0.0,0,sim
0-35-133,36,0,0.0,0,sim
0-35-134,36,0,0.0,0,sim
0-35-135,36,0,1.0,0,sim
0-35-136,36,0,0.0,0,sim
0-35-137,36,0,1.0,0,sim
0-35-138,36,0,0.0,0,sim
0-35-139,36,0,0.0,0,sim
0-35-140,36,0,0.0,0,sim
0-35-141,36,0,1.0,0,sim
0-35-142,36,0,1.0,0,sim
0-35-143,36,0,1.0,0,sim
0-35-144,36,0,0.0,0,sim
0-35-145,36,0,0.0,0,sim
0-35-146,36,0,1.0,0,sim
0-35-147,36,0,1.0,0,sim
0-35-148,36,0,0.0,0,sim
0-35-149,36,0,0.0,0,sim
0-35-150,36,0,0.0,1,sim
0-35-151,36,0,0.0,0,sim
0-35-152,36,0,0.0,0,sim
0-35-153,36,0,0.0,0,sim
0-35-154,36,0,1.0,0,sim
0-35-155,36,0,0.0,0,sim
0-35-156,36,0,1.0,0,sim
0-35-157,36,0,0.0,0,sim
0-35-158,36,0,,0,sim
0-35-159,36,0,1.0,0,sim
0-35-160,36,0,1.0,0,sim
0-35-161,36,0,1.0,0,sim
0-35-162,36,0,1.0,0,sim
0-35-163,36,0,0.0,0,sim
0-35-164,36,0,1.0,0,sim
0-35-165,36,0,0.0,0,sim
0-35-166,36,0,0.0,0,sim
0-35-167,36,0,0.0,0,sim
0-35-168,36,0,0.0,1,sim
0-35-169,36,0,1.0,0,sim
0-35-170,36,0,0.0,0,sim
0-35-171,36,0,0.0,1,sim
0-35-172,36,0,0.0,0,sim
0-35-173,36,0,,0,sim
0-35-174,36,0,0.0,0,sim
0-35-175,36,0,1.0,0,sim
0-35-176,36,0,1.0,0,sim
0-35-177,36,0,1.0,0,sim
0-35-178,36,0,0.0,0,sim
0-35-179,36,0,0.0,0,sim
0-35-180,36,0,1.0,0,sim
0-35-181,36,0,1.0,0,sim
0-35-182,36,0,0.0,0,sim
0-35-183,36,0,1.0,0,sim
0-35-184,36,0,0.0,0,sim
0-35-185,36,0,1.0,0,sim
0-35-186,36,0,1.0,0,sim
0-35-187,36,0,1.0,0,sim
0-35-188,36,0,0.0,0,sim
0-35-189,36,0,1.0,0,sim
0-35-190,36,0,0.0,0,sim
0-35-191,36,0,1.0,0,sim
0-35-192,36,0,1.0,1,sim
0-35-193,36,0,0.0,0,sim
0-35-194,36,0,1.0,0,sim
0-35-195,36,0,1.0,0,sim
0-35-196,36,0,1.0,0,sim
0-35-197,36,0,1.0,0,sim
0-35-198,36,0,1.0,0,sim
0-35-199,36,0,0.0,0,sim
0-35-200,36,0,0.0,0,sim
0-35-201,36,0,1.0,0,sim
0-35-202,36,0,1.0,0,sim
0-35-203,36,0,0.0,0,sim
0-35-204,36,0,0.0,0,sim
0-35-205,36,0,0.0,0,sim
0-35-206,36,0,1.0,0,sim
0-35-207,36,0,0.0,0,sim
0-35-208,36,0,1.0,0,sim
0-35-209,36,0,1.0,0,sim
0-35-210,36,0,1.0,0,sim
0-35-211,36,0,1.0,0,sim
0-35-212,36,0,0.0,0,sim
0-35-213,36,0,0.0,0,sim
0-35-214,36,0,1.0,0,sim
0-35-215,36,0,0.0,0,sim
0-35-216,36,0,0.0,0,sim
0-35-217,36,0,0.0,0,sim
0-35-218,36,0,0.0,0,sim
0-35-219,36,0,1.0,0,sim
0-35-220,36,0,1.0,0,sim
0-35-221,36,0,1.0,0,sim
0-35-222,36,0,1.0,0,sim
0-35-223,36,0,1.0,0,sim
0-35-224,36,0,0.0,0,sim
0-35-225,36,0,1.0,0,sim
0-35-226,36,0,1.0,0,sim
0-35-227,36,0,1.0,0,sim
0-35-228,36,0,1.0,0,sim
0-35-229,36,0,1.0,0,sim
0-35-230,36,0,1.0,0,sim
0-35-231,36,0,1.0,0,sim
0-35-232,36,0,1.0,0,sim
0-35-233,36,0,1.0,0,sim
0-35-234,36,0,1.0,0,sim
0-35-235,36,0,0.0,0,sim
0-35-236,36,0,1.0,0,sim
0-35-237,36,0,1.0,0,sim
0-35-238,36,0,1.0,0,sim
0-35-239,36,0,1.0,0,sim
0-36-0,37,0,0.0,0,sim
0-36-1,37,0,0.0,0,sim
0-36-2,37,0,0.0,0,sim
0-36-3,37,0,1.0,0,sim
0-36-4,37,0,1.0,0,sim
0-36-5,37,0,0.0,0,sim
0-36-6,37,0,1.0,0,sim
0-36-7,37,0,1.0,0,sim
0-36-8,37,0,0.0,0,sim
0-36-9,37,0,1.0,0,sim
0-36-10,37,0,0.0,0,sim
0-36-11,37,0,0.0,0,sim
0-36-12,37,0,0.0,0,sim
0-36-13,37,0,0.0,1,sim
0-36-14,37,0,1.0,0,sim
0-36-15,37,0,1.0,0,sim
0-36-16,37,0,0.0,0,sim
0-36-17,37,0,1.0,0,sim
0-36-18,37,0,1.0,0,sim
0-36-19,37,0,0.0,0,sim
0-36-20,37,0,0.0,0,sim
0-36-21,37,0,0.0,0,sim
0-36-22,37,0,1.0,0,sim
0-36-23,37,0,1.0,0,sim
0-36-24,37,0,0.0,0,sim
0-36-25,37,0,0.0,0,sim
0-36-26,37,0,1.0,0,sim
0-36-27,37,0,,0,sim
0-36-28,37,0,0.0,0,sim
0-36-29,37,0,0.0,0,sim
0-36-30,37,0,0.0,0,sim
0-36-31,37,0,1.0,0,sim
0-36-32,37,0,1.0,0,sim
0-36-33,37,0,0.0,0,sim
0-36-34,37,0,0.0,0,sim
0-36-35,37,0,1.0,1,sim
0-36-36,37,0,0.0,0,sim
0-36-37,37,0,1.0,0,sim
0-36-38,37,0,1.0,0,sim
0-36-39,37,0,1.0,0,sim
0-36-40,37,0,0.0,0,sim
0-36-41,37,0,0.0,0,sim
0-36-42,37,0,0.0,0,sim
0-36-43,37,0,1.0,0,sim
0-36-44,37,0,0.0,0,sim
0-36-45,37,0,1.0,0,sim
0-36-46,37,0,1.0,0,sim
0-36-47,37,0,0.0,0,sim
0-36-48,37,0,0.0,0,sim
0-36-49,37,0,1.0,0,sim
0-36-50,37,0,0.0,0,sim
0-36-51,37,0,1.0,0,sim
0-36-52,37,0,0.0,0,sim
0-36-53,37,0,,0,sim
0-36-54,37,0,1.0,0,sim
0-36-55,37,0,1.0,0,sim
0-36-56,37,0,0.0,0,sim
0-36-57,37,0,0.0,0,sim
0-36-58,37,0,0.0,0,sim
0-36-59,37,0,1.0,0,sim
0-36-60,37,0,0.0,0,sim
0-36-61,37,0,1.0,0,sim
0-36-62,37,0,1.0,0,sim
0-36-63,37,0,0.0,0,sim
0-36-64,37,0,0.0,0,sim
0-36-65,37,0,1.0,0,sim
0-36-66,37,0,0.0,0,sim
0-36-67,37,0,1.0,0,sim
0-36-68,37,0,0.0,0,sim
0-36-69,37,0,0.0,0,sim
0-36-70,37,0,0.0,0,sim
0-36-71,37,0,1.0,0,sim
0-36-72,37,0,1.0,0,sim
0-36-73,37,0,0.0,0,sim
0-36-74,37,0,1.0,0,sim
0-36-75,37,0,1.0,0,sim
0-36-76,37,0,1.0,0,sim
0-36-77,37,0,1.0,0,sim
0-36-78,37,0,0.0,0,sim
0-36-79,37,0,0.0,0,sim
0-36-80,37,0,0.0,0,sim
0-36-81,37,0,0.0,0,sim
0-36-82,37,0,1.0,0,sim
0-36-83,37,0,1.0,0,sim
0-36-84,37,0,0.0,0,sim
0-36-85,37,0,0.0,0,sim
0-36-86,37,0,1.0,0,sim
0-36-87,37,0,1.0,0,sim
0-36-88,37,0,0.0,0,sim
0-36-89,37,0,0.0,0,sim
0-36-90,37,0,1.0,0,sim
0-36-91,37,0,1.0,0,sim
0-36-92,37,0,1.0,0,sim
0-36-93,37,0,1.0,0,sim
0-36-94,37,0,0.0,0,sim
0-36-95,37,0,0.0,0,sim
0-36-96,37,0,1.0,0,sim
0-36-97,37,0,1.0,0,sim
0-36-98,37,0,0.0,0,sim
0-36-99,37,0,0.0,0,sim
0-36-100,37,0,0.0,0,sim
0-36-101,37,0,1.0,0,sim
0-36-102,37,0,1.0,0,sim
0-36-103,37,0,1.0,0,sim
0-36-104,37,0,0.0,0,sim
0-36-105,37,0,0.0,0,sim
0-36-106,37,0,0.0,0,sim
0-36-107,37,0,1.0,0,sim
0-36-108,37,0,0.0,0,sim
0-36-109,37,0,1.0,0,sim
0-36-110,37,0,1.0,0,sim
0-36-111,37,0,0.0,0,sim
0-36-112,37,0,0.0,0,sim
0-36-113,37,0,0.0,0,sim
0-36-114,37,0,1.0,0,sim
0-36-115,37,0,0.0,0,sim
0-36-116,37,0,1.0,0,sim
0-36-117,37,0,0.0,0,sim
0-36-118,37,0,1.0,0,sim
0-36-119,37,0,1.0,0,sim
0-36-120,37,0,1.0,0,sim
0-36-121,37,0,1.0,0,sim
0-36-122,37,0,0.0,0,sim
0-36-123,37,0,0.0,0,sim
0-36-124,37,0,1.0,0,sim
0-36-125,37,0,1.0,1,sim
0-36-126,37,0,0.0,0,sim
0-36-127,37,0,1.0,0,sim
0-36-128,37,0,0.0,0,sim
0-36-129,37,0,1.0,0,sim
0-36-130,37,0,1.0,0,sim
0-36-131,37,0,1.0,0,sim
0-36-132,37,0,0.0,0,sim
0-36-133,37,0,1.0,0,sim
0-36-134,37,0,1.0,0,sim
0-36-135,37,0,0.0,0,sim
0-36-136,37,0,1.0,0,sim
0-36-137,37,0,1.0,0,sim
0-36-138,37,0,1.0,0,sim
0-36-139,37,0,1.0,0,sim
0-36-140,37,0,1.0,0,sim
0-36-141,37,0,0.0,0,sim
0-36-142,37,0,1.0,0,sim
0-36-143,37,0,0.0,0,sim
0-36-144,37,0,0.0,0,sim
0-36-145,37,0,0.0,0,sim
0-36-146,37,0,1.0,0,sim
0-36-147,37,0,1.0,0,sim
0-36-148,37,0,1.0,1,sim
0-36-149,37,0,1.0,0,sim
0-36-150,37,0,1.0,0,sim
0-36-151,37,0,1.0,0,sim
0-36-152,37,0,0.0,0,sim
0-36-153,37,0,1.0,0,sim
0-36-154,37,0,1.0,0,sim
0-36-155,37,0,0.0,0,sim
0-36-156,37,0,0.0,0,sim
0-36-157,37,0,1.0,0,sim
0-36-158,37,0,1.0,0,sim
0-36-159,37,0,1.0,0,sim
0-36-160,37,0,1.0,0,sim
0-36-161,37,0,0.0,0,sim
0-36-162,37,0,0.0,0,sim
0-36-163,37,0,0.0,0,sim
0-36-164,37,0,0.0,0,sim
0-36-165,37,0,1.0,0,sim
0-36-166,37,0,1.0,0,sim
0-36-167,37,0,1.0,0,sim
0-36-168,37,0,0.0,0,sim
0-36-169,37,0,,0,sim
0-36-170,37,0,1.0,0,sim
0-36-171,37,0,0.0,0,sim
0-36-172,37,0,,0,sim
0-36-173,37,0,1.0,0,sim
0-36-174,37,0,0.0,0,sim
0-36-175,37,0,1.0,0,sim
0-36-176,37,0,0.0,0,sim
0-36-177,37,0,0.0,0,sim
0-36-178,37,0,1.0,0,sim
0-36-179,37,0,1.0,0,sim
0-36-180,37,0,1.0,0,sim
0-36-181,37,0,,0,sim
0-36-182,37,0,1.0,0,sim
0-36-183,37,0,0.0,0,sim
0-36-184,37,0,1.0,0,sim
0-36-185,37,0,1.0,0,sim
0-36-186,37,0,0.0,0,sim
0-36-187,37,0,1.0,0,sim
0-36-188,37,0,0.0,0,sim
0-36-189,37,0,0.0,0,sim
0-36-190,37,0,1.0,0,sim
0-36-191,37,0,1.0,0,sim
0-36-192,37,0,0.0,0,sim
0-36-193,37,0,1.0,0,sim
0-36-194,37,0,,0,sim
0-36-195,37,0,1.0,0,sim
0-36-196,37,0,1.0,0,sim
0-36-197,37,0,0.0,0,sim
0-36-198,37,0,0.0,0,sim
0-36-199,37,0,0.0,0,sim
0-36-200,37,0,1.0,0,sim
0-36-201,37,0,1.0,0,sim
0-36-202,37,0,1.0,0,sim
0-36-203,37,0,,1,sim
0-36-204,37,0,1.0,0,sim
0-36-205,37,0,0.0,0,sim
0-36-206,37,0,1.0,0,sim
0-36-207,37,0,1.0,0,sim
0-36-208,37,0,1.0,0,sim
0-36-209,37,0,1.0,0,sim
0-36-210,37,0,1.0,0,sim
0-36-211,37,0,0.0,0,sim
0-36-212,37,0,0.0,0,sim
0-36-213,37,0,1.0,0,sim
0-36-214,37,0,1.0,0,sim
0-36-215,37,0,0.0,0,sim
0-36-216,37,0,1.0,0,sim
0-36-217,37,0,1.0,0,sim
0-36-218,37,0,0.0,0,sim
0-36-219,37,0,0.0,0,sim
0-36-220,37,0,0.0,0,sim
0-36-221,37,0,0.0,0,sim
0-36-222,37,0,1.0,0,sim
0-36-223,37,0,0.0,0,sim
0-36-224,37,0,0.0,0,sim
0-36-225,37,0,1.0,0,sim
0-36-226,37,0,1.0,0,sim
0-36-227,37,0,0.0,0,sim
0-36-228,37,0,0.0,0,sim
0-36-229,37,0,1.0,0,sim
0-36-230,37,0,1.0,0,sim
0-36-231,37,0,0.0,0,sim
0-36-232,37,0,1.0,0,sim
0-36-233,37,0,0.0,0,sim
0-36-234,37,0,0.0,0,sim
0-36-235,37,0,0.0,0,sim
0-36-236,37,0,1.0,0,sim
0-36-237,37,0,1.0,0,sim
0-36-238,37,0,0.0,0,sim
0-36-239,37,0,0.0,0,sim
0-37-0,38,0,1.0,0,sim
0-37-1,38,0,1.0,0,sim
0-37-2,38,0,1.0,0,sim
0-37-3,38,0,1.0,0,sim
0-37-4,38,0,0.0,0,sim
0-37-5,38,0,1.0,0,sim
0-37-6,38,0,1.0,0,sim
0-37-7,38,0,1.0,0,sim
0-37-8,38,0,0.0,0,sim
0-37-9,38,0,0.0,0,sim
0-37-10,38,0,1.0,0,sim
0-37-11,38,0,1.0,0,sim
0-37-12,38,0,1.0,0,sim
0-37-13,38,0,0.0,0,sim
0-37-14,38,0,0.0,0,sim
0-37-15,38,0,0.0,0,sim
0-37-16,38,0,0.0,0,sim
0-37-17,38,0,1.0,0,sim
0-37-18,38,0,0.0,1,sim
0-37-19,38,0,1.0,0,sim
0-37-20,38,0,1.0,0,sim
0-37-21,38,0,0.0,0,sim
0-37-22,38,0,0.0,0,sim
0-37-23,38,0,0.0,0,sim
0-37-24,38,0,0.0,0,sim
0-37-25,38,0,0.0,0,sim
0-37-26,38,0,0.0,0,sim
0-37-27,38,0,0.0,0,sim
0-37-28,38,0,0.0,0,sim
0-37-29,38,0,1.0,0,sim
0-37-30,38,0,0.0,0,sim
0-37-31,38,0,0.0,0,sim
0-37-32,38,0,0.0,0,sim
0-37-33,38,0,0.0,0,sim
0-37-34,38,0,0.0,0,sim
0-37-35,38,0,1.0,0,sim
0-37-36,38,0,0.0,0,sim
0-37-37,38,0,0.0,0,sim
0-37-38,38,0,0.0,0,sim
0-37-39,38,0,1.0,0,sim
0-37-40,38,0,1.0,0,sim
0-37-41,38,0,1.0,0,sim
0-37-42,38,0,0.0,0,sim
0-37-43,38,0,1.0,0,sim
0-37-44,38,0,0.0,0,sim
0-37-45,38,0,1.0,0,sim
0-37-46,38,0,0.0,0,sim
0-37-47,38,0,0.0,0,sim
0-37-48,38,0,0.0,1,sim
0-37-49,38,0,0.0,0,sim
0-37-50,38,0,1.0,0,sim
0-37-51,38,0,1.0,0,sim
0-37-52,38,0,0.0,0,sim
0-37-53,38,0,0.0,0,sim
0-37-54,38,0,1.0,0,sim
0-37-55,38,0,0.0,0,sim
0-37-56,38,0,0.0,0,sim
0-37-57,38,0,0.0,0,sim
0-37-58,38,0,0.0,0,sim
0-37-59,38,0,0.0,0,sim
0-37-60,38,0,0.0,0,sim
0-37-61,38,0,0.0,0,sim
0-37-62,38,0,1.0,0,sim
0-37-63,38,0,0.0,0,sim
0-37-64,38,0,0.0,0,sim
0-37-65,38,0,0.0,0,sim
0-37-66,38,0,1.0,0,sim
0-37-67,38,0,1.0,1,sim
0-37-68,38,0,0.0,0,sim
0-37-69,38,0,0.0,0,sim
0-37-70,38,0,1.0,0,sim
0-37-71,38,0,1.0,0,sim
0-37-72,38,0,0.0,0,sim
0-37-73,38,0,1.0,0,sim
0-37-74,38,0,0.0,0,sim
0-37-75,38,0,0.0,0,sim
0-37-76,38,0,1.0,0,sim
0-37-77,38,0,0.0,0,sim
0-37-78,38,0,1.0,0,sim
0-37-79,38,0,0.0,0,sim
0-37-80,38,0,0.0,0,sim
0-37-81,38,0,1.0,0,sim
0-37-82,38,0,1.0,0,sim
0-37-83,38,0,1.0,0,sim
0-37-84,38,0,0.0,0,sim
0-37-85,38,0,1.0,0,sim
0-37-86,38,0,1.0,0,sim
0-37-87,38,0,1.0,0,sim
0-37-88,38,0,1.0,0,sim
0-37-89,38,0,0.0,0,sim
0-37-90,38,0,1.0,0,sim
0-37-91,38,0,,0,sim
0-37-92,38,0,1.0,0,sim
0-37-93,38,0,0.0,0,sim
0-37-94,38,0,1.0,0,sim
0-37-95,38,0,1.0,0,sim
0-37-96,38,0,1.0,0,sim
0-37-97,38,0,0.0,0,sim
0-37-98,38,0,0.0,0,sim
0-37-99,38,0,0.0,0,sim
0-37-100,38,0,1.0,0,sim
0-37-101,38,0,1.0,1,sim
0-37-102,38,0,0.0,0,sim
0-37-103,38,0,0.0,0,sim
0-37-104,38,0,1.0,0,sim
0-37-105,38,0,0.0,0,sim
0-37-106,38,0,0.0,0,sim
0-37-107,38,0,1.0,0,sim
0-37-108,38,0,0.0,0,sim
0-37-109,38,0,0.0,0,sim
0-37-110,38,0,1.0,0,sim
0-37-111,38,0,0.0,0,sim
0-37-112,38,0,0.0,0,sim
0-37-113,38,0,0.0,0,sim
0-37-114,38,0,1.0,0,sim
0-37-115,38,0,0.0,0,sim
0-37-116,38,0,0.0,0,sim
0-37-117,38,0,0.0,0,sim
0-37-118,38,0,0.0,0,sim
0-37-119,38,0,1.0,0,sim
0-37-120,38,0,0.0,0,sim
0-37-121,38,0,1.0,0,sim
0-37-122,38,0,1.0,1,sim
0-37-123,38,0,0.0,0,sim
0-37-124,38,0,1.0,0,sim
0-37-125,38,0,1.0,0,sim
0-37-126,38,0,1.0,0,sim
0-37-127,38,0,0.0,0,sim
0-37-128,38,0,1.0,0,sim
0-37-129,38,0,0.0,0,sim
0-37-130,38,0,1.0,0,sim
0-37-131,38,0,1.0,0,sim
0-37-132,38,0,0.0,0,sim
0-37-133,38,0,,1,sim
0-37-134,38,0,1.0,0,sim
0-37-135,38,0,1.0,0,sim
0-37-136,38,0,1.0,0,sim
0-37-137,38,0,1.0,0,sim
0-37-138,38,0,0.0,0,sim
0-37-139,38,0,0.0,0,sim
0-37-140,38,0,0.0,0,sim
0-37-141,38,0,0.0,0,sim
0-37-142,38,0,0.0,0,sim
0-37-143,38,0,1.0,0,sim
0-37-144,38,0,0.0,0,sim
0-37-145,38,0,0.0,0,sim
0-37-146,38,0,1.0,0,sim
0-37-147,38,0,0.0,0,sim
0-37-148,38,0,1.0,0,sim
0-37-149,38,0,1.0,0,sim
0-37-150,38,0,1.0,0,sim
0-37-151,38,0,0.0,0,sim
0-37-152,38,0,0.0,0,sim
0-37-153,38,0,1.0,0,sim
0-37-154,38,0,1.0,0,sim
0-37-155,38,0,1.0,0,sim
0-37-156,38,0,1.0,0,sim
0-37-157,38,0,0.0,0,sim
0-37-158,38,0,1.0,0,sim
0-37-159,38,0,0.0,0,sim
0-37-160,38,0,1.0,0,sim
0-37-161,38,0,1.0,0,sim
0-37-162,38,0,0.0,0,sim
0-37-163,38,0,0.0,0,sim
0-37-164,38,0,0.0,0,sim
0-37-165,38,0,0.0,0,sim
0-37-166,38,0,0.0,0,sim
0-37-167,38,0,0.0,0,sim
0-37-168,38,0,1.0,0,sim
0-37-169,38,0,1.0,0,sim
0-37-170,38,0,0.0,0,sim
0-37-171,38,0,0.0,0,sim
0-37-172,38,0,0.0,0,sim
0-37-173,38,0,0.0,0,sim
0-37-174,38,0,1.0,0,sim
0-37-175,38,0,1.0,0,sim
0-37-176,38,0,0.0,0,sim
0-37-177,38,0,1.0,0,sim
0-37-178,38,0,1.0,0,sim
0-37-179,38,0,1.0,0,sim
0-37-180,38,0,0.0,0,sim
0-37-181,38,0,1.0,0,sim
0-37-182,38,0,0.0,1,sim
0-37-183,38,0,1.0,0,sim
0-37-184,38,0,0.0,0,sim
0-37-185,38,0,1.0,0,sim
0-37-186,38,0,1.0,0,sim
0-37-187,38,0,0.0,0,sim
0-37-188,38,0,1.0,0,sim
0-37-189,38,0,1.0,0,sim
0-37-190,38,0,0.0,0,sim
0-37-191,38,0,1.0,0,sim
0-37-192,38,0,0.0,0,sim
0-37-193,38,0,0.0,0,sim
0-37-194,38,0,0.0,0,sim
0-37-195,38,0,1.0,0,sim
0-37-196,38,0,0.0,0,sim
0-37-197,38,0,0.0,0,sim
0-37-198,38,0,0.0,0,sim
0-37-199,38,0,1.0,0,sim
0-37-200,38,0,0.0,0,sim
0-37-201,38,0,0.0,0,sim
0-37-202,38,0,1.0,0,sim
0-37-203,38,0,0.0,0,sim
0-37-204,38,0,0.0,1,sim
0-37-205,38,0,0.0,0,sim
0-37-206,38,0,0.0,0,sim
0-37-207,38,0,0.0,0,sim
0-37-208,38,0,1.0,0,sim
0-37-209,38,0,0.0,0,sim
0-37-210,38,0,0.0,0,sim
0-37-211,38,0,1.0,0,sim
0-37-212,38,0,0.0,0,sim
0-37-213,38,0,0.0,0,sim
0-37-214,38,0,0.0,0,sim
0-37-215,38,0,0.0,0,sim
0-37-216,38,0,1.0,0,sim
0-37-217,38,0,0.0,0,sim
0-37-218,38,0,0.0,0,sim
0-37-219,38,0,1.0,0,sim
0-37-220,38,0,0.0,0,sim
0-37-221,38,0,0.0,0,sim
0-37-222,38,0,1.0,0,sim
0-37-223,38,0,0.0,0,sim
0-37-224,38,0,1.0,0,sim
0-37-225,38,0,1.0,0,sim
0-37-226,38,0,0.0,0,sim
0-37-227,38,0,0.0,0,sim
0-37-228,38,0,1.0,0,sim
0-37-229,38,0,0.0,0,sim
0-37-230,38,0,1.0,0,sim
0-37-231,38,0,0.0,0,sim
0-37-232,38,0,0.0,0,sim
0-37-233,38,0,1.0,0,sim
0-37-234,38,0,1.0,0,sim
0-37-235,38,0,1.0,0,sim
0-37-236,38,0,0.0,0,sim
0-37-237,38,0,0.0,0,sim
0-37-238,38,0,0.0,0,sim
0-37-239,38,0,0.0,0,sim
0-38-0,39,0,1.0,0,sim
0-38-1,39,0,0.0,0,sim
0-38-2,39,0,1.0,0,sim
0-38-3,39,0,1.0,0,sim
0-38-4,39,0,1.0,0,sim
0-38-5,39,0,1.0,0,sim
0-38-6,39,0,1.0,0,sim
0-38-7,39,0,0.0,0,sim
0-38-8,39,0,1.0,0,sim
0-38-9,39,0,1.0,0,sim
0-38-10,39,0,0.0,0,sim
0-38-11,39,0,1.0,0,sim
0-38-12,39,0,1.0,0,sim
0-38-13,39,0,0.0,0,sim
0-38-14,39,0,0.0,0,sim
0-38-15,39,0,0.0,0,sim
0-38-16,39,0,0.0,0,sim
0-38-17,39,0,0.0,0,sim
0-38-18,39,0,1.0,0,sim
0-38-19,39,0,0.0,0,sim
0-38-20,39,0,0.0,0,sim
0-38-21,39,0,1.0,0,sim
0-38-22,39,0,1.0,0,sim
0-38-23,39,0,1.0,0,sim
0-38-24,39,0,1.0,0,sim
0-38-25,39,0,0.0,0,sim
0-38-26,39,0,1.0,0,sim
0-38-27,39,0,1.0,0,sim
0-38-28,39,0,1.0,0,sim
0-38-29,39,0,0.0,0,sim
0-38-30,39,0,0.0,0,sim
0-38-31,39,0,,0,sim
0-38-32,39,0,0.0,0,sim
0-38-33,39,0,0.0,0,sim
0-38-34,39,0,0.0,0,sim
0-38-35,39,0,1.0,0,sim
0-38-36,39,0,0.0,0,sim
0-38-37,39,0,0.0,0,sim
0-38-38,39,0,0.0,1,sim
0-38-39,39,0,1.0,0,sim
0-38-40,39,0,0.0,0,sim
0-38-41,39,0,1.0,0,sim
0-38-42,39,0,0.0,0,sim
0-38-43,39,0,0.0,0,sim
0-38-44,39,0,0.0,0,sim
0-38-45,39,0,1.0,0,sim
0-38-46,39,0,1.0,0,sim
0-38-47,39,0,0.0,0,sim
0-38-48,39,0,0.0,0,sim
0-38-49,39,0,1.0,0,sim
0-38-50,39,0,0.0,0,sim
0-38-51,39,0,0.0,0,sim
0-38-52,39,0,0.0,0,sim
0-38-53,39,0,,0,sim
0-38-54,39,0,0.0,0,sim
0-38-55,39,0,1.0,0,sim
0-38-56,39,0,0.0,0,sim
0-38-57,39,0,0.0,0,sim
0-38-58,39,0,,0,sim
0-38-59,39,0,1.0,0,sim
0-38-60,39,0,0.0,0,sim
0-38-61,39,0,0.0,0,sim
0-38-62,39,0,0.0,0,sim
0-38-63,39,0,0.0,0,sim
0-38-64,39,0,1.0,0,sim
0-38-65,39,0,1.0,0,sim
0-38-66,39,0,1.0,0,sim
0-38-67,39,0,0.0,0,sim
0-38-68,39,0,1.0,0,sim
0-38-69,39,0,0.0,0,sim
0-38-70,39,0,1.0,0,sim
0-38-71,39,0,1.0,0,sim
0-38-72,39,0,1.0,0,sim
0-38-73,39,0,0.0,0,sim
0-38-74,39,0,1.0,0,sim
0-38-75,39,0,1.0,0,sim
0-38-76,39,0,0.0,1,sim
0-38-77,39,0,0.0,0,sim
0-38-78,39,0,1.0,0,sim
0-38-79,39,0,1.0,0,sim
0-38-80,39,0,0.0,0,sim
0-38-81,39,0,1.0,0,sim
0-38-82,39,0,0.0,0,sim
0-38-83,39,0,0.0,0,sim
0-38-84,39,0,0.0,0,sim
0-38-85,39,0,0.0,0,sim
0-38-86,39,0,0.0,0,sim
0-38-87,39,0,1.0,0,sim
0-38-88,39,0,1.0,0,sim
0-38-89,39,0,0.0,0,sim
0-38-90,39,0,0.0,0,sim
0-38-91,39,0,1.0,0,sim
0-38-92,39,0,0.0,0,sim
0-38-93,39,0,0.0,0,sim
0-38-94,39,0,1.0,0,sim
0-38-95,39,0,0.0,0,sim
0-38-96,39,0,1.0,0,sim
0-38-97,39,0,1.0,0,sim
0-38-98,39,0,1.0,0,sim
0-38-99,39,0,1.0,0,sim
0-38-100,39,0,1.0,0,sim
0-38-101,39,0,0.0,0,sim
0-38-102,39,0,1.0,1,sim
0-38-103,39,0,0.0,0,sim
0-38-104,39,0,1.0,0,sim
0-38-105,39,0,0.0,0,sim
0-38-106,39,0,0.0,0,sim
0-38-107,39,0,0.0,0,sim
0-38-108,39,0,0.0,0,sim
0-38-109,39,0,0.0,0,sim
0-38-110,39,0,1.0,0,sim
0-38-111,39,0,0.0,1,sim
0-38-112,39,0,0.0,0,sim
0-38-113,39,0,0.0,0,sim
0-38-114,39,0,0.0,0,sim
0-38-115,39,0,1.0,0,sim
0-38-116,39,0,1.0,0,sim
0-38-117,39,0,1.0,0,sim
0-38-118,39,0,0.0,0,sim
0-38-119,39,0,0.0,0,sim
0-38-120,39,0,1.0,0,sim
0-38-121,39,0,0.0,0,sim
0-38-122,39,0,1.0,0,sim
0-38-123,39,0,0.0,0,sim
0-38-124,39,0,1.0,0,sim
0-38-125,39,0,1.0,0,sim
0-38-126,39,0,0.0,0,sim
0-38-127,39,0,0.0,0,sim
0-38-128,39,0,0.0,0,sim
0-38-129,39,0,0.0,0,sim
0-38-130,39,0,0.0,0,sim
0-38-131,39,0,,0,sim
0-38-132,39,0,0.0,0,sim
0-38-133,39,0,0.0,0,sim
0-38-134,39,0,1.0,0,sim
0-38-135,39,0,0.0,0,sim
0-38-136,39,0,0.0,0,sim
0-38-137,39,0,1.0,0,sim
0-38-138,39,0,1.0,0,sim
0-38-139,39,0,0.0,0,sim
0-38-140,39,0,0.0,0,sim
0-38-141,39,0,0.0,0,sim
0-38-142,39,0,0.0,1,sim
0-38-143,39,0,0.0,0,sim
0-38-144,39,0,0.0,0,sim
0-38-145,39,0,1.0,0,sim
0-38-146,39,0,,0,sim
0-38-147,39,0,0.0,0,sim
0-38-148,39,0,0.0,0,sim
0-38-149,39,0,1.0,0,sim
0-38-150,39,0,0.0,0,sim
0-38-151,39,0,0.0,0,sim
0-38-152,39,0,1.0,0,sim
0-38-153,39,0,0.0,0,sim
0-38-154,39,0,1.0,0,sim
0-38-155,39,0,0.0,0,sim
0-38-156,39,0,0.0,0,sim
0-38-157,39,0,1.0,0,sim
0-38-158,39,0,0.0,0,sim
0-38-159,39,0,0.0,0,sim
0-38-160,39,0,0.0,0,sim
0-38-161,39,0,0.0,0,sim
0-38-162,39,0,1.0,0,sim
0-38-163,39,0,1.0,0,sim
0-38-164,39,0,1.0,0,sim
0-38-165,39,0,0.0,0,sim
0-38-166,39,0,0.0,0,sim
0-38-167,39,0,0.0,0,sim
0-38-168,39,0,0.0,0,sim
0-38-169,39,0,1.0,0,sim
0-38-170,39,0,0.0,1,sim
0-38-171,39,0,1.0,0,sim
0-38-172,39,0,1.0,1,sim
0-38-173,39,0,1.0,0,sim
0-38-174,39,0,0.0,0,sim
0-38-175,39,0,0.0,0,sim
0-38-176,39,0,0.0,0,sim
0-38-177,39,0,1.0,0,sim
0-38-178,39,0,0.0,0,sim
0-38-179,39,0,0.0,0,sim
0-38-180,39,0,0.0,0,sim
0-38-181,39,0,0.0,0,sim
0-38-182,39,0,1.0,0,sim
0-38-183,39,0,1.0,0,sim
0-38-184,39,0,1.0,0,sim
0-38-185,39,0,0.0,0,sim
0-38-186,39,0,0.0,0,sim
0-38-187,39,0,1.0,0,sim
0-38-188,39,0,0.0,0,sim
0-38-189,39,0,1.0,0,sim
0-38-190,39,0,0.0,0,sim
0-38-191,39,0,0.0,0,sim
0-38-192,39,0,,0,sim
0-38-193,39,0,0.0,0,sim
0-38-194,39,0,1.0,0,sim
0-38-195,39,0,1.0,0,sim
0-38-196,39,0,0.0,0,sim
0-38-197,39,0,1.0,0,sim
0-38-198,39,0,1.0,0,sim
0-38-199,39,0,0.0,0,sim
0-38-200,39,0,1.0,0,sim
0-38-201,39,0,1.0,0,sim
0-38-202,39,0,0.0,0,sim
0-38-203,39,0,0.0,0,sim
0-38-204,39,0,0.0,0,sim
0-38-205,39,0,1.0,0,sim
0-38-206,39,0,0.0,0,sim
0-38-207,39,0,,0,sim
0-38-208,39,0,0.0,0,sim
0-38-209,39,0,0.0,0,sim
0-38-210,39,0,0.0,0,sim
0-38-211,39,0,1.0,0,sim
0-38-212,39,0,0.0,0,sim
0-38-213,39,0,0.0,0,sim
0-38-214,39,0,1.0,0,sim
0-38-215,39,0,0.0,0,sim
0-38-216,39,0,1.0,0,sim
0-38-217,39,0,0.0,0,sim
0-38-218,39,0,0.0,0,sim
0-38-219,39,0,0.0,0,sim
0-38-220,39,0,1.0,0,sim
0-38-221,39,0,0.0,0,sim
0-38-222,39,0,0.0,0,sim
0-38-223,39,0,1.0,0,sim
0-38-224,39,0,1.0,0,sim
0-38-225,39,0,1.0,0,sim
0-38-226,39,0,1.0,0,sim
0-38-227,39,0,1.0,0,sim
0-38-228,39,0,0.0,0,sim
0-38-229,39,0,1.0,0,sim
0-38-230,39,0,0.0,0,sim
0-38-231,39,0,1.0,0,sim
0-38-232,39,0,0.0,0,sim
0-38-233,39,0,0.0,0,sim
0-38-234,39,0,0.0,0,sim
0-38-235,39,0,0.0,0,sim
0-38-236,39,0,0.0,0,sim
0-38-237,39,0,1.0,0,sim
0-38-238,39,0,1.0,0,sim
0-38-239,39,0,1.0,0,sim
0-39-0,40,0,1.0,0,sim
0-39-1,40,0,1.0,0,sim
0-39-2,40,0,0.0,0,sim
0-39-3,40,0,,0,sim
0-39-4,40,0,1.0,0,sim
0-39-5,40,0,0.0,0,sim
0-39-6,40,0,0.0,0,sim
0-39-7,40,0,0.0,0,sim
0-39-8,40,0,1.0,0,sim
0-39-9,40,0,1.0,0,sim
0-39-10,40,0,1.0,0,sim
0-39-11,40,0,1.0,0,sim
0-39-12,40,0,0.0,0,sim
0-39-13,40,0,0.0,0,sim
0-39-14,40,0,0.0,0,sim
0-39-15,40,0,0.0,0,sim
0-39-16,40,0,1.0,0,sim
0-39-17,40,0,,0,sim
0-39-18,40,0,,0,sim
0-39-19,40,0,1.0,0,sim
0-39-20,40,0,1.0,0,sim
0-39-21,40,0,1.0,0,sim
0-39-22,40,0,1.0,0,sim
0-39-23,40,0,0.0,0,sim
0-39-24,40,0,0.0,0,sim
0-39-25,40,0,,0,sim
0-39-26,40,0,0.0,0,sim
0-39-27,40,0,1.0,0,sim
0-39-28,40,0,0.0,0,sim
0-39-29,40,0,,0,sim
0-39-30,40,0,,1,sim
0-39-31,40,0,0.0,0,sim
0-39-32,40,0,1.0,0,sim
0-39-33,40,0,1.0,0,sim
0-39-34,40,0,1.0,0,sim
0-39-35,40,0,1.0,0,sim
0-39-36,40,0,0.0,0,sim
0-39-37,40,0,,0,sim
0-39-38,40,0,,0,sim
0-39-39,40,0,0.0,0,sim
0-39-40,40,0,1.0,0,sim
0-39-41,40,0,1.0,0,sim
0-39-42,40,0,1.0,0,sim
0-39-43,40,0,1.0,0,sim
0-39-44,40,0,0.0,0,sim
0-39-45,40,0,1.0,0,sim
0-39-46,40,0,1.0,0,sim
0-39-47,40,0,1.0,0,sim
0-39-48,40,0,1.0,0,sim
0-39-49,40,0,1.0,0,sim
0-39-50,40,0,1.0,0,sim
0-39-51,40,0,0.0,0,sim
0-39-52,40,0,,0,sim
0-39-53,40,0,0.0,0,sim
0-39-54,40,0,0.0,0,sim
0-39-55,40,0,1.0,0,sim
0-39-56,40,0,0.0,0,sim
0-39-57,40,0,0.0,0,sim
0-39-58,40,0,0.0,0,sim
0-39-59,40,0,0.0,0,sim
0-39-60,40,0,1.0,0,sim
0-39-61,40,0,1.0,0,sim
0-39-62,40,0,1.0,0,sim
0-39-63,40,0,1.0,0,sim
0-39-64,40,0,,0,sim
0-39-65,40,0,1.0,0,sim
0-39-66,40,0,0.0,0,sim
0-39-67,40,0,1.0,0,sim
0-39-68,40,0,0.0,0,sim
0-39-69,40,0,1.0,0,sim
0-39-70,40,0,0.0,0,sim
0-39-71,40,0,1.0,0,sim
0-39-72,40,0,1.0,0,sim
0-39-73,40,0,1.0,0,sim
0-39-74,40,0,1.0,0,sim
0-39-75,40,0,1.0,0,sim
0-39-76,40,0,,0,sim
0-39-77,40,0,,0,sim
0-39-78,40,0,0.0,0,sim
0-39-79,40,0,1.0,0,sim
0-39-80,40,0,1.0,0,sim
0-39-81,40,0,1.0,1,sim
0-39-82,40,0,1.0,0,sim
0-39-83,40,0,1.0,0,sim
0-39-84,40,0,1.0,0,sim
0-39-85,40,0,1.0,0,sim
0-39-86,40,0,1.0,0,sim
0-39-87,40,0,1.0,0,sim
0-39-88,40,0,0.0,0,sim
0-39-89,40,0,0.0,1,sim
0-39-90,40,0,0.0,0,sim
0-39-91,40,0,1.0,0,sim
0-39-92,40,0,1.0,0,sim
0-39-93,40,0,1.0,0,sim
0-39-94,40,0,1.0,0,sim
0-39-95,40,0,0.0,0,sim
0-39-96,40,0,1.0,0,sim
0-39-97,40,0,1.0,0,sim
0-39-98,40,0,,0,sim
0-39-99,40,0,1.0,0,sim
0-39-100,40,0,0.0,0,sim
0-39-101,40,0,1.0,0,sim
0-39-102,40,0,1.0,0,sim
0-39-103,40,0,,0,sim
0-39-104,40,0,1.0,0,sim
0-39-105,40,0,1.0,0,sim
0-39-106,40,0,1.0,0,sim
0-39-107,40,0,1.0,0,sim
0-39-108,40,0,0.0,0,sim
0-39-109,40,0,1.0,0,sim
0-39-110,40,0,1.0,0,sim
0-39-111,40,0,1.0,0,sim
0-39-112,40,0,1.0,0,sim
0-39-113,40,0,0.0,0,sim
0-39-114,40,0,0.0,0,sim
0-39-115,40,0,0.0,0,sim
0-39-116,40,0,1.0,0,sim
0-39-117,40,0,1.0,0,sim
0-39-118,40,0,0.0,0,sim
0-39-119,40,0,0.0,0,sim
0-39-120,40,0,,0,sim
0-39-121,40,0,1.0,0,sim
0-39-122,40,0,0.0,0,sim
0-39-123,40,0,,0,sim
0-39-124,40,0,1.0,0,sim
0-39-125,40,0,1.0,0,sim
0-39-126,40,0,1.0,0,sim
0-39-127,40,0,1.0,0,sim
0-39-128,40,0,1.0,0,sim
0-39-129,40,0,0.0,0,sim
0-39-130,40,0,,0,sim
0-39-131,40,0,0.0,0,sim
0-39-132,40,0,,0,sim
0-39-133,40,0,1.0,0,sim
0-39-134,40,0,,0,sim
0-39-135,40,0,,0,sim
0-39-136,40,0,1.0,0,sim
0-39-137,40,0,0.0,0,sim
0-39-138,40,0,0.0,0,sim
0-39-139,40,0,1.0,0,sim
0-39-140,40,0,0.0,0,sim
0-39-141,40,0,0.0,0,sim
0-39-142,40,0,0.0,0,sim
0-39-143,40,0,0.0,0,sim
0-39-144,40,0,,0,sim
0-39-145,40,0,1.0,0,sim
0-39-146,40,0,1.0,0,sim
0-39-147,40,0,1.0,0,sim
0-39-148,40,0,0.0,0,sim
0-39-149,40,0,1.0,0,sim
0-39-150,40,0,0.0,0,sim
0-39-151,40,0,0.0,0,sim
0-39-152,40,0,1.0,0,sim
0-39-153,40,0,0.0,0,sim
0-39-154,40,0,,0,sim
0-39-155,40,0,0.0,0,sim
0-39-156,40,0,1.0,0,sim
0-39-157,40,0,1.0,0,sim
0-39-158,40,0,0.0,0,sim
0-39-159,40,0,1.0,0,sim
0-39-160,40,0,0.0,0,sim
0-39-161,40,0,,0,sim
0-39-162,40,0,1.0,1,sim
0-39-163,40,0,0.0,0,sim
0-39-164,40,0,1.0,0,sim
0-39-165,40,0,1.0,0,sim
0-39-166,40,0,0.0,0,sim
0-39-167,40,0,0.0,0,sim
0-39-168,40,0,1.0,0,sim
0-39-169,40,0,1.0,0,sim
0-39-170,40,0,1.0,0,sim
0-39-171,40,0,0.0,0,sim
0-39-172,40,0,0.0,0,sim
0-39-173,40,0,0.0,0,sim
0-39-174,40,0,0.0,0,sim
0-39-175,40,0,1.0,0,sim
0-39-176,40,0,0.0,0,sim
0-39-177,40,0,1.0,0,sim
0-39-178,40,0,,1,sim
0-39-179,40,0,1.0,0,sim
0-39-180,40,0,1.0,0,sim
0-39-181,40,0,0.0,0,sim
0-39-182,40,0,1.0,0,sim
0-39-183,40,0,1.0,0,sim
0-39-184,40,0,1.0,0,sim
0-39-185,40,0,1.0,0,sim
0-39-186,40,0,0.0,0,sim
0-39-187,40,0,1.0,0,sim
0-39-188,40,0,0.0,0,sim
0-39-189,40,0,1.0,0,sim
0-39-190,40,0,,0,sim
0-39-191,40,0,0.0,0,sim
0-39-192,40,0,0.0,0,sim
0-39-193,40,0,0.0,0,sim
0-39-194,40,0,1.0,0,sim
0-39-195,40,0,1.0,0,sim
0-39-196,40,0,0.0,0,sim
0-39-197,40,0,1.0,0,sim
0-39-198,40,0,0.0,0,sim
0-39-199,40,0,1.0,0,sim
0-39-200,40,0,1.0,0,sim
0-39-201,40,0,1.0,0,sim
0-39-202,40,0,1.0,0,sim
0-39-203,40,0,0.0,0,sim
0-39-204,40,0,1.0,0,sim
0-39-205,40,0,1.0,0,sim
0-39-206,40,0,0.0,0,sim
0-39-207,40,0,1.0,0,sim
0-39-208,40,0,1.0,0,sim
0-39-209,40,0,1.0,0,sim
0-39-210,40,0,1.0,0,sim
0-39-211,40,0,1.0,0,sim
0-39-212,40,0,1.0,0,sim
0-39-213,40,0,1.0,0,sim
0-39-214,40,0,0.0,0,sim
0-39-215,40,0,1.0,0,sim
0-39-216,40,0,1.0,0,sim
0-39-217,40,0,1.0,0,sim
0-39-218,40,0,1.0,0,sim
0-39-219,40,0,,0,sim
0-39-220,40,0,1.0,0,sim
0-39-221,40,0,1.0,0,sim
0-39-222,40,0,1.0,0,sim
0-39-223,40,0,,1,sim
0-39-224,40,0,0.0,0,sim
0-39-225,40,0,1.0,0,sim
0-39-226,40,0,1.0,0,sim
0-39-227,40,0,,0,sim
0-39-228,40,0,0.0,0,sim
0-39-229,40,0,1.0,0,sim
0-39-230,40,0,1.0,0,sim
0-39-231,40,0,,0,sim
0-39-232,40,0,1.0,0,sim
0-39-233,40,0,0.0,0,sim
0-39-234,40,0,1.0,0,sim
0-39-235,40,0,1.0,0,sim
0-39-236,40,0,,0,sim
0-39-237,40,0,0.0,0,sim
0-39-238,40,0,1.0,0,sim
0-39-239,40,0,1.0,0,sim
0-40-0,41,0,1.0,0,sim
0-40-1,41,0,0.0,0,sim
0-40-2,41,0,0.0,0,sim
0-40-3,41,0,0.0,0,sim
0-40-4,41,0,1.0,0,sim
0-40-5,41,0,0.0,0,sim
0-40-6,41,0,0.0,0,sim
0-40-7,41,0,,0,sim
0-40-8,41,0,1.0,0,sim
0-40-9,41,0,0.0,0,sim
0-40-10,41,0,,0,sim
0-40-11,41,0,1.0,0,sim
0-40-12,41,0,0.0,1,sim
0-40-13,41,0,1.0,0,sim
0-40-14,41,0,1.0,0,sim
0-40-15,41,0,1.0,0,sim
0-40-16,41,0,1.0,0,sim
0-40-17,41,0,1.0,0,sim
0-40-18,41,0,1.0,0,sim
0-40-19,41,0,0.0,0,sim
0-40-20,41,0,1.0,0,sim
0-40-21,41,0,1.0,0,sim
0-40-22,41,0,1.0,0,sim
0-40-23,41,0,1.0,0,sim
0-40-24,41,0,1.0,0,sim
0-40-25,41,0,0.0,0,sim
0-40-26,41,0,1.0,0,sim
0-40-27,41,0,1.0,0,sim
0-40-28,41,0,,0,sim
0-40-29,41,0,1.0,0,sim
0-40-30,41,0,0.0,0,sim
0-40-31,41,0,1.0,0,sim
0-40-32,41,0,1.0,0,sim
0-40-33,41,0,0.0,1,sim
0-40-34,41,0,1.0,0,sim
0-40-35,41,0,0.0,0,sim
0-40-36,41,0,1.0,0,sim
0-40-37,41,0,0.0,0,sim
0-40-38,41,0,1.0,0,sim
0-40-39,41,0,0.0,0,sim
0-40-40,41,0,1.0,0,sim
0-40-41,41,0,1.0,0,sim
0-40-42,41,0,1.0,0,sim
0-40-43,41,0,,0,sim
0-40-44,41,0,1.0,0,sim
0-40-45,41,0,0.0,0,sim
0-40-46,41,0,0.0,0,sim
0-40-47,41,0,1.0,1,sim
0-40-48,41,0,1.0,0,sim
0-40-49,41,0,1.0,0,sim
0-40-50,41,0,1.0,0,sim
0-40-51,41,0,1.0,0,sim
0-40-52,41,0,,0,sim
0-40-53,41,0,0.0,0,sim
0-40-54,41,0,1.0,0,sim
0-40-55,41,0,0.0,0,sim
0-40-56,41,0,0.0,0,sim
0-40-57,41,0,0.0,0,sim
0-40-58,41,0,1.0,0,sim
0-40-59,41,0,0.0,0,sim
0-40-60,41,0,1.0,0,sim
0-40-61,41,0,1.0,0,sim
0-40-62,41,0,1.0,0,sim
0-40-63,41,0,1.0,0,sim
0-40-64,41,0,,0,sim
0-40-65,41,0,,0,sim
0-40-66,41,0,1.0,0,sim
0-40-67,41,0,1.0,0,sim
0-40-68,41,0,1.0,0,sim
0-40-69,41,0,0.0,0,sim
0-40-70,41,0,1.0,0,sim
0-40-71,41,0,0.0,0,sim
0-40-72,41,0,0.0,0,sim
0-40-73,41,0,1.0,0,sim
0-40-74,41,0,1.0,0,sim
0-40-75,41,0,0.0,0,sim
0-40-76,41,0,0.0,0,sim
0-40-77,41,0,1.0,0,sim
0-40-78,41,0,1.0,0,sim
0-40-79,41,0,0.0,0,sim
0-40-80,41,0,0.0,0,sim
0-40-81,41,0,1.0,0,sim
0-40-82,41,0,0.0,0,sim
0-40-83,41,0,1.0,0,sim
0-40-84,41,0,0.0,0,sim
0-40-85,41,0,1.0,0,sim
0-40-86,41,0,,0,sim
0-40-87,41,0,1.0,0,sim
0-40-88,41,0,1.0,0,sim
0-40-89,41,0,0.0,0,sim
0-40-90,41,0,,1,sim
0-40-91,41,0,1.0,0,sim
0-40-92,41,0,1.0,1,sim
0-40-93,41,0,1.0,0,sim
0-40-94,41,0,0.0,0,sim
0-40-95,41,0,1.0,0,sim
0-40-96,41,0,1.0,0,sim
0-40-97,41,0,1.0,0,sim
0-40-98,41,0,1.0,0,sim
0-40-99,41,0,0.0,0,sim
0-40-100,41,0,1.0,0,sim
0-40-101,41,0,,0,sim
0-40-102,41,0,1.0,0,sim
0-40-103,41,0,0.0,0,sim
0-40-104,41,0,1.0,0,sim
0-40-105,41,0,1.0,0,sim
0-40-106,41,0,1.0,0,sim
0-40-107,41,0,0.0,0,sim
0-40-108,41,0,0.0,0,sim
0-40-109,41,0,0.0,0,sim
0-40-110,41,0,,0,sim
0-40-111,41,0,0.0,0,sim
0-40-112,41,0,1.0,0,sim
0-40-113,41,0,1.0,0,sim
0-40-114,41,0,0.0,0,sim
0-40-115,41,0,,0,sim
0-40-116,41,0,,0,sim
0-40-117,41,0,1.0,0,sim
0-40-118,41,0,1.0,0,sim
0-40-119,41,0,0.0,0,sim
0-40-120,41,0,1.0,0,sim
0-40-121,41,0,0.0,0,sim
0-40-122,41,0,1.0,0,sim
0-40-123,41,0,1.0,0,sim
0-40-124,41,0,0.0,0,sim
0-40-125,41,0,0.0,0,sim
0-40-126,41,0,1.0,0,sim
0-40-127,41,0,0.0,0,sim
0-40-128,41,0,1.0,0,sim
0-40-129,41,0,0.0,0,sim
0-40-130,41,0,1.0,0,sim
0-40-131,41,0,0.0,0,sim
0-40-132,41,0,1.0,0,sim
0-40-133,41,0,1.0,0,sim
0-40-134,41,0,1.0,0,sim
0-40-135,41,0,0.0,0,sim
0-40-136,41,0,0.0,0,sim
0-40-137,41,0,1.0,0,sim
0-40-138,41,0,0.0,0,sim
0-40-139,41,0,1.0,0,sim
0-40-140,41,0,0.0,0,sim
0-40-141,41,0,,1,sim
0-40-142,41,0,1.0,0,sim
0-40-143,41,0,0.0,0,sim
0-40-144,41,0,0.0,1,sim
0-40-145,41,0,1.0,0,sim
0-40-146,41,0,,0,sim
0-40-147,41,0,0.0,0,sim
0-40-148,41,0,1.0,0,sim
0-40-149,41,0,0.0,0,sim
0-40-150,41,0,0.0,0,sim
0-40-151,41,0,0.0,0,sim
0-40-152,41,0,1.0,0,sim
0-40-153,41,0,1.0,0,sim
0-40-154,41,0,0.0,0,sim
0-40-155,41,0,1.0,0,sim
0-40-156,41,0,0.0,0,sim
0-40-157,41,0,1.0,0,sim
0-40-158,41,0,,0,sim
0-40-159,41,0,0.0,0,sim
0-40-160,41,0,1.0,0,sim
0-40-161,41,0,1.0,0,sim
0-40-162,41,0,0.0,0,sim
0-40-163,41,0,1.0,0,sim
0-40-164,41,0,0.0,0,sim
0-40-165,41,0,,0,sim
0-40-166,41,0,0.0,0,sim
0-40-167,41,0,1.0,0,sim
0-40-168,41,0,0.0,0,sim
0-40-169,41,0,0.0,0,sim
0-40-170,41,0,0.0,0,sim
0-40-171,41,0,1.0,0,sim
0-40-172,41,0,0.0,0,sim
0-40-173,41,0,1.0,0,sim
0-40-174,41,0,1.0,0,sim
0-40-175,41,0,1.0,0,sim
0-40-176,41,0,1.0,0,sim
0-40-177,41,0,0.0,0,sim
0-40-178,41,0,1.0,0,sim
0-40-179,41,0,1.0,0,sim
0-40-180,41,0,0.0,0,sim
0-40-181,41,0,0.0,0,sim
0-40-182,41,0,0.0,0,sim
0-40-183,41,0,1.0,0,sim
0-40-184,41,0,0.0,0,sim
0-40-185,41,0,,0,sim
0-40-186,41,0,0.0,0,sim
0-40-187,41,0,1.0,0,sim
0-40-188,41,0,0.0,0,sim
0-40-189,41,0,0.0,0,sim
0-40-190,41,0,1.0,0,sim
0-40-191,41,0,0.0,0,sim
0-40-192,41,0,,0,sim
0-40-193,41,0,0.0,0,sim
0-40-194,41,0,1.0,0,sim
0-40-195,41,0,1.0,0,sim
0-40-196,41,0,1.0,0,sim
0-40-197,41,0,,0,sim
0-40-198,41,0,0.0,0,sim
0-40-199,41,0,1.0,0,sim
0-40-200,41,0,1.0,0,sim
0-40-201,41,0,1.0,0,sim
0-40-202,41,0,,0,sim
0-40-203,41,0,,0,sim
0-40-204,41,0,1.0,0,sim
0-40-205,41,0,0.0,0,sim
0-40-206,41,0,0.0,0,sim
0-40-207,41,0,0.0,0,sim
0-40-208,41,0,1.0,0,sim
0-40-209,41,0,0.0,0,sim
0-40-210,41,0,1.0,0,sim
0-40-211,41,0,0.0,0,sim
0-40-212,41,0,1.0,0,sim
0-40-213,41,0,1.0,0,sim
0-40-214,41,0,0.0,0,sim
0-40-215,41,0,1.0,0,sim
0-40-216,41,0,1.0,0,sim
0-40-217,41,0,1.0,0,sim
0-40-218,41,0,1.0,0,sim
0-40-219,41,0,0.0,0,sim
0-40-220,41,0,1.0,0,sim
0-40-221,41,0,0.0,0,sim
0-40-222,41,0,1.0,1,sim
0-40-223,41,0,1.0,0,sim
0-40-224,41,0,1.0,0,sim
0-40-225,41,0,0.0,0,sim
0-40-226,41,0,,0,sim
0-40-227,41,0,,0,sim
0-40-228,41,0,1.0,0,sim
0-40-229,41,0,1.0,0,sim
0-40-230,41,0,0.0,0,sim
0-40-231,41,0,0.0,0,sim
0-40-232,41,0,1.0,0,sim
0-40-233,41,0,1.0,0,sim
0-40-234,41,0,0.0,0,sim
0-40-235,41,0,1.0,0,sim
0-40-236,41,0,0.0,0,sim
0-40-237,41,0,0.0,0,sim
0-40-238,41,0,1.0,0,sim
0-40-239,41,0,1.0,0,sim
0-41-0,42,0,0.0,0,sim
0-41-1,42,0,1.0,0,sim
0-41-2,42,0,1.0,0,sim
0-41-3,42,0,1.0,0,sim
0-41-4,42,0,1.0,0,sim
0-41-5,42,0,1.0,0,sim
0-41-6,42,0,0.0,0,sim
0-41-7,42,0,0.0,0,sim
0-41-8,42,0,1.0,0,sim
0-41-9,42,0,1.0,0,sim
0-41-10,42,0,1.0,0,sim
0-41-11,42,0,1.0,0,sim
0-41-12,42,0,,0,sim
0-41-13,42,0,1.0,0,sim
0-41-14,42,0,1.0,0,sim
0-41-15,42,0,1.0,0,sim
0-41-16,42,0,0.0,0,sim
0-41-17,42,0,1.0,0,sim
0-41-18,42,0,1.0,0,sim
0-41-19,42,0,0.0,0,sim
0-41-20,42,0,1.0,0,sim
0-41-21,42,0,1.0,0,sim
0-41-22,42,0,1.0,0,sim
0-41-23,42,0,0.0,0,sim
0-41-24,42,0,1.0,0,sim
0-41-25,42,0,1.0,0,sim
0-41-26,42,0,0.0,0,sim
0-41-27,42,0,1.0,0,sim
0-41-28,42,0,0.0,0,sim
0-41-29,42,0,1.0,0,sim
0-41-30,42,0,1.0,0,sim
0-41-31,42,0,1.0,0,sim
0-41-32,42,0,1.0,0,sim
0-41-33,42,0,1.0,0,sim
0-41-34,42,0,1.0,0,sim
0-41-35,42,0,1.0,0,sim
0-41-36,42,0,0.0,0,sim
0-41-37,42,0,0.0,0,sim
0-41-38,42,0,1.0,0,sim
0-41-39,42,0,1.0,0,sim
0-41-40,42,0,1.0,0,sim
0-41-41,42,0,1.0,0,sim
0-41-42,42,0,1.0,0,sim
0-41-43,42,0,1.0,0,sim
0-41-44,42,0,0.0,0,sim
0-41-45,42,0,0.0,0,sim
0-41-46,42,0,1.0,0,sim
0-41-47,42,0,0.0,0,sim
0-41-48,42,0,0.0,0,sim
0-41-49,42,0,1.0,0,sim
0-41-50,42,0,1.0,0,sim
0-41-51,42,0,1.0,0,sim
0-41-52,42,0,1.0,0,sim
0-41-53,42,0,0.0,0,sim
0-41-54,42,0,1.0,0,sim
0-41-55,42,0,1.0,0,sim
0-41-56,42,0,0.0,0,sim
0-41-57,42,0,1.0,0,sim
0-41-58,42,0,0.0,0,sim
0-41-59,42,0,0.0,0,sim
0-41-60,42,0,1.0,0,sim
0-41-61,42,0,0.0,0,sim
0-41-62,42,0,0.0,0,sim
0-41-63,42,0,0.0,0,sim
0-41-64,42,0,1.0,1,sim
0-41-65,42,0,1.0,0,sim
0-41-66,42,0,1.0,0,sim
0-41-67,42,0,1.0,0,sim
0-41-68,42,0,0.0,0,sim
0-41-69,42,0,1.0,0,sim
0-41-70,42,0,1.0,0,sim
0-41-71,42,0,1.0,0,sim
0-41-72,42,0,1.0,0,sim
0-41-73,42,0,1.0,1,sim
0-41-74,42,0,0.0,0,sim
0-41-75,42,0,1.0,0,sim
0-41-76,42,0,1.0,0,sim
0-41-77,42,0,1.0,0,sim
0-41-78,42,0,0.0,0,sim
0-41-79,42,0,1.0,0,sim
0-41-80,42,0,1.0,0,sim
0-41-81,42,0,0.0,0,sim
0-41-82,42,0,0.0,0,sim
0-41-83,42,0,1.0,0,sim
0-41-84,42,0,1.0,0,sim
0-41-85,42,0,0.0,0,sim
0-41-86,42,0,1.0,0,sim
0-41-87,42,0,0.0,0,sim
0-41-88,42,0,0.0,0,sim
0-41-89,42,0,0.0,0,sim
0-41-90,42,0,1.0,0,sim
0-41-91,42,0,0.0,0,sim
0-41-92,42,0,1.0,0,sim
0-41-93,42,0,1.0,0,sim
0-41-94,42,0,1.0,0,sim
0-41-95,42,0,1.0,0,sim
0-41-96,42,0,1.0,1,sim
0-41-97,42,0,1.0,0,sim
0-41-98,42,0,0.0,0,sim
0-41-99,42,0,0.0,0,sim
0-41-100,42,0,0.0,0,sim
0-41-101,42,0,1.0,0,sim
0-41-102,42,0,0.0,0,sim
0-41-103,42,0,0.0,1,sim
0-41-104,42,0,1.0,0,sim
0-41-105,42,0,0.0,0,sim
0-41-106,42,0,1.0,0,sim
0-41-107,42,0,1.0,0,sim
0-41-108,42,0,0.0,0,sim
0-41-109,42,0,1.0,0,sim
0-41-110,42,0,0.0,0,sim
0-41-111,42,0,1.0,0,sim
0-41-112,42,0,0.0,0,sim
0-41-113,42,0,0.0,0,sim
0-41-114,42,0,1.0,0,sim
0-41-115,42,0,1.0,0,sim
0-41-116,42,0,1.0,0,sim
0-41-117,42,0,0.0,0,sim
0-41-118,42,0,0.0,0,sim
0-41-119,42,0,1.0,0,sim
0-41-120,42,0,1.0,0,sim
0-41-121,42,0,0.0,0,sim
0-41-122,42,0,0.0,0,sim
0-41-123,42,0,0.0,0,sim
0-41-124,42,0,,0,sim
0-41-125,42,0,0.0,0,sim
0-41-126,42,0,1.0,0,sim
0-41-127,42,0,0.0,0,sim
0-41-128,42,0,1.0,0,sim
0-41-129,42,0,1.0,0,sim
0-41-130,42,0,1.0,0,sim
0-41-131,42,0,0.0,0,sim
0-41-132,42,0,0.0,0,sim
0-41-133,42,0,0.0,0,sim
0-41-134,42,0,0.0,0,sim
0-41-135,42,0,1.0,0,sim
0-41-136,42,0,0.0,0,sim
0-41-137,42,0,0.0,0,sim
0-41-138,42,0,0.0,0,sim
0-41-139,42,0,1.0,0,sim
0-41-140,42,0,1.0,0,sim
0-41-141,42,0,0.0,1,sim
0-41-142,42,0,0.0,0,sim
0-41-143,42,0,1.0,0,sim
0-41-144,42,0,1.0,0,sim
0-41-145,42,0,1.0,0,sim
0-41-146,42,0,0.0,0,sim
0-41-147,42,0,1.0,0,sim
0-41-148,42,0,1.0,0,sim
0-41-149,42,0,1.0,0,sim
0-41-150,42,0,1.0,0,sim
0-41-151,42,0,0.0,0,sim
0-41-152,42,0,1.0,0,sim
0-41-153,42,0,1.0,0,sim
0-41-154,42,0,0.0,0,sim
0-41-155,42,0,1.0,0,sim
0-41-156,42,0,0.0,0,sim
0-41-157,42,0,1.0,0,sim
0-41-158,42,0,1.0,0,sim
0-41-159,42,0,1.0,0,sim
0-41-160,42,0,0.0,0,sim
0-41-161,42,0,1.0,0,sim
0-41-162,42,0,1.0,0,sim
0-41-163,42,0,1.0,0,sim
0-41-164,42,0,0.0,0,sim
0-41-165,42,0,1.0,0,sim
0-41-166,42,0,0.0,0,sim
0-41-167,42,0,1.0,0,sim
0-41-168,42,0,1.0,0,sim
0-41-169,42,0,1.0,0,sim
0-41-170,42,0,0.0,0,sim
0-41-171,42,0,1.0,0,sim
0-41-172,42,0,1.0,0,sim
0-41-173,42,0,0.0,0,sim
0-41-174,42,0,1.0,0,sim
0-41-175,42,0,1.0,0,sim
0-41-176,42,0,0.0,0,sim
0-41-177,42,0,1.0,0,sim
0-41-178,42,0,,1,sim
0-41-179,42,0,1.0,0,sim
0-41-180,42,0,0.0,0,sim
0-41-181,42,0,1.0,0,sim
0-41-182,42,0,1.0,0,sim
0-41-183,42,0,1.0,0,sim
0-41-184,42,0,1.0,0,sim
0-41-185,42,0,0.0,0,sim
0-41-186,42,0,1.0,0,sim
0-41-187,42,0,0.0,0,sim
0-41-188,42,0,1.0,0,sim
0-41-189,42,0,1.0,0,sim
0-41-190,42,0,1.0,0,sim
0-41-191,42,0,1.0,0,sim
0-41-192,42,0,1.0,0,sim
0-41-193,42,0,1.0,0,sim
0-41-194,42,0,1.0,0,sim
0-41-195,42,0,0.0,0,sim
0-41-196,42,0,0.0,0,sim
0-41-197,42,0,1.0,0,sim
0-41-198,42,0,1.0,0,sim
0-41-199,42,0,1.0,0,sim
0-41-200,42,0,1.0,0,sim
0-41-201,42,0,1.0,0,sim
0-41-202,42,0,1.0,0,sim
0-41-203,42,0,0.0,0,sim
0-41-204,42,0,0.0,0,sim
0-41-205,42,0,1.0,0,sim
0-41-206,42,0,0.0,0,sim
0-41-207,42,0,0.0,0,sim
0-41-208,42,0,0.0,0,sim
0-41-209,42,0,1.0,0,sim
0-41-210,42,0,1.0,0,sim
0-41-211,42,0,1.0,0,sim
0-41-212,42,0,1.0,0,sim
0-41-213,42,0,0.0,0,sim
0-41-214,42,0,1.0,1,sim
0-41-215,42,0,0.0,0,sim
0-41-216,42,0,1.0,0,sim
0-41-217,42,0,0.0,0,sim
0-41-218,42,0,1.0,0,sim
0-41-219,42,0,1.0,0,sim
0-41-220,42,0,1.0,0,sim
0-41-221,42,0,1.0,0,sim
0-41-222,42,0,1.0,0,sim
0-41-223,42,0,0.0,0,sim
0-41-224,42,0,1.0,0,sim
0-41-225,42,0,0.0,0,sim
0-41-226,42,0,1.0,0,sim
0-41-227,42,0,1.0,0,sim
0-41-228,42,0,1.0,0,sim
0-41-229,42,0,1.0,0,sim
0-41-230,42,0,1.0,0,sim
0-41-231,42,0,1.0,0,sim
0-41-232,42,0,1.0,0,sim
0-41-233,42,0,0.0,1,sim
0-41-234,42,0,1.0,0,sim
0-41-235,42,0,1.0,0,sim
0-41-236,42,0,1.0,0,sim
0-41-237,42,0,0.0,0,sim
0-41-238,42,0,0.0,0,sim
0-41-239,42,0,0.0,0,sim
0-42-0,43,0,1.0,0,sim
0-42-1,43,0,0.0,0,sim
0-42-2,43,0,1.0,0,sim
0-42-3,43,0,1.0,0,sim
0-42-4,43,0,0.0,0,sim
0-42-5,43,0,1.0,0,sim
0-42-6,43,0,0.0,0,sim
0-42-7,43,0,0.0,0,sim
0-42-8,43,0,1.0,0,sim
0-42-9,43,0,0.0,0,sim
0-42-10,43,0,1.0,0,sim
0-42-11,43,0,1.0,0,sim
0-42-12,43,0,1.0,0,sim
0-42-13,43,0,1.0,0,sim
0-42-14,43,0,1.0,0,sim
0-42-15,43,0,1.0,0,sim
0-42-16,43,0,1.0,0,sim
0-42-17,43,0,1.0,0,sim
0-42-18,43,0,1.0,0,sim
0-42-19,43,0,1.0,0,sim
0-42-20,43,0,1.0,0,sim
0-42-21,43,0,1.0,0,sim
0-42-22,43,0,0.0,0,sim
0-42-23,43,0,1.0,0,sim
0-42-24,43,0,0.0,0,sim
0-42-25,43,0,,0,sim
0-42-26,43,0,1.0,0,sim
0-42-27,43,0,0.0,0,sim
0-42-28,43,0,1.0,0,sim
0-42-29,43,0,0.0,0,sim
0-42-30,43,0,1.0,0,sim
0-42-31,43,0,1.0,0,sim
0-42-32,43,0,1.0,0,sim
0-42-33,43,0,1.0,0,sim
0-42-34,43,0,0.0,0,sim
0-42-35,43,0,1.0,0,sim
0-42-36,43,0,0.0,0,sim
0-42-37,43,0,1.0,0,sim
0-42-38,43,0,0.0,0,sim
0-42-39,43,0,1.0,0,sim
0-42-40,43,0,0.0,0,sim
0-42-41,43,0,0.0,0,sim
0-42-42,43,0,1.0,0,sim
0-42-43,43,0,1.0,0,sim
0-42-44,43,0,0.0,0,sim
0-42-45,43,0,0.0,0,sim
0-42-46,43,0,0.0,0,sim
0-42-47,43,0,1.0,0,sim
0-42-48,43,0,0.0,0,sim
0-42-49,43,0,0.0,0,sim
0-42-50,43,0,1.0,0,sim
0-42-51,43,0,1.0,0,sim
0-42-52,43,0,0.0,0,sim
0-42-53,43,0,0.0,0,sim
0-42-54,43,0,1.0,0,sim
0-42-55,43,0,0.0,0,sim
0-42-56,43,0,0.0,0,sim
0-42-57,43,0,1.0,0,sim
0-42-58,43,0,1.0,0,sim
0-42-59,43,0,1.0,0,sim
0-42-60,43,0,0.0,0,sim
0-42-61,43,0,1.0,0,sim
0-42-62,43,0,,0,sim
0-42-63,43,0,0.0,1,sim
0-42-64,43,0,1.0,0,sim
0-42-65,43,0,1.0,0,sim
0-42-66,43,0,1.0,0,sim
0-42-67,43,0,1.0,0,sim
0-42-68,43,0,1.0,0,sim
0-42-69,43,0,,0,sim
0-42-70,43,0,1.0,0,sim
0-42-71,43,0,1.0,0,sim
0-42-72,43,0,0.0,0,sim
0-42-73,43,0,0.0,0,sim
0-42-74,43,0,0.0,0,sim
0-42-75,43,0,0.0,0,sim
0-42-76,43,0,0.0,0,sim
0-42-77,43,0,1.0,0,sim
0-42-78,43,0,0.0,0,sim
0-42-79,43,0,1.0,0,sim
0-42-80,43,0,0.0,0,sim
0-42-81,43,0,1.0,0,sim
0-42-82,43,0,0.0,0,sim
0-42-83,43,0,0.0,0,sim
0-42-84,43,0,1.0,0,sim
0-42-85,43,0,0.0,0,sim
0-42-86,43,0,0.0,0,sim
0-42-87,43,0,1.0,0,sim
0-42-88,43,0,0.0,0,sim
0-42-89,43,0,1.0,0,sim
0-42-90,43,0,1.0,0,sim
0-42-91,43,0,1.0,0,sim
0-42-92,43,0,0.0,0,sim
0-42-93,43,0,1.0,0,sim
0-42-94,43,0,0.0,0,sim
0-42-95,43,0,,0,sim
0-42-96,43,0,0.0,1,sim
0-42-97,43,0,1.0,0,sim
0-42-98,43,0,0.0,0,sim
0-42-99,43,0,1.0,0,sim
0-42-100,43,0,1.0,0,sim
0-42-101,43,0,0.0,0,sim
0-42-102,43,0,0.0,0,sim
0-42-103,43,0,1.0,0,sim
0-42-104,43,0,0.0,0,sim
0-42-105,43,0,1.0,0,sim
0-42-106,43,0,0.0,0,sim
0-42-107,43,0,0.0,0,sim
0-42-108,43,0,1.0,0,sim
0-42-109,43,0,,0,sim
0-42-110,43,0,1.0,0,sim
0-42-111,43,0,1.0,0,sim
0-42-112,43,0,1.0,0,sim
0-42-113,43,0,0.0,0,sim
0-42-114,43,0,1.0,0,sim
0-42-115,43,0,0.0,0,sim
0-42-116,43,0,1.0,0,sim
0-42-117,43,0,,0,sim
0-42-118,43,0,0.0,0,sim
0-42-119,43,0,1.0,0,sim
0-42-120,43,0,0.0,0,sim
0-42-121,43,0,0.0,0,sim
0-42-122,43,0,1.0,0,sim
0-42-123,43,0,1.0,0,sim
0-42-124,43,0,0.0,1,sim
0-42-125,43,0,1.0,0,sim
0-42-126,43,0,0.0,0,sim
0-42-127,43,0,1.0,0,sim
0-42-128,43,0,0.0,0,sim
0-42-129,43,0,0.0,0,sim
0-42-130,43,0,0.0,0,sim
0-42-131,43,0,1.0,0,sim
0-42-132,43,0,1.0,0,sim
0-42-133,43,0,0.0,0,sim
0-42-134,43,0,1.0,0,sim
0-42-135,43,0,0.0,0,sim
0-42-136,43,0,1.0,0,sim
0-42-137,43,0,0.0,0,sim
0-42-138,43,0,1.0,0,sim
0-42-139,43,0,1.0,0,sim
0-42-140,43,0,1.0,0,sim
0-42-141,43,0,1.0,0,sim
0-42-142,43,0,1.0,0,sim
0-42-143,43,0,1.0,0,sim
0-42-144,43,0,0.0,0,sim
0-42-145,43,0,1.0,0,sim
0-42-146,43,0,1.0,0,sim
0-42-147,43,0,1.0,0,sim
0-42-148,43,0,1.0,0,sim
0-42-149,43,0,0.0,0,sim
0-42-150,43,0,1.0,0,sim
0-42-151,43,0,1.0,0,sim
0-42-152,43,0,1.0,0,sim
0-42-153,43,0,1.0,0,sim
0-42-154,43,0,1.0,0,sim
0-42-155,43,0,1.0,0,sim
0-42-156,43,0,0.0,0,sim
0-42-157,43,0,1.0,0,sim
0-42-158,43,0,1.0,0,sim
0-42-159,43,0,1.0,0,sim
0-42-160,43,0,0.0,0,sim
0-42-161,43,0,1.0,0,sim
0-42-162,43,0,1.0,0,sim
0-42-163,43,0,1.0,0,sim
0-42-164,43,0,1.0,0,sim
0-42-165,43,0,1.0,0,sim
0-42-166,43,0,0.0,0,sim
0-42-167,43,0,0.0,0,sim
0-42-168,43,0,0.0,0,sim
0-42-169,43,0,0.0,0,sim
0-42-170,43,0,1.0,0,sim
0-42-171,43,0,1.0,0,sim
0-42-172,43,0,0.0,0,sim
0-42-173,43,0,1.0,0,sim
0-42-174,43,0,0.0,0,sim
0-42-175,43,0,1.0,0,sim
0-42-176,43,0,1.0,0,sim
0-42-177,43,0,1.0,0,sim
0-42-178,43,0,1.0,0,sim
0-42-179,43,0,1.0,0,sim
0-42-180,43,0,1.0,0,sim
0-42-181,43,0,1.0,0,sim
0-42-182,43,0,1.0,0,sim
0-42-183,43,0,0.0,0,sim
0-42-184,43,0,1.0,0,sim
0-42-185,43,0,1.0,0,sim
0-42-186,43,0,1.0,0,sim
0-42-187,43,0,1.0,0,sim
0-42-188,43,0,1.0,0,sim
0-42-189,43,0,1.0,0,sim
0-42-190,43,0,1.0,0,sim
0-42-191,43,0,1.0,0,sim
0-42-192,43,0,0.0,0,sim
0-42-193,43,0,0.0,0,sim
0-42-194,43,0,1.0,0,sim
0-42-195,43,0,1.0,0,sim
0-42-196,43,0,1.0,0,sim
0-42-197,43,0,0.0,0,sim
0-42-198,43,0,0.0,0,sim
0-42-199,43,0,1.0,0,sim
0-42-200,43,0,1.0,0,sim
0-42-201,43,0,0.0,0,sim
0-42-202,43,0,1.0,0,sim
0-42-203,43,0,1.0,0,sim
0-42-204,43,0,1.0,0,sim
0-42-205,43,0,0.0,0,sim
0-42-206,43,0,1.0,0,sim
0-42-207,43,0,1.0,0,sim
0-42-208,43,0,,0,sim
0-42-209,43,0,1.0,0,sim
0-42-210,43,0,0.0,0,sim
0-42-211,43,0,0.0,0,sim
0-42-212,43,0,1.0,0,sim
0-42-213,43,0,1.0,0,sim
0-42-214,43,0,1.0,0,sim
0-42-215,43,0,1.0,0,sim
0-42-216,43,0,0.0,0,sim
0-42-217,43,0,1.0,0,sim
0-42-218,43,0,1.0,0,sim
0-42-219,43,0,1.0,1,sim
0-42-220,43,0,1.0,0,sim
0-42-221,43,0,1.0,0,sim
0-42-222,43,0,1.0,1,sim
0-42-223,43,0,1.0,0,sim
0-42-224,43,0,1.0,0,sim
0-42-225,43,0,1.0,0,sim
0-42-226,43,0,0.0,0,sim
0-42-227,43,0,0.0,0,sim
0-42-228,43,0,1.0,0,sim
0-42-229,43,0,1.0,0,sim
0-42-230,43,0,0.0,0,sim
0-42-231,43,0,1.0,0,sim
0-42-232,43,0,1.0,0,sim
0-42-233,43,0,1.0,0,sim
0-42-234,43,0,1.0,0,sim
0-42-235,43,0,1.0,0,sim
0-42-236,43,0,0.0,0,sim
0-42-237,43,0,1.0,0,sim
0-42-238,43,0,1.0,0,sim
0-42-239,43,0,1.0,0,sim
0-43-0,44,0,1.0,0,sim
0-43-1,44,0,1.0,0,sim
0-43-2,44,0,1.0,0,sim
0-43-3,44,0,,0,sim
0-43-4,44,0,1.0,0,sim
0-43-5,44,0,0.0,0,sim
0-43-6,44,0,0.0,0,sim
0-43-7,44,0,1.0,0,sim
0-43-8,44,0,1.0,0,sim
0-43-9,44,0,1.0,0,sim
0-43-10,44,0,0.0,0,sim
0-43-11,44,0,0.0,0,sim
0-43-12,44,0,1.0,0,sim
0-43-13,44,0,1.0,0,sim
0-43-14,44,0,1.0,0,sim
0-43-15,44,0,1.0,0,sim
0-43-16,44,0,1.0,0,sim
0-43-17,44,0,1.0,0,sim
0-43-18,44,0,0.0,0,sim
0-43-19,44,0,0.0,0,sim
0-43-20,44,0,1.0,0,sim
0-43-21,44,0,0.0,0,sim
0-43-22,44,0,1.0,0,sim
0-43-23,44,0,0.0,0,sim
0-43-24,44,0,1.0,0,sim
0-43-25,44,0,1.0,0,sim
0-43-26,44,0,0.0,0,sim
0-43-27,44,0,1.0,0,sim
0-43-28,44,0,1.0,0,sim
0-43-29,44,0,1.0,0,sim
0-43-30,44,0,0.0,0,sim
0-43-31,44,0,1.0,0,sim
0-43-32,44,0,0.0,0,sim
0-43-33,44,0,1.0,0,sim
0-43-34,44,0,1.0,0,sim
0-43-35,44,0,0.0,0,sim
0-43-36,44,0,1.0,0,sim
0-43-37,44,0,0.0,0,sim
0-43-38,44,0,1.0,0,sim
0-43-39,44,0,0.0,0,sim
0-43-40,44,0,1.0,0,sim
0-43-41,44,0,0.0,0,sim
0-43-42,44,0,1.0,0,sim
0-43-43,44,0,1.0,0,sim
0-43-44,44,0,0.0,0,sim
0-43-45,44,0,0.0,0,sim
0-43-46,44,0,1.0,0,sim
0-43-47,44,0,0.0,0,sim
0-43-48,44,0,1.0,0,sim
0-43-49,44,0,0.0,0,sim
0-43-50,44,0,1.0,0,sim
0-43-51,44,0,,0,sim
0-43-52,44,0,1.0,0,sim
0-43-53,44,0,0.0,0,sim
0-43-54,44,0,,0,sim
0-43-55,44,0,0.0,0,sim
0-43-56,44,0,0.0,0,sim
0-43-57,44,0,0.0,0,sim
0-43-58,44,0,,0,sim
0-43-59,44,0,1.0,0,sim
0-43-60,44,0,1.0,0,sim
0-43-61,44,0,1.0,0,sim
0-43-62,44,0,0.0,0,sim
0-43-63,44,0,1.0,0,sim
0-43-64,44,0,1.0,0,sim
0-43-65,44,0,1.0,0,sim
0-43-66,44,0,1.0,0,sim
0-43-67,44,0,0.0,0,sim
0-43-68,44,0,1.0,0,sim
0-43-69,44,0,1.0,0,sim
0-43-70,44,0,1.0,0,sim
0-43-71,44,0,1.0,0,sim
0-43-72,44,0,1.0,0,sim
0-43-73,44,0,1.0,0,sim
0-43-74,44,0,0.0,0,sim
0-43-75,44,0,1.0,0,sim
0-43-76,44,0,1.0,0,sim
0-43-77,44,0,1.0,0,sim
0-43-78,44,0,1.0,0,sim
0-43-79,44,0,,0,sim
0-43-80,44,0,0.0,0,sim
0-43-81,44,0,1.0,0,sim
0-43-82,44,0,1.0,0,sim
0-43-83,44,0,1.0,0,sim
0-43-84,44,0,1.0,0,sim
0-43-85,44,0,1.0,0,sim
0-43-86,44,0,1.0,1,sim
0-43-87,44,0,1.0,0,sim
0-43-88,44,0,0.0,0,sim
0-43-89,44,0,0.0,0,sim
0-43-90,44,0,1.0,0,sim
0-43-91,44,0,1.0,0,sim
0-43-92,44,0,1.0,0,sim
0-43-93,44,0,0.0,0,sim
0-43-94,44,0,1.0,0,sim
0-43-95,44,0,0.0,0,sim
0-43-96,44,0,1.0,0,sim
0-43-97,44,0,0.0,0,sim
0-43-98,44,0,1.0,0,sim
0-43-99,44,0,0.0,0,sim
0-43-100,44,0,1.0,0,sim
0-43-101,44,0,1.0,0,sim
0-43-102,44,0,1.0,0,sim
0-43-103,44,0,1.0,0,sim
0-43-104,44,0,1.0,0,sim
0-43-105,44,0,1.0,0,sim
0-43-106,44,0,0.0,0,sim
0-43-107,44,0,0.0,0,sim
0-43-108,44,0,0.0,0,sim
0-43-109,44,0,1.0,0,sim
0-43-110,44,0,1.0,0,sim
0-43-111,44,0,1.0,0,sim
0-43-112,44,0,0.0,0,sim
0-43-113,44,0,0.0,0,sim
0-43-114,44,0,,0,sim
0-43-115,44,0,0.0,1,sim
0-43-116,44,0,1.0,0,sim
0-43-117,44,0,1.0,0,sim
0-43-118,44,0,0.0,0,sim
0-43-119,44,0,0.0,0,sim
0-43-120,44,0,0.0,0,sim
0-43-121,44,0,1.0,1,sim
0-43-122,44,0,1.0,0,sim
0-43-123,44,0,1.0,0,sim
0-43-124,44,0,0.0,0,sim
0-43-125,44,0,1.0,0,sim
0-43-126,44,0,0.0,0,sim
0-43-127,44,0,0.0,0,sim
0-43-128,44,0,1.0,0,sim
0-43-129,44,0,1.0,0,sim
0-43-130,44,0,0.0,0,sim
0-43-131,44,0,0.0,0,sim
0-43-132,44,0,0.0,0,sim
0-43-133,44,0,1.0,0,sim
0-43-134,44,0,1.0,0,sim
0-43-135,44,0,1.0,0,sim
0-43-136,44,0,0.0,0,sim
0-43-137,44,0,0.0,0,sim
0-43-138,44,0,1.0,0,sim
0-43-139,44,0,1.0,0,sim
0-43-140,44,0,0.0,0,sim
0-43-141,44,0,0.0,0,sim
0-43-142,44,0,0.0,0,sim
0-43-143,44,0,1.0,0,sim
0-43-144,44,0,1.0,0,sim
0-43-145,44,0,1.0,0,sim
0-43-146,44,0,1.0,0,sim
0-43-147,44,0,0.0,0,sim
0-43-148,44,0,1.0,0,sim
0-43-149,44,0,1.0,0,sim
0-43-150,44,0,1.0,1,sim
0-43-151,44,0,1.0,0,sim
0-43-152,44,0,0.0,0,sim
0-43-153,44,0,1.0,0,sim
0-43-154,44,0,0.0,0,sim
0-43-155,44,0,1.0,0,sim
0-43-156,44,0,0.0,0,sim
0-43-157,44,0,1.0,0,sim
0-43-158,44,0,1.0,0,sim
0-43-159,44,0,0.0,0,sim
0-43-160,44,0,1.0,0,sim
0-43-161,44,0,1.0,0,sim
0-43-162,44,0,1.0,0,sim
0-43-163,44,0,1.0,0,sim
0-43-164,44,0,0.0,0,sim
0-43-165,44,0,0.0,0,sim
0-43-166,44,0,1.0,0,sim
0-43-167,44,0,0.0,0,sim
0-43-168,44,0,1.0,0,sim
0-43-169,44,0,1.0,0,sim
0-43-170,44,0,1.0,0,sim
0-43-171,44,0,1.0,0,sim
0-43-172,44,0,0.0,0,sim
0-43-173,44,0,0.0,0,sim
0-43-174,44,0,1.0,0,sim
0-43-175,44,0,0.0,0,sim
0-43-176,44,0,0.0,0,sim
0-43-177,44,0,1.0,0,sim
0-43-178,44,0,1.0,0,sim
0-43-179,44,0,1.0,0,sim
0-43-180,44,0,1.0,0,sim
0-43-181,44,0,1.0,0,sim
0-43-182,44,0,1.0,0,sim
0-43-183,44,0,0.0,0,sim
0-43-184,44,0,1.0,0,sim
0-43-185,44,0,1.0,0,sim
0-43-186,44,0,0.0,0,sim
0-43-187,44,0,1.0,0,sim
0-43-188,44,0,1.0,0,sim
0-43-189,44,0,0.0,0,sim
0-43-190,44,0,1.0,0,sim
0-43-191,44,0,1.0,0,sim
0-43-192,44,0,0.0,0,sim
0-43-193,44,0,1.0,0,sim
0-43-194,44,0,0.0,0,sim
0-43-195,44,0,0.0,0,sim
0-43-196,44,0,0.0,0,sim
0-43-197,44,0,1.0,0,sim
0-43-198,44,0,,0,sim
0-43-199,44,0,0.0,0,sim
0-43-200,44,0,1.0,0,sim
0-43-201,44,0,0.0,0,sim
0-43-202,44,0,0.0,0,sim
0-43-203,44,0,1.0,0,sim
0-43-204,44,0,1.0,0,sim
0-43-205,44,0,0.0,0,sim
0-43-206,44,0,1.0,0,sim
0-43-207,44,0,1.0,0,sim
0-43-208,44,0,1.0,0,sim
0-43-209,44,0,1.0,0,sim
0-43-210,44,0,0.0,0,sim
0-43-211,44,0,0.0,0,sim
0-43-212,44,0,,0,sim
0-43-213,44,0,1.0,0,sim
0-43-214,44,0,1.0,0,sim
0-43-215,44,0,1.0,0,sim
0-43-216,44,0,1.0,0,sim
0-43-217,44,0,1.0,0,sim
0-43-218,44,0,0.0,0,sim
0-43-219,44,0,1.0,0,sim
0-43-220,44,0,0.0,0,sim
0-43-221,44,0,1.0,0,sim
0-43-222,44,0,1.0,0,sim
0-43-223,44,0,1.0,0,sim
0-43-224,44,0,0.0,0,sim
0-43-225,44,0,1.0,0,sim
0-43-226,44,0,1.0,0,sim
0-43-227,44,0,1.0,0,sim
0-43-228,44,0,1.0,0,sim
0-43-229,44,0,1.0,0,sim
0-43-230,44,0,1.0,0,sim
0-43-231,44,0,1.0,0,sim
0-43-232,44,0,1.0,0,sim
0-43-233,44,0,0.0,0,sim
0-43-234,44,0,0.0,0,sim
0-43-235,44,0,1.0,0,sim
0-43-236,44,0,1.0,0,sim
0-43-237,44,0,1.0,0,sim
0-43-238,44,0,,0,sim
0-43-239,44,0,1.0,0,sim
0-44-0,45,0,1.0,0,sim
0-44-1,45,0,0.0,0,sim
0-44-2,45,0,0.0,0,sim
0-44-3,45,0,0.0,0,sim
0-44-4,45,0,1.0,0,sim
0-44-5,45,0,0.0,0,sim
0-44-6,45,0,0.0,0,sim
0-44-7,45,0,1.0,0,sim
0-44-8,45,0,1.0,0,sim
0-44-9,45,0,0.0,0,sim
0-44-10,45,0,0.0,0,sim
0-44-11,45,0,1.0,0,sim
0-44-12,45,0,0.0,0,sim
0-44-13,45,0,,0,sim
0-44-14,45,0,1.0,0,sim
0-44-15,45,0,1.0,0,sim
0-44-16,45,0,1.0,0,sim
0-44-17,45,0,1.0,0,sim
0-44-18,45,0,1.0,0,sim
0-44-19,45,0,0.0,0,sim
0-44-20,45,0,1.0,0,sim
0-44-21,45,0,1.0,0,sim
0-44-22,45,0,1.0,0,sim
0-44-23,45,0,1.0,0,sim
0-44-24,45,0,0.0,0,sim
0-44-25,45,0,0.0,0,sim
0-44-26,45,0,1.0,0,sim
0-44-27,45,0,1.0,0,sim
0-44-28,45,0,1.0,0,sim
0-44-29,45,0,1.0,0,sim
0-44-30,45,0,1.0,0,sim
0-44-31,45,0,1.0,0,sim
0-44-32,45,0,0.0,0,sim
0-44-33,45,0,1.0,0,sim
0-44-34,45,0,0.0,0,sim
0-44-35,45,0,1.0,0,sim
0-44-36,45,0,1.0,0,sim
0-44-37,45,0,0.0,0,sim
0-44-38,45,0,1.0,0,sim
0-44-39,45,0,0.0,0,sim
0-44-40,45,0,1.0,0,sim
0-44-41,45,0,1.0,0,sim
0-44-42,45,0,1.0,0,sim
0-44-43,45,0,,0,sim
0-44-44,45,0,0.0,0,sim
0-44-45,45,0,1.0,0,sim
0-44-46,45,0,1.0,0,sim
0-44-47,45,0,1.0,0,sim
0-44-48,45,0,1.0,0,sim
0-44-49,45,0,0.0,1,sim
0-44-50,45,0,1.0,0,sim
0-44-51,45,0,1.0,0,sim
0-44-52,45,0,0.0,0,sim
0-44-53,45,0,0.0,0,sim
0-44-54,45,0,0.0,0,sim
0-44-55,45,0,1.0,0,sim
0-44-56,45,0,0.0,1,sim
0-44-57,45,0,0.0,0,sim
0-44-58,45,0,0.0,0,sim
0-44-59,45,0,1.0,0,sim
0-44-60,45,0,1.0,0,sim
0-44-61,45,0,1.0,0,sim
0-44-62,45,0,0.0,0,sim
0-44-63,45,0,1.0,0,sim
0-44-64,45,0,1.0,0,sim
0-44-65,45,0,1.0,0,sim
0-44-66,45,0,0.0,0,sim
0-44-67,45,0,1.0,0,sim
0-44-68,45,0,0.0,0,sim
0-44-69,45,0,1.0,0,sim
0-44-70,45,0,1.0,0,sim
0-44-71,45,0,0.0,0,sim
0-44-72,45,0,,0,sim
0-44-73,45,0,1.0,0,sim
0-44-74,45,0,1.0,0,sim
0-44-75,45,0,1.0,0,sim
0-44-76,45,0,0.0,0,sim
0-44-77,45,0,1.0,0,sim
0-44-78,45,0,0.0,0,sim
0-44-79,45,0,0.0,0,sim
0-44-80,45,0,1.0,0,sim
0-44-81,45,0,1.0,0,sim
0-44-82,45,0,1.0,0,sim
0-44-83,45,0,1.0,0,sim
0-44-84,45,0,1.0,0,sim
0-44-85,45,0,1.0,0,sim
0-44-86,45,0,1.0,0,sim
0-44-87,45,0,,0,sim
0-44-88,45,0,0.0,0,sim
0-44-89,45,0,1.0,0,sim
0-44-90,45,0,0.0,0,sim
0-44-91,45,0,0.0,1,sim
0-44-92,45,0,,0,sim
0-44-93,45,0,1.0,0,sim
0-44-94,45,0,0.0,0,sim
0-44-95,45,0,1.0,0,sim
0-44-96,45,0,1.0,0,sim
0-44-97,45,0,1.0,0,sim
0-44-98,45,0,0.0,0,sim
0-44-99,45,0,1.0,0,sim
0-44-100,45,0,1.0,0,sim
0-44-101,45,0,0.0,0,sim
0-44-102,45,0,1.0,0,sim
0-44-103,45,0,1.0,0,sim
0-44-104,45,0,1.0,0,sim
0-44-105,45,0,0.0,0,sim
0-44-106,45,0,0.0,0,sim
0-44-107,45,0,,0,sim
0-44-108,45,0,0.0,0,sim
0-44-109,45,0,1.0,0,sim
0-44-110,45,0,1.0,0,sim
0-44-111,45,0,0.0,0,sim
0-44-112,45,0,1.0,0,sim
0-44-113,45,0,1.0,0,sim
0-44-114,45,0,0.0,0,sim
0-44-115,45,0,1.0,0,sim
0-44-116,45,0,1.0,0,sim
0-44-117,45,0,0.0,0,sim
0-44-118,45,0,0.0,0,sim
0-44-119,45,0,1.0,0,sim
0-44-120,45,0,1.0,0,sim
0-44-121,45,0,0.0,0,sim
0-44-122,45,0,0.0,0,sim
0-44-123,45,0,1.0,0,sim
0-44-124,45,0,0.0,0,sim
0-44-125,45,0,0.0,0,sim
0-44-126,45,0,1.0,0,sim
0-44-127,45,0,0.0,0,sim
0-44-128,45,0,,0,sim
0-44-129,45,0,1.0,0,sim
0-44-130,45,0,0.0,0,sim
0-44-131,45,0,1.0,0,sim
0-44-132,45,0,0.0,0,sim
0-44-133,45,0,0.0,0,sim
0-44-134,45,0,1.0,0,sim
0-44-135,45,0,1.0,0,sim
0-44-136,45,0,1.0,0,sim
0-44-137,45,0,1.0,0,sim
0-44-138,45,0,1.0,0,sim
0-44-139,45,0,0.0,0,sim
0-44-140,45,0,0.0,0,sim
0-44-141,45,0,1.0,0,sim
0-44-142,45,0,0.0,0,sim
0-44-143,45,0,1.0,0,sim
0-44-144,45,0,1.0,0,sim
0-44-145,45,0,1.0,0,sim
0-44-146,45,0,0.0,0,sim
0-44-147,45,0,1.0,0,sim
0-44-148,45,0,0.0,0,sim
0-44-149,45,0,1.0,0,sim
0-44-150,45,0,1.0,0,sim
0-44-151,45,0,0.0,0,sim
0-44-152,45,0,0.0,0,sim
0-44-153,45,0,1.0,0,sim
0-44-154,45,0,1.0,0,sim
0-44-155,45,0,0.0,0,sim
0-44-156,45,0,1.0,0,sim
0-44-157,45,0,0.0,0,sim
0-44-158,45,0,1.0,0,sim
0-44-159,45,0,0.0,0,sim
0-44-160,45,0,1.0,0,sim
0-44-161,45,0,1.0,0,sim
0-44-162,45,0,1.0,0,sim
0-44-163,45,0,0.0,0,sim
0-44-164,45,0,1.0,0,sim
0-44-165,45,0,1.0,0,sim
0-44-166,45,0,0.0,0,sim
0-44-167,45,0,1.0,0,sim
0-44-168,45,0,0.0,0,sim
0-44-169,45,0,1.0,0,sim
0-44-170,45,0,0.0,0,sim
0-44-171,45,0,1.0,0,sim
0-44-172,45,0,1.0,0,sim
0-44-173,45,0,1.0,0,sim
0-44-174,45,0,1.0,0,sim
0-44-175,45,0,1.0,0,sim
0-44-176,45,0,0.0,0,sim
0-44-177,45,0,1.0,0,sim
0-44-178,45,0,1.0,0,sim
0-44-179,45,0,1.0,0,sim
0-44-180,45,0,0.0,0,sim
0-44-181,45,0,0.0,0,sim
0-44-182,45,0,1.0,0,sim
0-44-183,45,0,1.0,0,sim
0-44-184,45,0,0.0,0,sim
0-44-185,45,0,0.0,0,sim
0-44-186,45,0,1.0,0,sim
0-44-187,45,0,0.0,0,sim
0-44-188,45,0,0.0,0,sim
0-44-189,45,0,1.0,0,sim
0-44-190,45,0,0.0,0,sim
0-44-191,45,0,1.0,0,sim
0-44-192,45,0,1.0,0,sim
0-44-193,45,0,1.0,0,sim
0-44-194,45,0,1.0,0,sim
0-44-195,45,0,1.0,0,sim
0-44-196,45,0,1.0,0,sim
0-44-197,45,0,0.0,0,sim
0-44-198,45,0,1.0,0,sim
0-44-199,45,0,0.0,0,sim
0-44-200,45,0,0.0,0,sim
0-44-201,45,0,1.0,0,sim
0-44-202,45,0,1.0,0,sim
0-44-203,45,0,1.0,0,sim
0-44-204,45,0,1.0,0,sim
0-44-205,45,0,1.0,0,sim
0-44-206,45,0,0.0,0,sim
0-44-207,45,0,0.0,0,sim
0-44-208,45,0,1.0,1,sim
0-44-209,45,0,1.0,0,sim
0-44-210,45,0,1.0,0,sim
0-44-211,45,0,1.0,0,sim
0-44-212,45,0,0.0,0,sim
0-44-213,45,0,1.0,0,sim
0-44-214,45,0,1.0,0,sim
0-44-215,45,0,0.0,0,sim
0-44-216,45,0,1.0,0,sim
0-44-217,45,0,1.0,0,sim
0-44-218,45,0,0.0,0,sim
0-44-219,45,0,1.0,0,sim
0-44-220,45,0,1.0,0,sim
0-44-221,45,0,0.0,0,sim
0-44-222,45,0,1.0,0,sim
0-44-223,45,0,1.0,0,sim
0-44-224,45,0,0.0,0,sim
0-44-225,45,0,1.0,0,sim
0-44-226,45,0,1.0,0,sim
0-44-227,45,0,1.0,0,sim
0-44-228,45,0,0.0,0,sim
0-44-229,45,0,1.0,0,sim
0-44-230,45,0,1.0,0,sim
0-44-231,45,0,1.0,0,sim
0-44-232,45,0,1.0,0,sim
0-44-233,45,0,1.0,0,sim
0-44-234,45,0,0.0,0,sim
0-44-235,45,0,1.0,0,sim
0-44-236,45,0,1.0,0,sim
0-44-237,45,0,0.0,0,sim
0-44-238,45,0,1.0,0,sim
0-44-239,45,0,0.0,0,sim
0-45-0,46,0,1.0,0,sim
0-45-1,46,0,1.0,0,sim
0-45-2,46,0,1.0,0,sim
0-45-3,46,0,1.0,0,sim
0-45-4,46,0,1.0,0,sim
0-45-5,46,0,1.0,0,sim
0-45-6,46,0,1.0,0,sim
0-45-7,46,0,0.0,0,sim
0-45-8,46,0,0.0,0,sim
0-45-9,46,0,1.0,0,sim
0-45-10,46,0,0.0,0,sim
0-45-11,46,0,0.0,0,sim
0-45-12,46,0,0.0,0,sim
0-45-13,46,0,1.0,0,sim
0-45-14,46,0,0.0,0,sim
0-45-15,46,0,0.0,0,sim
0-45-16,46,0,1.0,0,sim
0-45-17,46,0,0.0,0,sim
0-45-18,46,0,1.0,0,sim
0-45-19,46,0,1.0,0,sim
0-45-20,46,0,0.0,0,sim
0-45-21,46,0,1.0,0,sim
0-45-22,46,0,0.0,0,sim
0-45-23,46,0,0.0,0,sim
0-45-24,46,0,1.0,0,sim
0-45-25,46,0,1.0,0,sim
0-45-26,46,0,1.0,0,sim
0-45-27,46,0,0.0,0,sim
0-45-28,46,0,1.0,0,sim
0-45-29,46,0,0.0,0,sim
0-45-30,46,0,0.0,0,sim
0-45-31,46,0,0.0,0,sim
0-45-32,46,0,0.0,0,sim
0-45-33,46,0,1.0,0,sim
0-45-34,46,0,1.0,0,sim
0-45-35,46,0,0.0,0,sim
0-45-36,46,0,1.0,0,sim
0-45-37,46,0,0.0,0,sim
0-45-38,46,0,1.0,0,sim
0-45-39,46,0,1.0,0,sim
0-45-40,46,0,1.0,0,sim
0-45-41,46,0,1.0,0,sim
0-45-42,46,0,1.0,0,sim
0-45-43,46,0,1.0,1,sim
0-45-44,46,0,0.0,0,sim
0-45-45,46,0,0.0,0,sim
0-45-46,46,0,0.0,0,sim
0-45-47,46,0,1.0,0,sim
0-45-48,46,0,1.0,0,sim
0-45-49,46,0,1.0,0,sim
0-45-50,46,0,0.0,0,sim
0-45-51,46,0,1.0,0,sim
0-45-52,46,0,1.0,0,sim
0-45-53,46,0,1.0,0,sim
0-45-54,46,0,0.0,0,sim
0-45-55,46,0,0.0,0,sim
0-45-56,46,0,1.0,0,sim
0-45-57,46,0,0.0,0,sim
0-45-58,46,0,1.0,0,sim
0-45-59,46,0,1.0,0,sim
0-45-60,46,0,1.0,0,sim
0-45-61,46,0,1.0,0,sim
0-45-62,46,0,0.0,0,sim
0-45-63,46,0,0.0,0,sim
0-45-64,46,0,0.0,0,sim
0-45-65,46,0,0.0,0,sim
0-45-66,46,0,1.0,0,sim
0-45-67,46,0,1.0,0,sim
0-45-68,46,0,1.0,0,sim
0-45-69,46,0,1.0,0,sim
0-45-70,46,0,1.0,0,sim
0-45-71,46,0,1.0,0,sim
0-45-72,46,0,1.0,0,sim
0-45-73,46,0,1.0,0,sim
0-45-74,46,0,1.0,0,sim
0-45-75,46,0,1.0,0,sim
0-45-76,46,0,1.0,0,sim
0-45-77,46,0,1.0,0,sim
0-45-78,46,0,0.0,0,sim
0-45-79,46,0,1.0,0,sim
0-45-80,46,0,0.0,0,sim
0-45-81,46,0,1.0,0,sim
0-45-82,46,0,0.0,0,sim
0-45-83,46,0,1.0,0,sim
0-45-84,46,0,1.0,0,sim
0-45-85,46,0,0.0,0,sim
0-45-86,46,0,0.0,0,sim
0-45-87,46,0,1.0,0,sim
0-45-88,46,0,1.0,0,sim
0-45-89,46,0,1.0,0,sim
0-45-90,46,0,1.0,0,sim
0-45-91,46,0,0.0,0,sim
0-45-92,46,0,1.0,0,sim
0-45-93,46,0,0.0,0,sim
0-45-94,46,0,1.0,0,sim
0-45-95,46,0,0.0,0,sim
0-45-96,46,0,1.0,0,sim
0-45-97,46,0,1.0,0,sim
0-45-98,46,0,0.0,0,sim
0-45-99,46,0,,0,sim
0-45-100,46,0,1.0,0,sim
0-45-101,46,0,1.0,0,sim
0-45-102,46,0,0.0,0,sim
0-45-103,46,0,1.0,0,sim
0-45-104,46,0,1.0,0,sim
0-45-105,46,0,0.0,0,sim
0-45-106,46,0,1.0,0,sim
0-45-107,46,0,1.0,0,sim
0-45-108,46,0,0.0,0,sim
0-45-109,46,0,1.0,0,sim
0-45-110,46,0,1.0,0,sim
0-45-111,46,0,1.0,0,sim
0-45-112,46,0,1.0,0,sim
0-45-113,46,0,0.0,0,sim
0-45-114,46,0,1.0,0,sim
0-45-115,46,0,0.0,0,sim
0-45-116,46,0,0.0,0,sim
0-45-117,46,0,0.0,0,sim
0-45-118,46,0,0.0,0,sim
0-45-119,46,0,0.0,0,sim
0-45-120,46,0,1.0,0,sim
0-45-121,46,0,1.0,0,sim
0-45-122,46,0,1.0,0,sim
0-45-123,46,0,1.0,0,sim
0-45-124,46,0,0.0,0,sim
0-45-125,46,0,1.0,0,sim
0-45-126,46,0,1.0,0,sim
0-45-127,46,0,1.0,0,sim
0-45-128,46,0,1.0,0,sim
0-45-129,46,0,1.0,0,sim
0-45-130,46,0,0.0,0,sim
0-45-131,46,0,0.0,0,sim
0-45-132,46,0,1.0,0,sim
0-45-133,46,0,0.0,0,sim
0-45-134,46,0,1.0,0,sim
0-45-135,46,0,0.0,0,sim
0-45-136,46,0,1.0,0,sim
0-45-137,46,0,1.0,0,sim
0-45-138,46,0,1.0,0,sim
0-45-139,46,0,1.0,0,sim
0-45-140,46,0,1.0,0,sim
0-45-141,46,0,1.0,0,sim
0-45-142,46,0,1.0,0,sim
0-45-143,46,0,1.0,0,sim
0-45-144,46,0,0.0,0,sim
0-45-145,46,0,1.0,0,sim
0-45-146,46,0,1.0,0,sim
0-45-147,46,0,0.0,0,sim
0-45-148,46,0,1.0,0,sim
0-45-149,46,0,1.0,0,sim
0-45-150,46,0,0.0,0,sim
0-45-151,46,0,0.0,0,sim
0-45-152,46,0,0.0,0,sim
0-45-153,46,0,0.0,0,sim
0-45-154,46,0,1.0,0,sim
0-45-155,46,0,0.0,0,sim
0-45-156,46,0,1.0,0,sim
0-45-157,46,0,1.0,0,sim
0-45-158,46,0,1.0,0,sim
0-45-159,46,0,1.0,0,sim
0-45-160,46,0,1.0,0,sim
0-45-161,46,0,1.0,1,sim
0-45-162,46,0,1.0,0,sim
0-45-163,46,0,0.0,0,sim
0-45-164,46,0,1.0,0,sim
0-45-165,46,0,0.0,0,sim
0-45-166,46,0,0.0,0,sim
0-45-167,46,0,1.0,0,sim
0-45-168,46,0,0.0,0,sim
0-45-169,46,0,1.0,0,sim
0-45-170,46,0,0.0,0,sim
0-45-171,46,0,1.0,0,sim
0-45-172,46,0,0.0,0,sim
0-45-173,46,0,1.0,0,sim
0-45-174,46,0,0.0,0,sim
0-45-175,46,0,1.0,0,sim
0-45-176,46,0,0.0,0,sim
0-45-177,46,0,1.0,0,sim
0-45-178,46,0,1.0,0,sim
0-45-179,46,0,0.0,0,sim
0-45-180,46,0,0.0,0,sim
0-45-181,46,0,1.0,0,sim
0-45-182,46,0,0.0,0,sim
0-45-183,46,0,1.0,0,sim
0-45-184,46,0,1.0,1,sim
0-45-185,46,0,1.0,0,sim
0-45-186,46,0,1.0,0,sim
0-45-187,46,0,0.0,0,sim
0-45-188,46,0,0.0,0,sim
0-45-189,46,0,1.0,0,sim
0-45-190,46,0,1.0,0,sim
0-45-191,46,0,1.0,0,sim
0-45-192,46,0,0.0,0,sim
0-45-193,46,0,0.0,0,sim
0-45-194,46,0,1.0,0,sim
0-45-195,46,0,0.0,0,sim
0-45-196,46,0,0.0,0,sim
0-45-197,46,0,0.0,0,sim
0-45-198,46,0,1.0,0,sim
0-45-199,46,0,1.0,0,sim
0-45-200,46,0,1.0,0,sim
0-45-201,46,0,1.0,0,sim
0-45-202,46,0,1.0,0,sim
0-45-203,46,0,0.0,0,sim
0-45-204,46,0,0.0,0,sim
0-45-205,46,0,1.0,0,sim
0-45-206,46,0,1.0,0,sim
0-45-207,46,0,1.0,0,sim
0-45-208,46,0,0.0,0,sim
0-45-209,46,0,0.0,0,sim
0-45-210,46,0,1.0,0,sim
0-45-211,46,0,1.0,0,sim
0-45-212,46,0,1.0,0,sim
0-45-213,46,0,1.0,0,sim
0-45-214,46,0,1.0,0,sim
0-45-215,46,0,1.0,0,sim
0-45-216,46,0,1.0,0,sim
0-45-217,46,0,0.0,0,sim
0-45-218,46,0,1.0,0,sim
0-45-219,46,0,1.0,0,sim
0-45-220,46,0,1.0,0,sim
0-45-221,46,0,0.0,0,sim
0-45-222,46,0,1.0,0,sim
0-45-223,46,0,1.0,0,sim
0-45-224,46,0,1.0,0,sim
0-45-225,46,0,1.0,0,sim
0-45-226,46,0,1.0,0,sim
0-45-227,46,0,1.0,0,sim
0-45-228,46,0,1.0,0,sim
0-45-229,46,0,0.0,0,sim
0-45-230,46,0,0.0,0,sim
0-45-231,46,0,,0,sim
0-45-232,46,0,1.0,0,sim
0-45-233,46,0,1.0,0,sim
0-45-234,46,0,1.0,0,sim
0-45-235,46,0,1.0,0,sim
0-45-236,46,0,1.0,0,sim
0-45-237,46,0,1.0,0,sim
0-45-238,46,0,0.0,0,sim
0-45-239,46,0,0.0,0,sim
0-46-0,47,0,0.0,0,sim
0-46-1,47,0,1.0,0,sim
0-46-2,47,0,1.0,0,sim
0-46-3,47,0,1.0,0,sim
0-46-4,47,0,0.0,0,sim
0-46-5,47,0,1.0,0,sim
0-46-6,47,0,1.0,0,sim
0-46-7,47,0,1.0,0,sim
0-46-8,47,0,1.0,0,sim
0-46-9,47,0,0.0,0,sim
0-46-10,47,0,1.0,0,sim
0-46-11,47,0,0.0,0,sim
0-46-12,47,0,1.0,0,sim
0-46-13,47,0,0.0,0,sim
0-46-14,47,0,0.0,0,sim
0-46-15,47,0,1.0,0,sim
0-46-16,47,0,1.0,0,sim
0-46-17,47,0,1.0,0,sim
0-46-18,47,0,1.0,0,sim
0-46-19,47,0,0.0,0,sim
0-46-20,47,0,0.0,0,sim
0-46-21,47,0,1.0,0,sim
0-46-22,47,0,1.0,0,sim
0-46-23,47,0,1.0,0,sim
0-46-24,47,0,0.0,0,sim
0-46-25,47,0,1.0,0,sim
0-46-26,47,0,0.0,0,sim
0-46-27,47,0,1.0,0,sim
0-46-28,47,0,1.0,0,sim
0-46-29,47,0,1.0,0,sim
0-46-30,47,0,1.0,0,sim
0-46-31,47,0,0.0,0,sim
0-46-32,47,0,1.0,0,sim
0-46-33,47,0,0.0,0,sim
0-46-34,47,0,0.0,0,sim
0-46-35,47,0,0.0,0,sim
0-46-36,47,0,0.0,0,sim
0-46-37,47,0,1.0,0,sim
0-46-38,47,0,1.0,0,sim
0-46-39,47,0,0.0,0,sim
0-46-40,47,0,1.0,0,sim
0-46-41,47,0,1.0,0,sim
0-46-42,47,0,1.0,0,sim
0-46-43,47,0,0.0,0,sim
0-46-44,47,0,0.0,0,sim
0-46-45,47,0,1.0,0,sim
0-46-46,47,0,1.0,0,sim
0-46-47,47,0,0.0,0,sim
0-46-48,47,0,1.0,0,sim
0-46-49,47,0,0.0,0,sim
0-46-50,47,0,1.0,0,sim
0-46-51,47,0,1.0,0,sim
0-46-52,47,0,0.0,0,sim
0-46-53,47,0,1.0,0,sim
0-46-54,47,0,1.0,0,sim
0-46-55,47,0,0.0,0,sim
0-46-56,47,0,0.0,0,sim
0-46-57,47,0,0.0,0,sim
0-46-58,47,0,0.0,0,sim
0-46-59,47,0,0.0,0,sim
0-46-60,47,0,0.0,0,sim
0-46-61,47,0,0.0,0,sim
0-46-62,47,0,1.0,0,sim
0-46-63,47,0,1.0,0,sim
0-46-64,47,0,1.0,0,sim
0-46-65,47,0,1.0,0,sim
0-46-66,47,0,0.0,0,sim
0-46-67,47,0,0.0,0,sim
0-46-68,47,0,1.0,0,sim
0-46-69,47,0,0.0,0,sim
0-46-70,47,0,,0,sim
0-46-71,47,0,0.0,0,sim
0-46-72,47,0,1.0,0,sim
0-46-73,47,0,0.0,0,sim
0-46-74,47,0,1.0,0,sim
0-46-75,47,0,1.0,0,sim
0-46-76,47,0,0.0,0,sim
0-46-77,47,0,0.0,0,sim
0-46-78,47,0,1.0,0,sim
0-46-79,47,0,1.0,0,sim
0-46-80,47,0,1.0,0,sim
0-46-81,47,0,1.0,0,sim
0-46-82,47,0,0.0,0,sim
0-46-83,47,0,1.0,0,sim
0-46-84,47,0,0.0,0,sim
0-46-85,47,0,0.0,0,sim
0-46-86,47,0,1.0,0,sim
0-46-87,47,0,1.0,0,sim
0-46-88,47,0,0.0,0,sim
0-46-89,47,0,1.0,0,sim
0-46-90,47,0,1.0,0,sim
0-46-91,47,0,1.0,0,sim
0-46-92,47,0,1.0,0,sim
0-46-93,47,0,0.0,0,sim
0-46-94,47,0,1.0,0,sim
0-46-95,47,0,1.0,0,sim
0-46-96,47,0,1.0,0,sim
0-46-97,47,0,0.0,0,sim
0-46-98,47,0,0.0,0,sim
0-46-99,47,0,0.0,0,sim
0-46-100,47,0,1.0,0,sim
0-46-101,47,0,0.0,0,sim
0-46-102,47,0,0.0,1,sim
0-46-103,47,0,0.0,0,sim
0-46-104,47,0,1.0,0,sim
0-46-105,47,0,1.0,1,sim
0-46-106,47,0,0.0,0,sim
0-46-107,47,0,1.0,0,sim
0-46-108,47,0,1.0,1,sim
0-46-109,47,0,0.0,0,sim
0-46-110,47,0,1.0,0,sim
0-46-111,47,0,1.0,0,sim
0-46-112,47,0,1.0,0,sim
0-46-113,47,0,0.0,0,sim
0-46-114,47,0,1.0,0,sim
0-46-115,47,0,0.0,0,sim
0-46-116,47,0,0.0,0,sim
0-46-117,47,0,1.0,0,sim
0-46-118,47,0,1.0,0,sim
0-46-119,47,0,1.0,0,sim
0-46-120,47,0,1.0,0,sim
0-46-121,47,0,0.0,0,sim
0-46-122,47,0,0.0,0,sim
0-46-123,47,0,0.0,0,sim
0-46-124,47,0,1.0,0,sim
0-46-125,47,0,,0,sim
0-46-126,47,0,0.0,0,sim
0-46-127,47,0,,0,sim
0-46-128,47,0,0.0,0,sim
0-46-129,47,0,1.0,0,sim
0-46-130,47,0,0.0,0,sim
0-46-131,47,0,0.0,0,sim
0-46-132,47,0,0.0,0,sim
0-46-133,47,0,0.0,0,sim
0-46-134,47,0,0.0,0,sim
0-46-135,47,0,0.0,0,sim
0-46-136,47,0,1.0,0,sim
0-46-137,47,0,0.0,0,sim
0-46-138,47,0,0.0,0,sim
0-46-139,47,0,,1,sim
0-46-140,47,0,1.0,0,sim
0-46-141,47,0,1.0,0,sim
0-46-142,47,0,1.0,0,sim
0-46-143,47,0,1.0,0,sim
0-46-144,47,0,0.0,0,sim
0-46-145,47,0,1.0,0,sim
0-46-146,47,0,1.0,0,sim
0-46-147,47,0,1.0,0,sim
0-46-148,47,0,0.0,0,sim
0-46-149,47,0,1.0,0,sim
0-46-150,47,0,0.0,0,sim
0-46-151,47,0,1.0,0,sim
0-46-152,47,0,0.0,0,sim
0-46-153,47,0,1.0,0,sim
0-46-154,47,0,1.0,0,sim
0-46-155,47,0,1.0,0,sim
0-46-156,47,0,0.0,0,sim
0-46-157,47,0,0.0,0,sim
0-46-158,47,0,1.0,0,sim
0-46-159,47,0,0.0,0,sim
0-46-160,47,0,0.0,0,sim
0-46-161,47,0,0.0,0,sim
0-46-162,47,0,0.0,0,sim
0-46-163,47,0,0.0,0,sim
0-46-164,47,0,0.0,0,sim
0-46-165,47,0,0.0,0,sim
0-46-166,47,0,0.0,0,sim
0-46-167,47,0,1.0,0,sim
0-46-168,47,0,1.0,0,sim
0-46-169,47,0,1.0,0,sim
0-46-170,47,0,1.0,0,sim
0-46-171,47,0,1.0,0,sim
0-46-172,47,0,1.0,0,sim
0-46-173,47,0,0.0,0,sim
0-46-174,47,0,1.0,0,sim
0-46-175,47,0,1.0,0,sim
0-46-176,47,0,1.0,0,sim
0-46-177,47,0,1.0,0,sim
0-46-178,47,0,1.0,0,sim
0-46-179,47,0,1.0,0,sim
0-46-180,47,0,1.0,0,sim
0-46-181,47,0,0.0,0,sim
0-46-182,47,0,1.0,0,sim
0-46-183,47,0,1.0,0,sim
0-46-184,47,0,0.0,0,sim
0-46-185,47,0,0.0,0,sim
0-46-186,47,0,0.0,0,sim
0-46-187,47,0,0.0,0,sim
0-46-188,47,0,0.0,0,sim
0-46-189,47,0,1.0,0,sim
0-46-190,47,0,1.0,0,sim
0-46-191,47,0,1.0,0,sim
0-46-192,47,0,0.0,0,sim
0-46-193,47,0,1.0,0,sim
0-46-194,47,0,,0,sim
0-46-195,47,0,0.0,0,sim
0-46-196,47,0,1.0,0,sim
0-46-197,47,0,1.0,0,sim
0-46-198,47,0,1.0,0,sim
0-46-199,47,0,1.0,0,sim
0-46-200,47,0,1.0,1,sim
0-46-201,47,0,0.0,0,sim
0-46-202,47,0,1.0,0,sim
0-46-203,47,0,1.0,0,sim
0-46-204,47,0,1.0,0,sim
0-46-205,47,0,1.0,0,sim
0-46-206,47,0,0.0,0,sim
0-46-207,47,0,0.0,0,sim
0-46-208,47,0,0.0,0,sim
0-46-209,47,0,1.0,0,sim
0-46-210,47,0,0.0,0,sim
0-46-211,47,0,,0,sim
0-46-212,47,0,0.0,0,sim
0-46-213,47,0,0.0,0,sim
0-46-214,47,0,1.0,0,sim
0-46-215,47,0,1.0,0,sim
0-46-216,47,0,1.0,0,sim
0-46-217,47,0,0.0,0,sim
0-46-218,47,0,0.0,0,sim
0-46-219,47,0,0.0,0,sim
0-46-220,47,0,0.0,0,sim
0-46-221,47,0,1.0,0,sim
0-46-222,47,0,0.0,0,sim
0-46-223,47,0,0.0,0,sim
0-46-224,47,0,0.0,0,sim
0-46-225,47,0,0.0,0,sim
0-46-226,47,0,0.0,0,sim
0-46-227,47,0,0.0,0,sim
0-46-228,47,0,1.0,0,sim
0-46-229,47,0,1.0,0,sim
0-46-230,47,0,1.0,0,sim
0-46-231,47,0,,0,sim
0-46-232,47,0,0.0,0,sim
0-46-233,47,0,0.0,0,sim
0-46-234,47,0,0.0,0,sim
0-46-235,47,0,0.0,0,sim
0-46-236,47,0,0.0,0,sim
0-46-237,47,0,1.0,1,sim
0-46-238,47,0,0.0,0,sim
0-46-239,47,0,1.0,0,sim
0-47-0,48,0,1.0,0,sim
0-47-1,48,0,0.0,0,sim
0-47-2,48,0,0.0,0,sim
0-47-3,48,0,0.0,0,sim
0-47-4,48,0,0.0,0,sim
0-47-5,48,0,0.0,0,sim
0-47-6,48,0,0.0,0,sim
0-47-7,48,0,0.0,0,sim
0-47-8,48,0,1.0,0,sim
0-47-9,48,0,0.0,0,sim
0-47-10,48,0,1.0,0,sim
0-47-11,48,0,0.0,0,sim
0-47-12,48,0,1.0,0,sim
0-47-13,48,0,0.0,0,sim
0-47-14,48,0,0.0,0,sim
0-47-15,48,0,1.0,0,sim
0-47-16,48,0,0.0,0,sim
0-47-17,48,0,0.0,0,sim
0-47-18,48,0,0.0,0,sim
0-47-19,48,0,0.0,0,sim
0-47-20,48,0,1.0,0,sim
0-47-21,48,0,,0,sim
0-47-22,48,0,1.0,0,sim
0-47-23,48,0,0.0,0,sim
0-47-24,48,0,1.0,0,sim
0-47-25,48,0,0.0,0,sim
0-47-26,48,0,0.0,0,sim
0-47-27,48,0,0.0,0,sim
0-47-28,48,0,0.0,0,sim
0-47-29,48,0,1.0,0,sim
0-47-30,48,0,0.0,0,sim
0-47-31,48,0,1.0,0,sim
0-47-32,48,0,1.0,0,sim
0-47-33,48,0,1.0,0,sim
0-47-34,48,0,1.0,0,sim
0-47-35,48,0,0.0,0,sim
0-47-36,48,0,1.0,0,sim
0-47-37,48,0,1.0,0,sim
0-47-38,48,0,0.0,0,sim
0-47-39,48,0,1.0,0,sim
0-47-40,48,0,0.0,0,sim
0-47-41,48,0,0.0,0,sim
0-47-42,48,0,0.0,0,sim
0-47-43,48,0,0.0,0,sim
0-47-44,48,0,0.0,0,sim
0-47-45,48,0,1.0,0,sim
0-47-46,48,0,0.0,0,sim
0-47-47,48,0,0.0,0,sim
0-47-48,48,0,1.0,0,sim
0-47-49,48,0,1.0,0,sim
0-47-50,48,0,1.0,0,sim
0-47-51,48,0,0.0,0,sim
0-47-52,48,0,0.0,0,sim
0-47-53,48,0,1.0,0,sim
0-47-54,48,0,1.0,0,sim
0-47-55,48,0,1.0,0,sim
0-47-56,48,0,0.0,0,sim
0-47-57,48,0,1.0,0,sim
0-47-58,48,0,0.0,0,sim
0-47-59,48,0,1.0,0,sim
0-47-60,48,0,1.0,0,sim
0-47-61,48,0,0.0,0,sim
0-47-62,48,0,1.0,0,sim
0-47-63,48,0,0.0,0,sim
0-47-64,48,0,0.0,0,sim
0-47-65,48,0,0.0,0,sim
0-47-66,48,0,1.0,0,sim
0-47-67,48,0,1.0,0,sim
0-47-68,48,0,1.0,0,sim
0-47-69,48,0,1.0,0,sim
0-47-70,48,0,,0,sim
0-47-71,48,0,1.0,0,sim
0-47-72,48,0,0.0,0,sim
0-47-73,48,0,1.0,0,sim
0-47-74,48,0,1.0,0,sim
0-47-75,48,0,0.0,0,sim
0-47-76,48,0,0.0,0,sim
0-47-77,48,0,0.0,0,sim
0-47-78,48,0,1.0,0,sim
0-47-79,48,0,1.0,1,sim
0-47-80,48,0,0.0,0,sim
0-47-81,48,0,1.0,0,sim
0-47-82,48,0,1.0,0,sim
0-47-83,48,0,1.0,0,sim
0-47-84,48,0,1.0,0,sim
0-47-85,48,0,0.0,0,sim
0-47-86,48,0,0.0,0,sim
0-47-87,48,0,1.0,0,sim
0-47-88,48,0,0.0,0,sim
0-47-89,48,0,1.0,0,sim
0-47-90,48,0,0.0,0,sim
0-47-91,48,0,0.0,0,sim
0-47-92,48,0,1.0,0,sim
0-47-93,48,0,0.0,0,sim
0-47-94,48,0,1.0,0,sim
0-47-95,48,0,0.0,0,sim
0-47-96,48,0,1.0,0,sim
0-47-97,48,0,1.0,0,sim
0-47-98,48,0,1.0,0,sim
0-47-99,48,0,1.0,0,sim
0-47-100,48,0,0.0,0,sim
0-47-101,48,0,0.0,0,sim
0-47-102,48,0,0.0,0,sim
0-47-103,48,0,1.0,0,sim
0-47-104,48,0,1.0,0,sim
0-47-105,48,0,1.0,0,sim
0-47-106,48,0,1.0,0,sim
0-47-107,48,0,1.0,0,sim
0-47-108,48,0,1.0,0,sim
0-47-109,48,0,0.0,0,sim
0-47-110,48,0,0.0,1,sim
0-47-111,48,0,1.0,0,sim
0-47-112,48,0,1.0,0,sim
0-47-113,48,0,0.0,0,sim
0-47-114,48,0,0.0,0,sim
0-47-115,48,0,0.0,0,sim
0-47-116,48,0,1.0,0,sim
0-47-117,48,0,0.0,0,sim
0-47-118,48,0,0.0,0,sim
0-47-119,48,0,1.0,0,sim
0-47-120,48,0,0.0,0,sim
0-47-121,48,0,1.0,0,sim
0-47-122,48,0,1.0,0,sim
0-47-123,48,0,1.0,0,sim
0-47-124,48,0,1.0,0,sim
0-47-125,48,0,1.0,0,sim
0-47-126,48,0,1.0,0,sim
0-47-127,48,0,0.0,0,sim
0-47-128,48,0,0.0,0,sim
0-47-129,48,0,1.0,0,sim
0-47-130,48,0,0.0,0,sim
0-47-131,48,0,1.0,0,sim
0-47-132,48,0,1.0,0,sim
0-47-133,48,0,0.0,0,sim
0-47-134,48,0,0.0,0,sim
0-47-135,48,0,1.0,0,sim
0-47-136,48,0,0.0,0,sim
0-47-137,48,0,0.0,0,sim
0-47-138,48,0,0.0,0,sim
0-47-139,48,0,0.0,0,sim
0-47-140,48,0,0.0,0,sim
0-47-141,48,0,0.0,0,sim
0-47-142,48,0,1.0,0,sim
0-47-143,48,0,0.0,0,sim
0-47-144,48,0,0.0,0,sim
0-47-145,48,0,1.0,0,sim
0-47-146,48,0,0.0,0,sim
0-47-147,48,0,1.0,0,sim
0-47-148,48,0,1.0,0,sim
0-47-149,48,0,0.0,0,sim
0-47-150,48,0,1.0,0,sim
0-47-151,48,0,0.0,0,sim
0-47-152,48,0,0.0,0,sim
0-47-153,48,0,0.0,0,sim
0-47-154,48,0,1.0,0,sim
0-47-155,48,0,1.0,0,sim
0-47-156,48,0,1.0,0,sim
0-47-157,48,0,,0,sim
0-47-158,48,0,1.0,0,sim
0-47-159,48,0,0.0,0,sim
0-47-160,48,0,0.0,0,sim
0-47-161,48,0,1.0,0,sim
0-47-162,48,0,1.0,0,sim
0-47-163,48,0,1.0,0,sim
0-47-164,48,0,0.0,0,sim
0-47-165,48,0,1.0,0,sim
0-47-166,48,0,0.0,0,sim
0-47-167,48,0,0.0,0,sim
0-47-168,48,0,0.0,0,sim
0-47-169,48,0,1.0,0,sim
0-47-170,48,0,1.0,0,sim
0-47-171,48,0,0.0,0,sim
0-47-172,48,0,1.0,0,sim
0-47-173,48,0,1.0,1,sim
0-47-174,48,0,1.0,0,sim
0-47-175,48,0,1.0,0,sim
0-47-176,48,0,1.0,0,sim
0-47-177,48,0,0.0,0,sim
0-47-178,48,0,0.0,0,sim
0-47-179,48,0,1.0,0,sim
0-47-180,48,0,0.0,0,sim
0-47-181,48,0,1.0,0,sim
0-47-182,48,0,,0,sim
0-47-183,48,0,1.0,0,sim
0-47-184,48,0,1.0,0,sim
0-47-185,48,0,0.0,0,sim
0-47-186,48,0,1.0,0,sim
0-47-187,48,0,0.0,0,sim
0-47-188,48,0,1.0,0,sim
0-47-189,48,0,0.0,0,sim
0-47-190,48,0,1.0,0,sim
0-47-191,48,0,1.0,0,sim
0-47-192,48,0,1.0,0,sim
0-47-193,48,0,1.0,0,sim
0-47-194,48,0,,0,sim
0-47-195,48,0,0.0,0,sim
0-47-196,48,0,0.0,0,sim
0-47-197,48,0,0.0,0,sim
0-47-198,48,0,0.0,1,sim
0-47-199,48,0,0.0,0,sim
0-47-200,48,0,1.0,0,sim
0-47-201,48,0,0.0,0,sim
0-47-202,48,0,0.0,0,sim
0-47-203,48,0,0.0,0,sim
0-47-204,48,0,1.0,0,sim
0-47-205,48,0,0.0,0,sim
0-47-206,48,0,1.0,0,sim
0-47-207,48,0,0.0,0,sim
0-47-208,48,0,1.0,0,sim
0-47-209,48,0,0.0,0,sim
0-47-210,48,0,1.0,0,sim
0-47-211,48,0,0.0,0,sim
0-47-212,48,0,1.0,0,sim
0-47-213,48,0,0.0,0,sim
0-47-214,48,0,1.0,0,sim
0-47-215,48,0,0.0,0,sim
0-47-216,48,0,0.0,0,sim
0-47-217,48,0,1.0,0,sim
0-47-218,48,0,1.0,1,sim
0-47-219,48,0,1.0,0,sim
0-47-220,48,0,1.0,0,sim
0-47-221,48,0,0.0,0,sim
0-47-222,48,0,1.0,0,sim
0-47-223,48,0,0.0,0,sim
0-47-224,48,0,0.0,0,sim
0-47-225,48,0,0.0,0,sim
0-47-226,48,0,0.0,0,sim
0-47-227,48,0,1.0,0,sim
0-47-228,48,0,1.0,0,sim
0-47-229,48,0,0.0,0,sim
0-47-230,48,0,0.0,0,sim
0-47-231,48,0,0.0,0,sim
0-47-232,48,0,1.0,0,sim
0-47-233,48,0,1.0,0,sim
0-47-234,48,0,0.0,0,sim
0-47-235,48,0,1.0,0,sim
0-47-236,48,0,0.0,0,sim
0-47-237,48,0,0.0,0,sim
0-47-238,48,0,0.0,1,sim
0-47-239,48,0,1.0,0,sim
1-0-0,1,1,0.0,0,sim
1-0-1,1,1,1.0,0,sim
1-0-2,1,1,0.0,0,sim
1-0-3,1,1,1.0,0,sim
1-0-4,1,1,0.0,0,sim
1-0-5,1,1,0.0,0,sim
1-0-6,1,1,0.0,0,sim
1-0-7,1,1,1.0,0,sim
1-0-8,1,1,1.0,1,sim
1-0-9,1,1,1.0,0,sim
1-0-10,1,1,0.0,0,sim
1-0-11,1,1,0.0,0,sim
1-0-12,1,1,0.0,0,sim
1-0-13,1,1,0.0,0,sim
1-0-14,1,1,1.0,0,sim
1-0-15,1,1,0.0,0,sim
1-0-16,1,1,1.0,0,sim
1-0-17,1,1,0.0,0,sim
1-0-18,1,1,0.0,0,sim
1-0-19,1,1,1.0,0,sim
1-0-20,1,1,0.0,0,sim
1-0-21,1,1,0.0,0,sim
1-0-22,1,1,0.0,0,sim
1-0-23,1,1,1.0,0,sim
1-0-24,1,1,1.0,0,sim
1-0-25,1,1,0.0,0,sim
1-0-26,1,1,1.0,0,sim
1-0-27,1,1,1.0,0,sim
1-0-28,1,1,1.0,0,sim
1-0-29,1,1,0.0,0,sim
1-0-30,1,1,0.0,0,sim
1-0-31,1,1,1.0,0,sim
1-0-32,1,1,0.0,0,sim
1-0-33,1,1,1.0,0,sim
1-0-34,1,1,0.0,0,sim
1-0-35,1,1,1.0,0,sim
1-0-36,1,1,0.0,0,sim
1-0-37,1,1,1.0,0,sim
1-0-38,1,1,0.0,0,sim
1-0-39,1,1,0.0,0,sim
1-0-40,1,1,0.0,0,sim
1-0-41,1,1,1.0,0,sim
1-0-42,1,1,1.0,0,sim
1-0-43,1,1,1.0,0,sim
1-0-44,1,1,0.0,0,sim
1-0-45,1,1,0.0,0,sim
1-0-46,1,1,0.0,0,sim
1-0-47,1,1,1.0,0,sim
1-0-48,1,1,0.0,0,sim
1-0-49,1,1,0.0,0,sim
1-0-50,1,1,1.0,0,sim
1-0-51,1,1,1.0,0,sim
1-0-52,1,1,1.0,0,sim
1-0-53,1,1,1.0,0,sim
1-0-54,1,1,1.0,0,sim
1-0-55,1,1,1.0,0,sim
1-0-56,1,1,0.0,0,sim
1-0-57,1,1,0.0,0,sim
1-0-58,1,1,0.0,0,sim
1-0-59,1,1,,0,sim
1-0-60,1,1,1.0,0,sim
1-0-61,1,1,1.0,0,sim
1-0-62,1,1,1.0,0,sim
1-0-63,1,1,1.0,0,sim
1-0-64,1,1,0.0,0,sim
1-0-65,1,1,1.0,0,sim
1-0-66,1,1,0.0,0,sim
1-0-67,1,1,0.0,1,sim
1-0-68,1,1,1.0,0,sim
1-0-69,1,1,,0,sim
1-0-70,1,1,1.0,0,sim
1-0-71,1,1,1.0,0,sim
1-0-72,1,1,0.0,0,sim
1-0-73,1,1,0.0,0,sim
1-0-74,1,1,1.0,0,sim
1-0-75,1,1,0.0,0,sim
1-0-76,1,1,0.0,0,sim
1-0-77,1,1,1.0,0,sim
1-0-78,1,1,0.0,0,sim
1-0-79,1,1,0.0,0,sim
1-0-80,1,1,0.0,0,sim
1-0-81,1,1,1.0,0,sim
1-0-82,1,1,1.0,0,sim
1-0-83,1,1,0.0,0,sim
1-0-84,1,1,1.0,0,sim
1-0-85,1,1,1.0,0,sim
1-0-86,1,1,1.0,0,sim
1-0-87,1,1,0.0,0,sim
1-0-88,1,1,1.0,0,sim
1-0-89,1,1,0.0,0,sim
1-0-90,1,1,0.0,0,sim
1-0-91,1,1,1.0,0,sim
1-0-92,1,1,0.0,0,sim
1-0-93,1,1,0.0,0,sim
1-0-94,1,1,1.0,0,sim
1-0-95,1,1,0.0,0,sim
1-0-96,1,1,1.0,0,sim
1-0-97,1,1,0.0,0,sim
1-0-98,1,1,1.0,0,sim
1-0-99,1,1,1.0,0,sim
1-0-100,1,1,1.0,0,sim
1-0-101,1,1,1.0,0,sim
1-0-102,1,1,0.0,0,sim
1-0-103,1,1,1.0,0,sim
1-0-104,1,1,1.0,0,sim
1-0-105,1,1,1.0,0,sim
1-0-106,1,1,1.0,0,sim
1-0-107,1,1,,0,sim
1-0-108,1,1,1.0,0,sim
1-0-109,1,1,0.0,0,sim
1-0-110,1,1,1.0,0,sim
1-0-111,1,1,1.0,0,sim
1-0-112,1,1,0.0,0,sim
1-0-113,1,1,1.0,0,sim
1-0-114,1,1,0.0,0,sim
1-0-115,1,1,1.0,0,sim
1-0-116,1,1,0.0,0,sim
1-0-117,1,1,1.0,0,sim
1-0-118,1,1,1.0,0,sim
1-0-119,1,1,0.0,0,sim
1-0-120,1,1,1.0,0,sim
1-0-121,1,1,1.0,0,sim
1-0-122,1,1,0.0,0,sim
1-0-123,1,1,0.0,0,sim
1-0-124,1,1,0.0,0,sim
1-0-125,1,1,1.0,0,sim
1-0-126,1,1,0.0,0,sim
1-0-127,1,1,0.0,0,sim
1-0-128,1,1,1.0,0,sim
1-0-129,1,1,0.0,0,sim
1-0-130,1,1,0.0,0,sim
1-0-131,1,1,1.0,0,sim
1-0-132,1,1,0.0,0,sim
1-0-133,1,1,0.0,0,sim
1-0-134,1,1,0.0,0,sim
1-0-135,1,1,0.0,0,sim
1-0-136,1,1,1.0,0,sim
1-0-137,1,1,1.0,0,sim
1-0-138,1,1,1.0,0,sim
1-0-139,1,1,0.0,0,sim
1-0-140,1,1,1.0,0,sim
1-0-141,1,1,0.0,0,sim
1-0-142,1,1,0.0,0,sim
1-0-143,1,1,1.0,0,sim
1-0-144,1,1,0.0,0,sim
1-0-145,1,1,1.0,0,sim
1-0-146,1,1,1.0,0,sim
1-0-147,1,1,1.0,0,sim
1-0-148,1,1,0.0,0,sim
1-0-149,1,1,1.0,0,sim
1-0-150,1,1,1.0,0,sim
1-0-151,1,1,1.0,0,sim
1-0-152,1,1,1.0,0,sim
1-0-153,1,1,1.0,0,sim
1-0-154,1,1,0.0,0,sim
1-0-155,1,1,1.0,0,sim
1-0-156,1,1,1.0,0,sim
1-0-157,1,1,1.0,0,sim
1-0-158,1,1,0.0,0,sim
1-0-159,1,1,1.0,0,sim
1-0-160,1,1,0.0,0,sim
1-0-161,1,1,0.0,0,sim
1-0-162,1,1,,0,sim
1-0-163,1,1,1.0,0,sim
1-0-164,1,1,1.0,0,sim
1-0-165,1,1,0.0,0,sim
1-0-166,1,1,0.0,0,sim
1-0-167,1,1,,0,sim
1-0-168,1,1,0.0,0,sim
1-0-169,1,1,0.0,0,sim
1-0-170,1,1,1.0,0,sim
1-0-171,1,1,1.0,0,sim
1-0-172,1,1,1.0,0,sim
1-0-173,1,1,0.0,0,sim
1-0-174,1,1,1.0,0,sim
1-0-175,1,1,0.0,0,sim
1-0-176,1,1,,0,sim
1-0-177,1,1,,0,sim
1-0-178,1,1,0.0,0,sim
1-0-179,1,1,0.0,0,sim
1-0-180,1,1,0.0,0,sim
1-0-181,1,1,1.0,0,sim
1-0-182,1,1,1.0,0,sim
1-0-183,1,1,0.0,0,sim
1-0-184,1,1,0.0,0,sim
1-0-185,1,1,0.0,0,sim
1-0-186,1,1,1.0,0,sim
1-0-187,1,1,0.0,0,sim
1-0-188,1,1,0.0,0,sim
1-0-189,1,1,0.0,0,sim
1-0-190,1,1,1.0,0,sim
1-0-191,1,1,1.0,0,sim
1-0-192,1,1,1.0,0,sim
1-0-193,1,1,0.0,0,sim
1-0-194,1,1,1.0,0,sim
1-0-195,1,1,0.0,0,sim
1-0-196,1,1,1.0,0,sim
1-0-197,1,1,0.0,0,sim
1-0-198,1,1,1.0,0,sim
1-0-199,1,1,1.0,0,sim
1-0-200,1,1,1.0,0,sim
1-0-201,1,1,0.0,0,sim
1-0-202,1,1,1.0,0,sim
1-0-203,1,1,1.0,0,sim
1-0-204,1,1,0.0,0,sim
1-0-205,1,1,0.0,0,sim
1-0-206,1,1,0.0,0,sim
1-0-207,1,1,1.0,0,sim
1-0-208,1,1,1.0,0,sim
1-0-209,1,1,1.0,0,sim
1-0-210,1,1,0.0,0,sim
1-0-211,1,1,1.0,0,sim
1-0-212,1,1,0.0,0,sim
1-0-213,1,1,,0,sim
1-0-214,1,1,0.0,0,sim
1-0-215,1,1,0.0,0,sim
1-0-216,1,1,1.0,0,sim
1-0-217,1,1,1.0,0,sim
1-0-218,1,1,1.0,0,sim
1-0-219,1,1,0.0,0,sim
1-0-220,1,1,0.0,0,sim
1-0-221,1,1,0.0,0,sim
1-0-222,1,1,1.0,0,sim
1-0-223,1,1,1.0,0,sim
1-0-224,1,1,0.0,0,sim
1-0-225,1,1,1.0,0,sim
1-0-226,1,1,0.0,0,sim
1-0-227,1,1,1.0,0,sim
1-0-228,1,1,0.0,0,sim
1-0-229,1,1,1.0,0,sim
1-0-230,1,1,0.0,0,sim
1-0-231,1,1,0.0,0,sim
1-0-232,1,1,0.0,0,sim
1-0-233,1,1,0.0,0,sim
1-0-234,1,1,1.0,0,sim
1-0-235,1,1,1.0,0,sim
1-0-236,1,1,1.0,0,sim
1-0-237,1,1,0.0,0,sim
1-0-238,1,1,0.0,0,sim
1-0-239,1,1,0.0,0,sim
1-1-0,2,1,1.0,0,sim
1-1-1,2,1,1.0,0,sim
1-1-2,2,1,1.0,0,sim
1-1-3,2,1,1.0,0,sim
1-1-4,2,1,0.0,0,sim
1-1-5,2,1,0.0,0,sim
1-1-6,2,1,0.0,0,sim
1-1-7,2,1,1.0,0,sim
1-1-8,2,1,1.0,0,sim
1-1-9,2,1,1.0,0,sim
1-1-10,2,1,1.0,0,sim
1-1-11,2,1,0.0,1,sim
1-1-12,2,1,1.0,0,sim
1-1-13,2,1,,0,sim
1-1-14,2,1,1.0,0,sim
1-1-15,2,1,0.0,0,sim
1-1-16,2,1,1.0,0,sim
1-1-17,2,1,0.0,0,sim
1-1-18,2,1,0.0,0,sim
1-1-19,2,1,0.0,1,sim
1-1-20,2,1,1.0,0,sim
1-1-21,2,1,0.0,0,sim
1-1-22,2,1,0.0,0,sim
1-1-23,2,1,0.0,0,sim
1-1-24,2,1,0.0,0,sim
1-1-25,2,1,1.0,0,sim
1-1-26,2,1,1.0,0,sim
1-1-27,2,1,1.0,0,sim
1-1-28,2,1,1.0,0,sim
1-1-29,2,1,0.0,0,sim
1-1-30,2,1,1.0,0,sim
1-1-31,2,1,1.0,0,sim
1-1-32,2,1,1.0,0,sim
1-1-33,2,1,,0,sim
1-1-34,2,1,0.0,0,sim
1-1-35,2,1,1.0,1,sim
1-1-36,2,1,1.0,0,sim
1-1-37,2,1,1.0,0,sim
1-1-38,2,1,1.0,0,sim
1-1-39,2,1,1.0,0,sim
1-1-40,2,1,1.0,0,sim
1-1-41,2,1,0.0,0,sim
1-1-42,2,1,0.0,0,sim
1-1-43,2,1,0.0,0,sim
1-1-44,2,1,1.0,0,sim
1-1-45,2,1,0.0,0,sim
1-1-46,2,1,1.0,0,sim
1-1-47,2,1,1.0,0,sim
1-1-48,2,1,0.0,0,sim
1-1-49,2,1,0.0,0,sim
1-1-50,2,1,1.0,0,sim
1-1-51,2,1,0.0,0,sim
1-1-52,2,1,1.0,0,sim
1-1-53,2,1,0.0,0,sim
1-1-54,2,1,0.0,0,sim
1-1-55,2,1,1.0,0,sim
1-1-56,2,1,1.0,0,sim
1-1-57,2,1,0.0,0,sim
1-1-58,2,1,1.0,0,sim
1-1-59,2,1,0.0,0,sim
1-1-60,2,1,,0,sim
1-1-61,2,1,1.0,0,sim
1-1-62,2,1,0.0,0,sim
1-1-63,2,1,0.0,0,sim
1-1-64,2,1,1.0,0,sim
1-1-65,2,1,1.0,0,sim
1-1-66,2,1,1.0,0,sim
1-1-67,2,1,1.0,0,sim
1-1-68,2,1,1.0,0,sim
1-1-69,2,1,1.0,0,sim
1-1-70,2,1,0.0,0,sim
1-1-71,2,1,0.0,0,sim
1-1-72,2,1,1.0,0,sim
1-1-73,2,1,0.0,0,sim
1-1-74,2,1,1.0,1,sim
1-1-75,2,1,0.0,0,sim
1-1-76,2,1,0.0,0,sim
1-1-77,2,1,0.0,0,sim
1-1-78,2,1,1.0,0,sim
1-1-79,2,1,0.0,0,sim
1-1-80,2,1,0.0,0,sim
1-1-81,2,1,1.0,0,sim
1-1-82,2,1,,0,sim
1-1-83,2,1,0.0,1,sim
1-1-84,2,1,1.0,0,sim
1-1-85,2,1,1.0,0,sim
1-1-86,2,1,0.0,0,sim
1-1-87,2,1,1.0,0,sim
1-1-88,2,1,0.0,0,sim
1-1-89,2,1,,0,sim
1-1-90,2,1,0.0,0,sim
1-1-91,2,1,1.0,0,sim
1-1-92,2,1,0.0,1,sim
1-1-93,2,1,1.0,0,sim
1-1-94,2,1,1.0,0,sim
1-1-95,2,1,0.0,0,sim
1-1-96,2,1,0.0,0,sim
1-1-97,2,1,,0,sim
1-1-98,2,1,,0,sim
1-1-99,2,1,0.0,0,sim
1-1-100,2,1,1.0,0,sim
1-1-101,2,1,1.0,0,sim
1-1-102,2,1,1.0,0,sim
1-1-103,2,1,0.0,0,sim
1-1-104,2,1,1.0,0,sim
1-1-105,2,1,1.0,1,sim
1-1-106,2,1,1.0,0,sim
1-1-107,2,1,0.0,0,sim
1-1-108,2,1,1.0,0,sim
1-1-109,2,1,0.0,0,sim
1-1-110,2,1,1.0,0,sim
1-1-111,2,1,1.0,0,sim
1-1-112,2,1,1.0,0,sim
1-1-113,2,1,0.0,0,sim
1-1-114,2,1,1.0,0,sim
1-1-115,2,1,0.0,0,sim
1-1-116,2,1,0.0,0,sim
1-1-117,2,1,1.0,0,sim
1-1-118,2,1,1.0,0,sim
1-1-119,2,1,0.0,0,sim
1-1-120,2,1,1.0,0,sim
1-1-121,2,1,1.0,0,sim
1-1-122,2,1,1.0,0,sim
1-1-123,2,1,1.0,0,sim
1-1-124,2,1,1.0,0,sim
1-1-125,2,1,,0,sim
1-1-126,2,1,0.0,0,sim
1-1-127,2,1,1.0,0,sim
1-1-128,2,1,1.0,0,sim
1-1-129,2,1,0.0,0,sim
1-1-130,2,1,0.0,0,sim
1-1-131,2,1,0.0,0,sim
1-1-132,2,1,0.0,0,sim
1-1-133,2,1,1.0,0,sim
1-1-134,2,1,1.0,0,sim
1-1-135,2,1,1.0,0,sim
1-1-136,2,1,0.0,0,sim
1-1-137,2,1,1.0,0,sim
1-1-138,2,1,1.0,0,sim
1-1-139,2,1,0.0,0,sim
1-1-140,2,1,1.0,0,sim
1-1-141,2,1,0.0,0,sim
1-1-142,2,1,1.0,0,sim
1-1-143,2,1,0.0,0,sim
1-1-144,2,1,1.0,0,sim
1-1-145,2,1,1.0,0,sim
1-1-146,2,1,0.0,0,sim
1-1-147,2,1,1.0,0,sim
1-1-148,2,1,1.0,0,sim
1-1-149,2,1,1.0,0,sim
1-1-150,2,1,0.0,0,sim
1-1-151,2,1,1.0,0,sim
1-1-152,2,1,1.0,0,sim
1-1-153,2,1,0.0,0,sim
1-1-154,2,1,0.0,0,sim
1-1-155,2,1,0.0,0,sim
1-1-156,2,1,1.0,0,sim
1-1-157,2,1,0.0,0,sim
1-1-158,2,1,0.0,0,sim
1-1-159,2,1,1.0,0,sim
1-1-160,2,1,0.0,0,sim
1-1-161,2,1,0.0,0,sim
1-1-162,2,1,0.0,0,sim
1-1-163,2,1,1.0,0,sim
1-1-164,2,1,0.0,0,sim
1-1-165,2,1,1.0,0,sim
1-1-166,2,1,1.0,0,sim
1-1-167,2,1,0.0,0,sim
1-1-168,2,1,0.0,0,sim
1-1-169,2,1,1.0,0,sim
1-1-170,2,1,0.0,0,sim
1-1-171,2,1,0.0,0,sim
1-1-172,2,1,0.0,0,sim
1-1-173,2,1,1.0,0,sim
1-1-174,2,1,0.0,0,sim
1-1-175,2,1,0.0,0,sim
1-1-176,2,1,1.0,0,sim
1-1-177,2,1,0.0,0,sim
1-1-178,2,1,1.0,0,sim
1-1-179,2,1,1.0,0,sim
1-1-180,2,1,1.0,0,sim
1-1-181,2,1,0.0,0,sim
1-1-182,2,1,1.0,0,sim
1-1-183,2,1,0.0,0,sim
1-1-184,2,1,1.0,0,sim
1-1-185,2,1,0.0,0,sim
1-1-186,2,1,0.0,0,sim
1-1-187,2,1,1.0,0,sim
1-1-188,2,1,1.0,0,sim
1-1-189,2,1,1.0,0,sim
1-1-190,2,1,0.0,0,sim
1-1-191,2,1,1.0,0,sim
1-1-192,2,1,1.0,0,sim
1-1-193,2,1,1.0,0,sim
1-1-194,2,1,0.0,0,sim
1-1-195,2,1,0.0,0,sim
1-1-196,2,1,0.0,0,sim
1-1-197,2,1,0.0,0,sim
1-1-198,2,1,1.0,0,sim
1-1-199,2,1,0.0,0,sim
1-1-200,2,1,0.0,0,sim
1-1-201,2,1,1.0,0,sim
1-1-202,2,1,0.0,0,sim
1-1-203,2,1,0.0,0,sim
1-1-204,2,1,1.0,0,sim
1-1-205,2,1,1.0,0,sim
1-1-206,2,1,0.0,0,sim
1-1-207,2,1,0.0,0,sim
1-1-208,2,1,0.0,0,sim
1-1-209,2,1,0.0,0,sim
1-1-210,2,1,0.0,0,sim
1-1-211,2,1,1.0,0,sim
1-1-212,2,1,0.0,0,sim
1-1-213,2,1,0.0,0,sim
1-1-214,2,1,0.0,0,sim
1-1-215,2,1,,0,sim
1-1-216,2,1,0.0,0,sim
1-1-217,2,1,0.0,0,sim
1-1-218,2,1,1.0,0,sim
1-1-219,2,1,1.0,0,sim
1-1-220,2,1,1.0,0,sim
1-1-221,2,1,0.0,0,sim
1-1-222,2,1,0.0,0,sim
1-1-223,2,1,0.0,0,sim
1-1-224,2,1,0.0,0,sim
1-1-225,2,1,0.0,0,sim
1-1-226,2,1,0.0,0,sim
1-1-227,2,1,1.0,0,sim
1-1-228,2,1,0.0,0,sim
1-1-229,2,1,,0,sim
1-1-230,2,1,1.0,0,sim
1-1-231,2,1,1.0,0,sim
1-1-232,2,1,1.0,0,sim
1-1-233,2,1,1.0,0,sim
1-1-234,2,1,1.0,0,sim
1-1-235,2,1,0.0,0,sim
1-1-236,2,1,0.0,0,sim
1-1-237,2,1,1.0,0,sim
1-1-238,2,1,0.0,0,sim
1-1-239,2,1,0.0,0,sim
1-2-0,3,1,0.0,0,sim
1-2-1,3,1,1.0,0,sim
1-2-2,3,1,0.0,0,sim
1-2-3,3,1,0.0,0,sim
1-2-4,3,1,0.0,0,sim
1-2-5,3,1,0.0,0,sim
1-2-6,3,1,0.0,0,sim
1-2-7,3,1,0.0,0,sim
1-2-8,3,1,1.0,0,sim
1-2-9,3,1,0.0,0,sim
1-2-10,3,1,0.0,0,sim
1-2-11,3,1,0.0,0,sim
1-2-12,3,1,1.0,0,sim
1-2-13,3,1,1.0,0,sim
1-2-14,3,1,1.0,0,sim
1-2-15,3,1,1.0,0,sim
1-2-16,3,1,1.0,0,sim
1-2-17,3,1,1.0,0,sim
1-2-18,3,1,0.0,0,sim
1-2-19,3,1,0.0,0,sim
1-2-20,3,1,1.0,0,sim
1-2-21,3,1,1.0,0,sim
1-2-22,3,1,1.0,0,sim
1-2-23,3,1,0.0,0,sim
1-2-24,3,1,1.0,0,sim
1-2-25,3,1,0.0,0,sim
1-2-26,3,1,0.0,0,sim
1-2-27,3,1,0.0,0,sim
1-2-28,3,1,,0,sim
1-2-29,3,1,1.0,0,sim
1-2-30,3,1,1.0,1,sim
1-2-31,3,1,1.0,0,sim
1-2-32,3,1,1.0,0,sim
1-2-33,3,1,1.0,0,sim
1-2-34,3,1,1.0,0,sim
1-2-35,3,1,,0,sim
1-2-36,3,1,1.0,0,sim
1-2-37,3,1,0.0,0,sim
1-2-38,3,1,1.0,0,sim
1-2-39,3,1,0.0,0,sim
1-2-40,3,1,0.0,0,sim
1-2-41,3,1,0.0,0,sim
1-2-42,3,1,0.0,0,sim
1-2-43,3,1,1.0,0,sim
1-2-44,3,1,0.0,0,sim
1-2-45,3,1,1.0,0,sim
1-2-46,3,1,0.0,0,sim
1-2-47,3,1,0.0,0,sim
1-2-48,3,1,1.0,0,sim
1-2-49,3,1,1.0,0,sim
1-2-50,3,1,1.0,0,sim
1-2-51,3,1,0.0,0,sim
1-2-52,3,1,1.0,0,sim
1-2-53,3,1,1.0,0,sim
1-2-54,3,1,0.0,0,sim
1-2-55,3,1,0.0,0,sim
1-2-56,3,1,1.0,0,sim
1-2-57,3,1,1.0,0,sim
1-2-58,3,1,0.0,0,sim
1-2-59,3,1,1.0,0,sim
1-2-60,3,1,0.0,0,sim
1-2-61,3,1,1.0,0,sim
1-2-62,3,1,0.0,0,sim
1-2-63,3,1,1.0,0,sim
1-2-64,3,1,1.0,0,sim
1-2-65,3,1,0.0,0,sim
1-2-66,3,1,0.0,0,sim
1-2-67,3,1,0.0,0,sim
1-2-68,3,1,1.0,0,sim
1-2-69,3,1,1.0,0,sim
1-2-70,3,1,0.0,0,sim
1-2-71,3,1,0.0,0,sim
1-2-72,3,1,0.0,0,sim
1-2-73,3,1,1.0,0,sim
1-2-74,3,1,0.0,0,sim
1-2-75,3,1,0.0,0,sim
1-2-76,3,1,1.0,0,sim
1-2-77,3,1,1.0,0,sim
1-2-78,3,1,1.0,0,sim
1-2-79,3,1,0.0,0,sim
1-2-80,3,1,0.0,0,sim
1-2-81,3,1,1.0,0,sim
1-2-82,3,1,0.0,0,sim
1-2-83,3,1,0.0,0,sim
1-2-84,3,1,0.0,0,sim
1-2-85,3,1,0.0,0,sim
1-2-86,3,1,0.0,0,sim
1-2-87,3,1,1.0,0,sim
1-2-88,3,1,0.0,0,sim
1-2-89,3,1,1.0,0,sim
1-2-90,3,1,1.0,0,sim
1-2-91,3,1,1.0,0,sim
1-2-92,3,1,1.0,0,sim
1-2-93,3,1,1.0,0,sim
1-2-94,3,1,1.0,0,sim
1-2-95,3,1,1.0,0,sim
1-2-96,3,1,1.0,0,sim
1-2-97,3,1,0.0,0,sim
1-2-98,3,1,0.0,0,sim
1-2-99,3,1,1.0,0,sim
1-2-100,3,1,1.0,0,sim
1-2-101,3,1,1.0,0,sim
1-2-102,3,1,1.0,0,sim
1-2-103,3,1,1.0,0,sim
1-2-104,3,1,0.0,0,sim
1-2-105,3,1,1.0,0,sim
1-2-106,3,1,1.0,0,sim
1-2-107,3,1,1.0,0,sim
1-2-108,3,1,0.0,0,sim
1-2-109,3,1,1.0,0,sim
1-2-110,3,1,0.0,0,sim
1-2-111,3,1,1.0,0,sim
1-2-112,3,1,0.0,0,sim
1-2-113,3,1,0.0,0,sim
1-2-114,3,1,1.0,0,sim
1-2-115,3,1,1.0,0,sim
1-2-116,3,1,1.0,0,sim
1-2-117,3,1,0.0,1,sim
1-2-118,3,1,0.0,0,sim
1-2-119,3,1,0.0,0,sim
1-2-120,3,1,1.0,0,sim
1-2-121,3,1,0.0,0,sim
1-2-122,3,1,0.0,0,sim
1-2-123,3,1,1.0,0,sim
1-2-124,3,1,1.0,0,sim
1-2-125,3,1,1.0,0,sim
1-2-126,3,1,,1,sim
1-2-127,3,1,1.0,1,sim
1-2-128,3,1,0.0,0,sim
1-2-129,3,1,0.0,0,sim
1-2-130,3,1,0.0,0,sim
1-2-131,3,1,1.0,0,sim
1-2-132,3,1,1.0,1,sim
1-2-133,3,1,1.0,0,sim
1-2-134,3,1,0.0,0,sim
1-2-135,3,1,,0,sim
1-2-136,3,1,0.0,0,sim
1-2-137,3,1,1.0,0,sim
1-2-138,3,1,1.0,1,sim
1-2-139,3,1,1.0,0,sim
1-2-140,3,1,1.0,0,sim
1-2-141,3,1,0.0,0,sim
1-2-142,3,1,1.0,0,sim
1-2-143,3,1,0.0,0,sim
1-2-144,3,1,1.0,1,sim
1-2-145,3,1,1.0,0,sim
1-2-146,3,1,1.0,0,sim
1-2-147,3,1,1.0,0,sim
1-2-148,3,1,1.0,0,sim
1-2-149,3,1,1.0,1,sim
1-2-150,3,1,0.0,0,sim
1-2-151,3,1,1.0,0,sim
1-2-152,3,1,0.0,0,sim
1-2-153,3,1,1.0,0,sim
1-2-154,3,1,1.0,0,sim
1-2-155,3,1,0.0,0,sim
1-2-156,3,1,1.0,0,sim
1-2-157,3,1,1.0,0,sim
1-2-158,3,1,1.0,1,sim
1-2-159,3,1,0.0,0,sim
1-2-160,3,1,1.0,0,sim
1-2-161,3,1,0.0,0,sim
1-2-162,3,1,1.0,0,sim
1-2-163,3,1,1.0,0,sim
1-2-164,3,1,0.0,0,sim
1-2-165,3,1,1.0,0,sim
1-2-166,3,1,1.0,0,sim
1-2-167,3,1,0.0,0,sim
1-2-168,3,1,1.0,0,sim
1-2-169,3,1,0.0,0,sim
1-2-170,3,1,0.0,0,sim
1-2-171,3,1,0.0,0,sim
1-2-172,3,1,1.0,0,sim
1-2-173,3,1,0.0,1,sim
1-2-174,3,1,1.0,0,sim
1-2-175,3,1,0.0,0,sim
1-2-176,3,1,0.0,0,sim
1-2-177,3,1,1.0,0,sim
1-2-178,3,1,1.0,0,sim
1-2-179,3,1,1.0,0,sim
1-2-180,3,1,1.0,1,sim
1-2-181,3,1,1.0,0,sim
1-2-182,3,1,1.0,0,sim
1-2-183,3,1,1.0,0,sim
1-2-184,3,1,1.0,0,sim
1-2-185,3,1,1.0,0,sim
1-2-186,3,1,0.0,0,sim
1-2-187,3,1,1.0,0,sim
1-2-188,3,1,1.0,0,sim
1-2-189,3,1,0.0,0,sim
1-2-190,3,1,1.0,0,sim
1-2-191,3,1,0.0,0,sim
1-2-192,3,1,1.0,0,sim
1-2-193,3,1,1.0,0,sim
1-2-194,3,1,1.0,0,sim
1-2-195,3,1,1.0,0,sim
1-2-196,3,1,0.0,0,sim
1-2-197,3,1,1.0,0,sim
1-2-198,3,1,0.0,0,sim
1-2-199,3,1,0.0,0,sim
1-2-200,3,1,0.0,0,sim
1-2-201,3,1,1.0,0,sim
1-2-202,3,1,1.0,0,sim
1-2-203,3,1,0.0,0,sim
1-2-204,3,1,1.0,0,sim
1-2-205,3,1,1.0,0,sim
1-2-206,3,1,1.0,0,sim
1-2-207,3,1,0.0,0,sim
1-2-208,3,1,,0,sim
1-2-209,3,1,1.0,0,sim
1-2-210,3,1,0.0,0,sim
1-2-211,3,1,0.0,0,sim
1-2-212,3,1,1.0,0,sim
1-2-213,3,1,1.0,0,sim
1-2-214,3,1,0.0,0,sim
1-2-215,3,1,1.0,0,sim
1-2-216,3,1,0.0,0,sim
1-2-217,3,1,0.0,0,sim
1-2-218,3,1,0.0,0,sim
1-2-219,3,1,0.0,0,sim
1-2-220,3,1,1.0,0,sim
1-2-221,3,1,0.0,0,sim
1-2-222,3,1,1.0,0,sim
1-2-223,3,1,0.0,0,sim
1-2-224,3,1,0.0,0,sim
1-2-225,3,1,0.0,0,sim
1-2-226,3,1,1.0,0,sim
1-2-227,3,1,1.0,0,sim
1-2-228,3,1,1.0,0,sim
1-2-229,3,1,0.0,0,sim
1-2-230,3,1,0.0,0,sim
1-2-231,3,1,0.0,0,sim
1-2-232,3,1,1.0,0,sim
1-2-233,3,1,0.0,0,sim
1-2-234,3,1,0.0,0,sim
1-2-235,3,1,1.0,0,sim
1-2-236,3,1,1.0,0,sim
1-2-237,3,1,1.0,0,sim
1-2-238,3,1,0.0,0,sim
1-2-239,3,1,0.0,0,sim
1-3-0,4,1,1.0,0,sim
1-3-1,4,1,1.0,0,sim
1-3-2,4,1,0.0,0,sim
1-3-3,4,1,1.0,0,sim
1-3-4,4,1,1.0,0,sim
1-3-5,4,1,1.0,0,sim
1-3-6,4,1,1.0,0,sim
1-3-7,4,1,1.0,0,sim
1-3-8,4,1,0.0,0,sim
1-3-9,4,1,0.0,0,sim
1-3-10,4,1,0.0,0,sim
1-3-11,4,1,1.0,0,sim
1-3-12,4,1,0.0,0,sim
1-3-13,4,1,0.0,0,sim
1-3-14,4,1,0.0,0,sim
1-3-15,4,1,0.0,0,sim
1-3-16,4,1,0.0,0,sim
1-3-17,4,1,1.0,0,sim
1-3-18,4,1,0.0,1,sim
1-3-19,4,1,1.0,0,sim
1-3-20,4,1,0.0,0,sim
1-3-21,4,1,0.0,0,sim
1-3-22,4,1,0.0,0,sim
1-3-23,4,1,0.0,0,sim
1-3-24,4,1,0.0,0,sim
1-3-25,4,1,1.0,0,sim
1-3-26,4,1,0.0,0,sim
1-3-27,4,1,0.0,0,sim
1-3-28,4,1,0.0,0,sim
1-3-29,4,1,1.0,0,sim
1-3-30,4,1,0.0,0,sim
1-3-31,4,1,1.0,0,sim
1-3-32,4,1,1.0,0,sim
1-3-33,4,1,0.0,0,sim
1-3-34,4,1,0.0,0,sim
1-3-35,4,1,1.0,0,sim
1-3-36,4,1,1.0,0,sim
1-3-37,4,1,0.0,0,sim
1-3-38,4,1,1.0,0,sim
1-3-39,4,1,1.0,0,sim
1-3-40,4,1,1.0,0,sim
1-3-41,4,1,0.0,0,sim
1-3-42,4,1,1.0,0,sim
1-3-43,4,1,0.0,0,sim
1-3-44,4,1,1.0,0,sim
1-3-45,4,1,1.0,0,sim
1-3-46,4,1,0.0,0,sim
1-3-47,4,1,0.0,0,sim
1-3-48,4,1,1.0,0,sim
1-3-49,4,1,0.0,0,sim
1-3-50,4,1,1.0,0,sim
1-3-51,4,1,0.0,0,sim
1-3-52,4,1,1.0,0,sim
1-3-53,4,1,1.0,0,sim
1-3-54,4,1,1.0,0,sim
1-3-55,4,1,1.0,1,sim
1-3-56,4,1,1.0,0,sim
1-3-57,4,1,0.0,0,sim
1-3-58,4,1,0.0,0,sim
1-3-59,4,1,1.0,0,sim
1-3-60,4,1,0.0,0,sim
1-3-61,4,1,1.0,0,sim
1-3-62,4,1,1.0,0,sim
1-3-63,4,1,1.0,0,sim
1-3-64,4,1,1.0,0,sim
1-3-65,4,1,1.0,0,sim
1-3-66,4,1,1.0,0,sim
1-3-67,4,1,1.0,0,sim
1-3-68,4,1,1.0,0,sim
1-3-69,4,1,0.0,0,sim
1-3-70,4,1,1.0,0,sim
1-3-71,4,1,1.0,0,sim
1-3-72,4,1,1.0,1,sim
1-3-73,4,1,0.0,0,sim
1-3-74,4,1,1.0,0,sim
1-3-75,4,1,0.0,0,sim
1-3-76,4,1,1.0,0,sim
1-3-77,4,1,1.0,0,sim
1-3-78,4,1,1.0,0,sim
1-3-79,4,1,1.0,0,sim
1-3-80,4,1,0.0,0,sim
1-3-81,4,1,1.0,0,sim
1-3-82,4,1,1.0,0,sim
1-3-83,4,1,0.0,0,sim
1-3-84,4,1,1.0,0,sim
1-3-85,4,1,0.0,0,sim
1-3-86,4,1,1.0,1,sim
1-3-87,4,1,1.0,0,sim
1-3-88,4,1,1.0,0,sim
1-3-89,4,1,0.0,0,sim
1-3-90,4,1,1.0,0,sim
1-3-91,4,1,0.0,0,sim
1-3-92,4,1,1.0,0,sim
1-3-93,4,1,1.0,0,sim
1-3-94,4,1,0.0,0,sim
1-3-95,4,1,1.0,0,sim
1-3-96,4,1,0.0,0,sim
1-3-97,4,1,1.0,0,sim
1-3-98,4,1,1.0,0,sim
1-3-99,4,1,0.0,0,sim
1-3-100,4,1,1.0,0,sim
1-3-101,4,1,,0,sim
1-3-102,4,1,1.0,0,sim
1-3-103,4,1,0.0,0,sim
1-3-104,4,1,1.0,0,sim
1-3-105,4,1,,0,sim
1-3-106,4,1,1.0,0,sim
1-3-107,4,1,0.0,0,sim
1-3-108,4,1,1.0,0,sim
1-3-109,4,1,1.0,0,sim
1-3-110,4,1,0.0,0,sim
1-3-111,4,1,1.0,0,sim
1-3-112,4,1,0.0,0,sim
1-3-113,4,1,1.0,0,sim
1-3-114,4,1,1.0,0,sim
1-3-115,4,1,0.0,0,sim
1-3-116,4,1,1.0,0,sim
1-3-117,4,1,0.0,0,sim
1-3-118,4,1,0.0,0,sim
1-3-119,4,1,0.0,0,sim
1-3-120,4,1,1.0,0,sim
1-3-121,4,1,1.0,0,sim
1-3-122,4,1,1.0,0,sim
1-3-123,4,1,0.0,0,sim
1-3-124,4,1,0.0,0,sim
1-3-125,4,1,1.0,0,sim
1-3-126,4,1,1.0,0,sim
1-3-127,4,1,1.0,0,sim
1-3-128,4,1,0.0,0,sim
1-3-129,4,1,1.0,1,sim
1-3-130,4,1,0.0,0,sim
1-3-131,4,1,1.0,0,sim
1-3-132,4,1,1.0,0,sim
1-3-133,4,1,0.0,0,sim
1-3-134,4,1,0.0,0,sim
1-3-135,4,1,0.0,0,sim
1-3-136,4,1,0.0,0,sim
1-3-137,4,1,1.0,0,sim
1-3-138,4,1,0.0,0,sim
1-3-139,4,1,1.0,0,sim
1-3-140,4,1,0.0,0,sim
1-3-141,4,1,0.0,0,sim
1-3-142,4,1,0.0,0,sim
1-3-143,4,1,0.0,0,sim
1-3-144,4,1,1.0,0,sim
1-3-145,4,1,0.0,0,sim
1-3-146,4,1,1.0,0,sim
1-3-147,4,1,1.0,0,sim
1-3-148,4,1,1.0,0,sim
1-3-149,4,1,1.0,0,sim
1-3-150,4,1,0.0,0,sim
1-3-151,4,1,1.0,0,sim
1-3-152,4,1,,0,sim
1-3-153,4,1,0.0,0,sim
1-3-154,4,1,0.0,0,sim
1-3-155,4,1,0.0,0,sim
1-3-156,4,1,0.0,0,sim
1-3-157,4,1,0.0,0,sim
1-3-158,4,1,1.0,0,sim
1-3-159,4,1,1.0,0,sim
1-3-160,4,1,1.0,0,sim
1-3-161,4,1,0.0,0,sim
1-3-162,4,1,0.0,0,sim
1-3-163,4,1,1.0,0,sim
1-3-164,4,1,0.0,0,sim
1-3-165,4,1,1.0,0,sim
1-3-166,4,1,1.0,0,sim
1-3-167,4,1,0.0,0,sim
1-3-168,4,1,0.0,0,sim
1-3-169,4,1,0.0,0,sim
1-3-170,4,1,1.0,0,sim
1-3-171,4,1,0.0,0,sim
1-3-172,4,1,0.0,0,sim
1-3-173,4,1,1.0,0,sim
1-3-174,4,1,0.0,0,sim
1-3-175,4,1,0.0,0,sim
1-3-176,4,1,0.0,0,sim
1-3-177,4,1,1.0,0,sim
1-3-178,4,1,1.0,0,sim
1-3-179,4,1,1.0,0,sim
1-3-180,4,1,1.0,0,sim
1-3-181,4,1,,0,sim
1-3-182,4,1,0.0,0,sim
1-3-183,4,1,1.0,0,sim
1-3-184,4,1,0.0,0,sim
1-3-185,4,1,0.0,0,sim
1-3-186,4,1,1.0,0,sim
1-3-187,4,1,0.0,0,sim
1-3-188,4,1,1.0,0,sim
1-3-189,4,1,1.0,0,sim
1-3-190,4,1,0.0,0,sim
1-3-191,4,1,0.0,0,sim
1-3-192,4,1,0.0,0,sim
1-3-193,4,1,0.0,0,sim
1-3-194,4,1,1.0,0,sim
1-3-195,4,1,0.0,0,sim
1-3-196,4,1,0.0,0,sim
1-3-197,4,1,0.0,0,sim
1-3-198,4,1,1.0,0,sim
1-3-199,4,1,0.0,0,sim
1-3-200,4,1,1.0,0,sim
1-3-201,4,1,1.0,0,sim
1-3-202,4,1,0.0,0,sim
1-3-203,4,1,1.0,0,sim
1-3-204,4,1,0.0,0,sim
1-3-205,4,1,1.0,0,sim
1-3-206,4,1,0.0,0,sim
1-3-207,4,1,0.0,0,sim
1-3-208,4,1,0.0,0,sim
1-3-209,4,1,0.0,0,sim
1-3-210,4,1,0.0,0,sim
1-3-211,4,1,0.0,0,sim
1-3-212,4,1,1.0,0,sim
1-3-213,4,1,1.0,0,sim
1-3-214,4,1,1.0,0,sim
1-3-215,4,1,0.0,0,sim
1-3-216,4,1,1.0,0,sim
1-3-217,4,1,1.0,0,sim
1-3-218,4,1,1.0,0,sim
1-3-219,4,1,1.0,0,sim
1-3-220,4,1,0.0,0,sim
1-3-221,4,1,0.0,0,sim
1-3-222,4,1,0.0,0,sim
1-3-223,4,1,0.0,0,sim
1-3-224,4,1,1.0,0,sim
1-3-225,4,1,0.0,0,sim
1-3-226,4,1,1.0,0,sim
1-3-227,4,1,0.0,0,sim
1-3-228,4,1,1.0,0,sim
1-3-229,4,1,1.0,0,sim
1-3-230,4,1,1.0,0,sim
1-3-231,4,1,1.0,0,sim
1-3-232,4,1,0.0,0,sim
1-3-233,4,1,1.0,0,sim
1-3-234,4,1,1.0,0,sim
1-3-235,4,1,0.0,0,sim
1-3-236,4,1,1.0,0,sim
1-3-237,4,1,1.0,0,sim
1-3-238,4,1,1.0,0,sim
1-3-239,4,1,1.0,0,sim
1-4-0,5,1,1.0,0,sim
1-4-1,5,1,0.0,0,sim
1-4-2,5,1,1.0,1,sim
1-4-3,5,1,1.0,0,sim
1-4-4,5,1,0.0,0,sim
1-4-5,5,1,0.0,0,sim
1-4-6,5,1,0.0,0,sim
1-4-7,5,1,1.0,0,sim
1-4-8,5,1,0.0,0,sim
1-4-9,5,1,0.0,1,sim
1-4-10,5,1,1.0,0,sim
1-4-11,5,1,1.0,0,sim
1-4-12,5,1,,0,sim
1-4-13,5,1,1.0,0,sim
1-4-14,5,1,0.0,0,sim
1-4-15,5,1,1.0,0,sim
1-4-16,5,1,0.0,0,sim
1-4-17,5,1,0.0,0,sim
1-4-18,5,1,0.0,0,sim
1-4-19,5,1,0.0,0,sim
1-4-20,5,1,0.0,0,sim
1-4-21,5,1,1.0,0,sim
1-4-22,5,1,0.0,0,sim
1-4-23,5,1,1.0,0,sim
1-4-24,5,1,1.0,0,sim
1-4-25,5,1,0.0,0,sim
1-4-26,5,1,0.0,0,sim
1-4-27,5,1,1.0,0,sim
1-4-28,5,1,0.0,0,sim
1-4-29,5,1,0.0,0,sim
1-4-30,5,1,1.0,0,sim
1-4-31,5,1,1.0,0,sim
1-4-32,5,1,1.0,0,sim
1-4-33,5,1,1.0,0,sim
1-4-34,5,1,0.0,0,sim
1-4-35,5,1,1.0,0,sim
1-4-36,5,1,1.0,0,sim
1-4-37,5,1,,0,sim
1-4-38,5,1,0.0,0,sim
1-4-39,5,1,1.0,0,sim
1-4-40,5,1,0.0,0,sim
1-4-41,5,1,0.0,0,sim
1-4-42,5,1,0.0,1,sim
1-4-43,5,1,1.0,0,sim
1-4-44,5,1,0.0,0,sim
1-4-45,5,1,0.0,0,sim
1-4-46,5,1,1.0,0,sim
1-4-47,5,1,0.0,0,sim
1-4-48,5,1,0.0,0,sim
1-4-49,5,1,0.0,0,sim
1-4-50,5,1,1.0,0,sim
1-4-51,5,1,0.0,0,sim
1-4-52,5,1,0.0,1,sim
1-4-53,5,1,1.0,0,sim
1-4-54,5,1,1.0,0,sim
1-4-55,5,1,1.0,0,sim
1-4-56,5,1,0.0,0,sim
1-4-57,5,1,1.0,0,sim
1-4-58,5,1,1.0,0,sim
1-4-59,5,1,0.0,0,sim
1-4-60,5,1,1.0,0,sim
1-4-61,5,1,1.0,0,sim
1-4-62,5,1,0.0,0,sim
1-4-63,5,1,1.0,0,sim
1-4-64,5,1,0.0,0,sim
1-4-65,5,1,1.0,0,sim
1-4-66,5,1,0.0,0,sim
1-4-67,5,1,1.0,0,sim
1-4-68,5,1,1.0,0,sim
1-4-69,5,1,0.0,0,sim
1-4-70,5,1,0.0,0,sim
1-4-71,5,1,0.0,0,sim
1-4-72,5,1,0.0,0,sim
1-4-73,5,1,1.0,0,sim
1-4-74,5,1,1.0,0,sim
1-4-75,5,1,1.0,0,sim
1-4-76,5,1,1.0,0,sim
1-4-77,5,1,0.0,0,sim
1-4-78,5,1,1.0,0,sim
1-4-79,5,1,0.0,0,sim
1-4-80,5,1,0.0,0,sim
1-4-81,5,1,1.0,0,sim
1-4-82,5,1,0.0,0,sim
1-4-83,5,1,1.0,0,sim
1-4-84,5,1,,0,sim
1-4-85,5,1,1.0,0,sim
1-4-86,5,1,0.0,0,sim
1-4-87,5,1,0.0,0,sim
1-4-88,5,1,1.0,0,sim
1-4-89,5,1,1.0,0,sim
1-4-90,5,1,1.0,0,sim
1-4-91,5,1,1.0,0,sim
1-4-92,5,1,1.0,0,sim
1-4-93,5,1,1.0,0,sim
1-4-94,5,1,1.0,0,sim
1-4-95,5,1,0.0,0,sim
1-4-96,5,1,1.0,0,sim
1-4-97,5,1,0.0,1,sim
1-4-98,5,1,0.0,0,sim
1-4-99,5,1,0.0,0,sim
1-4-100,5,1,1.0,0,sim
1-4-101,5,1,1.0,0,sim
1-4-102,5,1,1.0,1,sim
1-4-103,5,1,1.0,0,sim
1-4-104,5,1,1.0,0,sim
1-4-105,5,1,1.0,0,sim
1-4-106,5,1,0.0,0,sim
1-4-107,5,1,1.0,0,sim
1-4-108,5,1,0.0,0,sim
1-4-109,5,1,1.0,0,sim
1-4-110,5,1,1.0,0,sim
1-4-111,5,1,0.0,0,sim
1-4-112,5,1,0.0,0,sim
1-4-113,5,1,1.0,0,sim
1-4-114,5,1,0.0,0,sim
1-4-115,5,1,0.0,0,sim
1-4-116,5,1,0.0,0,sim
1-4-117,5,1,1.0,0,sim
1-4-118,5,1,1.0,0,sim
1-4-119,5,1,1.0,0,sim
1-4-120,5,1,0.0,0,sim
1-4-121,5,1,0.0,0,sim
1-4-122,5,1,,0,sim
1-4-123,5,1,1.0,0,sim
1-4-124,5,1,0.0,0,sim
1-4-125,5,1,0.0,0,sim
1-4-126,5,1,1.0,0,sim
1-4-127,5,1,1.0,0,sim
1-4-128,5,1,1.0,0,sim
1-4-129,5,1,1.0,0,sim
1-4-130,5,1,1.0,0,sim
1-4-131,5,1,0.0,0,sim
1-4-132,5,1,1.0,0,sim
1-4-133,5,1,1.0,0,sim
1-4-134,5,1,0.0,0,sim
1-4-135,5,1,0.0,0,sim
1-4-136,5,1,0.0,0,sim
1-4-137,5,1,1.0,0,sim
1-4-138,5,1,1.0,0,sim
1-4-139,5,1,0.0,0,sim
1-4-140,5,1,1.0,0,sim
1-4-141,5,1,0.0,0,sim
1-4-142,5,1,1.0,0,sim
1-4-143,5,1,1.0,0,sim
1-4-144,5,1,0.0,0,sim
1-4-145,5,1,0.0,0,sim
1-4-146,5,1,0.0,1,sim
1-4-147,5,1,1.0,0,sim
1-4-148,5,1,0.0,0,sim
1-4-149,5,1,0.0,0,sim
1-4-150,5,1,0.0,0,sim
1-4-151,5,1,0.0,0,sim
1-4-152,5,1,0.0,0,sim
1-4-153,5,1,0.0,0,sim
1-4-154,5,1,0.0,0,sim
1-4-155,5,1,0.0,0,sim
1-4-156,5,1,0.0,0,sim
1-4-157,5,1,1.0,0,sim
1-4-158,5,1,1.0,0,sim
1-4-159,5,1,1.0,0,sim
1-4-160,5,1,1.0,0,sim
1-4-161,5,1,0.0,0,sim
1-4-162,5,1,0.0,0,sim
1-4-163,5,1,0.0,0,sim
1-4-164,5,1,0.0,0,sim
1-4-165,5,1,0.0,0,sim
1-4-166,5,1,0.0,0,sim
1-4-167,5,1,1.0,0,sim
1-4-168,5,1,1.0,0,sim
1-4-169,5,1,1.0,0,sim
1-4-170,5,1,1.0,0,sim
1-4-171,5,1,0.0,0,sim
1-4-172,5,1,1.0,0,sim
1-4-173,5,1,1.0,0,sim
1-4-174,5,1,0.0,0,sim
1-4-175,5,1,0.0,0,sim
1-4-176,5,1,1.0,0,sim
1-4-177,5,1,0.0,0,sim
1-4-178,5,1,1.0,0,sim
1-4-179,5,1,1.0,0,sim
1-4-180,5,1,0.0,0,sim
1-4-181,5,1,0.0,0,sim
1-4-182,5,1,0.0,0,sim
1-4-183,5,1,0.0,0,sim
1-4-184,5,1,0.0,0,sim
1-4-185,5,1,0.0,0,sim
1-4-186,5,1,1.0,0,sim
1-4-187,5,1,1.0,0,sim
1-4-188,5,1,1.0,0,sim
1-4-189,5,1,1.0,0,sim
1-4-190,5,1,1.0,0,sim
1-4-191,5,1,0.0,0,sim
1-4-192,5,1,1.0,0,sim
1-4-193,5,1,0.0,0,sim
1-4-194,5,1,1.0,0,sim
1-4-195,5,1,1.0,0,sim
1-4-196,5,1,1.0,0,sim
1-4-197,5,1,1.0,0,sim
1-4-198,5,1,1.0,0,sim
1-4-199,5,1,1.0,0,sim
1-4-200,5,1,0.0,0,sim
1-4-201,5,1,0.0,0,sim
1-4-202,5,1,1.0,0,sim
1-4-203,5,1,1.0,0,sim
1-4-204,5,1,0.0,0,sim
1-4-205,5,1,1.0,0,sim
1-4-206,5,1,,0,sim
1-4-207,5,1,1.0,0,sim
1-4-208,5,1,1.0,0,sim
1-4-209,5,1,1.0,0,sim
1-4-210,5,1,1.0,0,sim
1-4-211,5,1,1.0,0,sim
1-4-212,5,1,0.0,0,sim
1-4-213,5,1,1.0,0,sim
1-4-214,5,1,0.0,0,sim
1-4-215,5,1,0.0,0,sim
1-4-216,5,1,1.0,0,sim
1-4-217,5,1,1.0,0,sim
1-4-218,5,1,1.0,0,sim
1-4-219,5,1,1.0,0,sim
1-4-220,5,1,1.0,0,sim
1-4-221,5,1,1.0,0,sim
1-4-222,5,1,0.0,0,sim
1-4-223,5,1,1.0,0,sim
1-4-224,5,1,0.0,0,sim
1-4-225,5,1,1.0,1,sim
1-4-226,5,1,1.0,0,sim
1-4-227,5,1,1.0,0,sim
1-4-228,5,1,0.0,0,sim
1-4-229,5,1,0.0,0,sim
1-4-230,5,1,0.0,0,sim
1-4-231,5,1,0.0,0,sim
1-4-232,5,1,1.0,0,sim
1-4-233,5,1,0.0,0,sim
1-4-234,5,1,1.0,0,sim
1-4-235,5,1,0.0,0,sim
1-4-236,5,1,1.0,0,sim
1-4-237,5,1,1.0,0,sim
1-4-238,5,1,0.0,0,sim
1-4-239,5,1,0.0,0,sim
1-5-0,6,1,1.0,1,sim
1-5-1,6,1,0.0,0,sim
1-5-2,6,1,1.0,0,sim
1-5-3,6,1,1.0,0,sim
1-5-4,6,1,0.0,0,sim
1-5-5,6,1,0.0,0,sim
1-5-6,6,1,0.0,0,sim
1-5-7,6,1,0.0,0,sim
1-5-8,6,1,1.0,0,sim
1-5-9,6,1,0.0,0,sim
1-5-10,6,1,1.0,0,sim
1-5-11,6,1,1.0,0,sim
1-5-12,6,1,0.0,0,sim
1-5-13,6,1,0.0,0,sim
1-5-14,6,1,0.0,0,sim
1-5-15,6,1,1.0,0,sim
1-5-16,6,1,1.0,0,sim
1-5-17,6,1,0.0,0,sim
1-5-18,6,1,1.0,0,sim
1-5-19,6,1,1.0,0,sim
1-5-20,6,1,1.0,0,sim
1-5-21,6,1,0.0,0,sim
1-5-22,6,1,0.0,0,sim
1-5-23,6,1,0.0,0,sim
1-5-24,6,1,1.0,0,sim
1-5-25,6,1,,0,sim
1-5-26,6,1,1.0,0,sim
1-5-27,6,1,0.0,0,sim
1-5-28,6,1,1.0,0,sim
1-5-29,6,1,0.0,0,sim
1-5-30,6,1,1.0,0,sim
1-5-31,6,1,1.0,0,sim
1-5-32,6,1,1.0,0,sim
1-5-33,6,1,1.0,0,sim
1-5-34,6,1,1.0,0,sim
1-5-35,6,1,1.0,0,sim
1-5-36,6,1,1.0,0,sim
1-5-37,6,1,0.0,0,sim
1-5-38,6,1,1.0,0,sim
1-5-39,6,1,1.0,0,sim
1-5-40,6,1,0.0,0,sim
1-5-41,6,1,0.0,0,sim
1-5-42,6,1,0.0,0,sim
1-5-43,6,1,1.0,0,sim
1-5-44,6,1,0.0,0,sim
1-5-45,6,1,0.0,0,sim
1-5-46,6,1,1.0,0,sim
1-5-47,6,1,1.0,0,sim
1-5-48,6,1,1.0,0,sim
1-5-49,6,1,1.0,0,sim
1-5-50,6,1,0.0,0,sim
1-5-51,6,1,0.0,0,sim
1-5-52,6,1,1.0,0,sim
1-5-53,6,1,0.0,0,sim
1-5-54,6,1,0.0,0,sim
1-5-55,6,1,1.0,0,sim
1-5-56,6,1,1.0,0,sim
1-5-57,6,1,1.0,0,sim
1-5-58,6,1,1.0,0,sim
1-5-59,6,1,1.0,0,sim
1-5-60,6,1,0.0,0,sim
1-5-61,6,1,1.0,0,sim
1-5-62,6,1,1.0,0,sim
1-5-63,6,1,1.0,0,sim
1-5-64,6,1,1.0,0,sim
1-5-65,6,1,1.0,0,sim
1-5-66,6,1,1.0,0,sim
1-5-67,6,1,0.0,0,sim
1-5-68,6,1,1.0,0,sim
1-5-69,6,1,0.0,0,sim
1-5-70,6,1,1.0,0,sim
1-5-71,6,1,1.0,0,sim
1-5-72,6,1,0.0,0,sim
1-5-73,6,1,1.0,0,sim
1-5-74,6,1,1.0,0,sim
1-5-75,6,1,0.0,0,sim
1-5-76,6,1,0.0,0,sim
1-5-77,6,1,0.0,0,sim
1-5-78,6,1,0.0,0,sim
1-5-79,6,1,1.0,0,sim
1-5-80,6,1,1.0,0,sim
1-5-81,6,1,1.0,0,sim
1-5-82,6,1,0.0,0,sim
1-5-83,6,1,0.0,0,sim
1-5-84,6,1,0.0,0,sim
1-5-85,6,1,1.0,0,sim
1-5-86,6,1,0.0,0,sim
1-5-87,6,1,1.0,0,sim
1-5-88,6,1,1.0,0,sim
1-5-89,6,1,0.0,0,sim
1-5-90,6,1,1.0,0,sim
1-5-91,6,1,0.0,0,sim
1-5-92,6,1,1.0,0,sim
1-5-93,6,1,1.0,0,sim
1-5-94,6,1,1.0,0,sim
1-5-95,6,1,1.0,0,sim
1-5-96,6,1,0.0,0,sim
1-5-97,6,1,0.0,0,sim
1-5-98,6,1,1.0,0,sim
1-5-99,6,1,1.0,0,sim
1-5-100,6,1,1.0,0,sim
1-5-101,6,1,1.0,0,sim
1-5-102,6,1,0.0,0,sim
1-5-103,6,1,1.0,0,sim
1-5-104,6,1,1.0,0,sim
1-5-105,6,1,1.0,0,sim
1-5-106,6,1,0.0,0,sim
1-5-107,6,1,1.0,0,sim
1-5-108,6,1,1.0,1,sim
1-5-109,6,1,0.0,0,sim
1-5-110,6,1,1.0,0,sim
1-5-111,6,1,1.0,0,sim
1-5-112,6,1,1.0,0,sim
1-5-113,6,1,0.0,0,sim
1-5-114,6,1,1.0,0,sim
1-5-115,6,1,1.0,0,sim
1-5-116,6,1,0.0,0,sim
1-5-117,6,1,0.0,0,sim
1-5-118,6,1,1.0,0,sim
1-5-119,6,1,0.0,0,sim
1-5-120,6,1,1.0,0,sim
1-5-121,6,1,0.0,0,sim
1-5-122,6,1,0.0,0,sim
1-5-123,6,1,1.0,0,sim
1-5-124,6,1,1.0,0,sim
1-5-125,6,1,1.0,0,sim
1-5-126,6,1,1.0,0,sim
1-5-127,6,1,1.0,0,sim
1-5-128,6,1,1.0,0,sim
1-5-129,6,1,1.0,0,sim
1-5-130,6,1,0.0,0,sim
1-5-131,6,1,1.0,0,sim
1-5-132,6,1,1.0,0,sim
1-5-133,6,1,1.0,0,sim
1-5-134,6,1,1.0,0,sim
1-5-135,6,1,0.0,0,sim
1-5-136,6,1,1.0,0,sim
1-5-137,6,1,0.0,0,sim
1-5-138,6,1,0.0,0,sim
1-5-139,6,1,0.0,0,sim
1-5-140,6,1,0.0,0,sim
1-5-141,6,1,0.0,0,sim
1-5-142,6,1,0.0,0,sim
1-5-143,6,1,1.0,0,sim
1-5-144,6,1,1.0,0,sim
1-5-145,6,1,1.0,0,sim
1-5-146,6,1,0.0,0,sim
1-5-147,6,1,1.0,0,sim
1-5-148,6,1,1.0,0,sim
1-5-149,6,1,0.0,0,sim
1-5-150,6,1,1.0,0,sim
1-5-151,6,1,1.0,0,sim
1-5-152,6,1,0.0,1,sim
1-5-153,6,1,0.0,0,sim
1-5-154,6,1,1.0,0,sim
1-5-155,6,1,0.0,0,sim
1-5-156,6,1,0.0,0,sim
1-5-157,6,1,1.0,0,sim
1-5-158,6,1,0.0,0,sim
1-5-159,6,1,0.0,0,sim
1-5-160,6,1,,1,sim
1-5-161,6,1,1.0,0,sim
1-5-162,6,1,,0,sim
1-5-163,6,1,1.0,0,sim
1-5-164,6,1,0.0,0,sim
1-5-165,6,1,1.0,0,sim
1-5-166,6,1,0.0,0,sim
1-5-167,6,1,1.0,0,sim
1-5-168,6,1,0.0,0,sim
1-5-169,6,1,1.0,0,sim
1-5-170,6,1,0.0,0,sim
1-5-171,6,1,1.0,0,sim
1-5-172,6,1,1.0,0,sim
1-5-173,6,1,1.0,0,sim
1-5-174,6,1,1.0,0,sim
1-5-175,6,1,1.0,0,sim
1-5-176,6,1,0.0,0,sim
1-5-177,6,1,0.0,0,sim
1-5-178,6,1,1.0,0,sim
1-5-179,6,1,0.0,0,sim
1-5-180,6,1,0.0,0,sim
1-5-181,6,1,0.0,0,sim
1-5-182,6,1,0.0,0,sim
1-5-183,6,1,1.0,0,sim
1-5-184,6,1,0.0,0,sim
1-5-185,6,1,1.0,0,sim
1-5-186,6,1,0.0,0,sim
1-5-187,6,1,1.0,0,sim
1-5-188,6,1,0.0,0,sim
1-5-189,6,1,1.0,0,sim
1-5-190,6,1,1.0,0,sim
1-5-191,6,1,1.0,0,sim
1-5-192,6,1,1.0,1,sim
1-5-193,6,1,0.0,0,sim
1-5-194,6,1,1.0,0,sim
1-5-195,6,1,0.0,0,sim
1-5-196,6,1,0.0,0,sim
1-5-197,6,1,1.0,0,sim
1-5-198,6,1,1.0,0,sim
1-5-199,6,1,0.0,0,sim
1-5-200,6,1,0.0,0,sim
1-5-201,6,1,0.0,0,sim
1-5-202,6,1,0.0,0,sim
1-5-203,6,1,0.0,0,sim
1-5-204,6,1,1.0,0,sim
1-5-205,6,1,1.0,0,sim
1-5-206,6,1,1.0,0,sim
1-5-207,6,1,1.0,0,sim
1-5-208,6,1,1.0,0,sim
1-5-209,6,1,0.0,0,sim
1-5-210,6,1,0.0,0,sim
1-5-211,6,1,0.0,0,sim
1-5-212,6,1,0.0,0,sim
1-5-213,6,1,1.0,0,sim
1-5-214,6,1,1.0,0,sim
1-5-215,6,1,0.0,1,sim
1-5-216,6,1,0.0,0,sim
1-5-217,6,1,1.0,0,sim
1-5-218,6,1,0.0,0,sim
1-5-219,6,1,1.0,0,sim
1-5-220,6,1,1.0,0,sim
1-5-221,6,1,0.0,0,sim
1-5-222,6,1,0.0,0,sim
1-5-223,6,1,0.0,0,sim
1-5-224,6,1,1.0,0,sim
1-5-225,6,1,0.0,0,sim
1-5-226,6,1,1.0,0,sim
1-5-227,6,1,0.0,0,sim
1-5-228,6,1,0.0,0,sim
1-5-229,6,1,0.0,0,sim
1-5-230,6,1,1.0,0,sim
1-5-231,6,1,1.0,0,sim
1-5-232,6,1,0.0,0,sim
1-5-233,6,1,1.0,0,sim
1-5-234,6,1,1.0,0,sim
1-5-235,6,1,,0,sim
1-5-236,6,1,1.0,0,sim
1-5-237,6,1,1.0,0,sim
1-5-238,6,1,1.0,0,sim
1-5-239,6,1,0.0,0,sim
1-6-0,7,1,0.0,0,sim
1-6-1,7,1,1.0,0,sim
1-6-2,7,1,1.0,0,sim
1-6-3,7,1,1.0,0,sim
1-6-4,7,1,1.0,0,sim
1-6-5,7,1,1.0,0,sim
1-6-6,7,1,0.0,0,sim
1-6-7,7,1,1.0,0,sim
1-6-8,7,1,0.0,0,sim
1-6-9,7,1,1.0,0,sim
1-6-10,7,1,0.0,0,sim
1-6-11,7,1,0.0,1,sim
1-6-12,7,1,1.0,1,sim
1-6-13,7,1,1.0,0,sim
1-6-14,7,1,0.0,0,sim
1-6-15,7,1,0.0,0,sim
1-6-16,7,1,0.0,0,sim
1-6-17,7,1,1.0,0,sim
1-6-18,7,1,1.0,0,sim
1-6-19,7,1,1.0,0,sim
1-6-20,7,1,0.0,0,sim
1-6-21,7,1,1.0,0,sim
1-6-22,7,1,0.0,0,sim
1-6-23,7,1,1.0,0,sim
1-6-24,7,1,0.0,0,sim
1-6-25,7,1,0.0,0,sim
1-6-26,7,1,0.0,0,sim
1-6-27,7,1,1.0,0,sim
1-6-28,7,1,0.0,1,sim
1-6-29,7,1,0.0,0,sim
1-6-30,7,1,1.0,1,sim
1-6-31,7,1,1.0,0,sim
1-6-32,7,1,0.0,0,sim
1-6-33,7,1,0.0,0,sim
1-6-34,7,1,1.0,0,sim
1-6-35,7,1,0.0,0,sim
1-6-36,7,1,0.0,0,sim
1-6-37,7,1,0.0,0,sim
1-6-38,7,1,0.0,0,sim
1-6-39,7,1,1.0,0,sim
1-6-40,7,1,1.0,0,sim
1-6-41,7,1,1.0,0,sim
1-6-42,7,1,1.0,0,sim
1-6-43,7,1,1.0,0,sim
1-6-44,7,1,1.0,0,sim
1-6-45,7,1,1.0,0,sim
1-6-46,7,1,,0,sim
1-6-47,7,1,1.0,0,sim
1-6-48,7,1,1.0,0,sim
1-6-49,7,1,1.0,0,sim
1-6-50,7,1,1.0,0,sim
1-6-51,7,1,1.0,1,sim
1-6-52,7,1,1.0,0,sim
1-6-53,7,1,1.0,0,sim
1-6-54,7,1,0.0,0,sim
1-6-55,7,1,1.0,0,sim
1-6-56,7,1,1.0,0,sim
1-6-57,7,1,1.0,0,sim
1-6-58,7,1,1.0,0,sim
1-6-59,7,1,0.0,0,sim
1-6-60,7,1,1.0,0,sim
1-6-61,7,1,1.0,0,sim
1-6-62,7,1,1.0,1,sim
1-6-63,7,1,0.0,0,sim
1-6-64,7,1,0.0,0,sim
1-6-65,7,1,1.0,0,sim
1-6-66,7,1,1.0,0,sim
1-6-67,7,1,1.0,0,sim
1-6-68,7,1,0.0,0,sim
1-6-69,7,1,1.0,0,sim
1-6-70,7,1,1.0,0,sim
1-6-71,7,1,1.0,0,sim
1-6-72,7,1,0.0,0,sim
1-6-73,7,1,0.0,0,sim
1-6-74,7,1,0.0,0,sim
1-6-75,7,1,,0,sim
1-6-76,7,1,1.0,0,sim
1-6-77,7,1,1.0,0,sim
1-6-78,7,1,1.0,0,sim
1-6-79,7,1,1.0,0,sim
1-6-80,7,1,0.0,0,sim
1-6-81,7,1,1.0,0,sim
1-6-82,7,1,0.0,1,sim
1-6-83,7,1,0.0,0,sim
1-6-84,7,1,0.0,0,sim
1-6-85,7,1,0.0,0,sim
1-6-86,7,1,0.0,0,sim
1-6-87,7,1,1.0,0,sim
1-6-88,7,1,1.0,0,sim
1-6-89,7,1,0.0,0,sim
1-6-90,7,1,1.0,0,sim
1-6-91,7,1,1.0,0,sim
1-6-92,7,1,0.0,0,sim
1-6-93,7,1,,0,sim
1-6-94,7,1,1.0,0,sim
1-6-95,7,1,1.0,0,sim
1-6-96,7,1,0.0,0,sim
1-6-97,7,1,0.0,0,sim
1-6-98,7,1,1.0,0,sim
1-6-99,7,1,1.0,0,sim
1-6-100,7,1,0.0,0,sim
1-6-101,7,1,1.0,0,sim
1-6-102,7,1,1.0,0,sim
1-6-103,7,1,0.0,0,sim
1-6-104,7,1,1.0,0,sim
1-6-105,7,1,0.0,0,sim
1-6-106,7,1,1.0,0,sim
1-6-107,7,1,0.0,0,sim
1-6-108,7,1,1.0,0,sim
1-6-109,7,1,1.0,0,sim
1-6-110,7,1,1.0,0,sim
1-6-111,7,1,,0,sim
1-6-112,7,1,0.0,0,sim
1-6-113,7,1,0.0,0,sim
1-6-114,7,1,0.0,0,sim
1-6-115,7,1,1.0,0,sim
1-6-116,7,1,1.0,0,sim
1-6-117,7,1,1.0,0,sim
1-6-118,7,1,1.0,0,sim
1-6-119,7,1,0.0,0,sim
1-6-120,7,1,1.0,0,sim
1-6-121,7,1,0.0,0,sim
1-6-122,7,1,1.0,0,sim
1-6-123,7,1,0.0,0,sim
1-6-124,7,1,1.0,0,sim
1-6-125,7,1,1.0,0,sim
1-6-126,7,1,0.0,0,sim
1-6-127,7,1,0.0,0,sim
1-6-128,7,1,1.0,0,sim
1-6-129,7,1,0.0,0,sim
1-6-130,7,1,1.0,0,sim
1-6-131,7,1,1.0,0,sim
1-6-132,7,1,1.0,0,sim
1-6-133,7,1,0.0,0,sim
1-6-134,7,1,1.0,0,sim
1-6-135,7,1,1.0,0,sim
1-6-136,7,1,1.0,0,sim
1-6-137,7,1,1.0,0,sim
1-6-138,7,1,1.0,0,sim
1-6-139,7,1,0.0,0,sim
1-6-140,7,1,0.0,0,sim
1-6-141,7,1,1.0,0,sim
1-6-142,7,1,0.0,0,sim
1-6-143,7,1,0.0,0,sim
1-6-144,7,1,0.0,0,sim
1-6-145,7,1,0.0,0,sim
1-6-146,7,1,1.0,0,sim
1-6-147,7,1,1.0,0,sim
1-6-148,7,1,1.0,0,sim
1-6-149,7,1,0.0,0,sim
1-6-150,7,1,0.0,0,sim
1-6-151,7,1,0.0,0,sim
1-6-152,7,1,1.0,0,sim
1-6-153,7,1,1.0,0,sim
1-6-154,7,1,0.0,0,sim
1-6-155,7,1,1.0,0,sim
1-6-156,7,1,1.0,0,sim
1-6-157,7,1,1.0,0,sim
1-6-158,7,1,1.0,0,sim
1-6-159,7,1,1.0,0,sim
1-6-160,7,1,0.0,0,sim
1-6-161,7,1,0.0,0,sim
1-6-162,7,1,0.0,0,sim
1-6-163,7,1,0.0,0,sim
1-6-164,7,1,0.0,0,sim
1-6-165,7,1,1.0,0,sim
1-6-166,7,1,1.0,0,sim
1-6-167,7,1,1.0,0,sim
1-6-168,7,1,1.0,0,sim
1-6-169,7,1,1.0,0,sim
1-6-170,7,1,1.0,0,sim
1-6-171,7,1,1.0,0,sim
1-6-172,7,1,0.0,0,sim
1-6-173,7,1,1.0,0,sim
1-6-174,7,1,0.0,0,sim
1-6-175,7,1,0.0,0,sim
1-6-176,7,1,1.0,0,sim
1-6-177,7,1,1.0,0,sim
1-6-178,7,1,0.0,0,sim
1-6-179,7,1,1.0,0,sim
1-6-180,7,1,1.0,0,sim
1-6-181,7,1,1.0,0,sim
1-6-182,7,1,0.0,0,sim
1-6-183,7,1,0.0,0,sim
1-6-184,7,1,1.0,0,sim
1-6-185,7,1,1.0,0,sim
1-6-186,7,1,0.0,0,sim
1-6-187,7,1,0.0,0,sim
1-6-188,7,1,1.0,0,sim
1-6-189,7,1,0.0,0,sim
1-6-190,7,1,1.0,0,sim
1-6-191,7,1,0.0,0,sim
1-6-192,7,1,1.0,0,sim
1-6-193,7,1,0.0,0,sim
1-6-194,7,1,0.0,0,sim
1-6-195,7,1,1.0,0,sim
1-6-196,7,1,1.0,0,sim
1-6-197,7,1,0.0,0,sim
1-6-198,7,1,0.0,0,sim
1-6-199,7,1,0.0,0,sim
1-6-200,7,1,0.0,0,sim
1-6-201,7,1,1.0,0,sim
1-6-202,7,1,0.0,0,sim
1-6-203,7,1,0.0,0,sim
1-6-204,7,1,0.0,0,sim
1-6-205,7,1,1.0,0,sim
1-6-206,7,1,1.0,0,sim
1-6-207,7,1,1.0,0,sim
1-6-208,7,1,0.0,0,sim
1-6-209,7,1,1.0,0,sim
1-6-210,7,1,1.0,0,sim
1-6-211,7,1,0.0,0,sim
1-6-212,7,1,,0,sim
1-6-213,7,1,1.0,0,sim
1-6-214,7,1,0.0,0,sim
1-6-215,7,1,1.0,0,sim
1-6-216,7,1,1.0,0,sim
1-6-217,7,1,1.0,0,sim
1-6-218,7,1,0.0,0,sim
1-6-219,7,1,1.0,0,sim
1-6-220,7,1,1.0,0,sim
1-6-221,7,1,1.0,0,sim
1-6-222,7,1,0.0,0,sim
1-6-223,7,1,1.0,0,sim
1-6-224,7,1,1.0,0,sim
1-6-225,7,1,1.0,0,sim
1-6-226,7,1,1.0,0,sim
1-6-227,7,1,0.0,1,sim
1-6-228,7,1,1.0,0,sim
1-6-229,7,1,0.0,1,sim
1-6-230,7,1,1.0,0,sim
1-6-231,7,1,0.0,0,sim
1-6-232,7,1,1.0,0,sim
1-6-233,7,1,1.0,0,sim
1-6-234,7,1,0.0,0,sim
1-6-235,7,1,1.0,0,sim
1-6-236,7,1,1.0,0,sim
1-6-237,7,1,1.0,0,sim
1-6-238,7,1,0.0,0,sim
1-6-239,7,1,1.0,0,sim
1-7-0,8,1,1.0,0,sim
1-7-1,8,1,1.0,0,sim
1-7-2,8,1,1.0,1,sim
1-7-3,8,1,1.0,0,sim
1-7-4,8,1,1.0,0,sim
1-7-5,8,1,1.0,0,sim
1-7-6,8,1,1.0,0,sim
1-7-7,8,1,1.0,0,sim
1-7-8,8,1,0.0,0,sim
1-7-9,8,1,1.0,0,sim
1-7-10,8,1,0.0,0,sim
1-7-11,8,1,1.0,0,sim
1-7-12,8,1,0.0,0,sim
1-7-13,8,1,0.0,0,sim
1-7-14,8,1,0.0,0,sim
1-7-15,8,1,0.0,0,sim
1-7-16,8,1,0.0,0,sim
1-7-17,8,1,0.0,0,sim
1-7-18,8,1,0.0,0,sim
1-7-19,8,1,0.0,0,sim
1-7-20,8,1,1.0,0,sim
1-7-21,8,1,1.0,0,sim
1-7-22,8,1,1.0,0,sim
1-7-23,8,1,0.0,0,sim
1-7-24,8,1,0.0,0,sim
1-7-25,8,1,1.0,0,sim
1-7-26,8,1,1.0,0,sim
1-7-27,8,1,1.0,0,sim
1-7-28,8,1,0.0,0,sim
1-7-29,8,1,0.0,0,sim
1-7-30,8,1,1.0,0,sim
1-7-31,8,1,,0,sim
1-7-32,8,1,1.0,0,sim
1-7-33,8,1,1.0,0,sim
1-7-34,8,1,0.0,0,sim
1-7-35,8,1,1.0,0,sim
1-7-36,8,1,0.0,0,sim
1-7-37,8,1,1.0,0,sim
1-7-38,8,1,0.0,0,sim
1-7-39,8,1,0.0,0,sim
1-7-40,8,1,0.0,0,sim
1-7-41,8,1,0.0,0,sim
1-7-42,8,1,1.0,0,sim
1-7-43,8,1,0.0,0,sim
1-7-44,8,1,0.0,0,sim
1-7-45,8,1,1.0,0,sim
1-7-46,8,1,0.0,0,sim
1-7-47,8,1,1.0,0,sim
1-7-48,8,1,1.0,0,sim
1-7-49,8,1,1.0,0,sim
1-7-50,8,1,1.0,0,sim
1-7-51,8,1,0.0,0,sim
1-7-52,8,1,1.0,0,sim
1-7-53,8,1,1.0,0,sim
1-7-54,8,1,1.0,0,sim
1-7-55,8,1,1.0,1,sim
1-7-56,8,1,1.0,0,sim
1-7-57,8,1,1.0,0,sim
1-7-58,8,1,0.0,0,sim
1-7-59,8,1,1.0,0,sim
1-7-60,8,1,1.0,0,sim
1-7-61,8,1,1.0,0,sim
1-7-62,8,1,1.0,0,sim
1-7-63,8,1,0.0,0,sim
1-7-64,8,1,0.0,0,sim
1-7-65,8,1,0.0,0,sim
1-7-66,8,1,0.0,0,sim
1-7-67,8,1,1.0,0,sim
1-7-68,8,1,0.0,0,sim
1-7-69,8,1,1.0,0,sim
1-7-70,8,1,0.0,0,sim
1-7-71,8,1,1.0,1,sim
1-7-72,8,1,0.0,0,sim
1-7-73,8,1,0.0,0,sim
1-7-74,8,1,0.0,0,sim
1-7-75,8,1,1.0,0,sim
1-7-76,8,1,,0,sim
1-7-77,8,1,1.0,0,sim
1-7-78,8,1,1.0,0,sim
1-7-79,8,1,1.0,0,sim
1-7-80,8,1,1.0,0,sim
1-7-81,8,1,0.0,0,sim
1-7-82,8,1,0.0,0,sim
1-7-83,8,1,1.0,0,sim
1-7-84,8,1,1.0,0,sim
1-7-85,8,1,1.0,0,sim
1-7-86,8,1,0.0,0,sim
1-7-87,8,1,0.0,0,sim
1-7-88,8,1,1.0,0,sim
1-7-89,8,1,1.0,0,sim
1-7-90,8,1,0.0,0,sim
1-7-91,8,1,1.0,1,sim
1-7-92,8,1,0.0,0,sim
1-7-93,8,1,1.0,0,sim
1-7-94,8,1,0.0,0,sim
1-7-95,8,1,1.0,0,sim
1-7-96,8,1,0.0,0,sim
1-7-97,8,1,0.0,0,sim
1-7-98,8,1,1.0,0,sim
1-7-99,8,1,1.0,0,sim
1-7-100,8,1,0.0,0,sim
1-7-101,8,1,0.0,0,sim
1-7-102,8,1,1.0,0,sim
1-7-103,8,1,1.0,0,sim
1-7-104,8,1,1.0,0,sim
1-7-105,8,1,1.0,0,sim
1-7-106,8,1,1.0,0,sim
1-7-107,8,1,0.0,0,sim
1-7-108,8,1,0.0,0,sim
1-7-109,8,1,0.0,0,sim
1-7-110,8,1,0.0,0,sim
1-7-111,8,1,1.0,0,sim
1-7-112,8,1,0.0,0,sim
1-7-113,8,1,1.0,0,sim
1-7-114,8,1,1.0,0,sim
1-7-115,8,1,0.0,0,sim
1-7-116,8,1,0.0,0,sim
1-7-117,8,1,1.0,0,sim
1-7-118,8,1,0.0,0,sim
1-7-119,8,1,0.0,1,sim
1-7-120,8,1,0.0,0,sim
1-7-121,8,1,0.0,0,sim
1-7-122,8,1,1.0,0,sim
1-7-123,8,1,0.0,0,sim
1-7-124,8,1,0.0,0,sim
1-7-125,8,1,1.0,0,sim
1-7-126,8,1,1.0,0,sim
1-7-127,8,1,1.0,0,sim
1-7-128,8,1,1.0,0,sim
1-7-129,8,1,1.0,0,sim
1-7-130,8,1,0.0,0,sim
1-7-131,8,1,0.0,0,sim
1-7-132,8,1,1.0,0,sim
1-7-133,8,1,1.0,0,sim
1-7-134,8,1,1.0,0,sim
1-7-135,8,1,0.0,0,sim
1-7-136,8,1,0.0,0,sim
1-7-137,8,1,1.0,0,sim
1-7-138,8,1,0.0,0,sim
1-7-139,8,1,1.0,0,sim
1-7-140,8,1,0.0,0,sim
1-7-141,8,1,0.0,0,sim
1-7-142,8,1,1.0,0,sim
1-7-143,8,1,1.0,0,sim
1-7-144,8,1,0.0,0,sim
1-7-145,8,1,0.0,0,sim
1-7-146,8,1,0.0,0,sim
1-7-147,8,1,1.0,0,sim
1-7-148,8,1,0.0,0,sim
1-7-149,8,1,1.0,0,sim
1-7-150,8,1,1.0,0,sim
1-7-151,8,1,1.0,0,sim
1-7-152,8,1,0.0,0,sim
1-7-153,8,1,0.0,0,sim
1-7-154,8,1,1.0,0,sim
1-7-155,8,1,1.0,0,sim
1-7-156,8,1,1.0,0,sim
1-7-157,8,1,1.0,0,sim
1-7-158,8,1,0.0,0,sim
1-7-159,8,1,1.0,0,sim
1-7-160,8,1,0.0,0,sim
1-7-161,8,1,0.0,0,sim
1-7-162,8,1,1.0,0,sim
1-7-163,8,1,0.0,0,sim
1-7-164,8,1,1.0,0,sim
1-7-165,8,1,1.0,0,sim
1-7-166,8,1,1.0,0,sim
1-7-167,8,1,0.0,0,sim
1-7-168,8,1,1.0,0,sim
1-7-169,8,1,0.0,0,sim
1-7-170,8,1,1.0,0,sim
1-7-171,8,1,1.0,0,sim
1-7-172,8,1,0.0,0,sim
1-7-173,8,1,1.0,0,sim
1-7-174,8,1,1.0,0,sim
1-7-175,8,1,1.0,0,sim
1-7-176,8,1,1.0,0,sim
1-7-177,8,1,1.0,0,sim
1-7-178,8,1,0.0,0,sim
1-7-179,8,1,1.0,0,sim
1-7-180,8,1,0.0,0,sim
1-7-181,8,1,,0,sim
1-7-182,8,1,0.0,0,sim
1-7-183,8,1,0.0,0,sim
1-7-184,8,1,1.0,0,sim
1-7-185,8,1,0.0,0,sim
1-7-186,8,1,0.0,0,sim
1-7-187,8,1,1.0,0,sim
1-7-188,8,1,0.0,0,sim
1-7-189,8,1,1.0,0,sim
1-7-190,8,1,0.0,0,sim
1-7-191,8,1,1.0,0,sim
1-7-192,8,1,1.0,0,sim
1-7-193,8,1,1.0,0,sim
1-7-194,8,1,1.0,0,sim
1-7-195,8,1,1.0,0,sim
1-7-196,8,1,1.0,0,sim
1-7-197,8,1,1.0,0,sim
1-7-198,8,1,0.0,0,sim
1-7-199,8,1,1.0,0,sim
1-7-200,8,1,1.0,0,sim
1-7-201,8,1,1.0,0,sim
1-7-202,8,1,1.0,0,sim
1-7-203,8,1,1.0,0,sim
1-7-204,8,1,0.0,0,sim
1-7-205,8,1,1.0,1,sim
1-7-206,8,1,1.0,0,sim
1-7-207,8,1,0.0,0,sim
1-7-208,8,1,0.0,0,sim
1-7-209,8,1,0.0,0,sim
1-7-210,8,1,1.0,0,sim
1-7-211,8,1,0.0,0,sim
1-7-212,8,1,1.0,0,sim
1-7-213,8,1,,0,sim
1-7-214,8,1,0.0,0,sim
1-7-215,8,1,1.0,0,sim
1-7-216,8,1,0.0,0,sim
1-7-217,8,1,0.0,0,sim
1-7-218,8,1,1.0,0,sim
1-7-219,8,1,1.0,0,sim
1-7-220,8,1,1.0,1,sim
1-7-221,8,1,1.0,0,sim
1-7-222,8,1,1.0,0,sim
1-7-223,8,1,1.0,0,sim
1-7-224,8,1,1.0,0,sim
1-7-225,8,1,0.0,0,sim
1-7-226,8,1,1.0,0,sim
1-7-227,8,1,1.0,0,sim
1-7-228,8,1,1.0,0,sim
1-7-229,8,1,1.0,0,sim
1-7-230,8,1,1.0,0,sim
1-7-231,8,1,1.0,0,sim
1-7-232,8,1,1.0,0,sim
1-7-233,8,1,0.0,0,sim
1-7-234,8,1,1.0,0,sim
1-7-235,8,1,1.0,0,sim
1-7-236,8,1,1.0,0,sim
1-7-237,8,1,1.0,0,sim
1-7-238,8,1,1.0,0,sim
1-7-239,8,1,1.0,0,sim
1-8-0,9,1,0.0,0,sim
1-8-1,9,1,1.0,0,sim
1-8-2,9,1,1.0,0,sim
1-8-3,9,1,0.0,0,sim
1-8-4,9,1,1.0,0,sim
1-8-5,9,1,1.0,0,sim
1-8-6,9,1,1.0,0,sim
1-8-7,9,1,1.0,0,sim
1-8-8,9,1,1.0,0,sim
1-8-9,9,1,0.0,0,sim
1-8-10,9,1,0.0,0,sim
1-8-11,9,1,0.0,0,sim
1-8-12,9,1,1.0,1,sim
1-8-13,9,1,1.0,0,sim
1-8-14,9,1,1.0,0,sim
1-8-15,9,1,0.0,0,sim
1-8-16,9,1,1.0,0,sim
1-8-17,9,1,1.0,0,sim
1-8-18,9,1,1.0,0,sim
1-8-19,9,1,0.0,0,sim
1-8-20,9,1,1.0,0,sim
1-8-21,9,1,0.0,0,sim
1-8-22,9,1,0.0,0,sim
1-8-23,9,1,0.0,0,sim
1-8-24,9,1,1.0,0,sim
1-8-25,9,1,1.0,0,sim
1-8-26,9,1,1.0,0,sim
1-8-27,9,1,0.0,0,sim
1-8-28,9,1,0.0,0,sim
1-8-29,9,1,1.0,0,sim
1-8-30,9,1,0.0,0,sim
1-8-31,9,1,1.0,0,sim
1-8-32,9,1,0.0,0,sim
1-8-33,9,1,0.0,0,sim
1-8-34,9,1,1.0,0,sim
1-8-35,9,1,1.0,0,sim
1-8-36,9,1,0.0,0,sim
1-8-37,9,1,1.0,0,sim
1-8-38,9,1,1.0,0,sim
1-8-39,9,1,0.0,0,sim
1-8-40,9,1,0.0,0,sim
1-8-41,9,1,1.0,0,sim
1-8-42,9,1,0.0,0,sim
1-8-43,9,1,1.0,0,sim
1-8-44,9,1,1.0,0,sim
1-8-45,9,1,1.0,0,sim
1-8-46,9,1,0.0,0,sim
1-8-47,9,1,0.0,0,sim
1-8-48,9,1,1.0,0,sim
1-8-49,9,1,0.0,0,sim
1-8-50,9,1,1.0,0,sim
1-8-51,9,1,1.0,0,sim
1-8-52,9,1,0.0,0,sim
1-8-53,9,1,1.0,0,sim
1-8-54,9,1,0.0,0,sim
1-8-55,9,1,1.0,0,sim
1-8-56,9,1,,0,sim
1-8-57,9,1,0.0,0,sim
1-8-58,9,1,1.0,0,sim
1-8-59,9,1,1.0,0,sim
1-8-60,9,1,0.0,0,sim
1-8-61,9,1,1.0,0,sim
1-8-62,9,1,1.0,0,sim
1-8-63,9,1,0.0,0,sim
1-8-64,9,1,,0,sim
1-8-65,9,1,1.0,0,sim
1-8-66,9,1,1.0,0,sim
1-8-67,9,1,1.0,0,sim
1-8-68,9,1,,0,sim
1-8-69,9,1,1.0,0,sim
1-8-70,9,1,1.0,0,sim
1-8-71,9,1,1.0,0,sim
1-8-72,9,1,1.0,0,sim
1-8-73,9,1,1.0,0,sim
1-8-74,9,1,1.0,0,sim
1-8-75,9,1,1.0,0,sim
1-8-76,9,1,0.0,1,sim
1-8-77,9,1,1.0,0,sim
1-8-78,9,1,1.0,0,sim
1-8-79,9,1,1.0,0,sim
1-8-80,9,1,1.0,0,sim
1-8-81,9,1,0.0,0,sim
1-8-82,9,1,0.0,0,sim
1-8-83,9,1,0.0,0,sim
1-8-84,9,1,1.0,0,sim
1-8-85,9,1,1.0,0,sim
1-8-86,9,1,1.0,0,sim
1-8-87,9,1,1.0,0,sim
1-8-88,9,1,1.0,0,sim
1-8-89,9,1,0.0,0,sim
1-8-90,9,1,1.0,0,sim
1-8-91,9,1,1.0,0,sim
1-8-92,9,1,0.0,0,sim
1-8-93,9,1,1.0,0,sim
1-8-94,9,1,0.0,0,sim
1-8-95,9,1,0.0,0,sim
1-8-96,9,1,0.0,0,sim
1-8-97,9,1,1.0,0,sim
1-8-98,9,1,0.0,0,sim
1-8-99,9,1,1.0,0,sim
1-8-100,9,1,0.0,0,sim
1-8-101,9,1,1.0,0,sim
1-8-102,9,1,1.0,0,sim
1-8-103,9,1,1.0,0,sim
1-8-104,9,1,1.0,0,sim
1-8-105,9,1,1.0,0,sim
1-8-106,9,1,1.0,0,sim
1-8-107,9,1,1.0,0,sim
1-8-108,9,1,0.0,0,sim
1-8-109,9,1,1.0,0,sim
1-8-110,9,1,1.0,0,sim
1-8-111,9,1,0.0,0,sim
1-8-112,9,1,0.0,0,sim
1-8-113,9,1,1.0,0,sim
1-8-114,9,1,0.0,0,sim
1-8-115,9,1,1.0,0,sim
1-8-116,9,1,0.0,0,sim
1-8-117,9,1,1.0,0,sim
1-8-118,9,1,1.0,0,sim
1-8-119,9,1,1.0,0,sim
1-8-120,9,1,1.0,0,sim
1-8-121,9,1,0.0,0,sim
1-8-122,9,1,0.0,0,sim
1-8-123,9,1,0.0,0,sim
1-8-124,9,1,1.0,0,sim
1-8-125,9,1,1.0,0,sim
1-8-126,9,1,0.0,0,sim
1-8-127,9,1,1.0,0,sim
1-8-128,9,1,1.0,0,sim
1-8-129,9,1,0.0,0,sim
1-8-130,9,1,1.0,0,sim
1-8-131,9,1,1.0,0,sim
1-8-132,9,1,1.0,0,sim
1-8-133,9,1,1.0,0,sim
1-8-134,9,1,1.0,0,sim
1-8-135,9,1,0.0,0,sim
1-8-136,9,1,0.0,0,sim
1-8-137,9,1,0.0,0,sim
1-8-138,9,1,0.0,0,sim
1-8-139,9,1,1.0,0,sim
1-8-140,9,1,1.0,0,sim
1-8-141,9,1,1.0,0,sim
1-8-142,9,1,1.0,0,sim
1-8-143,9,1,0.0,0,sim
1-8-144,9,1,0.0,0,sim
1-8-145,9,1,0.0,0,sim
1-8-146,9,1,1.0,0,sim
1-8-147,9,1,1.0,0,sim
1-8-148,9,1,0.0,0,sim
1-8-149,9,1,0.0,0,sim
1-8-150,9,1,0.0,0,sim
1-8-151,9,1,0.0,0,sim
1-8-152,9,1,1.0,0,sim
1-8-153,9,1,0.0,0,sim
1-8-154,9,1,0.0,0,sim
1-8-155,9,1,0.0,0,sim
1-8-156,9,1,1.0,0,sim
1-8-157,9,1,0.0,0,sim
1-8-158,9,1,1.0,0,sim
1-8-159,9,1,0.0,0,sim
1-8-160,9,1,0.0,0,sim
1-8-161,9,1,1.0,0,sim
1-8-162,9,1,0.0,0,sim
1-8-163,9,1,0.0,0,sim
1-8-164,9,1,0.0,0,sim
1-8-165,9,1,1.0,0,sim
1-8-166,9,1,1.0,0,sim
1-8-167,9,1,1.0,0,sim
1-8-168,9,1,1.0,0,sim
1-8-169,9,1,1.0,0,sim
1-8-170,9,1,1.0,0,sim
1-8-171,9,1,1.0,0,sim
1-8-172,9,1,0.0,0,sim
1-8-173,9,1,1.0,0,sim
1-8-174,9,1,1.0,0,sim
1-8-175,9,1,1.0,0,sim
1-8-176,9,1,0.0,0,sim
1-8-177,9,1,1.0,0,sim
1-8-178,9,1,0.0,0,sim
1-8-179,9,1,0.0,0,sim
1-8-180,9,1,1.0,0,sim
1-8-181,9,1,1.0,0,sim
1-8-182,9,1,0.0,0,sim
1-8-183,9,1,1.0,0,sim
1-8-184,9,1,1.0,0,sim
1-8-185,9,1,1.0,0,sim
1-8-186,9,1,1.0,0,sim
1-8-187,9,1,0.0,0,sim
1-8-188,9,1,1.0,0,sim
1-8-189,9,1,0.0,0,sim
1-8-190,9,1,1.0,0,sim
1-8-191,9,1,0.0,0,sim
1-8-192,9,1,1.0,0,sim
1-8-193,9,1,1.0,0,sim
1-8-194,9,1,0.0,0,sim
1-8-195,9,1,0.0,0,sim
1-8-196,9,1,0.0,0,sim
1-8-197,9,1,1.0,1,sim
1-8-198,9,1,1.0,0,sim
1-8-199,9,1,1.0,0,sim
1-8-200,9,1,1.0,1,sim
1-8-201,9,1,0.0,0,sim
1-8-202,9,1,1.0,0,sim
1-8-203,9,1,0.0,0,sim
1-8-204,9,1,1.0,0,sim
1-8-205,9,1,0.0,0,sim
1-8-206,9,1,1.0,0,sim
1-8-207,9,1,1.0,0,sim
1-8-208,9,1,0.0,0,sim
1-8-209,9,1,0.0,0,sim
1-8-210,9,1,1.0,0,sim
1-8-211,9,1,1.0,0,sim
1-8-212,9,1,1.0,0,sim
1-8-213,9,1,1.0,0,sim
1-8-214,9,1,1.0,0,sim
1-8-215,9,1,0.0,0,sim
1-8-216,9,1,1.0,0,sim
1-8-217,9,1,1.0,0,sim
1-8-218,9,1,1.0,0,sim
1-8-219,9,1,0.0,0,sim
1-8-220,9,1,1.0,0,sim
1-8-221,9,1,1.0,0,sim
1-8-222,9,1,1.0,0,sim
1-8-223,9,1,1.0,0,sim
1-8-224,9,1,,0,sim
1-8-225,9,1,,0,sim
1-8-226,9,1,1.0,0,sim
1-8-227,9,1,1.0,0,sim
1-8-228,9,1,1.0,0,sim
1-8-229,9,1,1.0,0,sim
1-8-230,9,1,0.0,0,sim
1-8-231,9,1,1.0,0,sim
1-8-232,9,1,1.0,0,sim
1-8-233,9,1,1.0,0,sim
1-8-234,9,1,0.0,0,sim
1-8-235,9,1,1.0,0,sim
1-8-236,9,1,1.0,0,sim
1-8-237,9,1,1.0,0,sim
1-8-238,9,1,1.0,0,sim
1-8-239,9,1,1.0,0,sim
1-9-0,10,1,0.0,0,sim
1-9-1,10,1,1.0,0,sim
1-9-2,10,1,1.0,0,sim
1-9-3,10,1,0.0,0,sim
1-9-4,10,1,1.0,0,sim
1-9-5,10,1,1.0,0,sim
1-9-6,10,1,0.0,0,sim
1-9-7,10,1,1.0,0,sim
1-9-8,10,1,1.0,0,sim
1-9-9,10,1,1.0,0,sim
1-9-10,10,1,0.0,0,sim
1-9-11,10,1,1.0,0,sim
1-9-12,10,1,0.0,0,sim
1-9-13,10,1,0.0,0,sim
1-9-14,10,1,1.0,0,sim
1-9-15,10,1,0.0,0,sim
1-9-16,10,1,1.0,0,sim
1-9-17,10,1,1.0,0,sim
1-9-18,10,1,1.0,0,sim
1-9-19,10,1,0.0,1,sim
1-9-20,10,1,1.0,0,sim
1-9-21,10,1,1.0,0,sim
1-9-22,10,1,1.0,0,sim
1-9-23,10,1,1.0,0,sim
1-9-24,10,1,1.0,0,sim
1-9-25,10,1,1.0,0,sim
1-9-26,10,1,1.0,0,sim
1-9-27,10,1,0.0,0,sim
1-9-28,10,1,1.0,0,sim
1-9-29,10,1,0.0,0,sim
1-9-30,10,1,0.0,0,sim
1-9-31,10,1,0.0,0,sim
1-9-32,10,1,1.0,0,sim
1-9-33,10,1,0.0,0,sim
1-9-34,10,1,1.0,0,sim
1-9-35,10,1,1.0,0,sim
1-9-36,10,1,0.0,1,sim
1-9-37,10,1,1.0,0,sim
1-9-38,10,1,1.0,0,sim
1-9-39,10,1,1.0,0,sim
1-9-40,10,1,1.0,0,sim
1-9-41,10,1,1.0,0,sim
1-9-42,10,1,1.0,1,sim
1-9-43,10,1,1.0,0,sim
1-9-44,10,1,1.0,0,sim
1-9-45,10,1,1.0,0,sim
1-9-46,10,1,0.0,1,sim
1-9-47,10,1,1.0,1,sim
1-9-48,10,1,1.0,0,sim
1-9-49,10,1,0.0,0,sim
1-9-50,10,1,0.0,0,sim
1-9-51,10,1,1.0,0,sim
1-9-52,10,1,1.0,0,sim
1-9-53,10,1,1.0,0,sim
1-9-54,10,1,1.0,0,sim
1-9-55,10,1,1.0,0,sim
1-9-56,10,1,0.0,0,sim
1-9-57,10,1,1.0,1,sim
1-9-58,10,1,1.0,0,sim
1-9-59,10,1,1.0,0,sim
1-9-60,10,1,0.0,0,sim
1-9-61,10,1,0.0,0,sim
1-9-62,10,1,1.0,0,sim
1-9-63,10,1,1.0,0,sim
1-9-64,10,1,0.0,0,sim
1-9-65,10,1,1.0,0,sim
1-9-66,10,1,0.0,0,sim
1-9-67,10,1,1.0,0,sim
1-9-68,10,1,0.0,0,sim
1-9-69,10,1,0.0,0,sim
1-9-70,10,1,0.0,0,sim
1-9-71,10,1,0.0,0,sim
1-9-72,10,1,1.0,0,sim
1-9-73,10,1,1.0,0,sim
1-9-74,10,1,0.0,0,sim
1-9-75,10,1,0.0,0,sim
1-9-76,10,1,1.0,0,sim
1-9-77,10,1,1.0,0,sim
1-9-78,10,1,1.0,0,sim
1-9-79,10,1,0.0,0,sim
1-9-80,10,1,0.0,0,sim
1-9-81,10,1,0.0,0,sim
1-9-82,10,1,1.0,0,sim
1-9-83,10,1,0.0,0,sim
1-9-84,10,1,,0,sim
1-9-85,10,1,1.0,0,sim
1-9-86,10,1,0.0,0,sim
1-9-87,10,1,0.0,0,sim
1-9-88,10,1,1.0,0,sim
1-9-89,10,1,1.0,0,sim
1-9-90,10,1,1.0,0,sim
1-9-91,10,1,1.0,0,sim
1-9-92,10,1,1.0,0,sim
1-9-93,10,1,1.0,0,sim
1-9-94,10,1,1.0,0,sim
1-9-95,10,1,1.0,0,sim
1-9-96,10,1,1.0,0,sim
1-9-97,10,1,1.0,0,sim
1-9-98,10,1,1.0,0,sim
1-9-99,10,1,1.0,0,sim
1-9-100,10,1,1.0,0,sim
1-9-101,10,1,1.0,0,sim
1-9-102,10,1,0.0,0,sim
1-9-103,10,1,0.0,0,sim
1-9-104,10,1,1.0,0,sim
1-9-105,10,1,0.0,0,sim
1-9-106,10,1,1.0,0,sim
1-9-107,10,1,1.0,0,sim
1-9-108,10,1,1.0,0,sim
1-9-109,10,1,1.0,0,sim
1-9-110,10,1,0.0,0,sim
1-9-111,10,1,0.0,0,sim
1-9-112,10,1,1.0,0,sim
1-9-113,10,1,1.0,0,sim
1-9-114,10,1,1.0,0,sim
1-9-115,10,1,1.0,0,sim
1-9-116,10,1,1.0,0,sim
1-9-117,10,1,0.0,0,sim
1-9-118,10,1,1.0,0,sim
1-9-119,10,1,1.0,0,sim
1-9-120,10,1,0.0,0,sim
1-9-121,10,1,0.0,0,sim
1-9-122,10,1,1.0,0,sim
1-9-123,10,1,0.0,0,sim
1-9-124,10,1,0.0,0,sim
1-9-125,10,1,0.0,0,sim
1-9-126,10,1,0.0,0,sim
1-9-127,10,1,1.0,0,sim
1-9-128,10,1,1.0,0,sim
1-9-129,10,1,0.0,0,sim
1-9-130,10,1,1.0,0,sim
1-9-131,10,1,0.0,0,sim
1-9-132,10,1,1.0,0,sim
1-9-133,10,1,1.0,0,sim
1-9-134,10,1,1.0,0,sim
1-9-135,10,1,1.0,0,sim
1-9-136,10,1,1.0,0,sim
1-9-137,10,1,1.0,0,sim
1-9-138,10,1,1.0,0,sim
1-9-139,10,1,0.0,0,sim
1-9-140,10,1,0.0,0,sim
1-9-141,10,1,1.0,0,sim
1-9-142,10,1,1.0,0,sim
1-9-143,10,1,1.0,0,sim
1-9-144,10,1,1.0,0,sim
1-9-145,10,1,1.0,0,sim
1-9-146,10,1,1.0,0,sim
1-9-147,10,1,0.0,0,sim
1-9-148,10,1,0.0,0,sim
1-9-149,10,1,1.0,0,sim
1-9-150,10,1,1.0,0,sim
1-9-151,10,1,1.0,0,sim
1-9-152,10,1,1.0,0,sim
1-9-153,10,1,0.0,0,sim
1-9-154,10,1,1.0,0,sim
1-9-155,10,1,1.0,0,sim
1-9-156,10,1,1.0,0,sim
1-9-157,10,1,0.0,0,sim
1-9-158,10,1,,0,sim
1-9-159,10,1,1.0,0,sim
1-9-160,10,1,1.0,0,sim
1-9-161,10,1,1.0,0,sim
1-9-162,10,1,1.0,0,sim
1-9-163,10,1,1.0,0,sim
1-9-164,10,1,1.0,0,sim
1-9-165,10,1,0.0,0,sim
1-9-166,10,1,1.0,0,sim
1-9-167,10,1,0.0,0,sim
1-9-168,10,1,1.0,0,sim
1-9-169,10,1,0.0,0,sim
1-9-170,10,1,1.0,0,sim
1-9-171,10,1,1.0,0,sim
1-9-172,10,1,1.0,0,sim
1-9-173,10,1,0.0,0,sim
1-9-174,10,1,0.0,0,sim
1-9-175,10,1,0.0,1,sim
1-9-176,10,1,0.0,0,sim
1-9-177,10,1,0.0,0,sim
1-9-178,10,1,1.0,1,sim
1-9-179,10,1,0.0,0,sim
1-9-180,10,1,1.0,0,sim
1-9-181,10,1,0.0,0,sim
1-9-182,10,1,1.0,0,sim
1-9-183,10,1,0.0,0,sim
1-9-184,10,1,0.0,0,sim
1-9-185,10,1,1.0,0,sim
1-9-186,10,1,1.0,0,sim
1-9-187,10,1,1.0,0,sim
1-9-188,10,1,1.0,0,sim
1-9-189,10,1,0.0,0,sim
1-9-190,10,1,0.0,0,sim
1-9-191,10,1,1.0,0,sim
1-9-192,10,1,1.0,0,sim
1-9-193,10,1,0.0,0,sim
1-9-194,10,1,1.0,0,sim
1-9-195,10,1,1.0,0,sim
1-9-196,10,1,1.0,0,sim
1-9-197,10,1,0.0,0,sim
1-9-198,10,1,0.0,0,sim
1-9-199,10,1,0.0,0,sim
1-9-200,10,1,1.0,0,sim
1-9-201,10,1,0.0,0,sim
1-9-202,10,1,1.0,0,sim
1-9-203,10,1,1.0,0,sim
1-9-204,10,1,1.0,0,sim
1-9-205,10,1,1.0,0,sim
1-9-206,10,1,0.0,0,sim
1-9-207,10,1,1.0,0,sim
1-9-208,10,1,1.0,0,sim
1-9-209,10,1,1.0,0,sim
1-9-210,10,1,1.0,0,sim
1-9-211,10,1,,0,sim
1-9-212,10,1,0.0,0,sim
1-9-213,10,1,1.0,0,sim
1-9-214,10,1,1.0,0,sim
1-9-215,10,1,0.0,0,sim
1-9-216,10,1,,0,sim
1-9-217,10,1,1.0,0,sim
1-9-218,10,1,0.0,0,sim
1-9-219,10,1,1.0,0,sim
1-9-220,10,1,0.0,0,sim
1-9-221,10,1,0.0,0,sim
1-9-222,10,1,,0,sim
1-9-223,10,1,1.0,0,sim
1-9-224,10,1,,0,sim
1-9-225,10,1,1.0,0,sim
1-9-226,10,1,1.0,0,sim
1-9-227,10,1,1.0,0,sim
1-9-228,10,1,1.0,0,sim
1-9-229,10,1,1.0,0,sim
1-9-230,10,1,1.0,0,sim
1-9-231,10,1,1.0,0,sim
1-9-232,10,1,1.0,0,sim
1-9-233,10,1,1.0,0,sim
1-9-234,10,1,1.0,0,sim
1-9-235,10,1,1.0,0,sim
1-9-236,10,1,1.0,0,sim
1-9-237,10,1,1.0,0,sim
1-9-238,10,1,1.0,0,sim
1-9-239,10,1,0.0,0,sim
1-10-0,11,1,1.0,0,sim
1-10-1,11,1,1.0,0,sim
1-10-2,11,1,1.0,0,sim
1-10-3,11,1,0.0,1,sim
1-10-4,11,1,0.0,0,sim
1-10-5,11,1,0.0,0,sim
1-10-6,11,1,0.0,0,sim
1-10-7,11,1,1.0,0,sim
1-10-8,11,1,1.0,0,sim
1-10-9,11,1,1.0,0,sim
1-10-10,11,1,0.0,0,sim
1-10-11,11,1,0.0,0,sim
1-10-12,11,1,1.0,0,sim
1-10-13,11,1,1.0,0,sim
1-10-14,11,1,0.0,0,sim
1-10-15,11,1,1.0,0,sim
1-10-16,11,1,1.0,0,sim
1-10-17,11,1,1.0,0,sim
1-10-18,11,1,1.0,0,sim
1-10-19,11,1,1.0,0,sim
1-10-20,11,1,1.0,1,sim
1-10-21,11,1,1.0,0,sim
1-10-22,11,1,1.0,0,sim
1-10-23,11,1,1.0,0,sim
1-10-24,11,1,1.0,0,sim
1-10-25,11,1,1.0,1,sim
1-10-26,11,1,1.0,0,sim
1-10-27,11,1,1.0,0,sim
1-10-28,11,1,1.0,0,sim
1-10-29,11,1,1.0,0,sim
1-10-30,11,1,1.0,0,sim
1-10-31,11,1,1.0,0,sim
1-10-32,11,1,1.0,0,sim
1-10-33,11,1,1.0,0,sim
1-10-34,11,1,0.0,0,sim
1-10-35,11,1,0.0,0,sim
1-10-36,11,1,1.0,0,sim
1-10-37,11,1,1.0,0,sim
1-10-38,11,1,,0,sim
1-10-39,11,1,0.0,0,sim
1-10-40,11,1,1.0,0,sim
1-10-41,11,1,1.0,0,sim
1-10-42,11,1,0.0,0,sim
1-10-43,11,1,1.0,0,sim
1-10-44,11,1,1.0,0,sim
1-10-45,11,1,1.0,0,sim
1-10-46,11,1,0.0,0,sim
1-10-47,11,1,1.0,0,sim
1-10-48,11,1,0.0,0,sim
1-10-49,11,1,1.0,0,sim
1-10-50,11,1,0.0,0,sim
1-10-51,11,1,1.0,0,sim
1-10-52,11,1,1.0,0,sim
1-10-53,11,1,1.0,0,sim
1-10-54,11,1,0.0,0,sim
1-10-55,11,1,1.0,0,sim
1-10-56,11,1,1.0,0,sim
1-10-57,11,1,1.0,0,sim
1-10-58,11,1,1.0,0,sim
1-10-59,11,1,1.0,0,sim
1-10-60,11,1,1.0,0,sim
1-10-61,11,1,1.0,0,sim
1-10-62,11,1,1.0,0,sim
1-10-63,11,1,0.0,0,sim
1-10-64,11,1,1.0,1,sim
1-10-65,11,1,0.0,0,sim
1-10-66,11,1,0.0,1,sim
1-10-67,11,1,1.0,0,sim
1-10-68,11,1,0.0,0,sim
1-10-69,11,1,0.0,0,sim
1-10-70,11,1,1.0,0,sim
1-10-71,11,1,0.0,0,sim
1-10-72,11,1,0.0,0,sim
1-10-73,11,1,0.0,0,sim
1-10-74,11,1,0.0,0,sim
1-10-75,11,1,0.0,0,sim
1-10-76,11,1,0.0,0,sim
1-10-77,11,1,0.0,0,sim
1-10-78,11,1,0.0,0,sim
1-10-79,11,1,1.0,0,sim
1-10-80,11,1,1.0,0,sim
1-10-81,11,1,0.0,0,sim
1-10-82,11,1,0.0,0,sim
1-10-83,11,1,,0,sim
1-10-84,11,1,1.0,0,sim
1-10-85,11,1,1.0,0,sim
1-10-86,11,1,1.0,0,sim
1-10-87,11,1,0.0,0,sim
1-10-88,11,1,1.0,0,sim
1-10-89,11,1,1.0,0,sim
1-10-90,11,1,1.0,0,sim
1-10-91,11,1,0.0,0,sim
1-10-92,11,1,1.0,0,sim
1-10-93,11,1,1.0,0,sim
1-10-94,11,1,1.0,0,sim
1-10-95,11,1,0.0,0,sim
1-10-96,11,1,0.0,0,sim
1-10-97,11,1,1.0,0,sim
1-10-98,11,1,1.0,0,sim
1-10-99,11,1,1.0,0,sim
1-10-100,11,1,0.0,0,sim
1-10-101,11,1,1.0,0,sim
1-10-102,11,1,1.0,0,sim
1-10-103,11,1,0.0,0,sim
1-10-104,11,1,1.0,0,sim
1-10-105,11,1,1.0,0,sim
1-10-106,11,1,1.0,0,sim
1-10-107,11,1,0.0,0,sim
1-10-108,11,1,1.0,0,sim
1-10-109,11,1,1.0,0,sim
1-10-110,11,1,0.0,0,sim
1-10-111,11,1,0.0,0,sim
1-10-112,11,1,1.0,0,sim
1-10-113,11,1,0.0,0,sim
1-10-114,11,1,1.0,0,sim
1-10-115,11,1,1.0,0,sim
1-10-116,11,1,0.0,0,sim
1-10-117,11,1,1.0,0,sim
1-10-118,11,1,0.0,0,sim
1-10-119,11,1,1.0,0,sim
1-10-120,11,1,1.0,0,sim
1-10-121,11,1,1.0,0,sim
1-10-122,11,1,0.0,0,sim
1-10-123,11,1,1.0,0,sim
1-10-124,11,1,1.0,0,sim
1-10-125,11,1,1.0,0,sim
1-10-126,11,1,1.0,0,sim
1-10-127,11,1,1.0,0,sim
1-10-128,11,1,0.0,0,sim
1-10-129,11,1,0.0,0,sim
1-10-130,11,1,1.0,0,sim
1-10-131,11,1,1.0,0,sim
1-10-132,11,1,1.0,0,sim
1-10-133,11,1,1.0,0,sim
1-10-134,11,1,1.0,0,sim
1-10-135,11,1,1.0,0,sim
1-10-136,11,1,0.0,0,sim
1-10-137,11,1,0.0,0,sim
1-10-138,11,1,1.0,0,sim
1-10-139,11,1,0.0,0,sim
1-10-140,11,1,1.0,0,sim
1-10-141,11,1,1.0,0,sim
1-10-142,11,1,0.0,0,sim
1-10-143,11,1,0.0,0,sim
1-10-144,11,1,1.0,1,sim
1-10-145,11,1,1.0,0,sim
1-10-146,11,1,1.0,0,sim
1-10-147,11,1,0.0,0,sim
1-10-148,11,1,1.0,0,sim
1-10-149,11,1,0.0,0,sim
1-10-150,11,1,1.0,0,sim
1-10-151,11,1,,0,sim
1-10-152,11,1,0.0,1,sim
1-10-153,11,1,0.0,0,sim
1-10-154,11,1,1.0,0,sim
1-10-155,11,1,0.0,0,sim
1-10-156,11,1,0.0,0,sim
1-10-157,11,1,,0,sim
1-10-158,11,1,1.0,0,sim
1-10-159,11,1,0.0,0,sim
1-10-160,11,1,1.0,0,sim
1-10-161,11,1,1.0,0,sim
1-10-162,11,1,1.0,0,sim
1-10-163,11,1,1.0,1,sim
1-10-164,11,1,1.0,0,sim
1-10-165,11,1,1.0,0,sim
1-10-166,11,1,1.0,0,sim
1-10-167,11,1,0.0,0,sim
1-10-168,11,1,0.0,0,sim
1-10-169,11,1,1.0,0,sim
1-10-170,11,1,1.0,0,sim
1-10-171,11,1,0.0,0,sim
1-10-172,11,1,,0,sim
1-10-173,11,1,1.0,0,sim
1-10-174,11,1,1.0,0,sim
1-10-175,11,1,0.0,0,sim
1-10-176,11,1,0.0,0,sim
1-10-177,11,1,0.0,0,sim
1-10-178,11,1,1.0,0,sim
1-10-179,11,1,1.0,0,sim
1-10-180,11,1,1.0,0,sim
1-10-181,11,1,1.0,0,sim
1-10-182,11,1,1.0,0,sim
1-10-183,11,1,0.0,0,sim
1-10-184,11,1,1.0,0,sim
1-10-185,11,1,1.0,0,sim
1-10-186,11,1,1.0,0,sim
1-10-187,11,1,0.0,0,sim
1-10-188,11,1,1.0,0,sim
1-10-189,11,1,1.0,0,sim
1-10-190,11,1,1.0,0,sim
1-10-191,11,1,0.0,0,sim
1-10-192,11,1,1.0,0,sim
1-10-193,11,1,1.0,0,sim
1-10-194,11,1,1.0,0,sim
1-10-195,11,1,1.0,0,sim
1-10-196,11,1,1.0,0,sim
1-10-197,11,1,1.0,0,sim
1-10-198,11,1,0.0,0,sim
1-10-199,11,1,1.0,0,sim
1-10-200,11,1,1.0,0,sim
1-10-201,11,1,1.0,0,sim
1-10-202,11,1,1.0,0,sim
1-10-203,11,1,1.0,0,sim
1-10-204,11,1,1.0,0,sim
1-10-205,11,1,0.0,0,sim
1-10-206,11,1,1.0,0,sim
1-10-207,11,1,1.0,0,sim
1-10-208,11,1,1.0,0,sim
1-10-209,11,1,0.0,0,sim
1-10-210,11,1,1.0,0,sim
1-10-211,11,1,0.0,0,sim
1-10-212,11,1,1.0,0,sim
1-10-213,11,1,1.0,0,sim
1-10-214,11,1,1.0,0,sim
1-10-215,11,1,1.0,1,sim
1-10-216,11,1,1.0,0,sim
1-10-217,11,1,1.0,0,sim
1-10-218,11,1,1.0,0,sim
1-10-219,11,1,1.0,0,sim
1-10-220,11,1,1.0,0,sim
1-10-221,11,1,1.0,0,sim
1-10-222,11,1,1.0,0,sim
1-10-223,11,1,1.0,0,sim
1-10-224,11,1,0.0,0,sim
1-10-225,11,1,1.0,0,sim
1-10-226,11,1,1.0,0,sim
1-10-227,11,1,1.0,0,sim
1-10-228,11,1,0.0,0,sim
1-10-229,11,1,0.0,0,sim
1-10-230,11,1,1.0,0,sim
1-10-231,11,1,1.0,0,sim
1-10-232,11,1,1.0,0,sim
1-10-233,11,1,0.0,0,sim
1-10-234,11,1,0.0,0,sim
1-10-235,11,1,,0,sim
1-10-236,11,1,1.0,0,sim
1-10-237,11,1,1.0,0,sim
1-10-238,11,1,1.0,0,sim
1-10-239,11,1,0.0,0,sim
1-11-0,12,1,,0,sim
1-11-1,12,1,1.0,0,sim
1-11-2,12,1,,0,sim
1-11-3,12,1,0.0,0,sim
1-11-4,12,1,0.0,0,sim
1-11-5,12,1,1.0,0,sim
1-11-6,12,1,0.0,0,sim
1-11-7,12,1,1.0,0,sim
1-11-8,12,1,1.0,0,sim
1-11-9,12,1,1.0,0,sim
1-11-10,12,1,0.0,0,sim
1-11-11,12,1,1.0,0,sim
1-11-12,12,1,1.0,0,sim
1-11-13,12,1,1.0,0,sim
1-11-14,12,1,0.0,0,sim
1-11-15,12,1,1.0,0,sim
1-11-16,12,1,0.0,0,sim
1-11-17,12,1,0.0,0,sim
1-11-18,12,1,1.0,0,sim
1-11-19,12,1,0.0,0,sim
1-11-20,12,1,1.0,0,sim
1-11-21,12,1,1.0,0,sim
1-11-22,12,1,1.0,0,sim
1-11-23,12,1,1.0,0,sim
1-11-24,12,1,1.0,0,sim
1-11-25,12,1,0.0,0,sim
1-11-26,12,1,0.0,0,sim
1-11-27,12,1,0.0,0,sim
1-11-28,12,1,1.0,0,sim
1-11-29,12,1,0.0,0,sim
1-11-30,12,1,0.0,0,sim
1-11-31,12,1,1.0,0,sim
1-11-32,12,1,1.0,0,sim
1-11-33,12,1,0.0,0,sim
1-11-34,12,1,0.0,0,sim
1-11-35,12,1,1.0,0,sim
1-11-36,12,1,0.0,0,sim
1-11-37,12,1,0.0,0,sim
1-11-38,12,1,1.0,0,sim
1-11-39,12,1,1.0,0,sim
1-11-40,12,1,1.0,0,sim
1-11-41,12,1,1.0,0,sim
1-11-42,12,1,1.0,0,sim
1-11-43,12,1,1.0,0,sim
1-11-44,12,1,1.0,0,sim
1-11-45,12,1,1.0,0,sim
1-11-46,12,1,0.0,0,sim
1-11-47,12,1,1.0,0,sim
1-11-48,12,1,0.0,0,sim
1-11-49,12,1,0.0,1,sim
1-11-50,12,1,1.0,0,sim
1-11-51,12,1,1.0,0,sim
1-11-52,12,1,1.0,0,sim
1-11-53,12,1,1.0,0,sim
1-11-54,12,1,0.0,0,sim
1-11-55,12,1,1.0,0,sim
1-11-56,12,1,,0,sim
1-11-57,12,1,1.0,0,sim
1-11-58,12,1,0.0,0,sim
1-11-59,12,1,1.0,0,sim
1-11-60,12,1,1.0,0,sim
1-11-61,12,1,0.0,0,sim
1-11-62,12,1,1.0,0,sim
1-11-63,12,1,1.0,0,sim
1-11-64,12,1,,0,sim
1-11-65,12,1,1.0,0,sim
1-11-66,12,1,1.0,0,sim
1-11-67,12,1,1.0,0,sim
1-11-68,12,1,0.0,0,sim
1-11-69,12,1,0.0,0,sim
1-11-70,12,1,0.0,0,sim
1-11-71,12,1,1.0,0,sim
1-11-72,12,1,1.0,0,sim
1-11-73,12,1,0.0,0,sim
1-11-74,12,1,1.0,0,sim
1-11-75,12,1,0.0,0,sim
1-11-76,12,1,1.0,0,sim
1-11-77,12,1,1.0,0,sim
1-11-78,12,1,0.0,0,sim
1-11-79,12,1,1.0,0,sim
1-11-80,12,1,1.0,0,sim
1-11-81,12,1,1.0,0,sim
1-11-82,12,1,1.0,0,sim
1-11-83,12,1,0.0,0,sim
1-11-84,12,1,1.0,0,sim
1-11-85,12,1,0.0,0,sim
1-11-86,12,1,1.0,0,sim
1-11-87,12,1,0.0,0,sim
1-11-88,12,1,0.0,0,sim
1-11-89,12,1,0.0,0,sim
1-11-90,12,1,1.0,0,sim
1-11-91,12,1,1.0,0,sim
1-11-92,12,1,1.0,0,sim
1-11-93,12,1,1.0,0,sim
1-11-94,12,1,1.0,0,sim
1-11-95,12,1,1.0,0,sim
1-11-96,12,1,1.0,0,sim
1-11-97,12,1,0.0,0,sim
1-11-98,12,1,1.0,0,sim
1-11-99,12,1,1.0,0,sim
1-11-100,12,1,0.0,0,sim
1-11-101,12,1,1.0,0,sim
1-11-102,12,1,1.0,0,sim
1-11-103,12,1,0.0,0,sim
1-11-104,12,1,1.0,0,sim
1-11-105,12,1,0.0,0,sim
1-11-106,12,1,0.0,0,sim
1-11-107,12,1,1.0,0,sim
1-11-108,12,1,1.0,1,sim
1-11-109,12,1,1.0,0,sim
1-11-110,12,1,0.0,0,sim
1-11-111,12,1,1.0,0,sim
1-11-112,12,1,1.0,0,sim
1-11-113,12,1,1.0,0,sim
1-11-114,12,1,0.0,0,sim
1-11-115,12,1,0.0,0,sim
1-11-116,12,1,1.0,0,sim
1-11-117,12,1,1.0,0,sim
1-11-118,12,1,1.0,0,sim
1-11-119,12,1,1.0,0,sim
1-11-120,12,1,0.0,0,sim
1-11-121,12,1,0.0,0,sim
1-11-122,12,1,1.0,0,sim
1-11-123,12,1,1.0,0,sim
1-11-124,12,1,1.0,0,sim
1-11-125,12,1,1.0,0,sim
1-11-126,12,1,1.0,1,sim
1-11-127,12,1,,0,sim
1-11-128,12,1,1.0,0,sim
1-11-129,12,1,0.0,0,sim
1-11-130,12,1,1.0,0,sim
1-11-131,12,1,0.0,0,sim
1-11-132,12,1,0.0,0,sim
1-11-133,12,1,,0,sim
1-11-134,12,1,1.0,0,sim
1-11-135,12,1,1.0,0,sim
1-11-136,12,1,1.0,1,sim
1-11-137,12,1,1.0,0,sim
1-11-138,12,1,1.0,0,sim
1-11-139,12,1,1.0,0,sim
1-11-140,12,1,1.0,0,sim
1-11-141,12,1,1.0,0,sim
1-11-142,12,1,0.0,0,sim
1-11-143,12,1,1.0,0,sim
1-11-144,12,1,1.0,0,sim
1-11-145,12,1,1.0,0,sim
1-11-146,12,1,1.0,0,sim
1-11-147,12,1,1.0,0,sim
1-11-148,12,1,1.0,0,sim
1-11-149,12,1,0.0,0,sim
1-11-150,12,1,1.0,0,sim
1-11-151,12,1,,0,sim
1-11-152,12,1,0.0,0,sim
1-11-153,12,1,1.0,0,sim
1-11-154,12,1,1.0,0,sim
1-11-155,12,1,0.0,0,sim
1-11-156,12,1,0.0,0,sim
1-11-157,12,1,1.0,0,sim
1-11-158,12,1,1.0,0,sim
1-11-159,12,1,0.0,0,sim
1-11-160,12,1,0.0,0,sim
1-11-161,12,1,0.0,0,sim
1-11-162,12,1,0.0,0,sim
1-11-163,12,1,1.0,0,sim
1-11-164,12,1,1.0,0,sim
1-11-165,12,1,1.0,0,sim
1-11-166,12,1,0.0,0,sim
1-11-167,12,1,1.0,0,sim
1-11-168,12,1,1.0,0,sim
1-11-169,12,1,1.0,0,sim
1-11-170,12,1,1.0,0,sim
1-11-171,12,1,1.0,0,sim
1-11-172,12,1,1.0,0,sim
1-11-173,12,1,1.0,0,sim
1-11-174,12,1,1.0,0,sim
1-11-175,12,1,1.0,0,sim
1-11-176,12,1,1.0,0,sim
1-11-177,12,1,1.0,0,sim
1-11-178,12,1,1.0,0,sim
1-11-179,12,1,1.0,0,sim
1-11-180,12,1,0.0,0,sim
1-11-181,12,1,0.0,1,sim
1-11-182,12,1,1.0,0,sim
1-11-183,12,1,1.0,0,sim
1-11-184,12,1,1.0,0,sim
1-11-185,12,1,0.0,0,sim
1-11-186,12,1,1.0,0,sim
1-11-187,12,1,0.0,0,sim
1-11-188,12,1,0.0,0,sim
1-11-189,12,1,1.0,0,sim
1-11-190,12,1,0.0,0,sim
1-11-191,12,1,1.0,0,sim
1-11-192,12,1,0.0,0,sim
1-11-193,12,1,1.0,0,sim
1-11-194,12,1,1.0,0,sim
1-11-195,12,1,1.0,0,sim
1-11-196,12,1,1.0,0,sim
1-11-197,12,1,1.0,0,sim
1-11-198,12,1,1.0,0,sim
1-11-199,12,1,1.0,0,sim
1-11-200,12,1,1.0,0,sim
1-11-201,12,1,1.0,0,sim
1-11-202,12,1,1.0,0,sim
1-11-203,12,1,0.0,0,sim
1-11-204,12,1,0.0,0,sim
1-11-205,12,1,0.0,0,sim
1-11-206,12,1,1.0,0,sim
1-11-207,12,1,1.0,0,sim
1-11-208,12,1,0.0,0,sim
1-11-209,12,1,0.0,0,sim
1-11-210,12,1,1.0,0,sim
1-11-211,12,1,1.0,0,sim
1-11-212,12,1,1.0,0,sim
1-11-213,12,1,1.0,0,sim
1-11-214,12,1,1.0,0,sim
1-11-215,12,1,1.0,0,sim
1-11-216,12,1,1.0,0,sim
1-11-217,12,1,0.0,0,sim
1-11-218,12,1,1.0,0,sim
1-11-219,12,1,1.0,0,sim
1-11-220,12,1,0.0,0,sim
1-11-221,12,1,1.0,0,sim
1-11-222,12,1,1.0,0,sim
1-11-223,12,1,1.0,0,sim
1-11-224,12,1,1.0,0,sim
1-11-225,12,1,0.0,0,sim
1-11-226,12,1,0.0,0,sim
1-11-227,12,1,0.0,0,sim
1-11-228,12,1,0.0,0,sim
1-11-229,12,1,1.0,0,sim
1-11-230,12,1,0.0,0,sim
1-11-231,12,1,0.0,0,sim
1-11-232,12,1,1.0,0,sim
1-11-233,12,1,0.0,0,sim
1-11-234,12,1,0.0,0,sim
1-11-235,12,1,0.0,0,sim
1-11-236,12,1,0.0,0,sim
1-11-237,12,1,0.0,0,sim
1-11-238,12,1,1.0,0,sim
1-11-239,12,1,1.0,0,sim
1-12-0,13,1,1.0,0,sim
1-12-1,13,1,0.0,0,sim
1-12-2,13,1,1.0,0,sim
1-12-3,13,1,1.0,0,sim
1-12-4,13,1,1.0,0,sim
1-12-5,13,1,1.0,0,sim
1-12-6,13,1,0.0,0,sim
1-12-7,13,1,0.0,0,sim
1-12-8,13,1,1.0,0,sim
1-12-9,13,1,1.0,0,sim
1-12-10,13,1,0.0,0,sim
1-12-11,13,1,0.0,0,sim
1-12-12,13,1,1.0,0,sim
1-12-13,13,1,1.0,0,sim
1-12-14,13,1,1.0,0,sim
1-12-15,13,1,,0,sim
1-12-16,13,1,1.0,0,sim
1-12-17,13,1,0.0,0,sim
1-12-18,13,1,0.0,0,sim
1-12-19,13,1,1.0,0,sim
1-12-20,13,1,1.0,0,sim
1-12-21,13,1,1.0,0,sim
1-12-22,13,1,1.0,0,sim
1-12-23,13,1,1.0,0,sim
1-12-24,13,1,1.0,0,sim
1-12-25,13,1,0.0,1,sim
1-12-26,13,1,0.0,0,sim
1-12-27,13,1,1.0,0,sim
1-12-28,13,1,0.0,0,sim
1-12-29,13,1,1.0,0,sim
1-12-30,13,1,1.0,0,sim
1-12-31,13,1,0.0,0,sim
1-12-32,13,1,1.0,0,sim
1-12-33,13,1,1.0,0,sim
1-12-34,13,1,1.0,0,sim
1-12-35,13,1,1.0,0,sim
1-12-36,13,1,1.0,0,sim
1-12-37,13,1,1.0,0,sim
1-12-38,13,1,0.0,0,sim
1-12-39,13,1,1.0,0,sim
1-12-40,13,1,0.0,0,sim
1-12-41,13,1,1.0,0,sim
1-12-42,13,1,1.0,0,sim
1-12-43,13,1,1.0,0,sim
1-12-44,13,1,1.0,0,sim
1-12-45,13,1,1.0,0,sim
1-12-46,13,1,1.0,0,sim
1-12-47,13,1,1.0,0,sim
1-12-48,13,1,0.0,1,sim
1-12-49,13,1,0.0,0,sim
1-12-50,13,1,0.0,0,sim
1-12-51,13,1,1.0,0,sim
1-12-52,13,1,1.0,0,sim
1-12-53,13,1,0.0,0,sim
1-12-54,13,1,1.0,0,sim
1-12-55,13,1,1.0,0,sim
1-12-56,13,1,1.0,0,sim
1-12-57,13,1,0.0,1,sim
1-12-58,13,1,1.0,0,sim
1-12-59,13,1,1.0,0,sim
1-12-60,13,1,1.0,0,sim
1-12-61,13,1,0.0,0,sim
1-12-62,13,1,1.0,0,sim
1-12-63,13,1,1.0,0,sim
1-12-64,13,1,1.0,0,sim
1-12-65,13,1,0.0,0,sim
1-12-66,13,1,1.0,0,sim
1-12-67,13,1,1.0,0,sim
1-12-68,13,1,1.0,0,sim
1-12-69,13,1,1.0,0,sim
1-12-70,13,1,0.0,0,sim
1-12-71,13,1,1.0,0,sim
1-12-72,13,1,1.0,0,sim
1-12-73,13,1,1.0,1,sim
1-12-74,13,1,0.0,0,sim
1-12-75,13,1,1.0,0,sim
1-12-76,13,1,0.0,0,sim
1-12-77,13,1,0.0,0,sim
1-12-78,13,1,,0,sim
1-12-79,13,1,1.0,0,sim
1-12-80,13,1,1.0,0,sim
1-12-81,13,1,1.0,0,sim
1-12-82,13,1,1.0,0,sim
1-12-83,13,1,1.0,0,sim
1-12-84,13,1,1.0,0,sim
1-12-85,13,1,1.0,0,sim
1-12-86,13,1,1.0,0,sim
1-12-87,13,1,1.0,0,sim
1-12-88,13,1,1.0,0,sim
1-12-89,13,1,1.0,0,sim
1-12-90,13,1,1.0,0,sim
1-12-91,13,1,0.0,0,sim
1-12-92,13,1,1.0,0,sim
1-12-93,13,1,1.0,0,sim
1-12-94,13,1,0.0,0,sim
1-12-95,13,1,1.0,0,sim
1-12-96,13,1,0.0,0,sim
1-12-97,13,1,,0,sim
1-12-98,13,1,1.0,0,sim
1-12-99,13,1,1.0,0,sim
1-12-100,13,1,0.0,0,sim
1-12-101,13,1,0.0,0,sim
1-12-102,13,1,1.0,0,sim
1-12-103,13,1,1.0,0,sim
1-12-104,13,1,0.0,0,sim
1-12-105,13,1,1.0,0,sim
1-12-106,13,1,1.0,0,sim
1-12-107,13,1,1.0,0,sim
1-12-108,13,1,1.0,0,sim
1-12-109,13,1,1.0,0,sim
1-12-110,13,1,1.0,0,sim
1-12-111,13,1,1.0,0,sim
1-12-112,13,1,0.0,0,sim
1-12-113,13,1,1.0,0,sim
1-12-114,13,1,1.0,0,sim
1-12-115,13,1,1.0,0,sim
1-12-116,13,1,1.0,0,sim
1-12-117,13,1,1.0,0,sim
1-12-118,13,1,0.0,0,sim
1-12-119,13,1,1.0,0,sim
1-12-120,13,1,1.0,0,sim
1-12-121,13,1,1.0,0,sim
1-12-122,13,1,1.0,0,sim
1-12-123,13,1,1.0,0,sim
1-12-124,13,1,1.0,0,sim
1-12-125,13,1,0.0,0,sim
1-12-126,13,1,0.0,0,sim
1-12-127,13,1,1.0,0,sim
1-12-128,13,1,1.0,1,sim
1-12-129,13,1,0.0,0,sim
1-12-130,13,1,1.0,0,sim
1-12-131,13,1,1.0,0,sim
1-12-132,13,1,1.0,0,sim
1-12-133,13,1,1.0,0,sim
1-12-134,13,1,0.0,0,sim
1-12-135,13,1,1.0,0,sim
1-12-136,13,1,1.0,0,sim
1-12-137,13,1,0.0,0,sim
1-12-138,13,1,0.0,0,sim
1-12-139,13,1,1.0,0,sim
1-12-140,13,1,1.0,0,sim
1-12-141,13,1,1.0,0,sim
1-12-142,13,1,1.0,0,sim
1-12-143,13,1,1.0,0,sim
1-12-144,13,1,0.0,0,sim
1-12-145,13,1,1.0,0,sim
1-12-146,13,1,0.0,0,sim
1-12-147,13,1,1.0,0,sim
1-12-148,13,1,1.0,0,sim
1-12-149,13,1,1.0,0,sim
1-12-150,13,1,1.0,0,sim
1-12-151,13,1,0.0,0,sim
1-12-152,13,1,1.0,0,sim
1-12-153,13,1,1.0,0,sim
1-12-154,13,1,1.0,0,sim
1-12-155,13,1,0.0,0,sim
1-12-156,13,1,1.0,0,sim
1-12-157,13,1,,0,sim
1-12-158,13,1,,0,sim
1-12-159,13,1,1.0,0,sim
1-12-160,13,1,0.0,0,sim
1-12-161,13,1,0.0,0,sim
1-12-162,13,1,0.0,1,sim
1-12-163,13,1,0.0,0,sim
1-12-164,13,1,1.0,0,sim
1-12-165,13,1,0.0,0,sim
1-12-166,13,1,1.0,0,sim
1-12-167,13,1,0.0,0,sim
1-12-168,13,1,1.0,0,sim
1-12-169,13,1,0.0,1,sim
1-12-170,13,1,0.0,0,sim
1-12-171,13,1,0.0,0,sim
1-12-172,13,1,1.0,0,sim
1-12-173,13,1,1.0,0,sim
1-12-174,13,1,1.0,0,sim
1-12-175,13,1,1.0,0,sim
1-12-176,13,1,0.0,0,sim
1-12-177,13,1,1.0,0,sim
1-12-178,13,1,0.0,0,sim
1-12-179,13,1,0.0,0,sim
1-12-180,13,1,0.0,0,sim
1-12-181,13,1,0.0,0,sim
1-12-182,13,1,1.0,0,sim
1-12-183,13,1,1.0,0,sim
1-12-184,13,1,1.0,0,sim
1-12-185,13,1,0.0,0,sim
1-12-186,13,1,0.0,0,sim
1-12-187,13,1,0.0,0,sim
1-12-188,13,1,0.0,0,sim
1-12-189,13,1,0.0,0,sim
1-12-190,13,1,1.0,0,sim
1-12-191,13,1,1.0,0,sim
1-12-192,13,1,0.0,0,sim
1-12-193,13,1,1.0,0,sim
1-12-194,13,1,1.0,0,sim
1-12-195,13,1,1.0,0,sim
1-12-196,13,1,1.0,0,sim
1-12-197,13,1,1.0,0,sim
1-12-198,13,1,0.0,0,sim
1-12-199,13,1,1.0,0,sim
1-12-200,13,1,1.0,0,sim
1-12-201,13,1,1.0,0,sim
1-12-202,13,1,1.0,1,sim
1-12-203,13,1,,0,sim
1-12-204,13,1,1.0,0,sim
1-12-205,13,1,0.0,0,sim
1-12-206,13,1,0.0,0,sim
1-12-207,13,1,1.0,0,sim
1-12-208,13,1,1.0,0,sim
1-12-209,13,1,0.0,0,sim
1-12-210,13,1,1.0,0,sim
1-12-211,13,1,0.0,0,sim
1-12-212,13,1,1.0,0,sim
1-12-213,13,1,0.0,0,sim
1-12-214,13,1,0.0,0,sim
1-12-215,13,1,1.0,0,sim
1-12-216,13,1,0.0,0,sim
1-12-217,13,1,0.0,0,sim
1-12-218,13,1,1.0,0,sim
1-12-219,13,1,0.0,0,sim
1-12-220,13,1,1.0,0,sim
1-12-221,13,1,0.0,0,sim
1-12-222,13,1,1.0,0,sim
1-12-223,13,1,1.0,0,sim
1-12-224,13,1,1.0,0,sim
1-12-225,13,1,0.0,0,sim
1-12-226,13,1,1.0,0,sim
1-12-227,13,1,0.0,0,sim
1-12-228,13,1,1.0,1,sim
1-12-229,13,1,1.0,0,sim
1-12-230,13,1,0.0,0,sim
1-12-231,13,1,1.0,0,sim
1-12-232,13,1,0.0,0,sim
1-12-233,13,1,1.0,0,sim
1-12-234,13,1,1.0,0,sim
1-12-235,13,1,1.0,0,sim
1-12-236,13,1,0.0,0,sim
1-12-237,13,1,1.0,0,sim
1-12-238,13,1,1.0,0,sim
1-12-239,13,1,1.0,0,sim
1-13-0,14,1,,0,sim
1-13-1,14,1,1.0,0,sim
1-13-2,14,1,1.0,0,sim
1-13-3,14,1,1.0,0,sim
1-13-4,14,1,1.0,0,sim
1-13-5,14,1,1.0,1,sim
1-13-6,14,1,1.0,0,sim
1-13-7,14,1,1.0,0,sim
1-13-8,14,1,0.0,0,sim
1-13-9,14,1,1.0,0,sim
1-13-10,14,1,0.0,0,sim
1-13-11,14,1,1.0,0,sim
1-13-12,14,1,1.0,0,sim
1-13-13,14,1,1.0,0,sim
1-13-14,14,1,0.0,0,sim
1-13-15,14,1,1.0,0,sim
1-13-16,14,1,0.0,0,sim
1-13-17,14,1,0.0,0,sim
1-13-18,14,1,1.0,0,sim
1-13-19,14,1,0.0,0,sim
1-13-20,14,1,0.0,0,sim
1-13-21,14,1,1.0,0,sim
1-13-22,14,1,1.0,0,sim
1-13-23,14,1,1.0,0,sim
1-13-24,14,1,1.0,0,sim
1-13-25,14,1,1.0,0,sim
1-13-26,14,1,1.0,1,sim
1-13-27,14,1,1.0,0,sim
1-13-28,14,1,1.0,0,sim
1-13-29,14,1,1.0,0,sim
1-13-30,14,1,0.0,0,sim
1-13-31,14,1,1.0,0,sim
1-13-32,14,1,1.0,0,sim
1-13-33,14,1,0.0,0,sim
1-13-34,14,1,1.0,0,sim
1-13-35,14,1,1.0,0,sim
1-13-36,14,1,1.0,0,sim
1-13-37,14,1,1.0,1,sim
1-13-38,14,1,0.0,0,sim
1-13-39,14,1,1.0,0,sim
1-13-40,14,1,1.0,0,sim
1-13-41,14,1,1.0,0,sim
1-13-42,14,1,0.0,0,sim
1-13-43,14,1,0.0,0,sim
1-13-44,14,1,1.0,0,sim
1-13-45,14,1,0.0,0,sim
1-13-46,14,1,1.0,0,sim
1-13-47,14,1,1.0,1,sim
1-13-48,14,1,1.0,0,sim
1-13-49,14,1,1.0,0,sim
1-13-50,14,1,1.0,0,sim
1-13-51,14,1,1.0,0,sim
1-13-52,14,1,1.0,0,sim
1-13-53,14,1,1.0,0,sim
1-13-54,14,1,1.0,0,sim
1-13-55,14,1,1.0,0,sim
1-13-56,14,1,0.0,0,sim
1-13-57,14,1,0.0,0,sim
1-13-58,14,1,0.0,0,sim
1-13-59,14,1,1.0,0,sim
1-13-60,14,1,1.0,0,sim
1-13-61,14,1,0.0,0,sim
1-13-62,14,1,1.0,0,sim
1-13-63,14,1,1.0,0,sim
1-13-64,14,1,0.0,0,sim
1-13-65,14,1,0.0,0,sim
1-13-66,14,1,1.0,0,sim
1-13-67,14,1,1.0,0,sim
1-13-68,14,1,,0,sim
1-13-69,14,1,1.0,0,sim
1-13-70,14,1,1.0,0,sim
1-13-71,14,1,1.0,0,sim
1-13-72,14,1,1.0,0,sim
1-13-73,14,1,1.0,0,sim
1-13-74,14,1,0.0,0,sim
1-13-75,14,1,1.0,0,sim
1-13-76,14,1,0.0,0,sim
1-13-77,14,1,1.0,0,sim
1-13-78,14,1,0.0,0,sim
1-13-79,14,1,1.0,0,sim
1-13-80,14,1,1.0,0,sim
1-13-81,14,1,0.0,1,sim
1-13-82,14,1,1.0,0,sim
1-13-83,14,1,,0,sim
1-13-84,14,1,,0,sim
1-13-85,14,1,0.0,0,sim
1-13-86,14,1,1.0,0,sim
1-13-87,14,1,1.0,0,sim
1-13-88,14,1,1.0,0,sim
1-13-89,14,1,,0,sim
1-13-90,14,1,1.0,0,sim
1-13-91,14,1,1.0,0,sim
1-13-92,14,1,0.0,0,sim
1-13-93,14,1,1.0,0,sim
1-13-94,14,1,1.0,0,sim
1-13-95,14,1,0.0,0,sim
1-13-96,14,1,1.0,0,sim
1-13-97,14,1,1.0,0,sim
1-13-98,14,1,0.0,0,sim
1-13-99,14,1,1.0,0,sim
1-13-100,14,1,1.0,0,sim
1-13-101,14,1,1.0,0,sim
1-13-102,14,1,0.0,0,sim
1-13-103,14,1,1.0,0,sim
1-13-104,14,1,0.0,0,sim
1-13-105,14,1,1.0,0,sim
1-13-106,14,1,1.0,0,sim
1-13-107,14,1,0.0,0,sim
1-13-108,14,1,1.0,0,sim
1-13-109,14,1,1.0,0,sim
1-13-110,14,1,1.0,0,sim
1-13-111,14,1,1.0,0,sim
1-13-112,14,1,1.0,0,sim
1-13-113,14,1,1.0,0,sim
1-13-114,14,1,0.0,0,sim
1-13-115,14,1,1.0,0,sim
1-13-116,14,1,1.0,0,sim
1-13-117,14,1,0.0,0,sim
1-13-118,14,1,1.0,0,sim
1-13-119,14,1,1.0,0,sim
1-13-120,14,1,1.0,0,sim
1-13-121,14,1,1.0,0,sim
1-13-122,14,1,1.0,0,sim
1-13-123,14,1,1.0,0,sim
1-13-124,14,1,,0,sim
1-13-125,14,1,0.0,0,sim
1-13-126,14,1,0.0,0,sim
1-13-127,14,1,1.0,0,sim
1-13-128,14,1,0.0,0,sim
1-13-129,14,1,0.0,0,sim
1-13-130,14,1,1.0,0,sim
1-13-131,14,1,0.0,0,sim
1-13-132,14,1,,0,sim
1-13-133,14,1,1.0,0,sim
1-13-134,14,1,1.0,0,sim
1-13-135,14,1,0.0,0,sim
1-13-136,14,1,1.0,0,sim
1-13-137,14,1,0.0,0,sim
1-13-138,14,1,1.0,0,sim
1-13-139,14,1,1.0,0,sim
1-13-140,14,1,0.0,0,sim
1-13-141,14,1,1.0,0,sim
1-13-142,14,1,1.0,0,sim
1-13-143,14,1,1.0,0,sim
1-13-144,14,1,0.0,0,sim
1-13-145,14,1,0.0,0,sim
1-13-146,14,1,1.0,0,sim
1-13-147,14,1,0.0,0,sim
1-13-148,14,1,1.0,0,sim
1-13-149,14,1,1.0,0,sim
1-13-150,14,1,1.0,0,sim
1-13-151,14,1,1.0,0,sim
1-13-152,14,1,1.0,0,sim
1-13-153,14,1,0.0,0,sim
1-13-154,14,1,0.0,0,sim
1-13-155,14,1,0.0,0,sim
1-13-156,14,1,1.0,0,sim
1-13-157,14,1,1.0,0,sim
1-13-158,14,1,0.0,0,sim
1-13-159,14,1,1.0,0,sim
1-13-160,14,1,1.0,0,sim
1-13-161,14,1,1.0,0,sim
1-13-162,14,1,1.0,0,sim
1-13-163,14,1,1.0,0,sim
1-13-164,14,1,0.0,0,sim
1-13-165,14,1,1.0,0,sim
1-13-166,14,1,0.0,0,sim
1-13-167,14,1,0.0,0,sim
1-13-168,14,1,1.0,0,sim
1-13-169,14,1,0.0,0,sim
1-13-170,14,1,1.0,0,sim
1-13-171,14,1,1.0,0,sim
1-13-172,14,1,0.0,0,sim
1-13-173,14,1,1.0,0,sim
1-13-174,14,1,1.0,0,sim
1-13-175,14,1,0.0,0,sim
1-13-176,14,1,1.0,0,sim
1-13-177,14,1,0.0,0,sim
1-13-178,14,1,1.0,0,sim
1-13-179,14,1,0.0,0,sim
1-13-180,14,1,0.0,0,sim
1-13-181,14,1,0.0,0,sim
1-13-182,14,1,,0,sim
1-13-183,14,1,0.0,0,sim
1-13-184,14,1,1.0,0,sim
1-13-185,14,1,0.0,0,sim
1-13-186,14,1,1.0,0,sim
1-13-187,14,1,1.0,0,sim
1-13-188,14,1,1.0,0,sim
1-13-189,14,1,1.0,0,sim
1-13-190,14,1,1.0,0,sim
1-13-191,14,1,1.0,1,sim
1-13-192,14,1,0.0,0,sim
1-13-193,14,1,1.0,0,sim
1-13-194,14,1,1.0,0,sim
1-13-195,14,1,0.0,0,sim
1-13-196,14,1,1.0,0,sim
1-13-197,14,1,1.0,0,sim
1-13-198,14,1,1.0,0,sim
1-13-199,14,1,1.0,0,sim
1-13-200,14,1,1.0,0,sim
1-13-201,14,1,1.0,0,sim
1-13-202,14,1,1.0,0,sim
1-13-203,14,1,1.0,0,sim
1-13-204,14,1,0.0,0,sim
1-13-205,14,1,1.0,0,sim
1-13-206,14,1,1.0,0,sim
1-13-207,14,1,1.0,0,sim
1-13-208,14,1,1.0,0,sim
1-13-209,14,1,1.0,0,sim
1-13-210,14,1,1.0,0,sim
1-13-211,14,1,1.0,0,sim
1-13-212,14,1,1.0,0,sim
1-13-213,14,1,1.0,1,sim
1-13-214,14,1,1.0,0,sim
1-13-215,14,1,1.0,0,sim
1-13-216,14,1,1.0,0,sim
1-13-217,14,1,0.0,0,sim
1-13-218,14,1,1.0,0,sim
1-13-219,14,1,1.0,0,sim
1-13-220,14,1,1.0,0,sim
1-13-221,14,1,1.0,0,sim
1-13-222,14,1,0.0,0,sim
1-13-223,14,1,1.0,0,sim
1-13-224,14,1,0.0,0,sim
1-13-225,14,1,0.0,0,sim
1-13-226,14,1,1.0,0,sim
1-13-227,14,1,1.0,0,sim
1-13-228,14,1,1.0,0,sim
1-13-229,14,1,1.0,0,sim
1-13-230,14,1,0.0,0,sim
1-13-231,14,1,1.0,1,sim
1-13-232,14,1,1.0,0,sim
1-13-233,14,1,1.0,0,sim
1-13-234,14,1,0.0,0,sim
1-13-235,14,1,1.0,0,sim
1-13-236,14,1,0.0,0,sim
1-13-237,14,1,0.0,0,sim
1-13-238,14,1,0.0,1,sim
1-13-239,14,1,1.0,0,sim
1-14-0,15,1,0.0,0,sim
1-14-1,15,1,1.0,0,sim
1-14-2,15,1,0.0,0,sim
1-14-3,15,1,1.0,0,sim
1-14-4,15,1,1.0,0,sim
1-14-5,15,1,,0,sim
1-14-6,15,1,1.0,0,sim
1-14-7,15,1,1.0,0,sim
1-14-8,15,1,0.0,0,sim
1-14-9,15,1,1.0,0,sim
1-14-10,15,1,1.0,0,sim
1-14-11,15,1,1.0,0,sim
1-14-12,15,1,1.0,0,sim
1-14-13,15,1,1.0,0,sim
1-14-14,15,1,1.0,0,sim
1-14-15,15,1,1.0,0,sim
1-14-16,15,1,1.0,0,sim
1-14-17,15,1,1.0,0,sim
1-14-18,15,1,1.0,0,sim
1-14-19,15,1,0.0,0,sim
1-14-20,15,1,0.0,0,sim
1-14-21,15,1,1.0,0,sim
1-14-22,15,1,1.0,0,sim
1-14-23,15,1,1.0,0,sim
1-14-24,15,1,0.0,0,sim
1-14-25,15,1,1.0,0,sim
1-14-26,15,1,1.0,0,sim
1-14-27,15,1,1.0,0,sim
1-14-28,15,1,0.0,0,sim
1-14-29,15,1,1.0,0,sim
1-14-30,15,1,1.0,0,sim
1-14-31,15,1,1.0,0,sim
1-14-32,15,1,1.0,0,sim
1-14-33,15,1,1.0,0,sim
1-14-34,15,1,1.0,0,sim
1-14-35,15,1,0.0,0,sim
1-14-36,15,1,1.0,0,sim
1-14-37,15,1,1.0,0,sim
1-14-38,15,1,1.0,0,sim
1-14-39,15,1,0.0,0,sim
1-14-40,15,1,1.0,0,sim
1-14-41,15,1,0.0,0,sim
1-14-42,15,1,,0,sim
1-14-43,15,1,1.0,0,sim
1-14-44,15,1,0.0,0,sim
1-14-45,15,1,1.0,0,sim
1-14-46,15,1,1.0,0,sim
1-14-47,15,1,1.0,0,sim
1-14-48,15,1,1.0,0,sim
1-14-49,15,1,1.0,0,sim
1-14-50,15,1,1.0,0,sim
1-14-51,15,1,1.0,0,sim
1-14-52,15,1,0.0,0,sim
1-14-53,15,1,1.0,0,sim
1-14-54,15,1,1.0,0,sim
1-14-55,15,1,1.0,0,sim
1-14-56,15,1,1.0,0,sim
1-14-57,15,1,1.0,0,sim
1-14-58,15,1,,0,sim
1-14-59,15,1,1.0,0,sim
1-14-60,15,1,1.0,0,sim
1-14-61,15,1,1.0,0,sim
1-14-62,15,1,1.0,0,sim
1-14-63,15,1,1.0,0,sim
1-14-64,15,1,,0,sim
1-14-65,15,1,0.0,0,sim
1-14-66,15,1,0.0,0,sim
1-14-67,15,1,1.0,0,sim
1-14-68,15,1,0.0,0,sim
1-14-69,15,1,1.0,0,sim
1-14-70,15,1,0.0,0,sim
1-14-71,15,1,1.0,0,sim
1-14-72,15,1,0.0,0,sim
1-14-73,15,1,1.0,0,sim
1-14-74,15,1,0.0,0,sim
1-14-75,15,1,1.0,1,sim
1-14-76,15,1,1.0,0,sim
1-14-77,15,1,0.0,0,sim
1-14-78,15,1,1.0,0,sim
1-14-79,15,1,0.0,0,sim
1-14-80,15,1,1.0,0,sim
1-14-81,15,1,0.0,0,sim
1-14-82,15,1,1.0,0,sim
1-14-83,15,1,1.0,0,sim
1-14-84,15,1,1.0,0,sim
1-14-85,15,1,1.0,0,sim
1-14-86,15,1,0.0,1,sim
1-14-87,15,1,1.0,0,sim
1-14-88,15,1,1.0,0,sim
1-14-89,15,1,1.0,0,sim
1-14-90,15,1,0.0,0,sim
1-14-91,15,1,1.0,0,sim
1-14-92,15,1,1.0,0,sim
1-14-93,15,1,1.0,0,sim
1-14-94,15,1,1.0,0,sim
1-14-95,15,1,1.0,0,sim
1-14-96,15,1,1.0,0,sim
1-14-97,15,1,1.0,0,sim
1-14-98,15,1,0.0,0,sim
1-14-99,15,1,1.0,1,sim
1-14-100,15,1,1.0,1,sim
1-14-101,15,1,1.0,0,sim
1-14-102,15,1,,0,sim
1-14-103,15,1,1.0,0,sim
1-14-104,15,1,0.0,0,sim
1-14-105,15,1,0.0,0,sim
1-14-106,15,1,1.0,0,sim
1-14-107,15,1,0.0,0,sim
1-14-108,15,1,0.0,0,sim
1-14-109,15,1,1.0,0,sim
1-14-110,15,1,1.0,0,sim
1-14-111,15,1,1.0,0,sim
1-14-112,15,1,1.0,0,sim
1-14-113,15,1,0.0,0,sim
1-14-114,15,1,1.0,0,sim
1-14-115,15,1,1.0,0,sim
1-14-116,15,1,1.0,0,sim
1-14-117,15,1,0.0,0,sim
1-14-118,15,1,1.0,0,sim
1-14-119,15,1,0.0,0,sim
1-14-120,15,1,1.0,0,sim
1-14-121,15,1,0.0,0,sim
1-14-122,15,1,1.0,0,sim
1-14-123,15,1,1.0,0,sim
1-14-124,15,1,1.0,0,sim
1-14-125,15,1,0.0,0,sim
1-14-126,15,1,1.0,0,sim
1-14-127,15,1,0.0,0,sim
1-14-128,15,1,0.0,0,sim
1-14-129,15,1,1.0,0,sim
1-14-130,15,1,1.0,0,sim
1-14-131,15,1,1.0,0,sim
1-14-132,15,1,1.0,0,sim
1-14-133,15,1,0.0,0,sim
1-14-134,15,1,0.0,0,sim
1-14-135,15,1,1.0,0,sim
1-14-136,15,1,1.0,0,sim
1-14-137,15,1,,0,sim
1-14-138,15,1,0.0,0,sim
1-14-139,15,1,1.0,0,sim
1-14-140,15,1,0.0,0,sim
1-14-141,15,1,1.0,0,sim
1-14-142,15,1,1.0,0,sim
1-14-143,15,1,1.0,0,sim
1-14-144,15,1,1.0,0,sim
1-14-145,15,1,1.0,0,sim
1-14-146,15,1,0.0,0,sim
1-14-147,15,1,1.0,0,sim
1-14-148,15,1,1.0,0,sim
1-14-149,15,1,0.0,0,sim
1-14-150,15,1,0.0,0,sim
1-14-151,15,1,0.0,0,sim
1-14-152,15,1,0.0,0,sim
1-14-153,15,1,1.0,0,sim
1-14-154,15,1,1.0,0,sim
1-14-155,15,1,1.0,1,sim
1-14-156,15,1,1.0,0,sim
1-14-157,15,1,,0,sim
1-14-158,15,1,1.0,0,sim
1-14-159,15,1,1.0,0,sim
1-14-160,15,1,1.0,0,sim
1-14-161,15,1,1.0,0,sim
1-14-162,15,1,1.0,0,sim
1-14-163,15,1,1.0,0,sim
1-14-164,15,1,1.0,0,sim
1-14-165,15,1,1.0,0,sim
1-14-166,15,1,0.0,0,sim
1-14-167,15,1,1.0,0,sim
1-14-168,15,1,1.0,0,sim
1-14-169,15,1,1.0,0,sim
1-14-170,15,1,1.0,0,sim
1-14-171,15,1,1.0,0,sim
1-14-172,15,1,1.0,0,sim
1-14-173,15,1,1.0,0,sim
1-14-174,15,1,0.0,0,sim
1-14-175,15,1,0.0,0,sim
1-14-176,15,1,1.0,0,sim
1-14-177,15,1,0.0,0,sim
1-14-178,15,1,1.0,0,sim
1-14-179,15,1,1.0,0,sim
1-14-180,15,1,0.0,0,sim
1-14-181,15,1,0.0,0,sim
1-14-182,15,1,0.0,0,sim
1-14-183,15,1,1.0,0,sim
1-14-184,15,1,1.0,0,sim
1-14-185,15,1,1.0,0,sim
1-14-186,15,1,1.0,0,sim
1-14-187,15,1,1.0,0,sim
1-14-188,15,1,1.0,0,sim
1-14-189,15,1,0.0,0,sim
1-14-190,15,1,1.0,0,sim
1-14-191,15,1,1.0,0,sim
1-14-192,15,1,1.0,0,sim
1-14-193,15,1,1.0,0,sim
1-14-194,15,1,1.0,0,sim
1-14-195,15,1,1.0,1,sim
1-14-196,15,1,1.0,1,sim
1-14-197,15,1,1.0,0,sim
1-14-198,15,1,1.0,0,sim
1-14-199,15,1,0.0,0,sim
1-14-200,15,1,1.0,0,sim
1-14-201,15,1,1.0,0,sim
1-14-202,15,1,1.0,0,sim
1-14-203,15,1,1.0,0,sim
1-14-204,15,1,1.0,0,sim
1-14-205,15,1,1.0,0,sim
1-14-206,15,1,1.0,0,sim
1-14-207,15,1,0.0,1,sim
1-14-208,15,1,1.0,0,sim
1-14-209,15,1,1.0,0,sim
1-14-210,15,1,1.0,0,sim
1-14-211,15,1,1.0,0,sim
1-14-212,15,1,0.0,0,sim
1-14-213,15,1,1.0,0,sim
1-14-214,15,1,,0,sim
1-14-215,15,1,0.0,0,sim
1-14-216,15,1,1.0,0,sim
1-14-217,15,1,0.0,0,sim
1-14-218,15,1,1.0,0,sim
1-14-219,15,1,1.0,0,sim
1-14-220,15,1,0.0,0,sim
1-14-221,15,1,1.0,0,sim
1-14-222,15,1,1.0,1,sim
1-14-223,15,1,1.0,0,sim
1-14-224,15,1,1.0,0,sim
1-14-225,15,1,1.0,0,sim
1-14-226,15,1,1.0,0,sim
1-14-227,15,1,1.0,0,sim
1-14-228,15,1,1.0,0,sim
1-14-229,15,1,1.0,0,sim
1-14-230,15,1,,0,sim
1-14-231,15,1,1.0,0,sim
1-14-232,15,1,1.0,0,sim
1-14-233,15,1,1.0,0,sim
1-14-234,15,1,1.0,0,sim
1-14-235,15,1,1.0,0,sim
1-14-236,15,1,1.0,0,sim
1-14-237,15,1,1.0,0,sim
1-14-238,15,1,1.0,0,sim
1-14-239,15,1,1.0,0,sim
1-15-0,16,1,1.0,0,sim
1-15-1,16,1,0.0,0,sim
1-15-2,16,1,1.0,0,sim
1-15-3,16,1,0.0,0,sim
1-15-4,16,1,1.0,0,sim
1-15-5,16,1,1.0,0,sim
1-15-6,16,1,1.0,0,sim
1-15-7,16,1,1.0,0,sim
1-15-8,16,1,1.0,0,sim
1-15-9,16,1,0.0,0,sim
1-15-10,16,1,0.0,0,sim
1-15-11,16,1,0.0,0,sim
1-15-12,16,1,1.0,0,sim
1-15-13,16,1,1.0,0,sim
1-15-14,16,1,1.0,0,sim
1-15-15,16,1,1.0,0,sim
1-15-16,16,1,1.0,0,sim
1-15-17,16,1,1.0,0,sim
1-15-18,16,1,1.0,0,sim
1-15-19,16,1,1.0,0,sim
1-15-20,16,1,1.0,0,sim
1-15-21,16,1,0.0,0,sim
1-15-22,16,1,1.0,0,sim
1-15-23,16,1,0.0,0,sim
1-15-24,16,1,1.0,0,sim
1-15-25,16,1,0.0,0,sim
1-15-26,16,1,1.0,0,sim
1-15-27,16,1,1.0,0,sim
1-15-28,16,1,,0,sim
1-15-29,16,1,1.0,0,sim
1-15-30,16,1,1.0,0,sim
1-15-31,16,1,1.0,0,sim
1-15-32,16,1,1.0,0,sim
1-15-33,16,1,1.0,0,sim
1-15-34,16,1,1.0,0,sim
1-15-35,16,1,0.0,0,sim
1-15-36,16,1,0.0,0,sim
1-15-37,16,1,1.0,0,sim
1-15-38,16,1,1.0,0,sim
1-15-39,16,1,0.0,0,sim
1-15-40,16,1,,0,sim
1-15-41,16,1,1.0,0,sim
1-15-42,16,1,1.0,0,sim
1-15-43,16,1,1.0,0,sim
1-15-44,16,1,0.0,0,sim
1-15-45,16,1,1.0,0,sim
1-15-46,16,1,1.0,0,sim
1-15-47,16,1,1.0,0,sim
1-15-48,16,1,1.0,0,sim
1-15-49,16,1,1.0,0,sim
1-15-50,16,1,1.0,0,sim
1-15-51,16,1,1.0,0,sim
1-15-52,16,1,0.0,0,sim
1-15-53,16,1,0.0,0,sim
1-15-54,16,1,0.0,0,sim
1-15-55,16,1,0.0,0,sim
1-15-56,16,1,0.0,0,sim
1-15-57,16,1,1.0,0,sim
1-15-58,16,1,1.0,0,sim
1-15-59,16,1,1.0,0,sim
1-15-60,16,1,0.0,0,sim
1-15-61,16,1,1.0,0,sim
1-15-62,16,1,1.0,0,sim
1-15-63,16,1,1.0,0,sim
1-15-64,16,1,1.0,0,sim
1-15-65,16,1,1.0,0,sim
1-15-66,16,1,1.0,0,sim
1-15-67,16,1,,0,sim
1-15-68,16,1,1.0,0,sim
1-15-69,16,1,1.0,0,sim
1-15-70,16,1,1.0,0,sim
1-15-71,16,1,1.0,0,sim
1-15-72,16,1,0.0,0,sim
1-15-73,16,1,1.0,0,sim
1-15-74,16,1,1.0,0,sim
1-15-75,16,1,0.0,0,sim
1-15-76,16,1,1.0,0,sim
1-15-77,16,1,1.0,0,sim
1-15-78,16,1,1.0,0,sim
1-15-79,16,1,1.0,1,sim
1-15-80,16,1,1.0,0,sim
1-15-81,16,1,1.0,0,sim
1-15-82,16,1,,0,sim
1-15-83,16,1,1.0,0,sim
1-15-84,16,1,1.0,0,sim
1-15-85,16,1,1.0,0,sim
1-15-86,16,1,1.0,0,sim
1-15-87,16,1,1.0,0,sim
1-15-88,16,1,1.0,0,sim
1-15-89,16,1,1.0,0,sim
1-15-90,16,1,1.0,0,sim
1-15-91,16,1,0.0,0,sim
1-15-92,16,1,1.0,0,sim
1-15-93,16,1,1.0,0,sim
1-15-94,16,1,1.0,0,sim
1-15-95,16,1,0.0,1,sim
1-15-96,16,1,,0,sim
1-15-97,16,1,0.0,0,sim
1-15-98,16,1,1.0,0,sim
1-15-99,16,1,1.0,0,sim
1-15-100,16,1,1.0,0,sim
1-15-101,16,1,0.0,0,sim
1-15-102,16,1,0.0,0,sim
1-15-103,16,1,1.0,0,sim
1-15-104,16,1,1.0,0,sim
1-15-105,16,1,1.0,0,sim
1-15-106,16,1,0.0,0,sim
1-15-107,16,1,0.0,0,sim
1-15-108,16,1,1.0,0,sim
1-15-109,16,1,1.0,0,sim
1-15-110,16,1,1.0,0,sim
1-15-111,16,1,1.0,0,sim
1-15-112,16,1,0.0,0,sim
1-15-113,16,1,1.0,0,sim
1-15-114,16,1,1.0,0,sim
1-15-115,16,1,1.0,0,sim
1-15-116,16,1,1.0,0,sim
1-15-117,16,1,1.0,0,sim
1-15-118,16,1,1.0,0,sim
1-15-119,16,1,0.0,0,sim
1-15-120,16,1,1.0,0,sim
1-15-121,16,1,1.0,0,sim
1-15-122,16,1,1.0,0,sim
1-15-123,16,1,1.0,0,sim
1-15-124,16,1,1.0,0,sim
1-15-125,16,1,1.0,0,sim
1-15-126,16,1,0.0,0,sim
1-15-127,16,1,1.0,1,sim
1-15-128,16,1,0.0,0,sim
1-15-129,16,1,1.0,0,sim
1-15-130,16,1,1.0,0,sim
1-15-131,16,1,1.0,0,sim
1-15-132,16,1,1.0,0,sim
1-15-133,16,1,1.0,0,sim
1-15-134,16,1,1.0,0,sim
1-15-135,16,1,1.0,0,sim
1-15-136,16,1,1.0,0,sim
1-15-137,16,1,0.0,0,sim
1-15-138,16,1,0.0,0,sim
1-15-139,16,1,1.0,0,sim
1-15-140,16,1,1.0,0,sim
1-15-141,16,1,1.0,0,sim
1-15-142,16,1,1.0,0,sim
1-15-143,16,1,1.0,0,sim
1-15-144,16,1,1.0,0,sim
1-15-145,16,1,0.0,0,sim
1-15-146,16,1,1.0,0,sim
1-15-147,16,1,1.0,0,sim
1-15-148,16,1,0.0,0,sim
1-15-149,16,1,0.0,0,sim
1-15-150,16,1,1.0,0,sim
1-15-151,16,1,0.0,0,sim
1-15-152,16,1,1.0,0,sim
1-15-153,16,1,1.0,0,sim
1-15-154,16,1,1.0,0,sim
1-15-155,16,1,1.0,0,sim
1-15-156,16,1,1.0,0,sim
1-15-157,16,1,1.0,0,sim
1-15-158,16,1,1.0,0,sim
1-15-159,16,1,1.0,0,sim
1-15-160,16,1,1.0,0,sim
1-15-161,16,1,1.0,1,sim
1-15-162,16,1,0.0,0,sim
1-15-163,16,1,0.0,0,sim
1-15-164,16,1,1.0,0,sim
1-15-165,16,1,1.0,0,sim
1-15-166,16,1,1.0,0,sim
1-15-167,16,1,0.0,0,sim
1-15-168,16,1,1.0,0,sim
1-15-169,16,1,1.0,0,sim
1-15-170,16,1,0.0,0,sim
1-15-171,16,1,1.0,0,sim
1-15-172,16,1,0.0,0,sim
1-15-173,16,1,1.0,0,sim
1-15-174,16,1,1.0,0,sim
1-15-175,16,1,1.0,0,sim
1-15-176,16,1,1.0,0,sim
1-15-177,16,1,0.0,0,sim
1-15-178,16,1,1.0,0,sim
1-15-179,16,1,1.0,0,sim
1-15-180,16,1,1.0,0,sim
1-15-181,16,1,1.0,0,sim
1-15-182,16,1,1.0,0,sim
1-15-183,16,1,0.0,0,sim
1-15-184,16,1,1.0,0,sim
1-15-185,16,1,0.0,0,sim
1-15-186,16,1,0.0,0,sim
1-15-187,16,1,1.0,0,sim
1-15-188,16,1,1.0,0,sim
1-15-189,16,1,1.0,0,sim
1-15-190,16,1,1.0,0,sim
1-15-191,16,1,1.0,0,sim
1-15-192,16,1,1.0,0,sim
1-15-193,16,1,1.0,0,sim
1-15-194,16,1,0.0,0,sim
1-15-195,16,1,1.0,0,sim
1-15-196,16,1,0.0,0,sim
1-15-197,16,1,1.0,0,sim
1-15-198,16,1,1.0,0,sim
1-15-199,16,1,1.0,0,sim
1-15-200,16,1,0.0,0,sim
1-15-201,16,1,1.0,0,sim
1-15-202,16,1,1.0,0,sim
1-15-203,16,1,1.0,0,sim
1-15-204,16,1,1.0,0,sim
1-15-205,16,1,0.0,0,sim
1-15-206,16,1,0.0,0,sim
1-15-207,16,1,1.0,0,sim
1-15-208,16,1,0.0,0,sim
1-15-209,16,1,1.0,0,sim
1-15-210,16,1,1.0,0,sim
1-15-211,16,1,1.0,0,sim
1-15-212,16,1,0.0,0,sim
1-15-213,16,1,1.0,0,sim
1-15-214,16,1,1.0,0,sim
1-15-215,16,1,1.0,0,sim
1-15-216,16,1,0.0,0,sim
1-15-217,16,1,1.0,0,sim
1-15-218,16,1,1.0,0,sim
1-15-219,16,1,0.0,0,sim
1-15-220,16,1,1.0,0,sim
1-15-221,16,1,0.0,0,sim
1-15-222,16,1,0.0,0,sim
1-15-223,16,1,1.0,0,sim
1-15-224,16,1,1.0,0,sim
1-15-225,16,1,,0,sim
1-15-226,16,1,1.0,0,sim
1-15-227,16,1,0.0,0,sim
1-15-228,16,1,0.0,0,sim
1-15-229,16,1,1.0,0,sim
1-15-230,16,1,1.0,0,sim
1-15-231,16,1,1.0,0,sim
1-15-232,16,1,0.0,0,sim
1-15-233,16,1,1.0,0,sim
1-15-234,16,1,0.0,0,sim
1-15-235,16,1,1.0,0,sim
1-15-236,16,1,1.0,0,sim
1-15-237,16,1,1.0,0,sim
1-15-238,16,1,0.0,0,sim
1-15-239,16,1,1.0,1,sim
1-16-0,17,1,0.0,0,sim
1-16-1,17,1,0.0,0,sim
1-16-2,17,1,1.0,0,sim
1-16-3,17,1,0.0,0,sim
1-16-4,17,1,0.0,0,sim
1-16-5,17,1,1.0,0,sim
1-16-6,17,1,0.0,0,sim
1-16-7,17,1,1.0,0,sim
1-16-8,17,1,1.0,0,sim
1-16-9,17,1,1.0,0,sim
1-16-10,17,1,0.0,0,sim
1-16-11,17,1,1.0,0,sim
1-16-12,17,1,1.0,0,sim
1-16-13,17,1,1.0,0,sim
1-16-14,17,1,1.0,0,sim
1-16-15,17,1,0.0,0,sim
1-16-16,17,1,0.0,0,sim
1-16-17,17,1,0.0,0,sim
1-16-18,17,1,1.0,0,sim
1-16-19,17,1,0.0,0,sim
1-16-20,17,1,,0,sim
1-16-21,17,1,1.0,0,sim
1-16-22,17,1,0.0,0,sim
1-16-23,17,1,1.0,0,sim
1-16-24,17,1,1.0,0,sim
1-16-25,17,1,0.0,0,sim
1-16-26,17,1,1.0,0,sim
1-16-27,17,1,1.0,0,sim
1-16-28,17,1,0.0,1,sim
1-16-29,17,1,1.0,0,sim
1-16-30,17,1,0.0,0,sim
1-16-31,17,1,0.0,0,sim
1-16-32,17,1,1.0,0,sim
1-16-33,17,1,1.0,0,sim
1-16-34,17,1,1.0,1,sim
1-16-35,17,1,1.0,0,sim
1-16-36,17,1,0.0,0,sim
1-16-37,17,1,0.0,0,sim
1-16-38,17,1,1.0,0,sim
1-16-39,17,1,0.0,0,sim
1-16-40,17,1,1.0,0,sim
1-16-41,17,1,1.0,0,sim
1-16-42,17,1,0.0,0,sim
1-16-43,17,1,0.0,0,sim
1-16-44,17,1,1.0,0,sim
1-16-45,17,1,0.0,0,sim
1-16-46,17,1,1.0,0,sim
1-16-47,17,1,1.0,0,sim
1-16-48,17,1,1.0,0,sim
1-16-49,17,1,0.0,0,sim
1-16-50,17,1,1.0,0,sim
1-16-51,17,1,0.0,0,sim
1-16-52,17,1,0.0,0,sim
1-16-53,17,1,0.0,0,sim
1-16-54,17,1,1.0,0,sim
1-16-55,17,1,0.0,0,sim
1-16-56,17,1,1.0,0,sim
1-16-57,17,1,0.0,0,sim
1-16-58,17,1,0.0,0,sim
1-16-59,17,1,0.0,0,sim
1-16-60,17,1,1.0,0,sim
1-16-61,17,1,0.0,0,sim
1-16-62,17,1,1.0,0,sim
1-16-63,17,1,1.0,0,sim
1-16-64,17,1,1.0,0,sim
1-16-65,17,1,1.0,0,sim
1-16-66,17,1,0.0,1,sim
1-16-67,17,1,1.0,0,sim
1-16-68,17,1,1.0,0,sim
1-16-69,17,1,0.0,0,sim
1-16-70,17,1,0.0,0,sim
1-16-71,17,1,1.0,0,sim
1-16-72,17,1,1.0,0,sim
1-16-73,17,1,1.0,0,sim
1-16-74,17,1,1.0,0,sim
1-16-75,17,1,0.0,0,sim
1-16-76,17,1,1.0,0,sim
1-16-77,17,1,1.0,0,sim
1-16-78,17,1,0.0,0,sim
1-16-79,17,1,,0,sim
1-16-80,17,1,0.0,0,sim
1-16-81,17,1,1.0,0,sim
1-16-82,17,1,1.0,0,sim
1-16-83,17,1,1.0,0,sim
1-16-84,17,1,1.0,0,sim
1-16-85,17,1,1.0,0,sim
1-16-86,17,1,0.0,0,sim
1-16-87,17,1,1.0,0,sim
1-16-88,17,1,1.0,0,sim
1-16-89,17,1,1.0,0,sim
1-16-90,17,1,1.0,0,sim
1-16-91,17,1,0.0,0,sim
1-16-92,17,1,1.0,0,sim
1-16-93,17,1,1.0,0,sim
1-16-94,17,1,1.0,0,sim
1-16-95,17,1,1.0,0,sim
1-16-96,17,1,1.0,0,sim
1-16-97,17,1,1.0,0,sim
1-16-98,17,1,1.0,0,sim
1-16-99,17,1,0.0,0,sim
1-16-100,17,1,1.0,0,sim
1-16-101,17,1,1.0,1,sim
1-16-102,17,1,1.0,0,sim
1-16-103,17,1,0.0,0,sim
1-16-104,17,1,0.0,0,sim
1-16-105,17,1,1.0,0,sim
1-16-106,17,1,1.0,0,sim
1-16-107,17,1,1.0,0,sim
1-16-108,17,1,1.0,0,sim
1-16-109,17,1,,0,sim
1-16-110,17,1,1.0,0,sim
1-16-111,17,1,0.0,0,sim
1-16-112,17,1,,0,sim
1-16-113,17,1,1.0,0,sim
1-16-114,17,1,0.0,0,sim
1-16-115,17,1,1.0,0,sim
1-16-116,17,1,,0,sim
1-16-117,17,1,1.0,0,sim
1-16-118,17,1,1.0,0,sim
1-16-119,17,1,0.0,0,sim
1-16-120,17,1,0.0,0,sim
1-16-121,17,1,1.0,0,sim
1-16-122,17,1,0.0,0,sim
1-16-123,17,1,1.0,0,sim
1-16-124,17,1,1.0,0,sim
1-16-125,17,1,1.0,0,sim
1-16-126,17,1,0.0,0,sim
1-16-127,17,1,1.0,0,sim
1-16-128,17,1,1.0,0,sim
1-16-129,17,1,0.0,0,sim
1-16-130,17,1,1.0,0,sim
1-16-131,17,1,1.0,0,sim
1-16-132,17,1,1.0,0,sim
1-16-133,17,1,1.0,0,sim
1-16-134,17,1,1.0,0,sim
1-16-135,17,1,1.0,0,sim
1-16-136,17,1,0.0,0,sim
1-16-137,17,1,1.0,0,sim
1-16-138,17,1,1.0,0,sim
1-16-139,17,1,1.0,0,sim
1-16-140,17,1,0.0,0,sim
1-16-141,17,1,1.0,0,sim
1-16-142,17,1,1.0,0,sim
1-16-143,17,1,0.0,0,sim
1-16-144,17,1,1.0,0,sim
1-16-145,17,1,0.0,0,sim
1-16-146,17,1,1.0,0,sim
1-16-147,17,1,1.0,0,sim
1-16-148,17,1,1.0,0,sim
1-16-149,17,1,0.0,1,sim
1-16-150,17,1,1.0,0,sim
1-16-151,17,1,1.0,0,sim
1-16-152,17,1,1.0,0,sim
1-16-153,17,1,,0,sim
1-16-154,17,1,1.0,0,sim
1-16-155,17,1,1.0,0,sim
1-16-156,17,1,1.0,1,sim
1-16-157,17,1,1.0,0,sim
1-16-158,17,1,1.0,0,sim
1-16-159,17,1,1.0,0,sim
1-16-160,17,1,1.0,0,sim
1-16-161,17,1,0.0,0,sim
1-16-162,17,1,1.0,0,sim
1-16-163,17,1,1.0,0,sim
1-16-164,17,1,1.0,0,sim
1-16-165,17,1,0.0,0,sim
1-16-166,17,1,0.0,0,sim
1-16-167,17,1,0.0,0,sim
1-16-168,17,1,1.0,0,sim
1-16-169,17,1,1.0,0,sim
1-16-170,17,1,0.0,0,sim
1-16-171,17,1,1.0,0,sim
1-16-172,17,1,1.0,0,sim
1-16-173,17,1,0.0,0,sim
1-16-174,17,1,1.0,0,sim
1-16-175,17,1,1.0,0,sim
1-16-176,17,1,1.0,0,sim
1-16-177,17,1,1.0,1,sim
1-16-178,17,1,0.0,0,sim
1-16-179,17,1,0.0,0,sim
1-16-180,17,1,1.0,0,sim
1-16-181,17,1,1.0,0,sim
1-16-182,17,1,1.0,0,sim
1-16-183,17,1,0.0,0,sim
1-16-184,17,1,1.0,0,sim
1-16-185,17,1,1.0,0,sim
1-16-186,17,1,0.0,0,sim
1-16-187,17,1,0.0,0,sim
1-16-188,17,1,1.0,0,sim
1-16-189,17,1,1.0,0,sim
1-16-190,17,1,,0,sim
1-16-191,17,1,1.0,0,sim
1-16-192,17,1,0.0,0,sim
1-16-193,17,1,0.0,0,sim
1-16-194,17,1,0.0,0,sim
1-16-195,17,1,1.0,0,sim
1-16-196,17,1,0.0,0,sim
1-16-197,17,1,1.0,0,sim
1-16-198,17,1,1.0,0,sim
1-16-199,17,1,1.0,0,sim
1-16-200,17,1,1.0,0,sim
1-16-201,17,1,1.0,0,sim
1-16-202,17,1,0.0,0,sim
1-16-203,17,1,1.0,0,sim
1-16-204,17,1,0.0,0,sim
1-16-205,17,1,1.0,0,sim
1-16-206,17,1,1.0,0,sim
1-16-207,17,1,1.0,0,sim
1-16-208,17,1,1.0,0,sim
1-16-209,17,1,1.0,0,sim
1-16-210,17,1,1.0,0,sim
1-16-211,17,1,1.0,0,sim
1-16-212,17,1,1.0,0,sim
1-16-213,17,1,1.0,0,sim
1-16-214,17,1,1.0,1,sim
1-16-215,17,1,1.0,0,sim
1-16-216,17,1,0.0,0,sim
1-16-217,17,1,0.0,0,sim
1-16-218,17,1,,0,sim
1-16-219,17,1,1.0,0,sim
1-16-220,17,1,1.0,0,sim
1-16-221,17,1,1.0,0,sim
1-16-222,17,1,0.0,0,sim
1-16-223,17,1,1.0,0,sim
1-16-224,17,1,0.0,0,sim
1-16-225,17,1,1.0,0,sim
1-16-226,17,1,0.0,0,sim
1-16-227,17,1,0.0,0,sim
1-16-228,17,1,0.0,0,sim
1-16-229,17,1,1.0,0,sim
1-16-230,17,1,1.0,0,sim
1-16-231,17,1,1.0,0,sim
1-16-232,17,1,1.0,0,sim
1-16-233,17,1,1.0,0,sim
1-16-234,17,1,0.0,0,sim
1-16-235,17,1,1.0,0,sim
1-16-236,17,1,0.0,0,sim
1-16-237,17,1,0.0,0,sim
1-16-238,17,1,1.0,0,sim
1-16-239,17,1,1.0,0,sim
1-17-0,18,1,1.0,0,sim
1-17-1,18,1,1.0,0,sim
1-17-2,18,1,1.0,0,sim
1-17-3,18,1,0.0,0,sim
1-17-4,18,1,1.0,0,sim
1-17-5,18,1,1.0,0,sim
1-17-6,18,1,1.0,0,sim
1-17-7,18,1,1.0,0,sim
1-17-8,18,1,1.0,0,sim
1-17-9,18,1,1.0,0,sim
1-17-10,18,1,0.0,0,sim
1-17-11,18,1,1.0,0,sim
1-17-12,18,1,1.0,0,sim
1-17-13,18,1,1.0,0,sim
1-17-14,18,1,1.0,0,sim
1-17-15,18,1,0.0,0,sim
1-17-16,18,1,0.0,0,sim
1-17-17,18,1,1.0,0,sim
1-17-18,18,1,1.0,0,sim
1-17-19,18,1,1.0,0,sim
1-17-20,18,1,0.0,0,sim
1-17-21,18,1,1.0,0,sim
1-17-22,18,1,1.0,0,sim
1-17-23,18,1,1.0,0,sim
1-17-24,18,1,0.0,0,sim
1-17-25,18,1,1.0,0,sim
1-17-26,18,1,1.0,0,sim
1-17-27,18,1,0.0,0,sim
1-17-28,18,1,0.0,0,sim
1-17-29,18,1,1.0,0,sim
1-17-30,18,1,1.0,0,sim
1-17-31,18,1,1.0,0,sim
1-17-32,18,1,1.0,0,sim
1-17-33,18,1,1.0,0,sim
1-17-34,18,1,1.0,0,sim
1-17-35,18,1,1.0,0,sim
1-17-36,18,1,1.0,0,sim
1-17-37,18,1,1.0,0,sim
1-17-38,18,1,1.0,0,sim
1-17-39,18,1,0.0,0,sim
1-17-40,18,1,0.0,0,sim
1-17-41,18,1,,0,sim
1-17-42,18,1,1.0,0,sim
1-17-43,18,1,1.0,0,sim
1-17-44,18,1,0.0,0,sim
1-17-45,18,1,1.0,0,sim
1-17-46,18,1,1.0,0,sim
1-17-47,18,1,0.0,0,sim
1-17-48,18,1,0.0,0,sim
1-17-49,18,1,1.0,0,sim
1-17-50,18,1,1.0,0,sim
1-17-51,18,1,1.0,0,sim
1-17-52,18,1,1.0,0,sim
1-17-53,18,1,1.0,0,sim
1-17-54,18,1,1.0,0,sim
1-17-55,18,1,1.0,0,sim
1-17-56,18,1,0.0,0,sim
1-17-57,18,1,0.0,0,sim
1-17-58,18,1,0.0,0,sim
1-17-59,18,1,1.0,0,sim
1-17-60,18,1,1.0,0,sim
1-17-61,18,1,0.0,0,sim
1-17-62,18,1,0.0,0,sim
1-17-63,18,1,0.0,0,sim
1-17-64,18,1,0.0,0,sim
1-17-65,18,1,1.0,0,sim
1-17-66,18,1,0.0,0,sim
1-17-67,18,1,0.0,0,sim
1-17-68,18,1,0.0,0,sim
1-17-69,18,1,1.0,1,sim
1-17-70,18,1,1.0,0,sim
1-17-71,18,1,1.0,0,sim
1-17-72,18,1,1.0,0,sim
1-17-73,18,1,0.0,0,sim
1-17-74,18,1,0.0,0,sim
1-17-75,18,1,0.0,0,sim
1-17-76,18,1,1.0,0,sim
1-17-77,18,1,0.0,0,sim
1-17-78,18,1,1.0,0,sim
1-17-79,18,1,1.0,0,sim
1-17-80,18,1,1.0,0,sim
1-17-81,18,1,0.0,0,sim
1-17-82,18,1,1.0,0,sim
1-17-83,18,1,1.0,0,sim
1-17-84,18,1,1.0,0,sim
1-17-85,18,1,1.0,0,sim
1-17-86,18,1,0.0,0,sim
1-17-87,18,1,1.0,0,sim
1-17-88,18,1,1.0,0,sim
1-17-89,18,1,0.0,0,sim
1-17-90,18,1,1.0,0,sim
1-17-91,18,1,1.0,0,sim
1-17-92,18,1,1.0,0,sim
1-17-93,18,1,0.0,1,sim
1-17-94,18,1,1.0,0,sim
1-17-95,18,1,1.0,0,sim
1-17-96,18,1,1.0,0,sim
1-17-97,18,1,1.0,0,sim
1-17-98,18,1,1.0,0,sim
1-17-99,18,1,0.0,0,sim
1-17-100,18,1,1.0,0,sim
1-17-101,18,1,1.0,0,sim
1-17-102,18,1,1.0,0,sim
1-17-103,18,1,1.0,0,sim
1-17-104,18,1,1.0,0,sim
1-17-105,18,1,0.0,0,sim
1-17-106,18,1,1.0,1,sim
1-17-107,18,1,0.0,0,sim
1-17-108,18,1,1.0,0,sim
1-17-109,18,1,1.0,0,sim
1-17-110,18,1,1.0,0,sim
1-17-111,18,1,1.0,0,sim
1-17-112,18,1,0.0,0,sim
1-17-113,18,1,1.0,1,sim
1-17-114,18,1,0.0,0,sim
1-17-115,18,1,1.0,0,sim
1-17-116,18,1,0.0,0,sim
1-17-117,18,1,1.0,0,sim
1-17-118,18,1,0.0,0,sim
1-17-119,18,1,0.0,0,sim
1-17-120,18,1,1.0,0,sim
1-17-121,18,1,1.0,0,sim
1-17-122,18,1,1.0,0,sim
1-17-123,18,1,0.0,0,sim
1-17-124,18,1,1.0,0,sim
1-17-125,18,1,0.0,0,sim
1-17-126,18,1,1.0,0,sim
1-17-127,18,1,1.0,0,sim
1-17-128,18,1,1.0,0,sim
1-17-129,18,1,1.0,0,sim
1-17-130,18,1,0.0,0,sim
1-17-131,18,1,1.0,0,sim
1-17-132,18,1,1.0,0,sim
1-17-133,18,1,1.0,0,sim
1-17-134,18,1,1.0,0,sim
1-17-135,18,1,0.0,0,sim
1-17-136,18,1,1.0,0,sim
1-17-137,18,1,0.0,0,sim
1-17-138,18,1,1.0,0,sim
1-17-139,18,1,1.0,0,sim
1-17-140,18,1,1.0,0,sim
1-17-141,18,1,1.0,0,sim
1-17-142,18,1,1.0,0,sim
1-17-143,18,1,1.0,0,sim
1-17-144,18,1,1.0,0,sim
1-17-145,18,1,1.0,0,sim
1-17-146,18,1,1.0,0,sim
1-17-147,18,1,1.0,0,sim
1-17-148,18,1,1.0,0,sim
1-17-149,18,1,1.0,0,sim
1-17-150,18,1,1.0,0,sim
1-17-151,18,1,1.0,0,sim
1-17-152,18,1,0.0,0,sim
1-17-153,18,1,0.0,0,sim
1-17-154,18,1,1.0,0,sim
1-17-155,18,1,1.0,0,sim
1-17-156,18,1,,0,sim
1-17-157,18,1,1.0,0,sim
1-17-158,18,1,1.0,1,sim
1-17-159,18,1,0.0,0,sim
1-17-160,18,1,1.0,0,sim
1-17-161,18,1,1.0,0,sim
1-17-162,18,1,0.0,0,sim
1-17-163,18,1,1.0,0,sim
1-17-164,18,1,1.0,0,sim
1-17-165,18,1,1.0,0,sim
1-17-166,18,1,0.0,0,sim
1-17-167,18,1,1.0,0,sim
1-17-168,18,1,1.0,0,sim
1-17-169,18,1,0.0,0,sim
1-17-170,18,1,1.0,0,sim
1-17-171,18,1,,0,sim
1-17-172,18,1,1.0,0,sim
1-17-173,18,1,1.0,0,sim
1-17-174,18,1,1.0,0,sim
1-17-175,18,1,1.0,0,sim
1-17-176,18,1,0.0,0,sim
1-17-177,18,1,0.0,0,sim
1-17-178,18,1,1.0,0,sim
1-17-179,18,1,1.0,0,sim
1-17-180,18,1,1.0,0,sim
1-17-181,18,1,1.0,0,sim
1-17-182,18,1,0.0,0,sim
1-17-183,18,1,1.0,0,sim
1-17-184,18,1,0.0,0,sim
1-17-185,18,1,,0,sim
1-17-186,18,1,0.0,0,sim
1-17-187,18,1,1.0,0,sim
1-17-188,18,1,1.0,0,sim
1-17-189,18,1,0.0,0,sim
1-17-190,18,1,1.0,0,sim
1-17-191,18,1,1.0,1,sim
1-17-192,18,1,,0,sim
1-17-193,18,1,0.0,0,sim
1-17-194,18,1,1.0,0,sim
1-17-195,18,1,1.0,0,sim
1-17-196,18,1,1.0,1,sim
1-17-197,18,1,1.0,0,sim
1-17-198,18,1,1.0,0,sim
1-17-199,18,1,1.0,0,sim
1-17-200,18,1,1.0,0,sim
1-17-201,18,1,0.0,0,sim
1-17-202,18,1,1.0,0,sim
1-17-203,18,1,1.0,0,sim
1-17-204,18,1,1.0,0,sim
1-17-205,18,1,1.0,0,sim
1-17-206,18,1,1.0,0,sim
1-17-207,18,1,0.0,0,sim
1-17-208,18,1,1.0,0,sim
1-17-209,18,1,1.0,0,sim
1-17-210,18,1,1.0,0,sim
1-17-211,18,1,1.0,0,sim
1-17-212,18,1,1.0,0,sim
1-17-213,18,1,1.0,0,sim
1-17-214,18,1,1.0,0,sim
1-17-215,18,1,1.0,0,sim
1-17-216,18,1,1.0,0,sim
1-17-217,18,1,1.0,0,sim
1-17-218,18,1,0.0,0,sim
1-17-219,18,1,1.0,1,sim
1-17-220,18,1,1.0,0,sim
1-17-221,18,1,0.0,0,sim
1-17-222,18,1,1.0,0,sim
1-17-223,18,1,1.0,0,sim
1-17-224,18,1,0.0,0,sim
1-17-225,18,1,0.0,0,sim
1-17-226,18,1,0.0,1,sim
1-17-227,18,1,1.0,0,sim
1-17-228,18,1,0.0,0,sim
1-17-229,18,1,1.0,0,sim
1-17-230,18,1,1.0,0,sim
1-17-231,18,1,1.0,0,sim
1-17-232,18,1,0.0,0,sim
1-17-233,18,1,1.0,0,sim
1-17-234,18,1,1.0,0,sim
1-17-235,18,1,1.0,0,sim
1-17-236,18,1,1.0,0,sim
1-17-237,18,1,0.0,0,sim
1-17-238,18,1,0.0,0,sim
1-17-239,18,1,1.0,0,sim
1-18-0,19,1,0.0,0,sim
1-18-1,19,1,0.0,0,sim
1-18-2,19,1,1.0,0,sim
1-18-3,19,1,0.0,0,sim
1-18-4,19,1,1.0,0,sim
1-18-5,19,1,1.0,0,sim
1-18-6,19,1,1.0,1,sim
1-18-7,19,1,0.0,0,sim
1-18-8,19,1,0.0,0,sim
1-18-9,19,1,1.0,0,sim
1-18-10,19,1,1.0,0,sim
1-18-11,19,1,1.0,0,sim
1-18-12,19,1,1.0,0,sim
1-18-13,19,1,1.0,1,sim
1-18-14,19,1,0.0,0,sim
1-18-15,19,1,1.0,0,sim
1-18-16,19,1,0.0,0,sim
1-18-17,19,1,0.0,0,sim
1-18-18,19,1,0.0,0,sim
1-18-19,19,1,0.0,0,sim
1-18-20,19,1,1.0,0,sim
1-18-21,19,1,1.0,0,sim
1-18-22,19,1,1.0,0,sim
1-18-23,19,1,1.0,0,sim
1-18-24,19,1,0.0,0,sim
1-18-25,19,1,1.0,0,sim
1-18-26,19,1,0.0,0,sim
1-18-27,19,1,1.0,0,sim
1-18-28,19,1,0.0,0,sim
1-18-29,19,1,0.0,0,sim
1-18-30,19,1,0.0,0,sim
1-18-31,19,1,1.0,0,sim
1-18-32,19,1,1.0,0,sim
1-18-33,19,1,0.0,0,sim
1-18-34,19,1,0.0,0,sim
1-18-35,19,1,1.0,0,sim
1-18-36,19,1,1.0,0,sim
1-18-37,19,1,1.0,0,sim
1-18-38,19,1,1.0,0,sim
1-18-39,19,1,1.0,0,sim
1-18-40,19,1,1.0,0,sim
1-18-41,19,1,1.0,0,sim
1-18-42,19,1,1.0,1,sim
1-18-43,19,1,0.0,0,sim
1-18-44,19,1,0.0,0,sim
1-18-45,19,1,1.0,0,sim
1-18-46,19,1,1.0,0,sim
1-18-47,19,1,1.0,0,sim
1-18-48,19,1,0.0,0,sim
1-18-49,19,1,1.0,0,sim
1-18-50,19,1,1.0,0,sim
1-18-51,19,1,0.0,0,sim
1-18-52,19,1,1.0,0,sim
1-18-53,19,1,0.0,0,sim
1-18-54,19,1,1.0,0,sim
1-18-55,19,1,0.0,0,sim
1-18-56,19,1,1.0,0,sim
1-18-57,19,1,0.0,0,sim
1-18-58,19,1,0.0,0,sim
1-18-59,19,1,0.0,1,sim
1-18-60,19,1,1.0,0,sim
1-18-61,19,1,1.0,0,sim
1-18-62,19,1,1.0,0,sim
1-18-63,19,1,1.0,0,sim
1-18-64,19,1,1.0,0,sim
1-18-65,19,1,1.0,0,sim
1-18-66,19,1,1.0,0,sim
1-18-67,19,1,0.0,0,sim
1-18-68,19,1,1.0,0,sim
1-18-69,19,1,1.0,0,sim
1-18-70,19,1,1.0,0,sim
1-18-71,19,1,0.0,0,sim
1-18-72,19,1,1.0,0,sim
1-18-73,19,1,0.0,0,sim
1-18-74,19,1,1.0,0,sim
1-18-75,19,1,0.0,0,sim
1-18-76,19,1,1.0,0,sim
1-18-77,19,1,0.0,0,sim
1-18-78,19,1,0.0,0,sim
1-18-79,19,1,0.0,0,sim
1-18-80,19,1,1.0,0,sim
1-18-81,19,1,1.0,0,sim
1-18-82,19,1,1.0,0,sim
1-18-83,19,1,0.0,0,sim
1-18-84,19,1,1.0,0,sim
1-18-85,19,1,1.0,0,sim
1-18-86,19,1,1.0,0,sim
1-18-87,19,1,0.0,0,sim
1-18-88,19,1,1.0,0,sim
1-18-89,19,1,0.0,0,sim
1-18-90,19,1,1.0,0,sim
1-18-91,19,1,0.0,0,sim
1-18-92,19,1,0.0,0,sim
1-18-93,19,1,1.0,0,sim
1-18-94,19,1,1.0,0,sim
1-18-95,19,1,0.0,0,sim
1-18-96,19,1,1.0,0,sim
1-18-97,19,1,1.0,0,sim
1-18-98,19,1,1.0,0,sim
1-18-99,19,1,1.0,0,sim
1-18-100,19,1,0.0,0,sim
1-18-101,19,1,1.0,0,sim
1-18-102,19,1,0.0,0,sim
1-18-103,19,1,1.0,0,sim
1-18-104,19,1,1.0,0,sim
1-18-105,19,1,1.0,0,sim
1-18-106,19,1,0.0,0,sim
1-18-107,19,1,1.0,0,sim
1-18-108,19,1,0.0,0,sim
1-18-109,19,1,1.0,0,sim
1-18-110,19,1,1.0,0,sim
1-18-111,19,1,1.0,0,sim
1-18-112,19,1,0.0,0,sim
1-18-113,19,1,0.0,0,sim
1-18-114,19,1,0.0,0,sim
1-18-115,19,1,0.0,0,sim
1-18-116,19,1,1.0,0,sim
1-18-117,19,1,0.0,0,sim
1-18-118,19,1,1.0,0,sim
1-18-119,19,1,0.0,0,sim
1-18-120,19,1,0.0,0,sim
1-18-121,19,1,0.0,0,sim
1-18-122,19,1,0.0,0,sim
1-18-123,19,1,0.0,0,sim
1-18-124,19,1,1.0,0,sim
1-18-125,19,1,1.0,0,sim
1-18-126,19,1,1.0,0,sim
1-18-127,19,1,1.0,0,sim
1-18-128,19,1,0.0,0,sim
1-18-129,19,1,0.0,0,sim
1-18-130,19,1,1.0,0,sim
1-18-131,19,1,1.0,0,sim
1-18-132,19,1,1.0,0,sim
1-18-133,19,1,1.0,0,sim
1-18-134,19,1,1.0,0,sim
1-18-135,19,1,0.0,0,sim
1-18-136,19,1,0.0,0,sim
1-18-137,19,1,1.0,0,sim
1-18-138,19,1,1.0,0,sim
1-18-139,19,1,0.0,0,sim
1-18-140,19,1,0.0,0,sim
1-18-141,19,1,1.0,0,sim
1-18-142,19,1,1.0,0,sim
1-18-143,19,1,0.0,0,sim
1-18-144,19,1,1.0,0,sim
1-18-145,19,1,0.0,0,sim
1-18-146,19,1,1.0,0,sim
1-18-147,19,1,1.0,0,sim
1-18-148,19,1,0.0,0,sim
1-18-149,19,1,1.0,1,sim
1-18-150,19,1,1.0,0,sim
1-18-151,19,1,0.0,0,sim
1-18-152,19,1,1.0,0,sim
1-18-153,19,1,1.0,0,sim
1-18-154,19,1,1.0,0,sim
1-18-155,19,1,0.0,0,sim
1-18-156,19,1,,0,sim
1-18-157,19,1,0.0,0,sim
1-18-158,19,1,1.0,0,sim
1-18-159,19,1,0.0,0,sim
1-18-160,19,1,1.0,0,sim
1-18-161,19,1,0.0,0,sim
1-18-162,19,1,1.0,0,sim
1-18-163,19,1,1.0,0,sim
1-18-164,19,1,0.0,0,sim
1-18-165,19,1,1.0,0,sim
1-18-166,19,1,0.0,0,sim
1-18-167,19,1,1.0,0,sim
1-18-168,19,1,1.0,0,sim
1-18-169,19,1,0.0,0,sim
1-18-170,19,1,1.0,0,sim
1-18-171,19,1,0.0,0,sim
1-18-172,19,1,1.0,0,sim
1-18-173,19,1,1.0,0,sim
1-18-174,19,1,1.0,0,sim
1-18-175,19,1,1.0,0,sim
1-18-176,19,1,0.0,0,sim
1-18-177,19,1,0.0,0,sim
1-18-178,19,1,1.0,0,sim
1-18-179,19,1,1.0,0,sim
1-18-180,19,1,1.0,0,sim
1-18-181,19,1,0.0,0,sim
1-18-182,19,1,1.0,0,sim
1-18-183,19,1,0.0,0,sim
1-18-184,19,1,1.0,0,sim
1-18-185,19,1,1.0,0,sim
1-18-186,19,1,0.0,0,sim
1-18-187,19,1,1.0,0,sim
1-18-188,19,1,1.0,0,sim
1-18-189,19,1,1.0,0,sim
1-18-190,19,1,1.0,0,sim
1-18-191,19,1,1.0,0,sim
1-18-192,19,1,1.0,0,sim
1-18-193,19,1,0.0,0,sim
1-18-194,19,1,1.0,0,sim
1-18-195,19,1,0.0,0,sim
1-18-196,19,1,1.0,0,sim
1-18-197,19,1,1.0,1,sim
1-18-198,19,1,0.0,0,sim
1-18-199,19,1,0.0,0,sim
1-18-200,19,1,1.0,0,sim
1-18-201,19,1,1.0,0,sim
1-18-202,19,1,0.0,0,sim
1-18-203,19,1,,0,sim
1-18-204,19,1,1.0,0,sim
1-18-205,19,1,1.0,0,sim
1-18-206,19,1,1.0,0,sim
1-18-207,19,1,0.0,0,sim
1-18-208,19,1,1.0,0,sim
1-18-209,19,1,0.0,0,sim
1-18-210,19,1,1.0,0,sim
1-18-211,19,1,1.0,0,sim
1-18-212,19,1,1.0,1,sim
1-18-213,19,1,0.0,0,sim
1-18-214,19,1,0.0,0,sim
1-18-215,19,1,1.0,0,sim
1-18-216,19,1,0.0,0,sim
1-18-217,19,1,1.0,0,sim
1-18-218,19,1,0.0,0,sim
1-18-219,19,1,0.0,0,sim
1-18-220,19,1,1.0,0,sim
1-18-221,19,1,1.0,0,sim
1-18-222,19,1,1.0,0,sim
1-18-223,19,1,,0,sim
1-18-224,19,1,0.0,0,sim
1-18-225,19,1,1.0,0,sim
1-18-226,19,1,0.0,0,sim
1-18-227,19,1,0.0,0,sim
1-18-228,19,1,1.0,0,sim
1-18-229,19,1,1.0,0,sim
1-18-230,19,1,0.0,0,sim
1-18-231,19,1,1.0,0,sim
1-18-232,19,1,1.0,0,sim
1-18-233,19,1,1.0,0,sim
1-18-234,19,1,1.0,0,sim
1-18-235,19,1,1.0,0,sim
1-18-236,19,1,0.0,0,sim
1-18-237,19,1,0.0,0,sim
1-18-238,19,1,1.0,0,sim
1-18-239,19,1,1.0,0,sim
1-19-0,20,1,1.0,0,sim
1-19-1,20,1,1.0,0,sim
1-19-2,20,1,1.0,1,sim
1-19-3,20,1,1.0,0,sim
1-19-4,20,1,0.0,0,sim
1-19-5,20,1,1.0,0,sim
1-19-6,20,1,0.0,0,sim
1-19-7,20,1,0.0,0,sim
1-19-8,20,1,1.0,0,sim
1-19-9,20,1,1.0,0,sim
1-19-10,20,1,1.0,0,sim
1-19-11,20,1,1.0,0,sim
1-19-12,20,1,0.0,0,sim
1-19-13,20,1,1.0,0,sim
1-19-14,20,1,0.0,0,sim
1-19-15,20,1,1.0,0,sim
1-19-16,20,1,1.0,0,sim
1-19-17,20,1,1.0,0,sim
1-19-18,20,1,0.0,0,sim
1-19-19,20,1,1.0,1,sim
1-19-20,20,1,1.0,0,sim
1-19-21,20,1,1.0,0,sim
1-19-22,20,1,1.0,0,sim
1-19-23,20,1,1.0,0,sim
1-19-24,20,1,1.0,0,sim
1-19-25,20,1,0.0,0,sim
1-19-26,20,1,0.0,0,sim
1-19-27,20,1,1.0,0,sim
1-19-28,20,1,0.0,0,sim
1-19-29,20,1,1.0,0,sim
1-19-30,20,1,0.0,0,sim
1-19-31,20,1,0.0,0,sim
1-19-32,20,1,0.0,0,sim
1-19-33,20,1,1.0,0,sim
1-19-34,20,1,1.0,0,sim
1-19-35,20,1,0.0,0,sim
1-19-36,20,1,0.0,0,sim
1-19-37,20,1,1.0,0,sim
1-19-38,20,1,0.0,0,sim
1-19-39,20,1,1.0,0,sim
1-19-40,20,1,1.0,0,sim
1-19-41,20,1,1.0,0,sim
1-19-42,20,1,1.0,0,sim
1-19-43,20,1,0.0,0,sim
1-19-44,20,1,1.0,0,sim
1-19-45,20,1,0.0,0,sim
1-19-46,20,1,0.0,0,sim
1-19-47,20,1,0.0,0,sim
1-19-48,20,1,0.0,0,sim
1-19-49,20,1,1.0,0,sim
1-19-50,20,1,1.0,0,sim
1-19-51,20,1,0.0,0,sim
1-19-52,20,1,1.0,0,sim
1-19-53,20,1,1.0,0,sim
1-19-54,20,1,1.0,0,sim
1-19-55,20,1,0.0,0,sim
1-19-56,20,1,1.0,0,sim
1-19-57,20,1,1.0,0,sim
1-19-58,20,1,1.0,0,sim
1-19-59,20,1,1.0,0,sim
1-19-60,20,1,0.0,0,sim
1-19-61,20,1,1.0,0,sim
1-19-62,20,1,1.0,0,sim
1-19-63,20,1,1.0,0,sim
1-19-64,20,1,,0,sim
1-19-65,20,1,0.0,0,sim
1-19-66,20,1,1.0,0,sim
1-19-67,20,1,1.0,1,sim
1-19-68,20,1,1.0,0,sim
1-19-69,20,1,1.0,0,sim
1-19-70,20,1,1.0,0,sim
1-19-71,20,1,1.0,0,sim
1-19-72,20,1,1.0,0,sim
1-19-73,20,1,1.0,0,sim
1-19-74,20,1,,0,sim
1-19-75,20,1,0.0,0,sim
1-19-76,20,1,0.0,0,sim
1-19-77,20,1,0.0,0,sim
1-19-78,20,1,1.0,0,sim
1-19-79,20,1,1.0,0,sim
1-19-80,20,1,0.0,0,sim
1-19-81,20,1,1.0,0,sim
1-19-82,20,1,1.0,0,sim
1-19-83,20,1,1.0,0,sim
1-19-84,20,1,,0,sim
1-19-85,20,1,1.0,0,sim
1-19-86,20,1,1.0,0,sim
1-19-87,20,1,1.0,0,sim
1-19-88,20,1,1.0,0,sim
1-19-89,20,1,1.0,0,sim
1-19-90,20,1,1.0,0,sim
1-19-91,20,1,1.0,0,sim
1-19-92,20,1,0.0,0,sim
1-19-93,20,1,1.0,0,sim
1-19-94,20,1,1.0,0,sim
1-19-95,20,1,1.0,0,sim
1-19-96,20,1,1.0,0,sim
1-19-97,20,1,1.0,0,sim
1-19-98,20,1,1.0,0,sim
1-19-99,20,1,0.0,0,sim
1-19-100,20,1,1.0,0,sim
1-19-101,20,1,0.0,0,sim
1-19-102,20,1,1.0,0,sim
1-19-103,20,1,1.0,0,sim
1-19-104,20,1,1.0,0,sim
1-19-105,20,1,1.0,0,sim
1-19-106,20,1,0.0,0,sim
1-19-107,20,1,1.0,0,sim
1-19-108,20,1,0.0,0,sim
1-19-109,20,1,1.0,0,sim
1-19-110,20,1,1.0,0,sim
1-19-111,20,1,1.0,0,sim
1-19-112,20,1,1.0,0,sim
1-19-113,20,1,0.0,0,sim
1-19-114,20,1,1.0,0,sim
1-19-115,20,1,0.0,0,sim
1-19-116,20,1,1.0,0,sim
1-19-117,20,1,1.0,0,sim
1-19-118,20,1,0.0,0,sim
1-19-119,20,1,1.0,0,sim
1-19-120,20,1,1.0,0,sim
1-19-121,20,1,0.0,0,sim
1-19-122,20,1,1.0,0,sim
1-19-123,20,1,0.0,0,sim
1-19-124,20,1,0.0,0,sim
1-19-125,20,1,1.0,0,sim
1-19-126,20,1,0.0,0,sim
1-19-127,20,1,1.0,0,sim
1-19-128,20,1,1.0,0,sim
1-19-129,20,1,1.0,0,sim
1-19-130,20,1,0.0,0,sim
1-19-131,20,1,0.0,0,sim
1-19-132,20,1,1.0,0,sim
1-19-133,20,1,0.0,0,sim
1-19-134,20,1,0.0,0,sim
1-19-135,20,1,1.0,0,sim
1-19-136,20,1,1.0,0,sim
1-19-137,20,1,1.0,0,sim
1-19-138,20,1,0.0,1,sim
1-19-139,20,1,0.0,1,sim
1-19-140,20,1,1.0,0,sim
1-19-141,20,1,0.0,0,sim
1-19-142,20,1,1.0,0,sim
1-19-143,20,1,1.0,0,sim
1-19-144,20,1,1.0,0,sim
1-19-145,20,1,1.0,0,sim
1-19-146,20,1,1.0,0,sim
1-19-147,20,1,0.0,0,sim
1-19-148,20,1,1.0,0,sim
1-19-149,20,1,1.0,0,sim
1-19-150,20,1,1.0,0,sim
1-19-151,20,1,0.0,0,sim
1-19-152,20,1,0.0,0,sim
1-19-153,20,1,0.0,0,sim
1-19-154,20,1,1.0,0,sim
1-19-155,20,1,1.0,0,sim
1-19-156,20,1,0.0,0,sim
1-19-157,20,1,1.0,0,sim
1-19-158,20,1,0.0,0,sim
1-19-159,20,1,1.0,0,sim
1-19-160,20,1,1.0,0,sim
1-19-161,20,1,0.0,0,sim
1-19-162,20,1,1.0,0,sim
1-19-163,20,1,0.0,0,sim
1-19-164,20,1,1.0,0,sim
1-19-165,20,1,1.0,0,sim
1-19-166,20,1,1.0,0,sim
1-19-167,20,1,1.0,0,sim
1-19-168,20,1,0.0,0,sim
1-19-169,20,1,1.0,0,sim
1-19-170,20,1,1.0,0,sim
1-19-171,20,1,0.0,0,sim
1-19-172,20,1,0.0,0,sim
1-19-173,20,1,1.0,0,sim
1-19-174,20,1,1.0,0,sim
1-19-175,20,1,1.0,0,sim
1-19-176,20,1,0.0,0,sim
1-19-177,20,1,1.0,0,sim
1-19-178,20,1,1.0,0,sim
1-19-179,20,1,1.0,0,sim
1-19-180,20,1,1.0,0,sim
1-19-181,20,1,1.0,0,sim
1-19-182,20,1,1.0,0,sim
1-19-183,20,1,1.0,1,sim
1-19-184,20,1,1.0,0,sim
1-19-185,20,1,0.0,0,sim
1-19-186,20,1,0.0,0,sim
1-19-187,20,1,1.0,0,sim
1-19-188,20,1,1.0,0,sim
1-19-189,20,1,1.0,0,sim
1-19-190,20,1,1.0,0,sim
1-19-191,20,1,0.0,0,sim
1-19-192,20,1,1.0,0,sim
1-19-193,20,1,1.0,0,sim
1-19-194,20,1,1.0,0,sim
1-19-195,20,1,1.0,0,sim
1-19-196,20,1,1.0,0,sim
1-19-197,20,1,1.0,0,sim
1-19-198,20,1,1.0,0,sim
1-19-199,20,1,1.0,0,sim
1-19-200,20,1,1.0,0,sim
1-19-201,20,1,1.0,0,sim
1-19-202,20,1,1.0,0,sim
1-19-203,20,1,1.0,0,sim
1-19-204,20,1,0.0,0,sim
1-19-205,20,1,0.0,0,sim
1-19-206,20,1,1.0,0,sim
1-19-207,20,1,0.0,0,sim
1-19-208,20,1,0.0,0,sim
1-19-209,20,1,0.0,0,sim
1-19-210,20,1,1.0,0,sim
1-19-211,20,1,0.0,0,sim
1-19-212,20,1,1.0,0,sim
1-19-213,20,1,0.0,0,sim
1-19-214,20,1,0.0,0,sim
1-19-215,20,1,1.0,0,sim
1-19-216,20,1,1.0,0,sim
1-19-217,20,1,1.0,0,sim
1-19-218,20,1,1.0,0,sim
1-19-219,20,1,1.0,0,sim
1-19-220,20,1,0.0,0,sim
1-19-221,20,1,1.0,0,sim
1-19-222,20,1,1.0,0,sim
1-19-223,20,1,1.0,0,sim
1-19-224,20,1,1.0,0,sim
1-19-225,20,1,0.0,0,sim
1-19-226,20,1,1.0,0,sim
1-19-227,20,1,0.0,0,sim
1-19-228,20,1,0.0,0,sim
1-19-229,20,1,0.0,0,sim
1-19-230,20,1,1.0,0,sim
1-19-231,20,1,0.0,0,sim
1-19-232,20,1,,0,sim
1-19-233,20,1,1.0,0,sim
1-19-234,20,1,1.0,0,sim
1-19-235,20,1,1.0,1,sim
1-19-236,20,1,0.0,0,sim
1-19-237,20,1,0.0,0,sim
1-19-238,20,1,0.0,0,sim
1-19-239,20,1,1.0,0,sim
1-20-0,21,1,1.0,0,sim
1-20-1,21,1,0.0,0,sim
1-20-2,21,1,1.0,0,sim
1-20-3,21,1,1.0,0,sim
1-20-4,21,1,1.0,0,sim
1-20-5,21,1,1.0,0,sim
1-20-6,21,1,0.0,0,sim
1-20-7,21,1,1.0,0,sim
1-20-8,21,1,1.0,0,sim
1-20-9,21,1,1.0,0,sim
1-20-10,21,1,0.0,0,sim
1-20-11,21,1,1.0,0,sim
1-20-12,21,1,1.0,1,sim
1-20-13,21,1,1.0,0,sim
1-20-14,21,1,0.0,0,sim
1-20-15,21,1,1.0,0,sim
1-20-16,21,1,1.0,0,sim
1-20-17,21,1,1.0,0,sim
1-20-18,21,1,1.0,0,sim
1-20-19,21,1,1.0,0,sim
1-20-20,21,1,1.0,0,sim
1-20-21,21,1,1.0,0,sim
1-20-22,21,1,1.0,0,sim
1-20-23,21,1,0.0,0,sim
1-20-24,21,1,1.0,0,sim
1-20-25,21,1,0.0,0,sim
1-20-26,21,1,1.0,0,sim
1-20-27,21,1,1.0,0,sim
1-20-28,21,1,1.0,0,sim
1-20-29,21,1,1.0,0,sim
1-20-30,21,1,1.0,0,sim
1-20-31,21,1,1.0,0,sim
1-20-32,21,1,1.0,0,sim
1-20-33,21,1,1.0,0,sim
1-20-34,21,1,1.0,0,sim
1-20-35,21,1,1.0,0,sim
1-20-36,21,1,1.0,0,sim
1-20-37,21,1,0.0,0,sim
1-20-38,21,1,0.0,0,sim
1-20-39,21,1,1.0,0,sim
1-20-40,21,1,1.0,0,sim
1-20-41,21,1,0.0,0,sim
1-20-42,21,1,0.0,0,sim
1-20-43,21,1,1.0,0,sim
1-20-44,21,1,1.0,0,sim
1-20-45,21,1,0.0,0,sim
1-20-46,21,1,0.0,0,sim
1-20-47,21,1,0.0,0,sim
1-20-48,21,1,1.0,0,sim
1-20-49,21,1,1.0,0,sim
1-20-50,21,1,0.0,0,sim
1-20-51,21,1,0.0,0,sim
1-20-52,21,1,1.0,0,sim
1-20-53,21,1,0.0,0,sim
1-20-54,21,1,1.0,0,sim
1-20-55,21,1,1.0,0,sim
1-20-56,21,1,1.0,0,sim
1-20-57,21,1,1.0,0,sim
1-20-58,21,1,1.0,0,sim
1-20-59,21,1,1.0,0,sim
1-20-60,21,1,1.0,0,sim
1-20-61,21,1,1.0,0,sim
1-20-62,21,1,1.0,0,sim
1-20-63,21,1,1.0,0,sim
1-20-64,21,1,,0,sim
1-20-65,21,1,0.0,0,sim
1-20-66,21,1,0.0,0,sim
1-20-67,21,1,1.0,0,sim
1-20-68,21,1,1.0,0,sim
1-20-69,21,1,0.0,0,sim
1-20-70,21,1,1.0,0,sim
1-20-71,21,1,1.0,0,sim
1-20-72,21,1,1.0,0,sim
1-20-73,21,1,1.0,0,sim
1-20-74,21,1,1.0,0,sim
1-20-75,21,1,1.0,0,sim
1-20-76,21,1,1.0,0,sim
1-20-77,21,1,1.0,0,sim
1-20-78,21,1,0.0,0,sim
1-20-79,21,1,0.0,0,sim
1-20-80,21,1,0.0,0,sim
1-20-81,21,1,1.0,0,sim
1-20-82,21,1,1.0,0,sim
1-20-83,21,1,1.0,0,sim
1-20-84,21,1,1.0,0,sim
1-20-85,21,1,1.0,0,sim
1-20-86,21,1,0.0,0,sim
1-20-87,21,1,1.0,0,sim
1-20-88,21,1,1.0,0,sim
1-20-89,21,1,0.0,0,sim
1-20-90,21,1,0.0,0,sim
1-20-91,21,1,1.0,0,sim
1-20-92,21,1,0.0,0,sim
1-20-93,21,1,1.0,0,sim
1-20-94,21,1,0.0,0,sim
1-20-95,21,1,1.0,0,sim
1-20-96,21,1,1.0,0,sim
1-20-97,21,1,1.0,0,sim
1-20-98,21,1,1.0,0,sim
1-20-99,21,1,1.0,0,sim
1-20-100,21,1,1.0,0,sim
1-20-101,21,1,1.0,0,sim
1-20-102,21,1,0.0,0,sim
1-20-103,21,1,1.0,0,sim
1-20-104,21,1,1.0,0,sim
1-20-105,21,1,1.0,0,sim
1-20-106,21,1,1.0,0,sim
1-20-107,21,1,1.0,0,sim
1-20-108,21,1,0.0,0,sim
1-20-109,21,1,0.0,0,sim
1-20-110,21,1,1.0,0,sim
1-20-111,21,1,1.0,0,sim
1-20-112,21,1,0.0,0,sim
1-20-113,21,1,0.0,0,sim
1-20-114,21,1,0.0,0,sim
1-20-115,21,1,1.0,0,sim
1-20-116,21,1,1.0,0,sim
1-20-117,21,1,0.0,0,sim
1-20-118,21,1,0.0,0,sim
1-20-119,21,1,1.0,0,sim
1-20-120,21,1,1.0,0,sim
1-20-121,21,1,1.0,0,sim
1-20-122,21,1,1.0,0,sim
1-20-123,21,1,1.0,0,sim
1-20-124,21,1,,0,sim
1-20-125,21,1,1.0,0,sim
1-20-126,21,1,1.0,0,sim
1-20-127,21,1,1.0,0,sim
1-20-128,21,1,0.0,0,sim
1-20-129,21,1,0.0,0,sim
1-20-130,21,1,1.0,0,sim
1-20-131,21,1,1.0,0,sim
1-20-132,21,1,0.0,1,sim
1-20-133,21,1,,0,sim
1-20-134,21,1,0.0,0,sim
1-20-135,21,1,1.0,0,sim
1-20-136,21,1,1.0,0,sim
1-20-137,21,1,0.0,0,sim
1-20-138,21,1,1.0,0,sim
1-20-139,21,1,0.0,0,sim
1-20-140,21,1,1.0,0,sim
1-20-141,21,1,1.0,0,sim
1-20-142,21,1,0.0,0,sim
1-20-143,21,1,1.0,0,sim
1-20-144,21,1,1.0,0,sim
1-20-145,21,1,0.0,0,sim
1-20-146,21,1,1.0,0,sim
1-20-147,21,1,0.0,0,sim
1-20-148,21,1,1.0,0,sim
1-20-149,21,1,1.0,0,sim
1-20-150,21,1,1.0,0,sim
1-20-151,21,1,1.0,0,sim
1-20-152,21,1,1.0,0,sim
1-20-153,21,1,1.0,0,sim
1-20-154,21,1,1.0,0,sim
1-20-155,21,1,1.0,0,sim
1-20-156,21,1,1.0,0,sim
1-20-157,21,1,1.0,0,sim
1-20-158,21,1,0.0,0,sim
1-20-159,21,1,1.0,0,sim
1-20-160,21,1,0.0,0,sim
1-20-161,21,1,1.0,0,sim
1-20-162,21,1,1.0,0,sim
1-20-163,21,1,1.0,0,sim
1-20-164,21,1,0.0,0,sim
1-20-165,21,1,1.0,0,sim
1-20-166,21,1,,0,sim
1-20-167,21,1,1.0,0,sim
1-20-168,21,1,1.0,0,sim
1-20-169,21,1,1.0,0,sim
1-20-170,21,1,1.0,0,sim
1-20-171,21,1,1.0,0,sim
1-20-172,21,1,0.0,0,sim
1-20-173,21,1,1.0,0,sim
1-20-174,21,1,1.0,0,sim
1-20-175,21,1,1.0,0,sim
1-20-176,21,1,0.0,0,sim
1-20-177,21,1,1.0,0,sim
1-20-178,21,1,1.0,0,sim
1-20-179,21,1,1.0,0,sim
1-20-180,21,1,1.0,0,sim
1-20-181,21,1,1.0,0,sim
1-20-182,21,1,1.0,0,sim
1-20-183,21,1,0.0,0,sim
1-20-184,21,1,0.0,0,sim
1-20-185,21,1,0.0,0,sim
1-20-186,21,1,1.0,0,sim
1-20-187,21,1,1.0,0,sim
1-20-188,21,1,1.0,0,sim
1-20-189,21,1,1.0,0,sim
1-20-190,21,1,0.0,0,sim
1-20-191,21,1,1.0,0,sim
1-20-192,21,1,0.0,0,sim
1-20-193,21,1,1.0,0,sim
1-20-194,21,1,1.0,0,sim
1-20-195,21,1,1.0,0,sim
1-20-196,21,1,1.0,0,sim
1-20-197,21,1,1.0,0,sim
1-20-198,21,1,,0,sim
1-20-199,21,1,1.0,0,sim
1-20-200,21,1,1.0,0,sim
1-20-201,21,1,1.0,0,sim
1-20-202,21,1,1.0,0,sim
1-20-203,21,1,1.0,0,sim
1-20-204,21,1,0.0,0,sim
1-20-205,21,1,0.0,1,sim
1-20-206,21,1,1.0,0,sim
1-20-207,21,1,0.0,0,sim
1-20-208,21,1,1.0,0,sim
1-20-209,21,1,0.0,0,sim
1-20-210,21,1,0.0,0,sim
1-20-211,21,1,1.0,0,sim
1-20-212,21,1,1.0,0,sim
1-20-213,21,1,0.0,0,sim
1-20-214,21,1,1.0,0,sim
1-20-215,21,1,1.0,0,sim
1-20-216,21,1,1.0,0,sim
1-20-217,21,1,0.0,0,sim
1-20-218,21,1,1.0,0,sim
1-20-219,21,1,1.0,0,sim
1-20-220,21,1,1.0,0,sim
1-20-221,21,1,1.0,0,sim
1-20-222,21,1,1.0,0,sim
1-20-223,21,1,0.0,0,sim
1-20-224,21,1,1.0,0,sim
1-20-225,21,1,0.0,0,sim
1-20-226,21,1,1.0,0,sim
1-20-227,21,1,0.0,0,sim
1-20-228,21,1,1.0,0,sim
1-20-229,21,1,1.0,0,sim
1-20-230,21,1,1.0,0,sim
1-20-231,21,1,0.0,0,sim
1-20-232,21,1,0.0,0,sim
1-20-233,21,1,1.0,0,sim
1-20-234,21,1,1.0,0,sim
1-20-235,21,1,1.0,0,sim
1-20-236,21,1,0.0,0,sim
1-20-237,21,1,0.0,0,sim
1-20-238,21,1,0.0,0,sim
1-20-239,21,1,1.0,0,sim
1-21-0,22,1,1.0,0,sim
1-21-1,22,1,1.0,0,sim
1-21-2,22,1,1.0,0,sim
1-21-3,22,1,1.0,0,sim
1-21-4,22,1,1.0,0,sim
1-21-5,22,1,1.0,0,sim
1-21-6,22,1,0.0,0,sim
1-21-7,22,1,0.0,0,sim
1-21-8,22,1,1.0,0,sim
1-21-9,22,1,0.0,0,sim
1-21-10,22,1,1.0,0,sim
1-21-11,22,1,1.0,0,sim
1-21-12,22,1,1.0,0,sim
1-21-13,22,1,0.0,0,sim
1-21-14,22,1,1.0,0,sim
1-21-15,22,1,1.0,0,sim
1-21-16,22,1,1.0,0,sim
1-21-17,22,1,1.0,0,sim
1-21-18,22,1,1.0,0,sim
1-21-19,22,1,1.0,0,sim
1-21-20,22,1,1.0,0,sim
1-21-21,22,1,1.0,0,sim
1-21-22,22,1,1.0,0,sim
1-21-23,22,1,1.0,0,sim
1-21-24,22,1,1.0,0,sim
1-21-25,22,1,1.0,0,sim
1-21-26,22,1,1.0,0,sim
1-21-27,22,1,1.0,0,sim
1-21-28,22,1,1.0,0,sim
1-21-29,22,1,1.0,0,sim
1-21-30,22,1,1.0,0,sim
1-21-31,22,1,1.0,0,sim
1-21-32,22,1,0.0,0,sim
1-21-33,22,1,1.0,0,sim
1-21-34,22,1,0.0,0,sim
1-21-35,22,1,1.0,0,sim
1-21-36,22,1,1.0,0,sim
1-21-37,22,1,1.0,0,sim
1-21-38,22,1,1.0,0,sim
1-21-39,22,1,1.0,0,sim
1-21-40,22,1,1.0,0,sim
1-21-41,22,1,1.0,0,sim
1-21-42,22,1,1.0,0,sim
1-21-43,22,1,1.0,0,sim
1-21-44,22,1,1.0,1,sim
1-21-45,22,1,1.0,0,sim
1-21-46,22,1,1.0,0,sim
1-21-47,22,1,1.0,0,sim
1-21-48,22,1,1.0,0,sim
1-21-49,22,1,1.0,0,sim
1-21-50,22,1,1.0,0,sim
1-21-51,22,1,1.0,0,sim
1-21-52,22,1,1.0,0,sim
1-21-53,22,1,0.0,0,sim
1-21-54,22,1,0.0,0,sim
1-21-55,22,1,0.0,0,sim
1-21-56,22,1,1.0,0,sim
1-21-57,22,1,0.0,0,sim
1-21-58,22,1,1.0,0,sim
1-21-59,22,1,1.0,0,sim
1-21-60,22,1,0.0,0,sim
1-21-61,22,1,,0,sim
1-21-62,22,1,1.0,0,sim
1-21-63,22,1,1.0,0,sim
1-21-64,22,1,0.0,0,sim
1-21-65,22,1,1.0,0,sim
1-21-66,22,1,0.0,0,sim
1-21-67,22,1,0.0,0,sim
1-21-68,22,1,1.0,0,sim
1-21-69,22,1,0.0,0,sim
1-21-70,22,1,0.0,0,sim
1-21-71,22,1,,0,sim
1-21-72,22,1,1.0,0,sim
1-21-73,22,1,1.0,0,sim
1-21-74,22,1,1.0,0,sim
1-21-75,22,1,0.0,0,sim
1-21-76,22,1,1.0,0,sim
1-21-77,22,1,1.0,1,sim
1-21-78,22,1,0.0,1,sim
1-21-79,22,1,,0,sim
1-21-80,22,1,,0,sim
1-21-81,22,1,1.0,0,sim
1-21-82,22,1,0.0,0,sim
1-21-83,22,1,1.0,0,sim
1-21-84,22,1,1.0,0,sim
1-21-85,22,1,1.0,0,sim
1-21-86,22,1,0.0,0,sim
1-21-87,22,1,0.0,0,sim
1-21-88,22,1,0.0,0,sim
1-21-89,22,1,1.0,0,sim
1-21-90,22,1,1.0,0,sim
1-21-91,22,1,1.0,0,sim
1-21-92,22,1,1.0,0,sim
1-21-93,22,1,0.0,0,sim
1-21-94,22,1,0.0,0,sim
1-21-95,22,1,1.0,0,sim
1-21-96,22,1,1.0,0,sim
1-21-97,22,1,1.0,0,sim
1-21-98,22,1,0.0,0,sim
1-21-99,22,1,,0,sim
1-21-100,22,1,0.0,0,sim
1-21-101,22,1,1.0,0,sim
1-21-102,22,1,0.0,0,sim
1-21-103,22,1,0.0,0,sim
1-21-104,22,1,1.0,0,sim
1-21-105,22,1,1.0,0,sim
1-21-106,22,1,1.0,0,sim
1-21-107,22,1,0.0,0,sim
1-21-108,22,1,0.0,0,sim
1-21-109,22,1,1.0,0,sim
1-21-110,22,1,1.0,0,sim
1-21-111,22,1,0.0,0,sim
1-21-112,22,1,1.0,0,sim
1-21-113,22,1,1.0,0,sim
1-21-114,22,1,1.0,0,sim
1-21-115,22,1,1.0,0,sim
1-21-116,22,1,1.0,0,sim
1-21-117,22,1,1.0,0,sim
1-21-118,22,1,1.0,0,sim
1-21-119,22,1,1.0,0,sim
1-21-120,22,1,,0,sim
1-21-121,22,1,1.0,0,sim
1-21-122,22,1,1.0,0,sim
1-21-123,22,1,1.0,0,sim
1-21-124,22,1,1.0,0,sim
1-21-125,22,1,1.0,0,sim
1-21-126,22,1,1.0,0,sim
1-21-127,22,1,1.0,0,sim
1-21-128,22,1,1.0,0,sim
1-21-129,22,1,1.0,0,sim
1-21-130,22,1,0.0,0,sim
1-21-131,22,1,1.0,0,sim
1-21-132,22,1,1.0,0,sim
1-21-133,22,1,0.0,0,sim
1-21-134,22,1,1.0,0,sim
1-21-135,22,1,1.0,0,sim
1-21-136,22,1,1.0,0,sim
1-21-137,22,1,1.0,0,sim
1-21-138,22,1,1.0,0,sim
1-21-139,22,1,1.0,0,sim
1-21-140,22,1,1.0,0,sim
1-21-141,22,1,0.0,0,sim
1-21-142,22,1,0.0,0,sim
1-21-143,22,1,1.0,0,sim
1-21-144,22,1,0.0,0,sim
1-21-145,22,1,1.0,0,sim
1-21-146,22,1,1.0,0,sim
1-21-147,22,1,1.0,0,sim
1-21-148,22,1,1.0,0,sim
1-21-149,22,1,0.0,0,sim
1-21-150,22,1,1.0,0,sim
1-21-151,22,1,1.0,0,sim
1-21-152,22,1,1.0,0,sim
1-21-153,22,1,0.0,0,sim
1-21-154,22,1,0.0,0,sim
1-21-155,22,1,0.0,0,sim
1-21-156,22,1,1.0,0,sim
1-21-157,22,1,0.0,0,sim
1-21-158,22,1,1.0,0,sim
1-21-159,22,1,1.0,0,sim
1-21-160,22,1,0.0,0,sim
1-21-161,22,1,1.0,1,sim
1-21-162,22,1,1.0,0,sim
1-21-163,22,1,1.0,0,sim
1-21-164,22,1,1.0,0,sim
1-21-165,22,1,1.0,0,sim
1-21-166,22,1,1.0,0,sim
1-21-167,22,1,1.0,0,sim
1-21-168,22,1,0.0,0,sim
1-21-169,22,1,1.0,0,sim
1-21-170,22,1,1.0,0,sim
1-21-171,22,1,1.0,0,sim
1-21-172,22,1,0.0,1,sim
1-21-173,22,1,1.0,0,sim
1-21-174,22,1,1.0,0,sim
1-21-175,22,1,1.0,0,sim
1-21-176,22,1,0.0,0,sim
1-21-177,22,1,1.0,0,sim
1-21-178,22,1,0.0,0,sim
1-21-179,22,1,0.0,0,sim
1-21-180,22,1,1.0,0,sim
1-21-181,22,1,0.0,0,sim
1-21-182,22,1,1.0,0,sim
1-21-183,22,1,1.0,0,sim
1-21-184,22,1,1.0,0,sim
1-21-185,22,1,1.0,0,sim
1-21-186,22,1,1.0,0,sim
1-21-187,22,1,1.0,0,sim
1-21-188,22,1,1.0,0,sim
1-21-189,22,1,1.0,0,sim
1-21-190,22,1,,0,sim
1-21-191,22,1,1.0,0,sim
1-21-192,22,1,1.0,0,sim
1-21-193,22,1,1.0,0,sim
1-21-194,22,1,0.0,0,sim
1-21-195,22,1,1.0,0,sim
1-21-196,22,1,1.0,0,sim
1-21-197,22,1,0.0,0,sim
1-21-198,22,1,1.0,0,sim
1-21-199,22,1,0.0,0,sim
1-21-200,22,1,1.0,0,sim
1-21-201,22,1,0.0,0,sim
1-21-202,22,1,1.0,0,sim
1-21-203,22,1,0.0,0,sim
1-21-204,22,1,1.0,0,sim
1-21-205,22,1,0.0,0,sim
1-21-206,22,1,1.0,0,sim
1-21-207,22,1,0.0,0,sim
1-21-208,22,1,0.0,0,sim
1-21-209,22,1,1.0,0,sim
1-21-210,22,1,1.0,0,sim
1-21-211,22,1,1.0,0,sim
1-21-212,22,1,1.0,0,sim
1-21-213,22,1,1.0,0,sim
1-21-214,22,1,1.0,1,sim
1-21-215,22,1,1.0,0,sim
1-21-216,22,1,0.0,0,sim
1-21-217,22,1,1.0,0,sim
1-21-218,22,1,1.0,0,sim
1-21-219,22,1,1.0,0,sim
1-21-220,22,1,0.0,0,sim
1-21-221,22,1,1.0,0,sim
1-21-222,22,1,0.0,0,sim
1-21-223,22,1,1.0,0,sim
1-21-224,22,1,,0,sim
1-21-225,22,1,1.0,0,sim
1-21-226,22,1,1.0,0,sim
1-21-227,22,1,1.0,0,sim
1-21-228,22,1,1.0,0,sim
1-21-229,22,1,0.0,0,sim
1-21-230,22,1,1.0,0,sim
1-21-231,22,1,1.0,0,sim
1-21-232,22,1,1.0,0,sim
1-21-233,22,1,1.0,0,sim
1-21-234,22,1,1.0,0,sim
1-21-235,22,1,0.0,0,sim
1-21-236,22,1,0.0,0,sim
1-21-237,22,1,1.0,0,sim
1-21-238,22,1,0.0,0,sim
1-21-239,22,1,1.0,0,sim
1-22-0,23,1,0.0,0,sim
1-22-1,23,1,0.0,0,sim
1-22-2,23,1,1.0,0,sim
1-22-3,23,1,0.0,0,sim
1-22-4,23,1,1.0,0,sim
1-22-5,23,1,1.0,0,sim
1-22-6,23,1,1.0,0,sim
1-22-7,23,1,1.0,0,sim
1-22-8,23,1,1.0,0,sim
1-22-9,23,1,1.0,0,sim
1-22-10,23,1,1.0,0,sim
1-22-11,23,1,1.0,0,sim
1-22-12,23,1,1.0,0,sim
1-22-13,23,1,0.0,0,sim
1-22-14,23,1,1.0,0,sim
1-22-15,23,1,1.0,0,sim
1-22-16,23,1,1.0,0,sim
1-22-17,23,1,1.0,0,sim
1-22-18,23,1,0.0,0,sim
1-22-19,23,1,1.0,0,sim
1-22-20,23,1,,0,sim
1-22-21,23,1,0.0,0,sim
1-22-22,23,1,0.0,0,sim
1-22-23,23,1,0.0,0,sim
1-22-24,23,1,0.0,0,sim
1-22-25,23,1,1.0,1,sim
1-22-26,23,1,1.0,0,sim
1-22-27,23,1,0.0,0,sim
1-22-28,23,1,1.0,0,sim
1-22-29,23,1,1.0,0,sim
1-22-30,23,1,1.0,0,sim
1-22-31,23,1,1.0,0,sim
1-22-32,23,1,0.0,0,sim
1-22-33,23,1,1.0,0,sim
1-22-34,23,1,1.0,0,sim
1-22-35,23,1,1.0,0,sim
1-22-36,23,1,1.0,0,sim
1-22-37,23,1,0.0,0,sim
1-22-38,23,1,1.0,0,sim
1-22-39,23,1,1.0,0,sim
1-22-40,23,1,1.0,0,sim
1-22-41,23,1,1.0,0,sim
1-22-42,23,1,1.0,0,sim
1-22-43,23,1,1.0,0,sim
1-22-44,23,1,1.0,0,sim
1-22-45,23,1,0.0,0,sim
1-22-46,23,1,0.0,0,sim
1-22-47,23,1,0.0,0,sim
1-22-48,23,1,1.0,0,sim
1-22-49,23,1,1.0,0,sim
1-22-50,23,1,0.0,0,sim
1-22-51,23,1,0.0,0,sim
1-22-52,23,1,1.0,0,sim
1-22-53,23,1,0.0,0,sim
1-22-54,23,1,1.0,0,sim
1-22-55,23,1,1.0,0,sim
1-22-56,23,1,0.0,0,sim
1-22-57,23,1,0.0,1,sim
1-22-58,23,1,0.0,0,sim
1-22-59,23,1,1.0,1,sim
1-22-60,23,1,1.0,0,sim
1-22-61,23,1,1.0,0,sim
1-22-62,23,1,0.0,0,sim
1-22-63,23,1,1.0,0,sim
1-22-64,23,1,1.0,0,sim
1-22-65,23,1,0.0,0,sim
1-22-66,23,1,1.0,0,sim
1-22-67,23,1,1.0,0,sim
1-22-68,23,1,1.0,0,sim
1-22-69,23,1,1.0,0,sim
1-22-70,23,1,1.0,0,sim
1-22-71,23,1,1.0,0,sim
1-22-72,23,1,1.0,0,sim
1-22-73,23,1,1.0,0,sim
1-22-74,23,1,0.0,0,sim
1-22-75,23,1,1.0,0,sim
1-22-76,23,1,1.0,0,sim
1-22-77,23,1,1.0,0,sim
1-22-78,23,1,1.0,0,sim
1-22-79,23,1,1.0,0,sim
1-22-80,23,1,1.0,0,sim
1-22-81,23,1,1.0,0,sim
1-22-82,23,1,1.0,0,sim
1-22-83,23,1,0.0,0,sim
1-22-84,23,1,0.0,0,sim
1-22-85,23,1,1.0,0,sim
1-22-86,23,1,1.0,0,sim
1-22-87,23,1,0.0,0,sim
1-22-88,23,1,1.0,0,sim
1-22-89,23,1,1.0,0,sim
1-22-90,23,1,1.0,0,sim
1-22-91,23,1,1.0,0,sim
1-22-92,23,1,0.0,1,sim
1-22-93,23,1,0.0,0,sim
1-22-94,23,1,1.0,0,sim
1-22-95,23,1,0.0,0,sim
1-22-96,23,1,0.0,0,sim
1-22-97,23,1,0.0,0,sim
1-22-98,23,1,0.0,0,sim
1-22-99,23,1,1.0,0,sim
1-22-100,23,1,0.0,0,sim
1-22-101,23,1,1.0,0,sim
1-22-102,23,1,1.0,0,sim
1-22-103,23,1,1.0,0,sim
1-22-104,23,1,1.0,0,sim
1-22-105,23,1,1.0,0,sim
1-22-106,23,1,1.0,0,sim
1-22-107,23,1,1.0,0,sim
1-22-108,23,1,1.0,0,sim
1-22-109,23,1,0.0,0,sim
1-22-110,23,1,1.0,0,sim
1-22-111,23,1,1.0,0,sim
1-22-112,23,1,1.0,0,sim
1-22-113,23,1,1.0,0,sim
1-22-114,23,1,0.0,0,sim
1-22-115,23,1,0.0,0,sim
1-22-116,23,1,1.0,0,sim
1-22-117,23,1,,0,sim
1-22-118,23,1,0.0,0,sim
1-22-119,23,1,1.0,0,sim
1-22-120,23,1,0.0,0,sim
1-22-121,23,1,0.0,0,sim
1-22-122,23,1,0.0,0,sim
1-22-123,23,1,1.0,0,sim
1-22-124,23,1,0.0,0,sim
1-22-125,23,1,1.0,0,sim
1-22-126,23,1,0.0,0,sim
1-22-127,23,1,1.0,0,sim
1-22-128,23,1,,0,sim
1-22-129,23,1,1.0,0,sim
1-22-130,23,1,1.0,0,sim
1-22-131,23,1,1.0,0,sim
1-22-132,23,1,0.0,0,sim
1-22-133,23,1,0.0,0,sim
1-22-134,23,1,0.0,0,sim
1-22-135,23,1,0.0,0,sim
1-22-136,23,1,0.0,0,sim
1-22-137,23,1,1.0,0,sim
1-22-138,23,1,1.0,0,sim
1-22-139,23,1,0.0,0,sim
1-22-140,23,1,1.0,0,sim
1-22-141,23,1,0.0,0,sim
1-22-142,23,1,0.0,0,sim
1-22-143,23,1,0.0,0,sim
1-22-144,23,1,0.0,0,sim
1-22-145,23,1,1.0,0,sim
1-22-146,23,1,1.0,0,sim
1-22-147,23,1,1.0,0,sim
1-22-148,23,1,0.0,0,sim
1-22-149,23,1,1.0,0,sim
1-22-150,23,1,1.0,0,sim
1-22-151,23,1,1.0,0,sim
1-22-152,23,1,1.0,0,sim
1-22-153,23,1,1.0,0,sim
1-22-154,23,1,1.0,0,sim
1-22-155,23,1,1.0,0,sim
1-22-156,23,1,1.0,0,sim
1-22-157,23,1,1.0,0,sim
1-22-158,23,1,1.0,0,sim
1-22-159,23,1,1.0,0,sim
1-22-160,23,1,0.0,0,sim
1-22-161,23,1,0.0,0,sim
1-22-162,23,1,,0,sim
1-22-163,23,1,1.0,0,sim
1-22-164,23,1,0.0,0,sim
1-22-165,23,1,0.0,0,sim
1-22-166,23,1,0.0,0,sim
1-22-167,23,1,0.0,0,sim
1-22-168,23,1,1.0,0,sim
1-22-169,23,1,1.0,0,sim
1-22-170,23,1,1.0,0,sim
1-22-171,23,1,1.0,0,sim
1-22-172,23,1,1.0,0,sim
1-22-173,23,1,0.0,0,sim
1-22-174,23,1,0.0,1,sim
1-22-175,23,1,1.0,0,sim
1-22-176,23,1,1.0,0,sim
1-22-177,23,1,1.0,0,sim
1-22-178,23,1,1.0,0,sim
1-22-179,23,1,1.0,0,sim
1-22-180,23,1,0.0,0,sim
1-22-181,23,1,0.0,0,sim
1-22-182,23,1,0.0,0,sim
1-22-183,23,1,1.0,1,sim
1-22-184,23,1,0.0,0,sim
1-22-185,23,1,0.0,0,sim
1-22-186,23,1,1.0,0,sim
1-22-187,23,1,0.0,0,sim
1-22-188,23,1,0.0,0,sim
1-22-189,23,1,1.0,0,sim
1-22-190,23,1,0.0,0,sim
1-22-191,23,1,0.0,0,sim
1-22-192,23,1,1.0,0,sim
1-22-193,23,1,1.0,0,sim
1-22-194,23,1,1.0,0,sim
1-22-195,23,1,0.0,0,sim
1-22-196,23,1,1.0,0,sim
1-22-197,23,1,1.0,0,sim
1-22-198,23,1,1.0,0,sim
1-22-199,23,1,1.0,0,sim
1-22-200,23,1,1.0,0,sim
1-22-201,23,1,1.0,0,sim
1-22-202,23,1,1.0,0,sim
1-22-203,23,1,1.0,0,sim
1-22-204,23,1,1.0,0,sim
1-22-205,23,1,1.0,0,sim
1-22-206,23,1,0.0,0,sim
1-22-207,23,1,,0,sim
1-22-208,23,1,1.0,0,sim
1-22-209,23,1,1.0,0,sim
1-22-210,23,1,1.0,0,sim
1-22-211,23,1,1.0,0,sim
1-22-212,23,1,0.0,0,sim
1-22-213,23,1,1.0,0,sim
1-22-214,23,1,0.0,0,sim
1-22-215,23,1,0.0,0,sim
1-22-216,23,1,0.0,0,sim
1-22-217,23,1,0.0,0,sim
1-22-218,23,1,1.0,0,sim
1-22-219,23,1,0.0,0,sim
1-22-220,23,1,1.0,0,sim
1-22-221,23,1,1.0,0,sim
1-22-222,23,1,0.0,0,sim
1-22-223,23,1,1.0,0,sim
1-22-224,23,1,1.0,0,sim
1-22-225,23,1,1.0,0,sim
1-22-226,23,1,1.0,0,sim
1-22-227,23,1,0.0,0,sim
1-22-228,23,1,1.0,0,sim
1-22-229,23,1,1.0,0,sim
1-22-230,23,1,0.0,0,sim
1-22-231,23,1,1.0,0,sim
1-22-232,23,1,1.0,0,sim
1-22-233,23,1,1.0,0,sim
1-22-234,23,1,0.0,0,sim
1-22-235,23,1,0.0,0,sim
1-22-236,23,1,1.0,0,sim
1-22-237,23,1,0.0,0,sim
1-22-238,23,1,1.0,0,sim
1-22-239,23,1,,0,sim
1-23-0,24,1,1.0,0,sim
1-23-1,24,1,1.0,0,sim
1-23-2,24,1,1.0,0,sim
1-23-3,24,1,1.0,0,sim
1-23-4,24,1,1.0,0,sim
1-23-5,24,1,1.0,0,sim
1-23-6,24,1,0.0,0,sim
1-23-7,24,1,0.0,0,sim
1-23-8,24,1,0.0,0,sim
1-23-9,24,1,1.0,0,sim
1-23-10,24,1,0.0,0,sim
1-23-11,24,1,1.0,0,sim
1-23-12,24,1,1.0,0,sim
1-23-13,24,1,1.0,0,sim
1-23-14,24,1,1.0,0,sim
1-23-15,24,1,1.0,0,sim
1-23-16,24,1,0.0,0,sim
1-23-17,24,1,1.0,0,sim
1-23-18,24,1,1.0,0,sim
1-23-19,24,1,1.0,0,sim
1-23-20,24,1,1.0,0,sim
1-23-21,24,1,1.0,0,sim
1-23-22,24,1,0.0,0,sim
1-23-23,24,1,0.0,0,sim
1-23-24,24,1,0.0,0,sim
1-23-25,24,1,1.0,1,sim
1-23-26,24,1,0.0,0,sim
1-23-27,24,1,0.0,0,sim
1-23-28,24,1,1.0,0,sim
1-23-29,24,1,1.0,0,sim
1-23-30,24,1,0.0,0,sim
1-23-31,24,1,1.0,0,sim
1-23-32,24,1,1.0,0,sim
1-23-33,24,1,1.0,0,sim
1-23-34,24,1,0.0,0,sim
1-23-35,24,1,1.0,0,sim
1-23-36,24,1,1.0,0,sim
1-23-37,24,1,1.0,0,sim
1-23-38,24,1,1.0,0,sim
1-23-39,24,1,0.0,0,sim
1-23-40,24,1,1.0,0,sim
1-23-41,24,1,0.0,0,sim
1-23-42,24,1,1.0,0,sim
1-23-43,24,1,1.0,0,sim
1-23-44,24,1,1.0,0,sim
1-23-45,24,1,0.0,0,sim
1-23-46,24,1,0.0,0,sim
1-23-47,24,1,1.0,0,sim
1-23-48,24,1,1.0,0,sim
1-23-49,24,1,1.0,0,sim
1-23-50,24,1,1.0,0,sim
1-23-51,24,1,1.0,0,sim
1-23-52,24,1,0.0,0,sim
1-23-53,24,1,1.0,0,sim
1-23-54,24,1,1.0,0,sim
1-23-55,24,1,1.0,0,sim
1-23-56,24,1,0.0,0,sim
1-23-57,24,1,1.0,0,sim
1-23-58,24,1,0.0,0,sim
1-23-59,24,1,1.0,0,sim
1-23-60,24,1,0.0,0,sim
1-23-61,24,1,1.0,0,sim
1-23-62,24,1,1.0,0,sim
1-23-63,24,1,1.0,0,sim
1-23-64,24,1,0.0,0,sim
1-23-65,24,1,0.0,0,sim
1-23-66,24,1,1.0,0,sim
1-23-67,24,1,0.0,0,sim
1-23-68,24,1,0.0,0,sim
1-23-69,24,1,0.0,0,sim
1-23-70,24,1,1.0,0,sim
1-23-71,24,1,1.0,0,sim
1-23-72,24,1,0.0,0,sim
1-23-73,24,1,0.0,0,sim
1-23-74,24,1,1.0,0,sim
1-23-75,24,1,,0,sim
1-23-76,24,1,1.0,0,sim
1-23-77,24,1,1.0,0,sim
1-23-78,24,1,0.0,0,sim
1-23-79,24,1,0.0,0,sim
1-23-80,24,1,0.0,0,sim
1-23-81,24,1,1.0,0,sim
1-23-82,24,1,1.0,0,sim
1-23-83,24,1,1.0,0,sim
1-23-84,24,1,1.0,0,sim
1-23-85,24,1,1.0,0,sim
1-23-86,24,1,0.0,0,sim
1-23-87,24,1,1.0,0,sim
1-23-88,24,1,1.0,0,sim
1-23-89,24,1,1.0,0,sim
1-23-90,24,1,0.0,0,sim
1-23-91,24,1,0.0,0,sim
1-23-92,24,1,0.0,0,sim
1-23-93,24,1,1.0,0,sim
1-23-94,24,1,1.0,0,sim
1-23-95,24,1,0.0,0,sim
1-23-96,24,1,0.0,0,sim
1-23-97,24,1,1.0,0,sim
1-23-98,24,1,1.0,0,sim
1-23-99,24,1,1.0,0,sim
1-23-100,24,1,0.0,0,sim
1-23-101,24,1,1.0,0,sim
1-23-102,24,1,1.0,0,sim
1-23-103,24,1,1.0,0,sim
1-23-104,24,1,0.0,0,sim
1-23-105,24,1,1.0,0,sim
1-23-106,24,1,1.0,0,sim
1-23-107,24,1,1.0,0,sim
1-23-108,24,1,0.0,0,sim
1-23-109,24,1,1.0,0,sim
1-23-110,24,1,0.0,0,sim
1-23-111,24,1,1.0,0,sim
1-23-112,24,1,1.0,0,sim
1-23-113,24,1,0.0,0,sim
1-23-114,24,1,0.0,0,sim
1-23-115,24,1,1.0,0,sim
1-23-116,24,1,1.0,0,sim
1-23-117,24,1,1.0,0,sim
1-23-118,24,1,1.0,0,sim
1-23-119,24,1,1.0,0,sim
1-23-120,24,1,1.0,0,sim
1-23-121,24,1,1.0,0,sim
1-23-122,24,1,0.0,0,sim
1-23-123,24,1,0.0,0,sim
1-23-124,24,1,1.0,0,sim
1-23-125,24,1,1.0,0,sim
1-23-126,24,1,1.0,0,sim
1-23-127,24,1,1.0,0,sim
1-23-128,24,1,,0,sim
1-23-129,24,1,0.0,0,sim
1-23-130,24,1,0.0,0,sim
1-23-131,24,1,1.0,0,sim
1-23-132,24,1,1.0,0,sim
1-23-133,24,1,1.0,0,sim
1-23-134,24,1,1.0,0,sim
1-23-135,24,1,1.0,0,sim
1-23-136,24,1,0.0,0,sim
1-23-137,24,1,0.0,0,sim
1-23-138,24,1,1.0,0,sim
1-23-139,24,1,1.0,0,sim
1-23-140,24,1,1.0,0,sim
1-23-141,24,1,1.0,0,sim
1-23-142,24,1,1.0,0,sim
1-23-143,24,1,1.0,0,sim
1-23-144,24,1,1.0,0,sim
1-23-145,24,1,0.0,0,sim
1-23-146,24,1,1.0,0,sim
1-23-147,24,1,0.0,0,sim
1-23-148,24,1,1.0,0,sim
1-23-149,24,1,1.0,0,sim
1-23-150,24,1,1.0,0,sim
1-23-151,24,1,0.0,0,sim
1-23-152,24,1,1.0,0,sim
1-23-153,24,1,1.0,0,sim
1-23-154,24,1,0.0,0,sim
1-23-155,24,1,0.0,0,sim
1-23-156,24,1,0.0,0,sim
1-23-157,24,1,1.0,0,sim
1-23-158,24,1,1.0,0,sim
1-23-159,24,1,0.0,0,sim
1-23-160,24,1,1.0,0,sim
1-23-161,24,1,0.0,0,sim
1-23-162,24,1,1.0,0,sim
1-23-163,24,1,1.0,0,sim
1-23-164,24,1,0.0,0,sim
1-23-165,24,1,1.0,0,sim
1-23-166,24,1,0.0,0,sim
1-23-167,24,1,1.0,0,sim
1-23-168,24,1,1.0,0,sim
1-23-169,24,1,0.0,0,sim
1-23-170,24,1,0.0,0,sim
1-23-171,24,1,0.0,0,sim
1-23-172,24,1,0.0,0,sim
1-23-173,24,1,1.0,0,sim
1-23-174,24,1,1.0,0,sim
1-23-175,24,1,1.0,0,sim
1-23-176,24,1,1.0,0,sim
1-23-177,24,1,1.0,0,sim
1-23-178,24,1,,0,sim
1-23-179,24,1,0.0,0,sim
1-23-180,24,1,1.0,0,sim
1-23-181,24,1,0.0,0,sim
1-23-182,24,1,1.0,0,sim
1-23-183,24,1,0.0,0,sim
1-23-184,24,1,1.0,1,sim
1-23-185,24,1,1.0,0,sim
1-23-186,24,1,0.0,0,sim
1-23-187,24,1,1.0,0,sim
1-23-188,24,1,1.0,0,sim
1-23-189,24,1,1.0,0,sim
1-23-190,24,1,1.0,0,sim
1-23-191,24,1,0.0,0,sim
1-23-192,24,1,0.0,0,sim
1-23-193,24,1,1.0,0,sim
1-23-194,24,1,1.0,0,sim
1-23-195,24,1,1.0,0,sim
1-23-196,24,1,1.0,0,sim
1-23-197,24,1,1.0,1,sim
1-23-198,24,1,1.0,0,sim
1-23-199,24,1,1.0,0,sim
1-23-200,24,1,1.0,0,sim
1-23-201,24,1,0.0,0,sim
1-23-202,24,1,1.0,0,sim
1-23-203,24,1,0.0,0,sim
1-23-204,24,1,1.0,0,sim
1-23-205,24,1,1.0,0,sim
1-23-206,24,1,1.0,0,sim
1-23-207,24,1,0.0,0,sim
1-23-208,24,1,1.0,0,sim
1-23-209,24,1,1.0,0,sim
1-23-210,24,1,0.0,0,sim
1-23-211,24,1,0.0,0,sim
1-23-212,24,1,1.0,0,sim
1-23-213,24,1,1.0,0,sim
1-23-214,24,1,1.0,0,sim
1-23-215,24,1,,0,sim
1-23-216,24,1,1.0,0,sim
1-23-217,24,1,1.0,0,sim
1-23-218,24,1,0.0,0,sim
1-23-219,24,1,1.0,0,sim
1-23-220,24,1,1.0,0,sim
1-23-221,24,1,1.0,0,sim
1-23-222,24,1,1.0,0,sim
1-23-223,24,1,0.0,0,sim
1-23-224,24,1,1.0,0,sim
1-23-225,24,1,1.0,0,sim
1-23-226,24,1,1.0,0,sim
1-23-227,24,1,0.0,0,sim
1-23-228,24,1,0.0,0,sim
1-23-229,24,1,0.0,0,sim
1-23-230,24,1,0.0,0,sim
1-23-231,24,1,1.0,0,sim
1-23-232,24,1,0.0,0,sim
1-23-233,24,1,1.0,0,sim
1-23-234,24,1,0.0,0,sim
1-23-235,24,1,1.0,0,sim
1-23-236,24,1,1.0,0,sim
1-23-237,24,1,0.0,0,sim
1-23-238,24,1,1.0,0,sim
1-23-239,24,1,1.0,0,sim
1-24-0,25,1,0.0,0,sim
1-24-1,25,1,0.0,0,sim
1-24-2,25,1,0.0,0,sim
1-24-3,25,1,1.0,0,sim
1-24-4,25,1,1.0,0,sim
1-24-5,25,1,1.0,0,sim
1-24-6,25,1,1.0,0,sim
1-24-7,25,1,1.0,0,sim
1-24-8,25,1,1.0,0,sim
1-24-9,25,1,1.0,0,sim
1-24-10,25,1,1.0,0,sim
1-24-11,25,1,0.0,0,sim
1-24-12,25,1,0.0,0,sim
1-24-13,25,1,1.0,0,sim
1-24-14,25,1,1.0,0,sim
1-24-15,25,1,1.0,0,sim
1-24-16,25,1,0.0,0,sim
1-24-17,25,1,1.0,0,sim
1-24-18,25,1,1.0,0,sim
1-24-19,25,1,0.0,0,sim
1-24-20,25,1,0.0,0,sim
1-24-21,25,1,0.0,0,sim
1-24-22,25,1,1.0,0,sim
1-24-23,25,1,1.0,0,sim
1-24-24,25,1,1.0,0,sim
1-24-25,25,1,0.0,0,sim
1-24-26,25,1,1.0,0,sim
1-24-27,25,1,1.0,0,sim
1-24-28,25,1,1.0,0,sim
1-24-29,25,1,1.0,0,sim
1-24-30,25,1,1.0,0,sim
1-24-31,25,1,1.0,0,sim
1-24-32,25,1,0.0,0,sim
1-24-33,25,1,1.0,0,sim
1-24-34,25,1,0.0,0,sim
1-24-35,25,1,1.0,0,sim
1-24-36,25,1,1.0,0,sim
1-24-37,25,1,0.0,0,sim
1-24-38,25,1,1.0,0,sim
1-24-39,25,1,0.0,0,sim
1-24-40,25,1,1.0,1,sim
1-24-41,25,1,1.0,0,sim
1-24-42,25,1,1.0,0,sim
1-24-43,25,1,1.0,0,sim
1-24-44,25,1,1.0,0,sim
1-24-45,25,1,0.0,0,sim
1-24-46,25,1,0.0,0,sim
1-24-47,25,1,1.0,0,sim
1-24-48,25,1,0.0,0,sim
1-24-49,25,1,1.0,0,sim
1-24-50,25,1,0.0,0,sim
1-24-51,25,1,1.0,0,sim
1-24-52,25,1,1.0,0,sim
1-24-53,25,1,0.0,0,sim
1-24-54,25,1,1.0,0,sim
1-24-55,25,1,0.0,0,sim
1-24-56,25,1,,0,sim
1-24-57,25,1,1.0,0,sim
1-24-58,25,1,0.0,0,sim
1-24-59,25,1,1.0,0,sim
1-24-60,25,1,0.0,0,sim
1-24-61,25,1,0.0,0,sim
1-24-62,25,1,0.0,0,sim
1-24-63,25,1,1.0,0,sim
1-24-64,25,1,0.0,0,sim
1-24-65,25,1,1.0,0,sim
1-24-66,25,1,1.0,1,sim
1-24-67,25,1,0.0,0,sim
1-24-68,25,1,0.0,0,sim
1-24-69,25,1,1.0,0,sim
1-24-70,25,1,1.0,0,sim
1-24-71,25,1,1.0,0,sim
1-24-72,25,1,1.0,0,sim
1-24-73,25,1,0.0,0,sim
1-24-74,25,1,0.0,0,sim
1-24-75,25,1,0.0,0,sim
1-24-76,25,1,1.0,0,sim
1-24-77,25,1,1.0,1,sim
1-24-78,25,1,1.0,0,sim
1-24-79,25,1,1.0,0,sim
1-24-80,25,1,1.0,0,sim
1-24-81,25,1,0.0,0,sim
1-24-82,25,1,1.0,0,sim
1-24-83,25,1,0.0,0,sim
1-24-84,25,1,1.0,0,sim
1-24-85,25,1,1.0,0,sim
1-24-86,25,1,0.0,0,sim
1-24-87,25,1,1.0,0,sim
1-24-88,25,1,1.0,0,sim
1-24-89,25,1,1.0,0,sim
1-24-90,25,1,0.0,0,sim
1-24-91,25,1,1.0,0,sim
1-24-92,25,1,0.0,0,sim
1-24-93,25,1,0.0,1,sim
1-24-94,25,1,1.0,0,sim
1-24-95,25,1,0.0,0,sim
1-24-96,25,1,1.0,0,sim
1-24-97,25,1,1.0,0,sim
1-24-98,25,1,1.0,0,sim
1-24-99,25,1,1.0,0,sim
1-24-100,25,1,0.0,0,sim
1-24-101,25,1,1.0,0,sim
1-24-102,25,1,0.0,0,sim
1-24-103,25,1,0.0,0,sim
1-24-104,25,1,1.0,0,sim
1-24-105,25,1,0.0,0,sim
1-24-106,25,1,0.0,0,sim
1-24-107,25,1,1.0,0,sim
1-24-108,25,1,1.0,0,sim
1-24-109,25,1,1.0,0,sim
1-24-110,25,1,0.0,0,sim
1-24-111,25,1,0.0,1,sim
1-24-112,25,1,1.0,1,sim
1-24-113,25,1,1.0,0,sim
1-24-114,25,1,1.0,0,sim
1-24-115,25,1,1.0,0,sim
1-24-116,25,1,0.0,0,sim
1-24-117,25,1,0.0,0,sim
1-24-118,25,1,1.0,0,sim
1-24-119,25,1,0.0,0,sim
1-24-120,25,1,0.0,0,sim
1-24-121,25,1,1.0,0,sim
1-24-122,25,1,0.0,0,sim
1-24-123,25,1,1.0,0,sim
1-24-124,25,1,1.0,0,sim
1-24-125,25,1,0.0,0,sim
1-24-126,25,1,0.0,0,sim
1-24-127,25,1,0.0,0,sim
1-24-128,25,1,1.0,0,sim
1-24-129,25,1,1.0,0,sim
1-24-130,25,1,0.0,0,sim
1-24-131,25,1,1.0,0,sim
1-24-132,25,1,1.0,0,sim
1-24-133,25,1,0.0,0,sim
1-24-134,25,1,1.0,0,sim
1-24-135,25,1,0.0,0,sim
1-24-136,25,1,,0,sim
1-24-137,25,1,1.0,0,sim
1-24-138,25,1,1.0,1,sim
1-24-139,25,1,,0,sim
1-24-140,25,1,1.0,0,sim
1-24-141,25,1,1.0,0,sim
1-24-142,25,1,0.0,0,sim
1-24-143,25,1,1.0,0,sim
1-24-144,25,1,1.0,0,sim
1-24-145,25,1,0.0,1,sim
1-24-146,25,1,1.0,0,sim
1-24-147,25,1,1.0,0,sim
1-24-148,25,1,1.0,0,sim
1-24-149,25,1,0.0,0,sim
1-24-150,25,1,0.0,0,sim
1-24-151,25,1,0.0,0,sim
1-24-152,25,1,1.0,0,sim
1-24-153,25,1,1.0,0,sim
1-24-154,25,1,0.0,0,sim
1-24-155,25,1,1.0,0,sim
1-24-156,25,1,1.0,0,sim
1-24-157,25,1,0.0,0,sim
1-24-158,25,1,1.0,0,sim
1-24-159,25,1,1.0,0,sim
1-24-160,25,1,0.0,1,sim
1-24-161,25,1,1.0,0,sim
1-24-162,25,1,1.0,0,sim
1-24-163,25,1,1.0,0,sim
1-24-164,25,1,1.0,0,sim
1-24-165,25,1,1.0,0,sim
1-24-166,25,1,1.0,0,sim
1-24-167,25,1,1.0,0,sim
1-24-168,25,1,1.0,0,sim
1-24-169,25,1,1.0,0,sim
1-24-170,25,1,0.0,0,sim
1-24-171,25,1,1.0,0,sim
1-24-172,25,1,1.0,0,sim
1-24-173,25,1,,0,sim
1-24-174,25,1,0.0,0,sim
1-24-175,25,1,1.0,0,sim
1-24-176,25,1,0.0,0,sim
1-24-177,25,1,1.0,0,sim
1-24-178,25,1,,0,sim
1-24-179,25,1,1.0,0,sim
1-24-180,25,1,0.0,0,sim
1-24-181,25,1,0.0,0,sim
1-24-182,25,1,1.0,0,sim
1-24-183,25,1,0.0,0,sim
1-24-184,25,1,,0,sim
1-24-185,25,1,1.0,0,sim
1-24-186,25,1,1.0,0,sim
1-24-187,25,1,1.0,0,sim
1-24-188,25,1,1.0,0,sim
1-24-189,25,1,0.0,0,sim
1-24-190,25,1,0.0,0,sim
1-24-191,25,1,1.0,0,sim
1-24-192,25,1,0.0,0,sim
1-24-193,25,1,0.0,0,sim
1-24-194,25,1,0.0,0,sim
1-24-195,25,1,1.0,0,sim
1-24-196,25,1,1.0,0,sim
1-24-197,25,1,1.0,0,sim
1-24-198,25,1,1.0,0,sim
1-24-199,25,1,1.0,0,sim
1-24-200,25,1,1.0,0,sim
1-24-201,25,1,0.0,0,sim
1-24-202,25,1,1.0,0,sim
1-24-203,25,1,1.0,0,sim
1-24-204,25,1,1.0,0,sim
1-24-205,25,1,1.0,0,sim
1-24-206,25,1,1.0,0,sim
1-24-207,25,1,1.0,0,sim
1-24-208,25,1,0.0,0,sim
1-24-209,25,1,0.0,0,sim
1-24-210,25,1,0.0,0,sim
1-24-211,25,1,1.0,0,sim
1-24-212,25,1,0.0,0,sim
1-24-213,25,1,1.0,0,sim
1-24-214,25,1,1.0,0,sim
1-24-215,25,1,1.0,0,sim
1-24-216,25,1,1.0,0,sim
1-24-217,25,1,1.0,0,sim
1-24-218,25,1,1.0,0,sim
1-24-219,25,1,1.0,0,sim
1-24-220,25,1,1.0,0,sim
1-24-221,25,1,0.0,0,sim
1-24-222,25,1,0.0,0,sim
1-24-223,25,1,1.0,0,sim
1-24-224,25,1,1.0,0,sim
1-24-225,25,1,1.0,0,sim
1-24-226,25,1,1.0,0,sim
1-24-227,25,1,1.0,0,sim
1-24-228,25,1,1.0,0,sim
1-24-229,25,1,1.0,0,sim
1-24-230,25,1,1.0,0,sim
1-24-231,25,1,0.0,0,sim
1-24-232,25,1,1.0,0,sim
1-24-233,25,1,0.0,0,sim
1-24-234,25,1,1.0,0,sim
1-24-235,25,1,1.0,0,sim
1-24-236,25,1,1.0,0,sim
1-24-237,25,1,0.0,0,sim
1-24-238,25,1,1.0,0,sim
1-24-239,25,1,1.0,0,sim
1-25-0,26,1,1.0,0,sim
1-25-1,26,1,1.0,0,sim
1-25-2,26,1,1.0,0,sim
1-25-3,26,1,1.0,0,sim
1-25-4,26,1,1.0,0,sim
1-25-5,26,1,1.0,0,sim
1-25-6,26,1,1.0,0,sim
1-25-7,26,1,1.0,0,sim
1-25-8,26,1,0.0,0,sim
1-25-9,26,1,1.0,0,sim
1-25-10,26,1,0.0,0,sim
1-25-11,26,1,1.0,0,sim
1-25-12,26,1,0.0,0,sim
1-25-13,26,1,1.0,0,sim
1-25-14,26,1,1.0,0,sim
1-25-15,26,1,1.0,0,sim
1-25-16,26,1,1.0,0,sim
1-25-17,26,1,0.0,0,sim
1-25-18,26,1,0.0,0,sim
1-25-19,26,1,1.0,0,sim
1-25-20,26,1,1.0,0,sim
1-25-21,26,1,1.0,0,sim
1-25-22,26,1,1.0,0,sim
1-25-23,26,1,1.0,0,sim
1-25-24,26,1,0.0,0,sim
1-25-25,26,1,1.0,0,sim
1-25-26,26,1,1.0,0,sim
1-25-27,26,1,0.0,0,sim
1-25-28,26,1,1.0,0,sim
1-25-29,26,1,1.0,0,sim
1-25-30,26,1,1.0,0,sim
1-25-31,26,1,0.0,0,sim
1-25-32,26,1,,0,sim
1-25-33,26,1,1.0,0,sim
1-25-34,26,1,1.0,0,sim
1-25-35,26,1,0.0,0,sim
1-25-36,26,1,1.0,0,sim
1-25-37,26,1,0.0,0,sim
1-25-38,26,1,0.0,0,sim
1-25-39,26,1,1.0,0,sim
1-25-40,26,1,1.0,0,sim
1-25-41,26,1,0.0,0,sim
1-25-42,26,1,1.0,0,sim
1-25-43,26,1,1.0,0,sim
1-25-44,26,1,1.0,0,sim
1-25-45,26,1,0.0,0,sim
1-25-46,26,1,0.0,0,sim
1-25-47,26,1,1.0,0,sim
1-25-48,26,1,1.0,0,sim
1-25-49,26,1,1.0,0,sim
1-25-50,26,1,1.0,0,sim
1-25-51,26,1,,0,sim
1-25-52,26,1,1.0,0,sim
1-25-53,26,1,0.0,0,sim
1-25-54,26,1,0.0,0,sim
1-25-55,26,1,1.0,0,sim
1-25-56,26,1,,0,sim
1-25-57,26,1,1.0,0,sim
1-25-58,26,1,0.0,0,sim
1-25-59,26,1,1.0,0,sim
1-25-60,26,1,1.0,0,sim
1-25-61,26,1,1.0,0,sim
1-25-62,26,1,0.0,0,sim
1-25-63,26,1,1.0,0,sim
1-25-64,26,1,0.0,0,sim
1-25-65,26,1,0.0,0,sim
1-25-66,26,1,0.0,0,sim
1-25-67,26,1,1.0,0,sim
1-25-68,26,1,0.0,0,sim
1-25-69,26,1,1.0,0,sim
1-25-70,26,1,1.0,0,sim
1-25-71,26,1,1.0,0,sim
1-25-72,26,1,0.0,0,sim
1-25-73,26,1,1.0,0,sim
1-25-74,26,1,1.0,0,sim
1-25-75,26,1,1.0,0,sim
1-25-76,26,1,1.0,0,sim
1-25-77,26,1,0.0,0,sim
1-25-78,26,1,1.0,0,sim
1-25-79,26,1,0.0,0,sim
1-25-80,26,1,0.0,0,sim
1-25-81,26,1,0.0,0,sim
1-25-82,26,1,0.0,0,sim
1-25-83,26,1,1.0,0,sim
1-25-84,26,1,1.0,0,sim
1-25-85,26,1,0.0,0,sim
1-25-86,26,1,0.0,0,sim
1-25-87,26,1,1.0,0,sim
1-25-88,26,1,1.0,0,sim
1-25-89,26,1,1.0,0,sim
1-25-90,26,1,0.0,0,sim
1-25-91,26,1,0.0,0,sim
1-25-92,26,1,1.0,0,sim
1-25-93,26,1,1.0,0,sim
1-25-94,26,1,1.0,0,sim
1-25-95,26,1,1.0,0,sim
1-25-96,26,1,1.0,0,sim
1-25-97,26,1,1.0,0,sim
1-25-98,26,1,1.0,0,sim
1-25-99,26,1,,0,sim
1-25-100,26,1,1.0,0,sim
1-25-101,26,1,1.0,0,sim
1-25-102,26,1,1.0,0,sim
1-25-103,26,1,1.0,0,sim
1-25-104,26,1,1.0,0,sim
1-25-105,26,1,0.0,0,sim
1-25-106,26,1,1.0,0,sim
1-25-107,26,1,1.0,0,sim
1-25-108,26,1,,0,sim
1-25-109,26,1,0.0,0,sim
1-25-110,26,1,0.0,0,sim
1-25-111,26,1,1.0,1,sim
1-25-112,26,1,1.0,0,sim
1-25-113,26,1,1.0,0,sim
1-25-114,26,1,1.0,0,sim
1-25-115,26,1,1.0,0,sim
1-25-116,26,1,1.0,0,sim
1-25-117,26,1,1.0,0,sim
1-25-118,26,1,0.0,0,sim
1-25-119,26,1,1.0,0,sim
1-25-120,26,1,0.0,0,sim
1-25-121,26,1,1.0,1,sim
1-25-122,26,1,1.0,0,sim
1-25-123,26,1,1.0,0,sim
1-25-124,26,1,0.0,0,sim
1-25-125,26,1,1.0,0,sim
1-25-126,26,1,0.0,1,sim
1-25-127,26,1,0.0,0,sim
1-25-128,26,1,0.0,0,sim
1-25-129,26,1,1.0,0,sim
1-25-130,26,1,0.0,0,sim
1-25-131,26,1,0.0,0,sim
1-25-132,26,1,0.0,0,sim
1-25-133,26,1,1.0,0,sim
1-25-134,26,1,1.0,0,sim
1-25-135,26,1,0.0,0,sim
1-25-136,26,1,1.0,0,sim
1-25-137,26,1,1.0,0,sim
1-25-138,26,1,1.0,0,sim
1-25-139,26,1,1.0,0,sim
1-25-140,26,1,0.0,0,sim
1-25-141,26,1,1.0,1,sim
1-25-142,26,1,1.0,0,sim
1-25-143,26,1,1.0,0,sim
1-25-144,26,1,0.0,0,sim
1-25-145,26,1,0.0,0,sim
1-25-146,26,1,1.0,0,sim
1-25-147,26,1,1.0,0,sim
1-25-148,26,1,0.0,0,sim
1-25-149,26,1,1.0,0,sim
1-25-150,26,1,0.0,0,sim
1-25-151,26,1,1.0,0,sim
1-25-152,26,1,1.0,0,sim
1-25-153,26,1,1.0,0,sim
1-25-154,26,1,0.0,0,sim
1-25-155,26,1,1.0,0,sim
1-25-156,26,1,1.0,0,sim
1-25-157,26,1,1.0,0,sim
1-25-158,26,1,,0,sim
1-25-159,26,1,1.0,0,sim
1-25-160,26,1,1.0,0,sim
1-25-161,26,1,0.0,0,sim
1-25-162,26,1,1.0,0,sim
1-25-163,26,1,1.0,0,sim
1-25-164,26,1,0.0,0,sim
1-25-165,26,1,1.0,0,sim
1-25-166,26,1,0.0,0,sim
1-25-167,26,1,0.0,0,sim
1-25-168,26,1,0.0,0,sim
1-25-169,26,1,1.0,0,sim
1-25-170,26,1,1.0,0,sim
1-25-171,26,1,0.0,0,sim
1-25-172,26,1,1.0,0,sim
1-25-173,26,1,1.0,0,sim
1-25-174,26,1,1.0,0,sim
1-25-175,26,1,1.0,0,sim
1-25-176,26,1,1.0,0,sim
1-25-177,26,1,0.0,0,sim
1-25-178,26,1,1.0,0,sim
1-25-179,26,1,1.0,0,sim
1-25-180,26,1,0.0,0,sim
1-25-181,26,1,0.0,0,sim
1-25-182,26,1,1.0,1,sim
1-25-183,26,1,0.0,0,sim
1-25-184,26,1,1.0,0,sim
1-25-185,26,1,1.0,0,sim
1-25-186,26,1,1.0,0,sim
1-25-187,26,1,1.0,0,sim
1-25-188,26,1,1.0,0,sim
1-25-189,26,1,1.0,0,sim
1-25-190,26,1,1.0,0,sim
1-25-191,26,1,1.0,0,sim
1-25-192,26,1,0.0,0,sim
1-25-193,26,1,0.0,0,sim
1-25-194,26,1,0.0,0,sim
1-25-195,26,1,1.0,0,sim
1-25-196,26,1,1.0,0,sim
1-25-197,26,1,1.0,0,sim
1-25-198,26,1,1.0,0,sim
1-25-199,26,1,1.0,0,sim
1-25-200,26,1,1.0,0,sim
1-25-201,26,1,1.0,0,sim
1-25-202,26,1,0.0,0,sim
1-25-203,26,1,1.0,0,sim
1-25-204,26,1,1.0,1,sim
1-25-205,26,1,1.0,0,sim
1-25-206,26,1,1.0,0,sim
1-25-207,26,1,1.0,0,sim
1-25-208,26,1,0.0,0,sim
1-25-209,26,1,0.0,0,sim
1-25-210,26,1,1.0,0,sim
1-25-211,26,1,1.0,0,sim
1-25-212,26,1,1.0,0,sim
1-25-213,26,1,1.0,0,sim
1-25-214,26,1,1.0,0,sim
1-25-215,26,1,1.0,0,sim
1-25-216,26,1,1.0,0,sim
1-25-217,26,1,1.0,0,sim
1-25-218,26,1,0.0,0,sim
1-25-219,26,1,1.0,0,sim
1-25-220,26,1,1.0,0,sim
1-25-221,26,1,1.0,0,sim
1-25-222,26,1,1.0,0,sim
1-25-223,26,1,0.0,0,sim
1-25-224,26,1,1.0,0,sim
1-25-225,26,1,1.0,0,sim
1-25-226,26,1,0.0,0,sim
1-25-227,26,1,0.0,0,sim
1-25-228,26,1,1.0,0,sim
1-25-229,26,1,0.0,1,sim
1-25-230,26,1,0.0,0,sim
1-25-231,26,1,1.0,0,sim
1-25-232,26,1,0.0,0,sim
1-25-233,26,1,1.0,0,sim
1-25-234,26,1,1.0,0,sim
1-25-235,26,1,0.0,0,sim
1-25-236,26,1,1.0,0,sim
1-25-237,26,1,0.0,0,sim
1-25-238,26,1,1.0,0,sim
1-25-239,26,1,0.0,0,sim
1-26-0,27,1,0.0,0,sim
1-26-1,27,1,1.0,0,sim
1-26-2,27,1,0.0,0,sim
1-26-3,27,1,0.0,0,sim
1-26-4,27,1,1.0,0,sim
1-26-5,27,1,1.0,0,sim
1-26-6,27,1,1.0,0,sim
1-26-7,27,1,0.0,0,sim
1-26-8,27,1,0.0,0,sim
1-26-9,27,1,0.0,0,sim
1-26-10,27,1,0.0,0,sim
1-26-11,27,1,0.0,0,sim
1-26-12,27,1,0.0,0,sim
1-26-13,27,1,1.0,0,sim
1-26-14,27,1,1.0,0,sim
1-26-15,27,1,1.0,0,sim
1-26-16,27,1,1.0,0,sim
1-26-17,27,1,1.0,0,sim
1-26-18,27,1,0.0,0,sim
1-26-19,27,1,1.0,0,sim
1-26-20,27,1,0.0,0,sim
1-26-21,27,1,1.0,0,sim
1-26-22,27,1,,0,sim
1-26-23,27,1,1.0,0,sim
1-26-24,27,1,0.0,0,sim
1-26-25,27,1,0.0,0,sim
1-26-26,27,1,0.0,0,sim
1-26-27,27,1,0.0,0,sim
1-26-28,27,1,0.0,0,sim
1-26-29,27,1,1.0,0,sim
1-26-30,27,1,1.0,0,sim
1-26-31,27,1,1.0,0,sim
1-26-32,27,1,1.0,0,sim
1-26-33,27,1,0.0,0,sim
1-26-34,27,1,0.0,0,sim
1-26-35,27,1,1.0,0,sim
1-26-36,27,1,0.0,0,sim
1-26-37,27,1,0.0,0,sim
1-26-38,27,1,0.0,0,sim
1-26-39,27,1,1.0,0,sim
1-26-40,27,1,0.0,1,sim
1-26-41,27,1,1.0,0,sim
1-26-42,27,1,1.0,0,sim
1-26-43,27,1,0.0,0,sim
1-26-44,27,1,1.0,0,sim
1-26-45,27,1,0.0,0,sim
1-26-46,27,1,0.0,0,sim
1-26-47,27,1,1.0,0,sim
1-26-48,27,1,1.0,1,sim
1-26-49,27,1,1.0,0,sim
1-26-50,27,1,1.0,0,sim
1-26-51,27,1,1.0,0,sim
1-26-52,27,1,1.0,0,sim
1-26-53,27,1,1.0,0,sim
1-26-54,27,1,1.0,0,sim
1-26-55,27,1,0.0,0,sim
1-26-56,27,1,1.0,0,sim
1-26-57,27,1,0.0,0,sim
1-26-58,27,1,0.0,0,sim
1-26-59,27,1,0.0,0,sim
1-26-60,27,1,1.0,0,sim
1-26-61,27,1,1.0,0,sim
1-26-62,27,1,0.0,0,sim
1-26-63,27,1,0.0,0,sim
1-26-64,27,1,1.0,0,sim
1-26-65,27,1,1.0,0,sim
1-26-66,27,1,0.0,0,sim
1-26-67,27,1,0.0,0,sim
1-26-68,27,1,1.0,0,sim
1-26-69,27,1,1.0,0,sim
1-26-70,27,1,1.0,0,sim
1-26-71,27,1,0.0,0,sim
1-26-72,27,1,1.0,0,sim
1-26-73,27,1,0.0,0,sim
1-26-74,27,1,1.0,0,sim
1-26-75,27,1,0.0,0,sim
1-26-76,27,1,1.0,0,sim
1-26-77,27,1,1.0,0,sim
1-26-78,27,1,0.0,0,sim
1-26-79,27,1,1.0,0,sim
1-26-80,27,1,1.0,0,sim
1-26-81,27,1,1.0,0,sim
1-26-82,27,1,1.0,0,sim
1-26-83,27,1,1.0,0,sim
1-26-84,27,1,1.0,0,sim
1-26-85,27,1,1.0,0,sim
1-26-86,27,1,1.0,0,sim
1-26-87,27,1,0.0,0,sim
1-26-88,27,1,1.0,0,sim
1-26-89,27,1,1.0,0,sim
1-26-90,27,1,,0,sim
1-26-91,27,1,0.0,0,sim
1-26-92,27,1,1.0,0,sim
1-26-93,27,1,0.0,0,sim
1-26-94,27,1,0.0,0,sim
1-26-95,27,1,1.0,0,sim
1-26-96,27,1,0.0,0,sim
1-26-97,27,1,1.0,0,sim
1-26-98,27,1,0.0,0,sim
1-26-99,27,1,1.0,0,sim
1-26-100,27,1,1.0,0,sim
1-26-101,27,1,1.0,0,sim
1-26-102,27,1,1.0,0,sim
1-26-103,27,1,0.0,0,sim
1-26-104,27,1,0.0,0,sim
1-26-105,27,1,0.0,0,sim
1-26-106,27,1,0.0,0,sim
1-26-107,27,1,1.0,0,sim
1-26-108,27,1,0.0,0,sim
1-26-109,27,1,1.0,0,sim
1-26-110,27,1,0.0,0,sim
1-26-111,27,1,1.0,0,sim
1-26-112,27,1,0.0,0,sim
1-26-113,27,1,0.0,0,sim
1-26-114,27,1,1.0,0,sim
1-26-115,27,1,1.0,0,sim
1-26-116,27,1,1.0,0,sim
1-26-117,27,1,1.0,0,sim
1-26-118,27,1,0.0,0,sim
1-26-119,27,1,0.0,0,sim
1-26-120,27,1,0.0,0,sim
1-26-121,27,1,0.0,0,sim
1-26-122,27,1,0.0,0,sim
1-26-123,27,1,1.0,0,sim
1-26-124,27,1,1.0,0,sim
1-26-125,27,1,1.0,0,sim
1-26-126,27,1,0.0,1,sim
1-26-127,27,1,1.0,0,sim
1-26-128,27,1,1.0,0,sim
1-26-129,27,1,0.0,0,sim
1-26-130,27,1,1.0,0,sim
1-26-131,27,1,1.0,0,sim
1-26-132,27,1,1.0,0,sim
1-26-133,27,1,1.0,0,sim
1-26-134,27,1,0.0,0,sim
1-26-135,27,1,0.0,0,sim
1-26-136,27,1,1.0,0,sim
1-26-137,27,1,1.0,0,sim
1-26-138,27,1,0.0,0,sim
1-26-139,27,1,1.0,0,sim
1-26-140,27,1,1.0,0,sim
1-26-141,27,1,1.0,0,sim
1-26-142,27,1,0.0,1,sim
1-26-143,27,1,1.0,0,sim
1-26-144,27,1,0.0,0,sim
1-26-145,27,1,1.0,0,sim
1-26-146,27,1,1.0,0,sim
1-26-147,27,1,0.0,0,sim
1-26-148,27,1,1.0,0,sim
1-26-149,27,1,1.0,0,sim
1-26-150,27,1,0.0,0,sim
1-26-151,27,1,0.0,0,sim
1-26-152,27,1,1.0,0,sim
1-26-153,27,1,1.0,0,sim
1-26-154,27,1,1.0,0,sim
1-26-155,27,1,0.0,0,sim
1-26-156,27,1,1.0,0,sim
1-26-157,27,1,0.0,0,sim
1-26-158,27,1,1.0,0,sim
1-26-159,27,1,1.0,0,sim
1-26-160,27,1,1.0,0,sim
1-26-161,27,1,1.0,0,sim
1-26-162,27,1,0.0,0,sim
1-26-163,27,1,1.0,0,sim
1-26-164,27,1,1.0,0,sim
1-26-165,27,1,1.0,0,sim
1-26-166,27,1,0.0,0,sim
1-26-167,27,1,0.0,0,sim
1-26-168,27,1,1.0,0,sim
1-26-169,27,1,1.0,0,sim
1-26-170,27,1,1.0,0,sim
1-26-171,27,1,1.0,0,sim
1-26-172,27,1,1.0,0,sim
1-26-173,27,1,0.0,0,sim
1-26-174,27,1,1.0,0,sim
1-26-175,27,1,0.0,0,sim
1-26-176,27,1,1.0,0,sim
1-26-177,27,1,1.0,0,sim
1-26-178,27,1,,0,sim
1-26-179,27,1,1.0,0,sim
1-26-180,27,1,0.0,0,sim
1-26-181,27,1,1.0,0,sim
1-26-182,27,1,0.0,0,sim
1-26-183,27,1,1.0,0,sim
1-26-184,27,1,1.0,0,sim
1-26-185,27,1,0.0,0,sim
1-26-186,27,1,0.0,0,sim
1-26-187,27,1,0.0,0,sim
1-26-188,27,1,0.0,0,sim
1-26-189,27,1,0.0,0,sim
1-26-190,27,1,0.0,0,sim
1-26-191,27,1,1.0,0,sim
1-26-192,27,1,1.0,0,sim
1-26-193,27,1,0.0,0,sim
1-26-194,27,1,1.0,0,sim
1-26-195,27,1,0.0,0,sim
1-26-196,27,1,0.0,0,sim
1-26-197,27,1,1.0,0,sim
1-26-198,27,1,1.0,0,sim
1-26-199,27,1,0.0,0,sim
1-26-200,27,1,1.0,0,sim
1-26-201,27,1,1.0,0,sim
1-26-202,27,1,1.0,0,sim
1-26-203,27,1,0.0,0,sim
1-26-204,27,1,1.0,0,sim
1-26-205,27,1,1.0,0,sim
1-26-206,27,1,0.0,0,sim
1-26-207,27,1,1.0,0,sim
1-26-208,27,1,1.0,0,sim
1-26-209,27,1,1.0,0,sim
1-26-210,27,1,1.0,0,sim
1-26-211,27,1,1.0,0,sim
1-26-212,27,1,1.0,0,sim
1-26-213,27,1,0.0,0,sim
1-26-214,27,1,1.0,0,sim
1-26-215,27,1,0.0,0,sim
1-26-216,27,1,1.0,0,sim
1-26-217,27,1,0.0,0,sim
1-26-218,27,1,0.0,0,sim
1-26-219,27,1,0.0,0,sim
1-26-220,27,1,1.0,1,sim
1-26-221,27,1,1.0,0,sim
1-26-222,27,1,0.0,0,sim
1-26-223,27,1,0.0,0,sim
1-26-224,27,1,1.0,0,sim
1-26-225,27,1,0.0,0,sim
1-26-226,27,1,1.0,0,sim
1-26-227,27,1,0.0,0,sim
1-26-228,27,1,1.0,0,sim
1-26-229,27,1,,0,sim
1-26-230,27,1,0.0,0,sim
1-26-231,27,1,0.0,0,sim
1-26-232,27,1,1.0,0,sim
1-26-233,27,1,0.0,0,sim
1-26-234,27,1,1.0,0,sim
1-26-235,27,1,1.0,0,sim
1-26-236,27,1,1.0,0,sim
1-26-237,27,1,0.0,1,sim
1-26-238,27,1,0.0,0,sim
1-26-239,27,1,1.0,0,sim
1-27-0,28,1,0.0,0,sim
1-27-1,28,1,1.0,0,sim
1-27-2,28,1,1.0,0,sim
1-27-3,28,1,1.0,0,sim
1-27-4,28,1,0.0,0,sim
1-27-5,28,1,0.0,0,sim
1-27-6,28,1,0.0,0,sim
1-27-7,28,1,1.0,0,sim
1-27-8,28,1,0.0,0,sim
1-27-9,28,1,,0,sim
1-27-10,28,1,1.0,0,sim
1-27-11,28,1,1.0,0,sim
1-27-12,28,1,0.0,0,sim
1-27-13,28,1,1.0,0,sim
1-27-14,28,1,0.0,0,sim
1-27-15,28,1,0.0,0,sim
1-27-16,28,1,1.0,1,sim
1-27-17,28,1,1.0,0,sim
1-27-18,28,1,1.0,0,sim
1-27-19,28,1,1.0,0,sim
1-27-20,28,1,1.0,0,sim
1-27-21,28,1,1.0,0,sim
1-27-22,28,1,1.0,0,sim
1-27-23,28,1,0.0,0,sim
1-27-24,28,1,0.0,0,sim
1-27-25,28,1,1.0,0,sim
1-27-26,28,1,1.0,0,sim
1-27-27,28,1,1.0,0,sim
1-27-28,28,1,0.0,1,sim
1-27-29,28,1,0.0,0,sim
1-27-30,28,1,0.0,0,sim
1-27-31,28,1,1.0,0,sim
1-27-32,28,1,1.0,0,sim
1-27-33,28,1,1.0,0,sim
1-27-34,28,1,0.0,1,sim
1-27-35,28,1,0.0,0,sim
1-27-36,28,1,1.0,0,sim
1-27-37,28,1,0.0,0,sim
1-27-38,28,1,1.0,0,sim
1-27-39,28,1,0.0,0,sim
1-27-40,28,1,0.0,0,sim
1-27-41,28,1,1.0,0,sim
1-27-42,28,1,1.0,0,sim
1-27-43,28,1,0.0,0,sim
1-27-44,28,1,0.0,0,sim
1-27-45,28,1,1.0,0,sim
1-27-46,28,1,1.0,0,sim
1-27-47,28,1,,1,sim
1-27-48,28,1,1.0,0,sim
1-27-49,28,1,0.0,1,sim
1-27-50,28,1,1.0,0,sim
1-27-51,28,1,0.0,0,sim
1-27-52,28,1,0.0,0,sim
1-27-53,28,1,1.0,0,sim
1-27-54,28,1,0.0,0,sim
1-27-55,28,1,1.0,0,sim
1-27-56,28,1,1.0,0,sim
1-27-57,28,1,0.0,0,sim
1-27-58,28,1,,1,sim
1-27-59,28,1,1.0,0,sim
1-27-60,28,1,1.0,0,sim
1-27-61,28,1,0.0,0,sim
1-27-62,28,1,0.0,0,sim
1-27-63,28,1,1.0,0,sim
1-27-64,28,1,1.0,0,sim
1-27-65,28,1,1.0,0,sim
1-27-66,28,1,1.0,0,sim
1-27-67,28,1,1.0,0,sim
1-27-68,28,1,0.0,0,sim
1-27-69,28,1,1.0,0,sim
1-27-70,28,1,1.0,0,sim
1-27-71,28,1,0.0,0,sim
1-27-72,28,1,0.0,0,sim
1-27-73,28,1,1.0,0,sim
1-27-74,28,1,1.0,0,sim
1-27-75,28,1,0.0,0,sim
1-27-76,28,1,1.0,0,sim
1-27-77,28,1,1.0,0,sim
1-27-78,28,1,1.0,0,sim
1-27-79,28,1,1.0,0,sim
1-27-80,28,1,1.0,0,sim
1-27-81,28,1,1.0,0,sim
1-27-82,28,1,0.0,0,sim
1-27-83,28,1,0.0,0,sim
1-27-84,28,1,1.0,0,sim
1-27-85,28,1,1.0,0,sim
1-27-86,28,1,1.0,0,sim
1-27-87,28,1,1.0,0,sim
1-27-88,28,1,1.0,0,sim
1-27-89,28,1,0.0,0,sim
1-27-90,28,1,0.0,0,sim
1-27-91,28,1,0.0,0,sim
1-27-92,28,1,0.0,1,sim
1-27-93,28,1,1.0,0,sim
1-27-94,28,1,0.0,0,sim
1-27-95,28,1,1.0,0,sim
1-27-96,28,1,1.0,0,sim
1-27-97,28,1,1.0,0,sim
1-27-98,28,1,1.0,0,sim
1-27-99,28,1,0.0,0,sim
1-27-100,28,1,0.0,0,sim
1-27-101,28,1,1.0,0,sim
1-27-102,28,1,1.0,0,sim
1-27-103,28,1,0.0,0,sim
1-27-104,28,1,1.0,0,sim
1-27-105,28,1,1.0,0,sim
1-27-106,28,1,1.0,0,sim
1-27-107,28,1,,0,sim
1-27-108,28,1,0.0,0,sim
1-27-109,28,1,1.0,0,sim
1-27-110,28,1,1.0,0,sim
1-27-111,28,1,1.0,0,sim
1-27-112,28,1,1.0,0,sim
1-27-113,28,1,1.0,0,sim
1-27-114,28,1,1.0,0,sim
1-27-115,28,1,,0,sim
1-27-116,28,1,0.0,0,sim
1-27-117,28,1,0.0,0,sim
1-27-118,28,1,1.0,0,sim
1-27-119,28,1,0.0,0,sim
1-27-120,28,1,1.0,0,sim
1-27-121,28,1,1.0,0,sim
1-27-122,28,1,0.0,0,sim
1-27-123,28,1,1.0,0,sim
1-27-124,28,1,0.0,0,sim
1-27-125,28,1,1.0,0,sim
1-27-126,28,1,1.0,0,sim
1-27-127,28,1,1.0,0,sim
1-27-128,28,1,1.0,0,sim
1-27-129,28,1,1.0,0,sim
1-27-130,28,1,1.0,0,sim
1-27-131,28,1,1.0,0,sim
1-27-132,28,1,1.0,0,sim
1-27-133,28,1,0.0,0,sim
1-27-134,28,1,1.0,0,sim
1-27-135,28,1,1.0,0,sim
1-27-136,28,1,1.0,0,sim
1-27-137,28,1,1.0,0,sim
1-27-138,28,1,,0,sim
1-27-139,28,1,,0,sim
1-27-140,28,1,0.0,0,sim
1-27-141,28,1,1.0,1,sim
1-27-142,28,1,0.0,0,sim
1-27-143,28,1,1.0,0,sim
1-27-144,28,1,1.0,0,sim
1-27-145,28,1,1.0,0,sim
1-27-146,28,1,1.0,0,sim
1-27-147,28,1,,0,sim
1-27-148,28,1,0.0,0,sim
1-27-149,28,1,1.0,0,sim
1-27-150,28,1,1.0,0,sim
1-27-151,28,1,1.0,0,sim
1-27-152,28,1,1.0,0,sim
1-27-153,28,1,1.0,0,sim
1-27-154,28,1,1.0,0,sim
1-27-155,28,1,0.0,0,sim
1-27-156,28,1,0.0,0,sim
1-27-157,28,1,1.0,0,sim
1-27-158,28,1,1.0,0,sim
1-27-159,28,1,1.0,0,sim
1-27-160,28,1,1.0,0,sim
1-27-161,28,1,1.0,0,sim
1-27-162,28,1,0.0,0,sim
1-27-163,28,1,0.0,0,sim
1-27-164,28,1,0.0,0,sim
1-27-165,28,1,0.0,0,sim
1-27-166,28,1,1.0,0,sim
1-27-167,28,1,,0,sim
1-27-168,28,1,1.0,0,sim
1-27-169,28,1,0.0,1,sim
1-27-170,28,1,1.0,0,sim
1-27-171,28,1,1.0,0,sim
1-27-172,28,1,0.0,0,sim
1-27-173,28,1,1.0,0,sim
1-27-174,28,1,1.0,0,sim
1-27-175,28,1,0.0,0,sim
1-27-176,28,1,1.0,0,sim
1-27-177,28,1,1.0,0,sim
1-27-178,28,1,1.0,0,sim
1-27-179,28,1,1.0,0,sim
1-27-180,28,1,0.0,0,sim
1-27-181,28,1,1.0,0,sim
1-27-182,28,1,1.0,0,sim
1-27-183,28,1,0.0,0,sim
1-27-184,28,1,1.0,0,sim
1-27-185,28,1,1.0,0,sim
1-27-186,28,1,1.0,0,sim
1-27-187,28,1,1.0,0,sim
1-27-188,28,1,,0,sim
1-27-189,28,1,1.0,0,sim
1-27-190,28,1,1.0,0,sim
1-27-191,28,1,1.0,0,sim
1-27-192,28,1,1.0,0,sim
1-27-193,28,1,1.0,0,sim
1-27-194,28,1,1.0,0,sim
1-27-195,28,1,1.0,0,sim
1-27-196,28,1,0.0,0,sim
1-27-197,28,1,1.0,0,sim
1-27-198,28,1,1.0,0,sim
1-27-199,28,1,1.0,0,sim
1-27-200,28,1,1.0,0,sim
1-27-201,28,1,1.0,0,sim
1-27-202,28,1,0.0,0,sim
1-27-203,28,1,1.0,0,sim
1-27-204,28,1,1.0,0,sim
1-27-205,28,1,1.0,0,sim
1-27-206,28,1,1.0,0,sim
1-27-207,28,1,0.0,0,sim
1-27-208,28,1,1.0,0,sim
1-27-209,28,1,1.0,0,sim
1-27-210,28,1,0.0,0,sim
1-27-211,28,1,0.0,0,sim
1-27-212,28,1,1.0,0,sim
1-27-213,28,1,0.0,0,sim
1-27-214,28,1,1.0,0,sim
1-27-215,28,1,0.0,0,sim
1-27-216,28,1,1.0,0,sim
1-27-217,28,1,1.0,0,sim
1-27-218,28,1,1.0,0,sim
1-27-219,28,1,0.0,0,sim
1-27-220,28,1,0.0,0,sim
1-27-221,28,1,0.0,0,sim
1-27-222,28,1,0.0,0,sim
1-27-223,28,1,1.0,0,sim
1-27-224,28,1,1.0,0,sim
1-27-225,28,1,0.0,0,sim
1-27-226,28,1,1.0,0,sim
1-27-227,28,1,1.0,0,sim
1-27-228,28,1,0.0,0,sim
1-27-229,28,1,1.0,0,sim
1-27-230,28,1,1.0,0,sim
1-27-231,28,1,0.0,0,sim
1-27-232,28,1,1.0,0,sim
1-27-233,28,1,1.0,0,sim
1-27-234,28,1,0.0,0,sim
1-27-235,28,1,1.0,0,sim
1-27-236,28,1,0.0,0,sim
1-27-237,28,1,0.0,0,sim
1-27-238,28,1,0.0,0,sim
1-27-239,28,1,0.0,0,sim
1-28-0,29,1,1.0,0,sim
1-28-1,29,1,1.0,0,sim
1-28-2,29,1,1.0,0,sim
1-28-3,29,1,1.0,1,sim
1-28-4,29,1,1.0,0,sim
1-28-5,29,1,1.0,0,sim
1-28-6,29,1,1.0,0,sim
1-28-7,29,1,1.0,0,sim
1-28-8,29,1,0.0,0,sim
1-28-9,29,1,1.0,0,sim
1-28-10,29,1,0.0,0,sim
1-28-11,29,1,0.0,0,sim
1-28-12,29,1,1.0,0,sim
1-28-13,29,1,1.0,0,sim
1-28-14,29,1,1.0,0,sim
1-28-15,29,1,1.0,0,sim
1-28-16,29,1,1.0,0,sim
1-28-17,29,1,0.0,0,sim
1-28-18,29,1,1.0,0,sim
1-28-19,29,1,1.0,0,sim
1-28-20,29,1,1.0,0,sim
1-28-21,29,1,1.0,0,sim
1-28-22,29,1,1.0,0,sim
1-28-23,29,1,1.0,0,sim
1-28-24,29,1,1.0,0,sim
1-28-25,29,1,1.0,0,sim
1-28-26,29,1,0.0,0,sim
1-28-27,29,1,1.0,0,sim
1-28-28,29,1,0.0,0,sim
1-28-29,29,1,0.0,0,sim
1-28-30,29,1,0.0,0,sim
1-28-31,29,1,1.0,0,sim
1-28-32,29,1,1.0,0,sim
1-28-33,29,1,0.0,0,sim
1-28-34,29,1,,0,sim
1-28-35,29,1,0.0,0,sim
1-28-36,29,1,1.0,0,sim
1-28-37,29,1,0.0,0,sim
1-28-38,29,1,1.0,0,sim
1-28-39,29,1,1.0,0,sim
1-28-40,29,1,0.0,0,sim
1-28-41,29,1,1.0,0,sim
1-28-42,29,1,1.0,0,sim
1-28-43,29,1,1.0,0,sim
1-28-44,29,1,1.0,0,sim
1-28-45,29,1,1.0,0,sim
1-28-46,29,1,0.0,0,sim
1-28-47,29,1,0.0,0,sim
1-28-48,29,1,0.0,0,sim
1-28-49,29,1,0.0,0,sim
1-28-50,29,1,0.0,0,sim
1-28-51,29,1,0.0,0,sim
1-28-52,29,1,1.0,0,sim
1-28-53,29,1,1.0,0,sim
1-28-54,29,1,1.0,0,sim
1-28-55,29,1,0.0,0,sim
1-28-56,29,1,1.0,0,sim
1-28-57,29,1,1.0,0,sim
1-28-58,29,1,0.0,0,sim
1-28-59,29,1,1.0,0,sim
1-28-60,29,1,1.0,1,sim
1-28-61,29,1,1.0,0,sim
1-28-62,29,1,1.0,1,sim
1-28-63,29,1,1.0,0,sim
1-28-64,29,1,0.0,0,sim
1-28-65,29,1,1.0,0,sim
1-28-66,29,1,1.0,0,sim
1-28-67,29,1,0.0,0,sim
1-28-68,29,1,0.0,0,sim
1-28-69,29,1,0.0,0,sim
1-28-70,29,1,1.0,0,sim
1-28-71,29,1,0.0,0,sim
1-28-72,29,1,1.0,0,sim
1-28-73,29,1,1.0,0,sim
1-28-74,29,1,1.0,0,sim
1-28-75,29,1,1.0,0,sim
1-28-76,29,1,1.0,0,sim
1-28-77,29,1,1.0,0,sim
1-28-78,29,1,1.0,0,sim
1-28-79,29,1,1.0,0,sim
1-28-80,29,1,0.0,0,sim
1-28-81,29,1,0.0,0,sim
1-28-82,29,1,0.0,0,sim
1-28-83,29,1,1.0,0,sim
1-28-84,29,1,1.0,0,sim
1-28-85,29,1,1.0,0,sim
1-28-86,29,1,1.0,0,sim
1-28-87,29,1,1.0,0,sim
1-28-88,29,1,0.0,0,sim
1-28-89,29,1,1.0,0,sim
1-28-90,29,1,1.0,0,sim
1-28-91,29,1,1.0,0,sim
1-28-92,29,1,1.0,0,sim
1-28-93,29,1,1.0,0,sim
1-28-94,29,1,0.0,0,sim
1-28-95,29,1,0.0,0,sim
1-28-96,29,1,1.0,0,sim
1-28-97,29,1,1.0,0,sim
1-28-98,29,1,1.0,0,sim
1-28-99,29,1,1.0,0,sim
1-28-100,29,1,0.0,0,sim
1-28-101,29,1,1.0,0,sim
1-28-102,29,1,0.0,0,sim
1-28-103,29,1,0.0,0,sim
1-28-104,29,1,0.0,0,sim
1-28-105,29,1,1.0,0,sim
1-28-106,29,1,1.0,0,sim
1-28-107,29,1,,0,sim
1-28-108,29,1,1.0,0,sim
1-28-109,29,1,1.0,0,sim
1-28-110,29,1,1.0,0,sim
1-28-111,29,1,1.0,0,sim
1-28-112,29,1,1.0,0,sim
1-28-113,29,1,0.0,0,sim
1-28-114,29,1,1.0,0,sim
1-28-115,29,1,1.0,1,sim
1-28-116,29,1,0.0,0,sim
1-28-117,29,1,0.0,0,sim
1-28-118,29,1,1.0,0,sim
1-28-119,29,1,1.0,0,sim
1-28-120,29,1,1.0,0,sim
1-28-121,29,1,1.0,0,sim
1-28-122,29,1,1.0,0,sim
1-28-123,29,1,0.0,0,sim
1-28-124,29,1,0.0,0,sim
1-28-125,29,1,0.0,0,sim
1-28-126,29,1,1.0,0,sim
1-28-127,29,1,1.0,0,sim
1-28-128,29,1,0.0,0,sim
1-28-129,29,1,1.0,0,sim
1-28-130,29,1,1.0,0,sim
1-28-131,29,1,0.0,1,sim
1-28-132,29,1,0.0,0,sim
1-28-133,29,1,1.0,0,sim
1-28-134,29,1,1.0,0,sim
1-28-135,29,1,0.0,0,sim
1-28-136,29,1,1.0,0,sim
1-28-137,29,1,1.0,0,sim
1-28-138,29,1,0.0,0,sim
1-28-139,29,1,0.0,0,sim
1-28-140,29,1,0.0,0,sim
1-28-141,29,1,1.0,0,sim
1-28-142,29,1,1.0,0,sim
1-28-143,29,1,1.0,0,sim
1-28-144,29,1,,0,sim
1-28-145,29,1,1.0,0,sim
1-28-146,29,1,1.0,0,sim
1-28-147,29,1,0.0,0,sim
1-28-148,29,1,,0,sim
1-28-149,29,1,1.0,0,sim
1-28-150,29,1,1.0,0,sim
1-28-151,29,1,1.0,0,sim
1-28-152,29,1,1.0,0,sim
1-28-153,29,1,1.0,0,sim
1-28-154,29,1,1.0,0,sim
1-28-155,29,1,1.0,0,sim
1-28-156,29,1,1.0,0,sim
1-28-157,29,1,0.0,0,sim
1-28-158,29,1,0.0,0,sim
1-28-159,29,1,1.0,0,sim
1-28-160,29,1,1.0,0,sim
1-28-161,29,1,0.0,1,sim
1-28-162,29,1,1.0,0,sim
1-28-163,29,1,1.0,0,sim
1-28-164,29,1,0.0,0,sim
1-28-165,29,1,0.0,0,sim
1-28-166,29,1,0.0,0,sim
1-28-167,29,1,0.0,0,sim
1-28-168,29,1,1.0,0,sim
1-28-169,29,1,1.0,0,sim
1-28-170,29,1,0.0,0,sim
1-28-171,29,1,1.0,0,sim
1-28-172,29,1,1.0,0,sim
1-28-173,29,1,0.0,0,sim
1-28-174,29,1,1.0,0,sim
1-28-175,29,1,1.0,0,sim
1-28-176,29,1,0.0,0,sim
1-28-177,29,1,1.0,0,sim
1-28-178,29,1,1.0,0,sim
1-28-179,29,1,0.0,0,sim
1-28-180,29,1,0.0,0,sim
1-28-181,29,1,0.0,0,sim
1-28-182,29,1,1.0,0,sim
1-28-183,29,1,0.0,0,sim
1-28-184,29,1,1.0,0,sim
1-28-185,29,1,1.0,0,sim
1-28-186,29,1,1.0,0,sim
1-28-187,29,1,0.0,0,sim
1-28-188,29,1,1.0,0,sim
1-28-189,29,1,1.0,0,sim
1-28-190,29,1,1.0,0,sim
1-28-191,29,1,1.0,0,sim
1-28-192,29,1,0.0,0,sim
1-28-193,29,1,0.0,1,sim
1-28-194,29,1,1.0,0,sim
1-28-195,29,1,0.0,0,sim
1-28-196,29,1,1.0,0,sim
1-28-197,29,1,1.0,0,sim
1-28-198,29,1,1.0,0,sim
1-28-199,29,1,1.0,0,sim
1-28-200,29,1,1.0,0,sim
1-28-201,29,1,0.0,0,sim
1-28-202,29,1,1.0,0,sim
1-28-203,29,1,1.0,0,sim
1-28-204,29,1,0.0,0,sim
1-28-205,29,1,1.0,0,sim
1-28-206,29,1,1.0,0,sim
1-28-207,29,1,0.0,0,sim
1-28-208,29,1,1.0,0,sim
1-28-209,29,1,0.0,0,sim
1-28-210,29,1,1.0,0,sim
1-28-211,29,1,0.0,0,sim
1-28-212,29,1,1.0,0,sim
1-28-213,29,1,0.0,0,sim
1-28-214,29,1,0.0,0,sim
1-28-215,29,1,1.0,0,sim
1-28-216,29,1,0.0,0,sim
1-28-217,29,1,1.0,0,sim
1-28-218,29,1,1.0,0,sim
1-28-219,29,1,1.0,0,sim
1-28-220,29,1,1.0,0,sim
1-28-221,29,1,0.0,0,sim
1-28-222,29,1,1.0,0,sim
1-28-223,29,1,1.0,0,sim
1-28-224,29,1,1.0,0,sim
1-28-225,29,1,0.0,0,sim
1-28-226,29,1,1.0,0,sim
1-28-227,29,1,0.0,0,sim
1-28-228,29,1,0.0,0,sim
1-28-229,29,1,0.0,0,sim
1-28-230,29,1,1.0,0,sim
1-28-231,29,1,1.0,0,sim
1-28-232,29,1,1.0,0,sim
1-28-233,29,1,0.0,1,sim
1-28-234,29,1,1.0,0,sim
1-28-235,29,1,1.0,0,sim
1-28-236,29,1,0.0,0,sim
1-28-237,29,1,1.0,0,sim
1-28-238,29,1,1.0,0,sim
1-28-239,29,1,1.0,0,sim
1-29-0,30,1,0.0,0,sim
1-29-1,30,1,1.0,0,sim
1-29-2,30,1,1.0,0,sim
1-29-3,30,1,0.0,0,sim
1-29-4,30,1,,0,sim
1-29-5,30,1,1.0,0,sim
1-29-6,30,1,0.0,0,sim
1-29-7,30,1,1.0,0,sim
1-29-8,30,1,0.0,0,sim
1-29-9,30,1,1.0,0,sim
1-29-10,30,1,0.0,0,sim
1-29-11,30,1,1.0,0,sim
1-29-12,30,1,0.0,0,sim
1-29-13,30,1,0.0,0,sim
1-29-14,30,1,1.0,0,sim
1-29-15,30,1,0.0,0,sim
1-29-16,30,1,1.0,0,sim
1-29-17,30,1,0.0,0,sim
1-29-18,30,1,0.0,0,sim
1-29-19,30,1,1.0,0,sim
1-29-20,30,1,1.0,0,sim
1-29-21,30,1,1.0,0,sim
1-29-22,30,1,1.0,0,sim
1-29-23,30,1,1.0,0,sim
1-29-24,30,1,0.0,0,sim
1-29-25,30,1,1.0,0,sim
1-29-26,30,1,1.0,0,sim
1-29-27,30,1,1.0,1,sim
1-29-28,30,1,1.0,1,sim
1-29-29,30,1,1.0,0,sim
1-29-30,30,1,1.0,0,sim
1-29-31,30,1,1.0,0,sim
1-29-32,30,1,1.0,0,sim
1-29-33,30,1,1.0,0,sim
1-29-34,30,1,0.0,0,sim
1-29-35,30,1,1.0,0,sim
1-29-36,30,1,1.0,0,sim
1-29-37,30,1,1.0,0,sim
1-29-38,30,1,1.0,0,sim
1-29-39,30,1,0.0,0,sim
1-29-40,30,1,1.0,0,sim
1-29-41,30,1,0.0,0,sim
1-29-42,30,1,1.0,0,sim
1-29-43,30,1,1.0,0,sim
1-29-44,30,1,1.0,0,sim
1-29-45,30,1,1.0,0,sim
1-29-46,30,1,0.0,0,sim
1-29-47,30,1,1.0,0,sim
1-29-48,30,1,1.0,0,sim
1-29-49,30,1,0.0,0,sim
1-29-50,30,1,0.0,0,sim
1-29-51,30,1,0.0,0,sim
1-29-52,30,1,0.0,0,sim
1-29-53,30,1,1.0,0,sim
1-29-54,30,1,1.0,0,sim
1-29-55,30,1,1.0,0,sim
1-29-56,30,1,1.0,0,sim
1-29-57,30,1,0.0,0,sim
1-29-58,30,1,1.0,0,sim
1-29-59,30,1,1.0,0,sim
1-29-60,30,1,0.0,0,sim
1-29-61,30,1,1.0,0,sim
1-29-62,30,1,1.0,0,sim
1-29-63,30,1,1.0,0,sim
1-29-64,30,1,0.0,0,sim
1-29-65,30,1,0.0,1,sim
1-29-66,30,1,1.0,0,sim
1-29-67,30,1,1.0,0,sim
1-29-68,30,1,0.0,0,sim
1-29-69,30,1,1.0,0,sim
1-29-70,30,1,0.0,0,sim
1-29-71,30,1,1.0,0,sim
1-29-72,30,1,0.0,0,sim
1-29-73,30,1,0.0,0,sim
1-29-74,30,1,0.0,0,sim
1-29-75,30,1,,0,sim
1-29-76,30,1,1.0,0,sim
1-29-77,30,1,0.0,0,sim
1-29-78,30,1,1.0,0,sim
1-29-79,30,1,0.0,0,sim
1-29-80,30,1,1.0,0,sim
1-29-81,30,1,1.0,0,sim
1-29-82,30,1,1.0,0,sim
1-29-83,30,1,0.0,0,sim
1-29-84,30,1,1.0,0,sim
1-29-85,30,1,1.0,0,sim
1-29-86,30,1,0.0,0,sim
1-29-87,30,1,1.0,0,sim
1-29-88,30,1,1.0,0,sim
1-29-89,30,1,0.0,0,sim
1-29-90,30,1,1.0,0,sim
1-29-91,30,1,0.0,0,sim
1-29-92,30,1,0.0,0,sim
1-29-93,30,1,0.0,0,sim
1-29-94,30,1,1.0,0,sim
1-29-95,30,1,1.0,0,sim
1-29-96,30,1,1.0,0,sim
1-29-97,30,1,1.0,0,sim
1-29-98,30,1,1.0,0,sim
1-29-99,30,1,1.0,0,sim
1-29-100,30,1,1.0,0,sim
1-29-101,30,1,0.0,0,sim
1-29-102,30,1,1.0,0,sim
1-29-103,30,1,1.0,0,sim
1-29-104,30,1,1.0,0,sim
1-29-105,30,1,1.0,1,sim
1-29-106,30,1,1.0,0,sim
1-29-107,30,1,1.0,0,sim
1-29-108,30,1,1.0,0,sim
1-29-109,30,1,0.0,0,sim
1-29-110,30,1,1.0,0,sim
1-29-111,30,1,0.0,0,sim
1-29-112,30,1,1.0,0,sim
1-29-113,30,1,1.0,0,sim
1-29-114,30,1,0.0,0,sim
1-29-115,30,1,1.0,0,sim
1-29-116,30,1,1.0,0,sim
1-29-117,30,1,1.0,0,sim
1-29-118,30,1,,0,sim
1-29-119,30,1,1.0,0,sim
1-29-120,30,1,0.0,0,sim
1-29-121,30,1,0.0,0,sim
1-29-122,30,1,1.0,0,sim
1-29-123,30,1,1.0,0,sim
1-29-124,30,1,1.0,0,sim
1-29-125,30,1,1.0,0,sim
1-29-126,30,1,,0,sim
1-29-127,30,1,1.0,0,sim
1-29-128,30,1,1.0,0,sim
1-29-129,30,1,1.0,0,sim
1-29-130,30,1,1.0,0,sim
1-29-131,30,1,1.0,0,sim
1-29-132,30,1,1.0,0,sim
1-29-133,30,1,1.0,0,sim
1-29-134,30,1,0.0,0,sim
1-29-135,30,1,1.0,0,sim
1-29-136,30,1,0.0,0,sim
1-29-137,30,1,1.0,0,sim
1-29-138,30,1,0.0,0,sim
1-29-139,30,1,1.0,0,sim
1-29-140,30,1,0.0,0,sim
1-29-141,30,1,0.0,0,sim
1-29-142,30,1,1.0,0,sim
1-29-143,30,1,1.0,0,sim
1-29-144,30,1,1.0,0,sim
1-29-145,30,1,1.0,0,sim
1-29-146,30,1,1.0,0,sim
1-29-147,30,1,0.0,0,sim
1-29-148,30,1,0.0,0,sim
1-29-149,30,1,0.0,0,sim
1-29-150,30,1,0.0,0,sim
1-29-151,30,1,1.0,0,sim
1-29-152,30,1,1.0,0,sim
1-29-153,30,1,1.0,0,sim
1-29-154,30,1,1.0,0,sim
1-29-155,30,1,,0,sim
1-29-156,30,1,1.0,0,sim
1-29-157,30,1,1.0,0,sim
1-29-158,30,1,0.0,0,sim
1-29-159,30,1,0.0,0,sim
1-29-160,30,1,1.0,0,sim
1-29-161,30,1,1.0,0,sim
1-29-162,30,1,,0,sim
1-29-163,30,1,1.0,0,sim
1-29-164,30,1,0.0,0,sim
1-29-165,30,1,1.0,1,sim
1-29-166,30,1,0.0,0,sim
1-29-167,30,1,1.0,0,sim
1-29-168,30,1,1.0,0,sim
1-29-169,30,1,0.0,0,sim
1-29-170,30,1,1.0,0,sim
1-29-171,30,1,0.0,0,sim
1-29-172,30,1,0.0,0,sim
1-29-173,30,1,0.0,0,sim
1-29-174,30,1,,0,sim
1-29-175,30,1,0.0,0,sim
1-29-176,30,1,1.0,0,sim
1-29-177,30,1,1.0,0,sim
1-29-178,30,1,1.0,0,sim
1-29-179,30,1,0.0,0,sim
1-29-180,30,1,1.0,1,sim
1-29-181,30,1,1.0,0,sim
1-29-182,30,1,1.0,0,sim
1-29-183,30,1,0.0,0,sim
1-29-184,30,1,1.0,0,sim
1-29-185,30,1,1.0,0,sim
1-29-186,30,1,1.0,0,sim
1-29-187,30,1,1.0,1,sim
1-29-188,30,1,1.0,0,sim
1-29-189,30,1,0.0,0,sim
1-29-190,30,1,1.0,0,sim
1-29-191,30,1,0.0,0,sim
1-29-192,30,1,0.0,0,sim
1-29-193,30,1,1.0,0,sim
1-29-194,30,1,0.0,0,sim
1-29-195,30,1,1.0,0,sim
1-29-196,30,1,1.0,0,sim
1-29-197,30,1,0.0,0,sim
1-29-198,30,1,0.0,0,sim
1-29-199,30,1,0.0,0,sim
1-29-200,30,1,1.0,0,sim
1-29-201,30,1,0.0,0,sim
1-29-202,30,1,0.0,0,sim
1-29-203,30,1,1.0,0,sim
1-29-204,30,1,1.0,0,sim
1-29-205,30,1,1.0,0,sim
1-29-206,30,1,1.0,0,sim
1-29-207,30,1,0.0,0,sim
1-29-208,30,1,0.0,0,sim
1-29-209,30,1,0.0,0,sim
1-29-210,30,1,0.0,0,sim
1-29-211,30,1,1.0,0,sim
1-29-212,30,1,0.0,0,sim
1-29-213,30,1,0.0,0,sim
1-29-214,30,1,1.0,0,sim
1-29-215,30,1,1.0,0,sim
1-29-216,30,1,1.0,0,sim
1-29-217,30,1,1.0,0,sim
1-29-218,30,1,,0,sim
1-29-219,30,1,0.0,0,sim
1-29-220,30,1,0.0,0,sim
1-29-221,30,1,1.0,0,sim
1-29-222,30,1,1.0,0,sim
1-29-223,30,1,1.0,0,sim
1-29-224,30,1,0.0,0,sim
1-29-225,30,1,0.0,0,sim
1-29-226,30,1,1.0,0,sim
1-29-227,30,1,0.0,0,sim
1-29-228,30,1,0.0,0,sim
1-29-229,30,1,0.0,0,sim
1-29-230,30,1,1.0,0,sim
1-29-231,30,1,1.0,0,sim
1-29-232,30,1,0.0,0,sim
1-29-233,30,1,0.0,0,sim
1-29-234,30,1,1.0,0,sim
1-29-235,30,1,1.0,0,sim
1-29-236,30,1,1.0,0,sim
1-29-237,30,1,1.0,0,sim
1-29-238,30,1,0.0,0,sim
1-29-239,30,1,1.0,0,sim
1-30-0,31,1,1.0,0,sim
1-30-1,31,1,1.0,0,sim
1-30-2,31,1,0.0,0,sim
1-30-3,31,1,1.0,0,sim
1-30-4,31,1,1.0,0,sim
1-30-5,31,1,0.0,0,sim
1-30-6,31,1,0.0,0,sim
1-30-7,31,1,0.0,0,sim
1-30-8,31,1,1.0,0,sim
1-30-9,31,1,0.0,0,sim
1-30-10,31,1,1.0,0,sim
1-30-11,31,1,1.0,0,sim
1-30-12,31,1,0.0,0,sim
1-30-13,31,1,0.0,0,sim
1-30-14,31,1,0.0,0,sim
1-30-15,31,1,1.0,0,sim
1-30-16,31,1,1.0,0,sim
1-30-17,31,1,1.0,0,sim
1-30-18,31,1,1.0,1,sim
1-30-19,31,1,0.0,0,sim
1-30-20,31,1,0.0,0,sim
1-30-21,31,1,1.0,0,sim
1-30-22,31,1,1.0,0,sim
1-30-23,31,1,1.0,0,sim
1-30-24,31,1,1.0,0,sim
1-30-25,31,1,0.0,0,sim
1-30-26,31,1,1.0,0,sim
1-30-27,31,1,1.0,0,sim
1-30-28,31,1,1.0,0,sim
1-30-29,31,1,1.0,0,sim
1-30-30,31,1,1.0,0,sim
1-30-31,31,1,1.0,0,sim
1-30-32,31,1,1.0,0,sim
1-30-33,31,1,1.0,0,sim
1-30-34,31,1,1.0,0,sim
1-30-35,31,1,1.0,0,sim
1-30-36,31,1,1.0,0,sim
1-30-37,31,1,1.0,0,sim
1-30-38,31,1,0.0,0,sim
1-30-39,31,1,1.0,0,sim
1-30-40,31,1,0.0,0,sim
1-30-41,31,1,1.0,0,sim
1-30-42,31,1,1.0,0,sim
1-30-43,31,1,1.0,0,sim
1-30-44,31,1,1.0,0,sim
1-30-45,31,1,1.0,0,sim
1-30-46,31,1,,0,sim
1-30-47,31,1,,0,sim
1-30-48,31,1,1.0,1,sim
1-30-49,31,1,0.0,0,sim
1-30-50,31,1,,0,sim
1-30-51,31,1,,0,sim
1-30-52,31,1,1.0,0,sim
1-30-53,31,1,1.0,0,sim
1-30-54,31,1,1.0,0,sim
1-30-55,31,1,0.0,0,sim
1-30-56,31,1,1.0,0,sim
1-30-57,31,1,1.0,0,sim
1-30-58,31,1,1.0,0,sim
1-30-59,31,1,1.0,0,sim
1-30-60,31,1,0.0,0,sim
1-30-61,31,1,1.0,0,sim
1-30-62,31,1,1.0,0,sim
1-30-63,31,1,1.0,0,sim
1-30-64,31,1,1.0,0,sim
1-30-65,31,1,,0,sim
1-30-66,31,1,0.0,0,sim
1-30-67,31,1,1.0,0,sim
1-30-68,31,1,1.0,0,sim
1-30-69,31,1,1.0,0,sim
1-30-70,31,1,1.0,0,sim
1-30-71,31,1,1.0,0,sim
1-30-72,31,1,1.0,0,sim
1-30-73,31,1,0.0,0,sim
1-30-74,31,1,1.0,0,sim
1-30-75,31,1,1.0,0,sim
1-30-76,31,1,0.0,0,sim
1-30-77,31,1,0.0,0,sim
1-30-78,31,1,1.0,0,sim
1-30-79,31,1,0.0,0,sim
1-30-80,31,1,1.0,0,sim
1-30-81,31,1,1.0,0,sim
1-30-82,31,1,0.0,0,sim
1-30-83,31,1,1.0,0,sim
1-30-84,31,1,1.0,0,sim
1-30-85,31,1,1.0,0,sim
1-30-86,31,1,0.0,0,sim
1-30-87,31,1,1.0,0,sim
1-30-88,31,1,1.0,0,sim
1-30-89,31,1,0.0,0,sim
1-30-90,31,1,1.0,0,sim
1-30-91,31,1,1.0,0,sim
1-30-92,31,1,1.0,0,sim
1-30-93,31,1,1.0,0,sim
1-30-94,31,1,1.0,0,sim
1-30-95,31,1,1.0,0,sim
1-30-96,31,1,0.0,0,sim
1-30-97,31,1,1.0,0,sim
1-30-98,31,1,1.0,0,sim
1-30-99,31,1,1.0,0,sim
1-30-100,31,1,0.0,0,sim
1-30-101,31,1,,0,sim
1-30-102,31,1,1.0,0,sim
1-30-103,31,1,1.0,0,sim
1-30-104,31,1,0.0,1,sim
1-30-105,31,1,1.0,0,sim
1-30-106,31,1,1.0,0,sim
1-30-107,31,1,1.0,0,sim
1-30-108,31,1,1.0,0,sim
1-30-109,31,1,0.0,0,sim
1-30-110,31,1,1.0,0,sim
1-30-111,31,1,0.0,0,sim
1-30-112,31,1,1.0,0,sim
1-30-113,31,1,1.0,0,sim
1-30-114,31,1,1.0,0,sim
1-30-115,31,1,0.0,0,sim
1-30-116,31,1,1.0,0,sim
1-30-117,31,1,1.0,0,sim
1-30-118,31,1,1.0,0,sim
1-30-119,31,1,1.0,0,sim
1-30-120,31,1,0.0,0,sim
1-30-121,31,1,1.0,0,sim
1-30-122,31,1,1.0,0,sim
1-30-123,31,1,0.0,0,sim
1-30-124,31,1,0.0,0,sim
1-30-125,31,1,1.0,0,sim
1-30-126,31,1,0.0,0,sim
1-30-127,31,1,1.0,1,sim
1-30-128,31,1,1.0,0,sim
1-30-129,31,1,1.0,0,sim
1-30-130,31,1,1.0,0,sim
1-30-131,31,1,1.0,0,sim
1-30-132,31,1,0.0,0,sim
1-30-133,31,1,0.0,0,sim
1-30-134,31,1,1.0,0,sim
1-30-135,31,1,1.0,0,sim
1-30-136,31,1,1.0,0,sim
1-30-137,31,1,1.0,0,sim
1-30-138,31,1,1.0,0,sim
1-30-139,31,1,1.0,0,sim
1-30-140,31,1,0.0,0,sim
1-30-141,31,1,1.0,0,sim
1-30-142,31,1,1.0,0,sim
1-30-143,31,1,1.0,0,sim
1-30-144,31,1,0.0,0,sim
1-30-145,31,1,1.0,0,sim
1-30-146,31,1,0.0,0,sim
1-30-147,31,1,1.0,0,sim
1-30-148,31,1,1.0,0,sim
1-30-149,31,1,0.0,1,sim
1-30-150,31,1,1.0,1,sim
1-30-151,31,1,1.0,0,sim
1-30-152,31,1,1.0,0,sim
1-30-153,31,1,1.0,0,sim
1-30-154,31,1,1.0,0,sim
1-30-155,31,1,1.0,0,sim
1-30-156,31,1,1.0,0,sim
1-30-157,31,1,0.0,0,sim
1-30-158,31,1,0.0,0,sim
1-30-159,31,1,0.0,0,sim
1-30-160,31,1,0.0,0,sim
1-30-161,31,1,1.0,0,sim
1-30-162,31,1,1.0,0,sim
1-30-163,31,1,0.0,0,sim
1-30-164,31,1,1.0,0,sim
1-30-165,31,1,0.0,0,sim
1-30-166,31,1,0.0,0,sim
1-30-167,31,1,1.0,0,sim
1-30-168,31,1,1.0,0,sim
1-30-169,31,1,0.0,0,sim
1-30-170,31,1,1.0,0,sim
1-30-171,31,1,0.0,0,sim
1-30-172,31,1,1.0,1,sim
1-30-173,31,1,1.0,0,sim
1-30-174,31,1,1.0,0,sim
1-30-175,31,1,1.0,0,sim
1-30-176,31,1,0.0,0,sim
1-30-177,31,1,1.0,0,sim
1-30-178,31,1,1.0,0,sim
1-30-179,31,1,1.0,0,sim
1-30-180,31,1,1.0,0,sim
1-30-181,31,1,1.0,0,sim
1-30-182,31,1,1.0,0,sim
1-30-183,31,1,0.0,0,sim
1-30-184,31,1,0.0,0,sim
1-30-185,31,1,0.0,0,sim
1-30-186,31,1,1.0,0,sim
1-30-187,31,1,1.0,0,sim
1-30-188,31,1,0.0,0,sim
1-30-189,31,1,0.0,0,sim
1-30-190,31,1,1.0,0,sim
1-30-191,31,1,1.0,0,sim
1-30-192,31,1,0.0,0,sim
1-30-193,31,1,1.0,0,sim
1-30-194,31,1,0.0,0,sim
1-30-195,31,1,1.0,0,sim
1-30-196,31,1,1.0,0,sim
1-30-197,31,1,1.0,0,sim
1-30-198,31,1,1.0,0,sim
1-30-199,31,1,1.0,0,sim
1-30-200,31,1,1.0,0,sim
1-30-201,31,1,1.0,0,sim
1-30-202,31,1,1.0,0,sim
1-30-203,31,1,1.0,0,sim
1-30-204,31,1,0.0,0,sim
1-30-205,31,1,0.0,0,sim
1-30-206,31,1,1.0,0,sim
1-30-207,31,1,0.0,1,sim
1-30-208,31,1,1.0,0,sim
1-30-209,31,1,1.0,0,sim
1-30-210,31,1,0.0,0,sim
1-30-211,31,1,1.0,0,sim
1-30-212,31,1,1.0,0,sim
1-30-213,31,1,1.0,0,sim
1-30-214,31,1,0.0,0,sim
1-30-215,31,1,0.0,0,sim
1-30-216,31,1,1.0,0,sim
1-30-217,31,1,1.0,0,sim
1-30-218,31,1,1.0,0,sim
1-30-219,31,1,1.0,1,sim
1-30-220,31,1,1.0,0,sim
1-30-221,31,1,1.0,0,sim
1-30-222,31,1,0.0,0,sim
1-30-223,31,1,0.0,0,sim
1-30-224,31,1,1.0,0,sim
1-30-225,31,1,1.0,1,sim
1-30-226,31,1,1.0,0,sim
1-30-227,31,1,0.0,0,sim
1-30-228,31,1,0.0,1,sim
1-30-229,31,1,1.0,0,sim
1-30-230,31,1,0.0,0,sim
1-30-231,31,1,1.0,0,sim
1-30-232,31,1,0.0,0,sim
1-30-233,31,1,0.0,0,sim
1-30-234,31,1,0.0,0,sim
1-30-235,31,1,0.0,0,sim
1-30-236,31,1,0.0,0,sim
1-30-237,31,1,1.0,0,sim
1-30-238,31,1,0.0,0,sim
1-30-239,31,1,1.0,0,sim
1-31-0,32,1,0.0,0,sim
1-31-1,32,1,1.0,0,sim
1-31-2,32,1,1.0,0,sim
1-31-3,32,1,1.0,0,sim
1-31-4,32,1,1.0,0,sim
1-31-5,32,1,1.0,0,sim
1-31-6,32,1,0.0,0,sim
1-31-7,32,1,1.0,0,sim
1-31-8,32,1,1.0,0,sim
1-31-9,32,1,1.0,0,sim
1-31-10,32,1,1.0,0,sim
1-31-11,32,1,1.0,0,sim
1-31-12,32,1,1.0,0,sim
1-31-13,32,1,1.0,0,sim
1-31-14,32,1,1.0,0,sim
1-31-15,32,1,1.0,0,sim
1-31-16,32,1,1.0,0,sim
1-31-17,32,1,,0,sim
1-31-18,32,1,0.0,0,sim
1-31-19,32,1,1.0,0,sim
1-31-20,32,1,1.0,0,sim
1-31-21,32,1,1.0,0,sim
1-31-22,32,1,1.0,0,sim
1-31-23,32,1,0.0,0,sim
1-31-24,32,1,1.0,0,sim
1-31-25,32,1,0.0,0,sim
1-31-26,32,1,1.0,0,sim
1-31-27,32,1,1.0,0,sim
1-31-28,32,1,1.0,0,sim
1-31-29,32,1,1.0,0,sim
1-31-30,32,1,0.0,0,sim
1-31-31,32,1,1.0,0,sim
1-31-32,32,1,1.0,0,sim
1-31-33,32,1,1.0,0,sim
1-31-34,32,1,1.0,0,sim
1-31-35,32,1,1.0,0,sim
1-31-36,32,1,0.0,0,sim
1-31-37,32,1,1.0,0,sim
1-31-38,32,1,0.0,0,sim
1-31-39,32,1,0.0,0,sim
1-31-40,32,1,0.0,0,sim
1-31-41,32,1,1.0,0,sim
1-31-42,32,1,1.0,0,sim
1-31-43,32,1,1.0,0,sim
1-31-44,32,1,1.0,0,sim
1-31-45,32,1,1.0,0,sim
1-31-46,32,1,1.0,0,sim
1-31-47,32,1,1.0,0,sim
1-31-48,32,1,0.0,0,sim
1-31-49,32,1,0.0,0,sim
1-31-50,32,1,1.0,0,sim
1-31-51,32,1,1.0,1,sim
1-31-52,32,1,1.0,0,sim
1-31-53,32,1,1.0,0,sim
1-31-54,32,1,1.0,0,sim
1-31-55,32,1,1.0,0,sim
1-31-56,32,1,,0,sim
1-31-57,32,1,1.0,0,sim
1-31-58,32,1,0.0,0,sim
1-31-59,32,1,1.0,0,sim
1-31-60,32,1,1.0,0,sim
1-31-61,32,1,,0,sim
1-31-62,32,1,1.0,0,sim
1-31-63,32,1,1.0,0,sim
1-31-64,32,1,0.0,0,sim
1-31-65,32,1,1.0,0,sim
1-31-66,32,1,1.0,0,sim
1-31-67,32,1,1.0,0,sim
1-31-68,32,1,1.0,0,sim
1-31-69,32,1,1.0,0,sim
1-31-70,32,1,0.0,0,sim
1-31-71,32,1,,0,sim
1-31-72,32,1,1.0,0,sim
1-31-73,32,1,1.0,1,sim
1-31-74,32,1,1.0,0,sim
1-31-75,32,1,1.0,0,sim
1-31-76,32,1,1.0,0,sim
1-31-77,32,1,1.0,0,sim
1-31-78,32,1,0.0,0,sim
1-31-79,32,1,1.0,0,sim
1-31-80,32,1,1.0,0,sim
1-31-81,32,1,1.0,0,sim
1-31-82,32,1,1.0,0,sim
1-31-83,32,1,0.0,0,sim
1-31-84,32,1,1.0,0,sim
1-31-85,32,1,1.0,0,sim
1-31-86,32,1,1.0,0,sim
1-31-87,32,1,1.0,0,sim
1-31-88,32,1,1.0,0,sim
1-31-89,32,1,,0,sim
1-31-90,32,1,0.0,1,sim
1-31-91,32,1,0.0,0,sim
1-31-92,32,1,,0,sim
1-31-93,32,1,0.0,0,sim
1-31-94,32,1,1.0,0,sim
1-31-95,32,1,0.0,0,sim
1-31-96,32,1,0.0,0,sim
1-31-97,32,1,1.0,0,sim
1-31-98,32,1,1.0,0,sim
1-31-99,32,1,1.0,0,sim
1-31-100,32,1,1.0,0,sim
1-31-101,32,1,1.0,0,sim
1-31-102,32,1,1.0,0,sim
1-31-103,32,1,1.0,0,sim
1-31-104,32,1,0.0,0,sim
1-31-105,32,1,1.0,0,sim
1-31-106,32,1,1.0,0,sim
1-31-107,32,1,0.0,0,sim
1-31-108,32,1,1.0,0,sim
1-31-109,32,1,0.0,0,sim
1-31-110,32,1,0.0,0,sim
1-31-111,32,1,1.0,0,sim
1-31-112,32,1,1.0,0,sim
1-31-113,32,1,1.0,0,sim
1-31-114,32,1,1.0,0,sim
1-31-115,32,1,1.0,0,sim
1-31-116,32,1,0.0,0,sim
1-31-117,32,1,1.0,1,sim
1-31-118,32,1,1.0,0,sim
1-31-119,32,1,1.0,0,sim
1-31-120,32,1,1.0,0,sim
1-31-121,32,1,1.0,0,sim
1-31-122,32,1,1.0,0,sim
1-31-123,32,1,1.0,0,sim
1-31-124,32,1,0.0,0,sim
1-31-125,32,1,0.0,0,sim
1-31-126,32,1,1.0,0,sim
1-31-127,32,1,0.0,0,sim
1-31-128,32,1,1.0,0,sim
1-31-129,32,1,1.0,0,sim
1-31-130,32,1,1.0,0,sim
1-31-131,32,1,1.0,0,sim
1-31-132,32,1,1.0,0,sim
1-31-133,32,1,1.0,0,sim
1-31-134,32,1,1.0,0,sim
1-31-135,32,1,,0,sim
1-31-136,32,1,1.0,0,sim
1-31-137,32,1,1.0,0,sim
1-31-138,32,1,1.0,0,sim
1-31-139,32,1,0.0,0,sim
1-31-140,32,1,0.0,0,sim
1-31-141,32,1,1.0,0,sim
1-31-142,32,1,0.0,0,sim
1-31-143,32,1,1.0,0,sim
1-31-144,32,1,1.0,0,sim
1-31-145,32,1,0.0,1,sim
1-31-146,32,1,0.0,0,sim
1-31-147,32,1,1.0,0,sim
1-31-148,32,1,0.0,0,sim
1-31-149,32,1,0.0,0,sim
1-31-150,32,1,1.0,0,sim
1-31-151,32,1,1.0,0,sim
1-31-152,32,1,1.0,0,sim
1-31-153,32,1,1.0,0,sim
1-31-154,32,1,1.0,0,sim
1-31-155,32,1,1.0,0,sim
1-31-156,32,1,1.0,0,sim
1-31-157,32,1,1.0,0,sim
1-31-158,32,1,1.0,0,sim
1-31-159,32,1,1.0,0,sim
1-31-160,32,1,1.0,0,sim
1-31-161,32,1,0.0,0,sim
1-31-162,32,1,0.0,0,sim
1-31-163,32,1,1.0,0,sim
1-31-164,32,1,1.0,0,sim
1-31-165,32,1,1.0,0,sim
1-31-166,32,1,0.0,0,sim
1-31-167,32,1,1.0,0,sim
1-31-168,32,1,0.0,0,sim
1-31-169,32,1,1.0,0,sim
1-31-170,32,1,1.0,0,sim
1-31-171,32,1,0.0,0,sim
1-31-172,32,1,1.0,0,sim
1-31-173,32,1,1.0,0,sim
1-31-174,32,1,1.0,0,sim
1-31-175,32,1,0.0,0,sim
1-31-176,32,1,1.0,0,sim
1-31-177,32,1,0.0,0,sim
1-31-178,32,1,0.0,0,sim
1-31-179,32,1,1.0,0,sim
1-31-180,32,1,1.0,0,sim
1-31-181,32,1,1.0,0,sim
1-31-182,32,1,1.0,0,sim
1-31-183,32,1,0.0,0,sim
1-31-184,32,1,1.0,0,sim
1-31-185,32,1,0.0,0,sim
1-31-186,32,1,1.0,0,sim
1-31-187,32,1,1.0,0,sim
1-31-188,32,1,0.0,0,sim
1-31-189,32,1,1.0,0,sim
1-31-190,32,1,1.0,1,sim
1-31-191,32,1,1.0,0,sim
1-31-192,32,1,1.0,0,sim
1-31-193,32,1,1.0,0,sim
1-31-194,32,1,1.0,0,sim
1-31-195,32,1,1.0,0,sim
1-31-196,32,1,1.0,0,sim
1-31-197,32,1,1.0,0,sim
1-31-198,32,1,1.0,0,sim
1-31-199,32,1,1.0,0,sim
1-31-200,32,1,0.0,1,sim
1-31-201,32,1,1.0,0,sim
1-31-202,32,1,0.0,0,sim
1-31-203,32,1,0.0,0,sim
1-31-204,32,1,0.0,0,sim
1-31-205,32,1,1.0,0,sim
1-31-206,32,1,1.0,0,sim
1-31-207,32,1,1.0,0,sim
1-31-208,32,1,0.0,0,sim
1-31-209,32,1,1.0,0,sim
1-31-210,32,1,1.0,0,sim
1-31-211,32,1,0.0,0,sim
1-31-212,32,1,1.0,1,sim
1-31-213,32,1,1.0,0,sim
1-31-214,32,1,1.0,0,sim
1-31-215,32,1,1.0,0,sim
1-31-216,32,1,1.0,0,sim
1-31-217,32,1,1.0,0,sim
1-31-218,32,1,1.0,0,sim
1-31-219,32,1,1.0,0,sim
1-31-220,32,1,1.0,0,sim
1-31-221,32,1,0.0,0,sim
1-31-222,32,1,1.0,0,sim
1-31-223,32,1,1.0,0,sim
1-31-224,32,1,1.0,0,sim
1-31-225,32,1,1.0,0,sim
1-31-226,32,1,0.0,0,sim
1-31-227,32,1,0.0,0,sim
1-31-228,32,1,1.0,0,sim
1-31-229,32,1,0.0,0,sim
1-31-230,32,1,1.0,0,sim
1-31-231,32,1,0.0,0,sim
1-31-232,32,1,0.0,0,sim
1-31-233,32,1,0.0,0,sim
1-31-234,32,1,1.0,0,sim
1-31-235,32,1,1.0,0,sim
1-31-236,32,1,1.0,0,sim
1-31-237,32,1,1.0,0,sim
1-31-238,32,1,1.0,0,sim
1-31-239,32,1,0.0,0,sim
1-32-0,33,1,1.0,0,sim
1-32-1,33,1,1.0,0,sim
1-32-2,33,1,1.0,0,sim
1-32-3,33,1,1.0,0,sim
1-32-4,33,1,1.0,0,sim
1-32-5,33,1,1.0,0,sim
1-32-6,33,1,1.0,0,sim
1-32-7,33,1,1.0,0,sim
1-32-8,33,1,1.0,0,sim
1-32-9,33,1,1.0,0,sim
1-32-10,33,1,1.0,0,sim
1-32-11,33,1,1.0,0,sim
1-32-12,33,1,0.0,0,sim
1-32-13,33,1,1.0,0,sim
1-32-14,33,1,1.0,0,sim
1-32-15,33,1,1.0,0,sim
1-32-16,33,1,0.0,0,sim
1-32-17,33,1,1.0,0,sim
1-32-18,33,1,0.0,0,sim
1-32-19,33,1,0.0,0,sim
1-32-20,33,1,1.0,0,sim
1-32-21,33,1,0.0,0,sim
1-32-22,33,1,0.0,0,sim
1-32-23,33,1,1.0,0,sim
1-32-24,33,1,1.0,0,sim
1-32-25,33,1,0.0,0,sim
1-32-26,33,1,1.0,0,sim
1-32-27,33,1,1.0,0,sim
1-32-28,33,1,1.0,0,sim
1-32-29,33,1,1.0,0,sim
1-32-30,33,1,0.0,0,sim
1-32-31,33,1,0.0,0,sim
1-32-32,33,1,1.0,0,sim
1-32-33,33,1,0.0,0,sim
1-32-34,33,1,0.0,0,sim
1-32-35,33,1,1.0,0,sim
1-32-36,33,1,0.0,0,sim
1-32-37,33,1,0.0,0,sim
1-32-38,33,1,1.0,0,sim
1-32-39,33,1,0.0,0,sim
1-32-40,33,1,1.0,0,sim
1-32-41,33,1,0.0,0,sim
1-32-42,33,1,1.0,1,sim
1-32-43,33,1,1.0,0,sim
1-32-44,33,1,1.0,0,sim
1-32-45,33,1,1.0,0,sim
1-32-46,33,1,1.0,0,sim
1-32-47,33,1,0.0,0,sim
1-32-48,33,1,1.0,0,sim
1-32-49,33,1,1.0,0,sim
1-32-50,33,1,1.0,0,sim
1-32-51,33,1,1.0,0,sim
1-32-52,33,1,1.0,0,sim
1-32-53,33,1,1.0,0,sim
1-32-54,33,1,0.0,0,sim
1-32-55,33,1,0.0,0,sim
1-32-56,33,1,0.0,0,sim
1-32-57,33,1,1.0,0,sim
1-32-58,33,1,0.0,0,sim
1-32-59,33,1,1.0,0,sim
1-32-60,33,1,1.0,0,sim
1-32-61,33,1,0.0,0,sim
1-32-62,33,1,1.0,0,sim
1-32-63,33,1,1.0,0,sim
1-32-64,33,1,1.0,0,sim
1-32-65,33,1,0.0,0,sim
1-32-66,33,1,1.0,0,sim
1-32-67,33,1,0.0,0,sim
1-32-68,33,1,1.0,0,sim
1-32-69,33,1,0.0,0,sim
1-32-70,33,1,0.0,0,sim
1-32-71,33,1,1.0,0,sim
1-32-72,33,1,1.0,0,sim
1-32-73,33,1,0.0,0,sim
1-32-74,33,1,1.0,0,sim
1-32-75,33,1,0.0,0,sim
1-32-76,33,1,1.0,0,sim
1-32-77,33,1,0.0,0,sim
1-32-78,33,1,1.0,0,sim
1-32-79,33,1,1.0,0,sim
1-32-80,33,1,1.0,0,sim
1-32-81,33,1,0.0,0,sim
1-32-82,33,1,0.0,0,sim
1-32-83,33,1,0.0,0,sim
1-32-84,33,1,1.0,0,sim
1-32-85,33,1,0.0,0,sim
1-32-86,33,1,1.0,0,sim
1-32-87,33,1,1.0,0,sim
1-32-88,33,1,0.0,0,sim
1-32-89,33,1,1.0,0,sim
1-32-90,33,1,1.0,0,sim
1-32-91,33,1,1.0,0,sim
1-32-92,33,1,1.0,0,sim
1-32-93,33,1,1.0,0,sim
1-32-94,33,1,1.0,0,sim
1-32-95,33,1,1.0,0,sim
1-32-96,33,1,1.0,0,sim
1-32-97,33,1,1.0,0,sim
1-32-98,33,1,0.0,0,sim
1-32-99,33,1,1.0,0,sim
1-32-100,33,1,0.0,0,sim
1-32-101,33,1,1.0,0,sim
1-32-102,33,1,1.0,0,sim
1-32-103,33,1,1.0,0,sim
1-32-104,33,1,0.0,0,sim
1-32-105,33,1,1.0,0,sim
1-32-106,33,1,1.0,0,sim
1-32-107,33,1,1.0,0,sim
1-32-108,33,1,1.0,0,sim
1-32-109,33,1,1.0,0,sim
1-32-110,33,1,1.0,0,sim
1-32-111,33,1,0.0,0,sim
1-32-112,33,1,1.0,0,sim
1-32-113,33,1,0.0,0,sim
1-32-114,33,1,0.0,0,sim
1-32-115,33,1,1.0,0,sim
1-32-116,33,1,0.0,0,sim
1-32-117,33,1,0.0,0,sim
1-32-118,33,1,1.0,0,sim
1-32-119,33,1,1.0,0,sim
1-32-120,33,1,1.0,0,sim
1-32-121,33,1,1.0,0,sim
1-32-122,33,1,1.0,0,sim
1-32-123,33,1,1.0,0,sim
1-32-124,33,1,1.0,0,sim
1-32-125,33,1,1.0,0,sim
1-32-126,33,1,0.0,0,sim
1-32-127,33,1,1.0,0,sim
1-32-128,33,1,0.0,0,sim
1-32-129,33,1,1.0,0,sim
1-32-130,33,1,0.0,0,sim
1-32-131,33,1,1.0,0,sim
1-32-132,33,1,1.0,0,sim
1-32-133,33,1,1.0,0,sim
1-32-134,33,1,1.0,0,sim
1-32-135,33,1,1.0,0,sim
1-32-136,33,1,1.0,0,sim
1-32-137,33,1,0.0,0,sim
1-32-138,33,1,1.0,0,sim
1-32-139,33,1,1.0,0,sim
1-32-140,33,1,1.0,0,sim
1-32-141,33,1,0.0,0,sim
1-32-142,33,1,1.0,0,sim
1-32-143,33,1,1.0,0,sim
1-32-144,33,1,1.0,0,sim
1-32-145,33,1,1.0,0,sim
1-32-146,33,1,0.0,0,sim
1-32-147,33,1,1.0,0,sim
1-32-148,33,1,1.0,0,sim
1-32-149,33,1,1.0,0,sim
1-32-150,33,1,0.0,1,sim
1-32-151,33,1,1.0,0,sim
1-32-152,33,1,1.0,0,sim
1-32-153,33,1,0.0,0,sim
1-32-154,33,1,1.0,0,sim
1-32-155,33,1,1.0,0,sim
1-32-156,33,1,1.0,0,sim
1-32-157,33,1,0.0,0,sim
1-32-158,33,1,1.0,0,sim
1-32-159,33,1,1.0,0,sim
1-32-160,33,1,1.0,0,sim
1-32-161,33,1,1.0,1,sim
1-32-162,33,1,1.0,0,sim
1-32-163,33,1,1.0,0,sim
1-32-164,33,1,1.0,0,sim
1-32-165,33,1,1.0,0,sim
1-32-166,33,1,1.0,0,sim
1-32-167,33,1,1.0,0,sim
1-32-168,33,1,1.0,0,sim
1-32-169,33,1,0.0,0,sim
1-32-170,33,1,1.0,0,sim
1-32-171,33,1,1.0,0,sim
1-32-172,33,1,1.0,0,sim
1-32-173,33,1,1.0,0,sim
1-32-174,33,1,0.0,0,sim
1-32-175,33,1,0.0,0,sim
1-32-176,33,1,,0,sim
1-32-177,33,1,1.0,0,sim
1-32-178,33,1,1.0,0,sim
1-32-179,33,1,1.0,0,sim
1-32-180,33,1,1.0,0,sim
1-32-181,33,1,0.0,0,sim
1-32-182,33,1,0.0,0,sim
1-32-183,33,1,1.0,0,sim
1-32-184,33,1,1.0,0,sim
1-32-185,33,1,0.0,0,sim
1-32-186,33,1,1.0,0,sim
1-32-187,33,1,0.0,0,sim
1-32-188,33,1,0.0,0,sim
1-32-189,33,1,1.0,0,sim
1-32-190,33,1,1.0,0,sim
1-32-191,33,1,1.0,0,sim
1-32-192,33,1,0.0,0,sim
1-32-193,33,1,1.0,0,sim
1-32-194,33,1,1.0,0,sim
1-32-195,33,1,1.0,0,sim
1-32-196,33,1,1.0,0,sim
1-32-197,33,1,1.0,0,sim
1-32-198,33,1,1.0,0,sim
1-32-199,33,1,1.0,0,sim
1-32-200,33,1,1.0,0,sim
1-32-201,33,1,1.0,0,sim
1-32-202,33,1,1.0,0,sim
1-32-203,33,1,0.0,0,sim
1-32-204,33,1,1.0,0,sim
1-32-205,33,1,1.0,0,sim
1-32-206,33,1,1.0,0,sim
1-32-207,33,1,,0,sim
1-32-208,33,1,1.0,0,sim
1-32-209,33,1,0.0,0,sim
1-32-210,33,1,,0,sim
1-32-211,33,1,1.0,0,sim
1-32-212,33,1,1.0,0,sim
1-32-213,33,1,1.0,0,sim
1-32-214,33,1,0.0,0,sim
1-32-215,33,1,1.0,0,sim
1-32-216,33,1,1.0,0,sim
1-32-217,33,1,0.0,0,sim
1-32-218,33,1,1.0,0,sim
1-32-219,33,1,1.0,0,sim
1-32-220,33,1,0.0,0,sim
1-32-221,33,1,1.0,0,sim
1-32-222,33,1,0.0,0,sim
1-32-223,33,1,1.0,0,sim
1-32-224,33,1,0.0,0,sim
1-32-225,33,1,0.0,0,sim
1-32-226,33,1,1.0,0,sim
1-32-227,33,1,0.0,0,sim
1-32-228,33,1,1.0,0,sim
1-32-229,33,1,1.0,0,sim
1-32-230,33,1,1.0,0,sim
1-32-231,33,1,1.0,0,sim
1-32-232,33,1,1.0,1,sim
1-32-233,33,1,0.0,0,sim
1-32-234,33,1,1.0,0,sim
1-32-235,33,1,1.0,1,sim
1-32-236,33,1,1.0,0,sim
1-32-237,33,1,0.0,0,sim
1-32-238,33,1,0.0,0,sim
1-32-239,33,1,1.0,0,sim
1-33-0,34,1,1.0,0,sim
1-33-1,34,1,0.0,0,sim
1-33-2,34,1,1.0,0,sim
1-33-3,34,1,1.0,0,sim
1-33-4,34,1,1.0,0,sim
1-33-5,34,1,1.0,0,sim
1-33-6,34,1,1.0,0,sim
1-33-7,34,1,1.0,0,sim
1-33-8,34,1,1.0,0,sim
1-33-9,34,1,0.0,0,sim
1-33-10,34,1,1.0,0,sim
1-33-11,34,1,1.0,0,sim
1-33-12,34,1,0.0,0,sim
1-33-13,34,1,1.0,0,sim
1-33-14,34,1,1.0,0,sim
1-33-15,34,1,1.0,0,sim
1-33-16,34,1,1.0,0,sim
1-33-17,34,1,0.0,0,sim
1-33-18,34,1,1.0,0,sim
1-33-19,34,1,1.0,0,sim
1-33-20,34,1,1.0,0,sim
1-33-21,34,1,1.0,0,sim
1-33-22,34,1,1.0,0,sim
1-33-23,34,1,0.0,0,sim
1-33-24,34,1,0.0,0,sim
1-33-25,34,1,0.0,0,sim
1-33-26,34,1,1.0,0,sim
1-33-27,34,1,1.0,0,sim
1-33-28,34,1,0.0,0,sim
1-33-29,34,1,1.0,0,sim
1-33-30,34,1,1.0,0,sim
1-33-31,34,1,1.0,0,sim
1-33-32,34,1,0.0,0,sim
1-33-33,34,1,1.0,0,sim
1-33-34,34,1,0.0,0,sim
1-33-35,34,1,1.0,0,sim
1-33-36,34,1,1.0,0,sim
1-33-37,34,1,0.0,0,sim
1-33-38,34,1,1.0,0,sim
1-33-39,34,1,0.0,0,sim
1-33-40,34,1,1.0,0,sim
1-33-41,34,1,0.0,0,sim
1-33-42,34,1,1.0,0,sim
1-33-43,34,1,0.0,0,sim
1-33-44,34,1,1.0,0,sim
1-33-45,34,1,1.0,1,sim
1-33-46,34,1,1.0,0,sim
1-33-47,34,1,1.0,1,sim
1-33-48,34,1,1.0,0,sim
1-33-49,34,1,1.0,0,sim
1-33-50,34,1,1.0,0,sim
1-33-51,34,1,1.0,0,sim
1-33-52,34,1,0.0,0,sim
1-33-53,34,1,1.0,0,sim
1-33-54,34,1,1.0,0,sim
1-33-55,34,1,0.0,0,sim
1-33-56,34,1,0.0,0,sim
1-33-57,34,1,1.0,1,sim
1-33-58,34,1,1.0,0,sim
1-33-59,34,1,1.0,0,sim
1-33-60,34,1,1.0,0,sim
1-33-61,34,1,1.0,0,sim
1-33-62,34,1,0.0,0,sim
1-33-63,34,1,1.0,0,sim
1-33-64,34,1,1.0,0,sim
1-33-65,34,1,0.0,0,sim
1-33-66,34,1,0.0,0,sim
1-33-67,34,1,1.0,0,sim
1-33-68,34,1,0.0,0,sim
1-33-69,34,1,0.0,0,sim
1-33-70,34,1,1.0,0,sim
1-33-71,34,1,1.0,0,sim
1-33-72,34,1,1.0,0,sim
1-33-73,34,1,0.0,0,sim
1-33-74,34,1,0.0,0,sim
1-33-75,34,1,1.0,0,sim
1-33-76,34,1,0.0,0,sim
1-33-77,34,1,1.0,0,sim
1-33-78,34,1,1.0,0,sim
1-33-79,34,1,0.0,0,sim
1-33-80,34,1,1.0,0,sim
1-33-81,34,1,1.0,0,sim
1-33-82,34,1,0.0,0,sim
1-33-83,34,1,1.0,0,sim
1-33-84,34,1,0.0,0,sim
1-33-85,34,1,1.0,0,sim
1-33-86,34,1,1.0,0,sim
1-33-87,34,1,1.0,0,sim
1-33-88,34,1,1.0,0,sim
1-33-89,34,1,1.0,0,sim
1-33-90,34,1,1.0,0,sim
1-33-91,34,1,1.0,0,sim
1-33-92,34,1,1.0,0,sim
1-33-93,34,1,1.0,1,sim
1-33-94,34,1,1.0,0,sim
1-33-95,34,1,1.0,0,sim
1-33-96,34,1,1.0,0,sim
1-33-97,34,1,1.0,0,sim
1-33-98,34,1,0.0,0,sim
1-33-99,34,1,1.0,0,sim
1-33-100,34,1,1.0,0,sim
1-33-101,34,1,0.0,0,sim
1-33-102,34,1,1.0,1,sim
1-33-103,34,1,1.0,0,sim
1-33-104,34,1,1.0,0,sim
1-33-105,34,1,1.0,0,sim
1-33-106,34,1,0.0,0,sim
1-33-107,34,1,1.0,0,sim
1-33-108,34,1,0.0,0,sim
1-33-109,34,1,1.0,0,sim
1-33-110,34,1,1.0,0,sim
1-33-111,34,1,1.0,0,sim
1-33-112,34,1,1.0,0,sim
1-33-113,34,1,0.0,0,sim
1-33-114,34,1,1.0,0,sim
1-33-115,34,1,0.0,0,sim
1-33-116,34,1,1.0,0,sim
1-33-117,34,1,1.0,0,sim
1-33-118,34,1,1.0,0,sim
1-33-119,34,1,1.0,0,sim
1-33-120,34,1,0.0,0,sim
1-33-121,34,1,1.0,0,sim
1-33-122,34,1,0.0,0,sim
1-33-123,34,1,1.0,0,sim
1-33-124,34,1,0.0,0,sim
1-33-125,34,1,1.0,0,sim
1-33-126,34,1,1.0,0,sim
1-33-127,34,1,1.0,0,sim
1-33-128,34,1,1.0,0,sim
1-33-129,34,1,0.0,0,sim
1-33-130,34,1,1.0,0,sim
1-33-131,34,1,1.0,0,sim
1-33-132,34,1,1.0,0,sim
1-33-133,34,1,0.0,1,sim
1-33-134,34,1,1.0,0,sim
1-33-135,34,1,,0,sim
1-33-136,34,1,0.0,0,sim
1-33-137,34,1,0.0,0,sim
1-33-138,34,1,1.0,0,sim
1-33-139,34,1,1.0,0,sim
1-33-140,34,1,1.0,0,sim
1-33-141,34,1,1.0,0,sim
1-33-142,34,1,1.0,0,sim
1-33-143,34,1,1.0,0,sim
1-33-144,34,1,1.0,0,sim
1-33-145,34,1,0.0,0,sim
1-33-146,34,1,1.0,0,sim
1-33-147,34,1,1.0,0,sim
1-33-148,34,1,1.0,0,sim
1-33-149,34,1,0.0,0,sim
1-33-150,34,1,1.0,0,sim
1-33-151,34,1,0.0,0,sim
1-33-152,34,1,1.0,0,sim
1-33-153,34,1,0.0,0,sim
1-33-154,34,1,1.0,0,sim
1-33-155,34,1,1.0,0,sim
1-33-156,34,1,1.0,0,sim
1-33-157,34,1,1.0,0,sim
1-33-158,34,1,1.0,0,sim
1-33-159,34,1,1.0,0,sim
1-33-160,34,1,1.0,0,sim
1-33-161,34,1,1.0,0,sim
1-33-162,34,1,0.0,0,sim
1-33-163,34,1,1.0,0,sim
1-33-164,34,1,0.0,0,sim
1-33-165,34,1,1.0,0,sim
1-33-166,34,1,1.0,0,sim
1-33-167,34,1,1.0,0,sim
1-33-168,34,1,0.0,0,sim
1-33-169,34,1,0.0,0,sim
1-33-170,34,1,1.0,0,sim
1-33-171,34,1,1.0,0,sim
1-33-172,34,1,1.0,0,sim
1-33-173,34,1,1.0,0,sim
1-33-174,34,1,1.0,0,sim
1-33-175,34,1,1.0,0,sim
1-33-176,34,1,0.0,0,sim
1-33-177,34,1,1.0,0,sim
1-33-178,34,1,0.0,0,sim
1-33-179,34,1,,0,sim
1-33-180,34,1,1.0,0,sim
1-33-181,34,1,1.0,0,sim
1-33-182,34,1,0.0,0,sim
1-33-183,34,1,1.0,0,sim
1-33-184,34,1,1.0,0,sim
1-33-185,34,1,1.0,0,sim
1-33-186,34,1,1.0,0,sim
1-33-187,34,1,0.0,0,sim
1-33-188,34,1,1.0,0,sim
1-33-189,34,1,1.0,0,sim
1-33-190,34,1,0.0,0,sim
1-33-191,34,1,1.0,0,sim
1-33-192,34,1,0.0,0,sim
1-33-193,34,1,0.0,0,sim
1-33-194,34,1,1.0,0,sim
1-33-195,34,1,0.0,0,sim
1-33-196,34,1,0.0,0,sim
1-33-197,34,1,0.0,0,sim
1-33-198,34,1,1.0,0,sim
1-33-199,34,1,1.0,0,sim
1-33-200,34,1,0.0,0,sim
1-33-201,34,1,0.0,0,sim
1-33-202,34,1,1.0,0,sim
1-33-203,34,1,1.0,0,sim
1-33-204,34,1,1.0,0,sim
1-33-205,34,1,1.0,0,sim
1-33-206,34,1,1.0,0,sim
1-33-207,34,1,0.0,0,sim
1-33-208,34,1,0.0,1,sim
1-33-209,34,1,1.0,0,sim
1-33-210,34,1,1.0,0,sim
1-33-211,34,1,1.0,0,sim
1-33-212,34,1,1.0,0,sim
1-33-213,34,1,0.0,0,sim
1-33-214,34,1,0.0,0,sim
1-33-215,34,1,1.0,0,sim
1-33-216,34,1,0.0,1,sim
1-33-217,34,1,1.0,0,sim
1-33-218,34,1,1.0,0,sim
1-33-219,34,1,0.0,0,sim
1-33-220,34,1,0.0,0,sim
1-33-221,34,1,1.0,0,sim
1-33-222,34,1,0.0,0,sim
1-33-223,34,1,1.0,0,sim
1-33-224,34,1,1.0,0,sim
1-33-225,34,1,1.0,0,sim
1-33-226,34,1,1.0,0,sim
1-33-227,34,1,1.0,0,sim
1-33-228,34,1,1.0,0,sim
1-33-229,34,1,0.0,0,sim
1-33-230,34,1,1.0,0,sim
1-33-231,34,1,1.0,0,sim
1-33-232,34,1,0.0,0,sim
1-33-233,34,1,1.0,0,sim
1-33-234,34,1,1.0,0,sim
1-33-235,34,1,0.0,0,sim
1-33-236,34,1,1.0,0,sim
1-33-237,34,1,1.0,0,sim
1-33-238,34,1,1.0,0,sim
1-33-239,34,1,1.0,0,sim
1-34-0,35,1,1.0,0,sim
1-34-1,35,1,1.0,0,sim
1-34-2,35,1,1.0,0,sim
1-34-3,35,1,0.0,0,sim
1-34-4,35,1,0.0,0,sim
1-34-5,35,1,1.0,0,sim
1-34-6,35,1,0.0,0,sim
1-34-7,35,1,0.0,0,sim
1-34-8,35,1,0.0,0,sim
1-34-9,35,1,1.0,0,sim
1-34-10,35,1,0.0,0,sim
1-34-11,35,1,1.0,0,sim
1-34-12,35,1,1.0,0,sim
1-34-13,35,1,1.0,0,sim
1-34-14,35,1,1.0,0,sim
1-34-15,35,1,1.0,0,sim
1-34-16,35,1,0.0,0,sim
1-34-17,35,1,0.0,0,sim
1-34-18,35,1,0.0,0,sim
1-34-19,35,1,1.0,0,sim
1-34-20,35,1,1.0,0,sim
1-34-21,35,1,1.0,0,sim
1-34-22,35,1,1.0,0,sim
1-34-23,35,1,1.0,0,sim
1-34-24,35,1,0.0,0,sim
1-34-25,35,1,0.0,0,sim
1-34-26,35,1,0.0,0,sim
1-34-27,35,1,1.0,0,sim
1-34-28,35,1,1.0,0,sim
1-34-29,35,1,,0,sim
1-34-30,35,1,1.0,0,sim
1-34-31,35,1,1.0,0,sim
1-34-32,35,1,0.0,0,sim
1-34-33,35,1,1.0,0,sim
1-34-34,35,1,1.0,0,sim
1-34-35,35,1,1.0,0,sim
1-34-36,35,1,0.0,0,sim
1-34-37,35,1,1.0,1,sim
1-34-38,35,1,1.0,0,sim
1-34-39,35,1,1.0,0,sim
1-34-40,35,1,0.0,0,sim
1-34-41,35,1,0.0,0,sim
1-34-42,35,1,1.0,0,sim
1-34-43,35,1,1.0,0,sim
1-34-44,35,1,0.0,0,sim
1-34-45,35,1,0.0,0,sim
1-34-46,35,1,1.0,0,sim
1-34-47,35,1,1.0,0,sim
1-34-48,35,1,0.0,0,sim
1-34-49,35,1,1.0,0,sim
1-34-50,35,1,1.0,0,sim
1-34-51,35,1,1.0,0,sim
1-34-52,35,1,1.0,0,sim
1-34-53,35,1,1.0,0,sim
1-34-54,35,1,0.0,0,sim
1-34-55,35,1,,0,sim
1-34-56,35,1,1.0,0,sim
1-34-57,35,1,1.0,0,sim
1-34-58,35,1,1.0,0,sim
1-34-59,35,1,1.0,0,sim
1-34-60,35,1,1.0,0,sim
1-34-61,35,1,1.0,0,sim
1-34-62,35,1,0.0,0,sim
1-34-63,35,1,0.0,0,sim
1-34-64,35,1,1.0,0,sim
1-34-65,35,1,0.0,0,sim
1-34-66,35,1,1.0,0,sim
1-34-67,35,1,0.0,0,sim
1-34-68,35,1,0.0,0,sim
1-34-69,35,1,0.0,0,sim
1-34-70,35,1,1.0,0,sim
1-34-71,35,1,1.0,0,sim
1-34-72,35,1,1.0,0,sim
1-34-73,35,1,1.0,0,sim
1-34-74,35,1,0.0,0,sim
1-34-75,35,1,1.0,0,sim
1-34-76,35,1,1.0,0,sim
1-34-77,35,1,1.0,0,sim
1-34-78,35,1,0.0,0,sim
1-34-79,35,1,1.0,0,sim
1-34-80,35,1,1.0,0,sim
1-34-81,35,1,1.0,0,sim
1-34-82,35,1,0.0,0,sim
1-34-83,35,1,0.0,0,sim
1-34-84,35,1,1.0,0,sim
1-34-85,35,1,0.0,0,sim
1-34-86,35,1,1.0,0,sim
1-34-87,35,1,0.0,0,sim
1-34-88,35,1,0.0,0,sim
1-34-89,35,1,1.0,0,sim
1-34-90,35,1,1.0,0,sim
1-34-91,35,1,0.0,0,sim
1-34-92,35,1,1.0,0,sim
1-34-93,35,1,1.0,0,sim
1-34-94,35,1,1.0,0,sim
1-34-95,35,1,1.0,0,sim
1-34-96,35,1,0.0,0,sim
1-34-97,35,1,0.0,0,sim
1-34-98,35,1,1.0,0,sim
1-34-99,35,1,1.0,0,sim
1-34-100,35,1,1.0,0,sim
1-34-101,35,1,1.0,0,sim
1-34-102,35,1,1.0,0,sim
1-34-103,35,1,1.0,0,sim
1-34-104,35,1,0.0,0,sim
1-34-105,35,1,1.0,0,sim
1-34-106,35,1,1.0,0,sim
1-34-107,35,1,1.0,0,sim
1-34-108,35,1,0.0,0,sim
1-34-109,35,1,,0,sim
1-34-110,35,1,1.0,0,sim
1-34-111,35,1,1.0,0,sim
1-34-112,35,1,1.0,0,sim
1-34-113,35,1,1.0,0,sim
1-34-114,35,1,0.0,0,sim
1-34-115,35,1,1.0,0,sim
1-34-116,35,1,1.0,0,sim
1-34-117,35,1,1.0,0,sim
1-34-118,35,1,0.0,0,sim
1-34-119,35,1,1.0,0,sim
1-34-120,35,1,1.0,0,sim
1-34-121,35,1,0.0,0,sim
1-34-122,35,1,,0,sim
1-34-123,35,1,1.0,0,sim
1-34-124,35,1,1.0,0,sim
1-34-125,35,1,0.0,0,sim
1-34-126,35,1,0.0,0,sim
1-34-127,35,1,1.0,0,sim
1-34-128,35,1,1.0,0,sim
1-34-129,35,1,1.0,0,sim
1-34-130,35,1,1.0,0,sim
1-34-131,35,1,1.0,0,sim
1-34-132,35,1,,0,sim
1-34-133,35,1,1.0,0,sim
1-34-134,35,1,1.0,0,sim
1-34-135,35,1,1.0,0,sim
1-34-136,35,1,0.0,0,sim
1-34-137,35,1,1.0,0,sim
1-34-138,35,1,0.0,0,sim
1-34-139,35,1,0.0,0,sim
1-34-140,35,1,0.0,0,sim
1-34-141,35,1,0.0,0,sim
1-34-142,35,1,1.0,0,sim
1-34-143,35,1,0.0,0,sim
1-34-144,35,1,1.0,0,sim
1-34-145,35,1,0.0,0,sim
1-34-146,35,1,1.0,0,sim
1-34-147,35,1,1.0,0,sim
1-34-148,35,1,0.0,0,sim
1-34-149,35,1,0.0,0,sim
1-34-150,35,1,1.0,0,sim
1-34-151,35,1,1.0,0,sim
1-34-152,35,1,1.0,0,sim
1-34-153,35,1,1.0,0,sim
1-34-154,35,1,0.0,0,sim
1-34-155,35,1,0.0,0,sim
1-34-156,35,1,1.0,0,sim
1-34-157,35,1,,0,sim
1-34-158,35,1,1.0,0,sim
1-34-159,35,1,0.0,0,sim
1-34-160,35,1,1.0,0,sim
1-34-161,35,1,0.0,0,sim
1-34-162,35,1,1.0,0,sim
1-34-163,35,1,1.0,0,sim
1-34-164,35,1,0.0,0,sim
1-34-165,35,1,0.0,0,sim
1-34-166,35,1,1.0,0,sim
1-34-167,35,1,0.0,0,sim
1-34-168,35,1,1.0,0,sim
1-34-169,35,1,1.0,0,sim
1-34-170,35,1,1.0,0,sim
1-34-171,35,1,1.0,0,sim
1-34-172,35,1,0.0,0,sim
1-34-173,35,1,,0,sim
1-34-174,35,1,0.0,0,sim
1-34-175,35,1,1.0,0,sim
1-34-176,35,1,1.0,0,sim
1-34-177,35,1,1.0,0,sim
1-34-178,35,1,0.0,0,sim
1-34-179,35,1,0.0,0,sim
1-34-180,35,1,1.0,0,sim
1-34-181,35,1,0.0,0,sim
1-34-182,35,1,1.0,0,sim
1-34-183,35,1,1.0,0,sim
1-34-184,35,1,0.0,0,sim
1-34-185,35,1,0.0,0,sim
1-34-186,35,1,1.0,0,sim
1-34-187,35,1,0.0,0,sim
1-34-188,35,1,0.0,0,sim
1-34-189,35,1,0.0,0,sim
1-34-190,35,1,1.0,0,sim
1-34-191,35,1,1.0,0,sim
1-34-192,35,1,0.0,1,sim
1-34-193,35,1,1.0,0,sim
1-34-194,35,1,1.0,0,sim
1-34-195,35,1,1.0,0,sim
1-34-196,35,1,1.0,0,sim
1-34-197,35,1,1.0,0,sim
1-34-198,35,1,0.0,0,sim
1-34-199,35,1,1.0,0,sim
1-34-200,35,1,0.0,0,sim
1-34-201,35,1,1.0,0,sim
1-34-202,35,1,0.0,0,sim
1-34-203,35,1,0.0,0,sim
1-34-204,35,1,0.0,0,sim
1-34-205,35,1,1.0,0,sim
1-34-206,35,1,1.0,1,sim
1-34-207,35,1,0.0,0,sim
1-34-208,35,1,1.0,0,sim
1-34-209,35,1,1.0,0,sim
1-34-210,35,1,0.0,0,sim
1-34-211,35,1,0.0,0,sim
1-34-212,35,1,1.0,0,sim
1-34-213,35,1,1.0,0,sim
1-34-214,35,1,0.0,0,sim
1-34-215,35,1,1.0,1,sim
1-34-216,35,1,1.0,0,sim
1-34-217,35,1,1.0,0,sim
1-34-218,35,1,1.0,0,sim
1-34-219,35,1,1.0,0,sim
1-34-220,35,1,1.0,0,sim
1-34-221,35,1,1.0,0,sim
1-34-222,35,1,1.0,0,sim
1-34-223,35,1,0.0,0,sim
1-34-224,35,1,1.0,0,sim
1-34-225,35,1,1.0,0,sim
1-34-226,35,1,1.0,0,sim
1-34-227,35,1,1.0,0,sim
1-34-228,35,1,1.0,0,sim
1-34-229,35,1,1.0,0,sim
1-34-230,35,1,1.0,0,sim
1-34-231,35,1,1.0,0,sim
1-34-232,35,1,0.0,0,sim
1-34-233,35,1,0.0,0,sim
1-34-234,35,1,1.0,0,sim
1-34-235,35,1,1.0,0,sim
1-34-236,35,1,0.0,0,sim
1-34-237,35,1,0.0,0,sim
1-34-238,35,1,1.0,0,sim
1-34-239,35,1,1.0,0,sim
1-35-0,36,1,1.0,1,sim
1-35-1,36,1,0.0,0,sim
1-35-2,36,1,1.0,0,sim
1-35-3,36,1,0.0,0,sim
1-35-4,36,1,1.0,0,sim
1-35-5,36,1,1.0,0,sim
1-35-6,36,1,1.0,0,sim
1-35-7,36,1,1.0,0,sim
1-35-8,36,1,1.0,0,sim
1-35-9,36,1,1.0,0,sim
1-35-10,36,1,0.0,0,sim
1-35-11,36,1,0.0,0,sim
1-35-12,36,1,1.0,0,sim
1-35-13,36,1,0.0,0,sim
1-35-14,36,1,1.0,0,sim
1-35-15,36,1,1.0,0,sim
1-35-16,36,1,0.0,0,sim
1-35-17,36,1,1.0,0,sim
1-35-18,36,1,0.0,0,sim
1-35-19,36,1,1.0,0,sim
1-35-20,36,1,1.0,0,sim
1-35-21,36,1,1.0,0,sim
1-35-22,36,1,1.0,0,sim
1-35-23,36,1,0.0,0,sim
1-35-24,36,1,0.0,0,sim
1-35-25,36,1,0.0,0,sim
1-35-26,36,1,1.0,0,sim
1-35-27,36,1,1.0,0,sim
1-35-28,36,1,1.0,0,sim
1-35-29,36,1,1.0,0,sim
1-35-30,36,1,0.0,1,sim
1-35-31,36,1,1.0,1,sim
1-35-32,36,1,1.0,0,sim
1-35-33,36,1,0.0,0,sim
1-35-34,36,1,1.0,0,sim
1-35-35,36,1,1.0,0,sim
1-35-36,36,1,1.0,0,sim
1-35-37,36,1,1.0,0,sim
1-35-38,36,1,1.0,0,sim
1-35-39,36,1,0.0,0,sim
1-35-40,36,1,0.0,0,sim
1-35-41,36,1,1.0,0,sim
1-35-42,36,1,1.0,0,sim
1-35-43,36,1,1.0,0,sim
1-35-44,36,1,1.0,0,sim
1-35-45,36,1,1.0,0,sim
1-35-46,36,1,0.0,0,sim
1-35-47,36,1,0.0,0,sim
1-35-48,36,1,0.0,0,sim
1-35-49,36,1,0.0,0,sim
1-35-50,36,1,1.0,0,sim
1-35-51,36,1,0.0,0,sim
1-35-52,36,1,0.0,0,sim
1-35-53,36,1,0.0,0,sim
1-35-54,36,1,1.0,0,sim
1-35-55,36,1,0.0,0,sim
1-35-56,36,1,1.0,0,sim
1-35-57,36,1,0.0,0,sim
1-35-58,36,1,1.0,0,sim
1-35-59,36,1,1.0,0,sim
1-35-60,36,1,1.0,0,sim
1-35-61,36,1,0.0,0,sim
1-35-62,36,1,0.0,0,sim
1-35-63,36,1,1.0,0,sim
1-35-64,36,1,0.0,0,sim
1-35-65,36,1,0.0,0,sim
1-35-66,36,1,1.0,0,sim
1-35-67,36,1,0.0,0,sim
1-35-68,36,1,0.0,0,sim
1-35-69,36,1,1.0,0,sim
1-35-70,36,1,,0,sim
1-35-71,36,1,1.0,0,sim
1-35-72,36,1,,0,sim
1-35-73,36,1,1.0,0,sim
1-35-74,36,1,0.0,0,sim
1-35-75,36,1,1.0,0,sim
1-35-76,36,1,0.0,0,sim
1-35-77,36,1,0.0,1,sim
1-35-78,36,1,1.0,0,sim
1-35-79,36,1,0.0,0,sim
1-35-80,36,1,1.0,0,sim
1-35-81,36,1,1.0,0,sim
1-35-82,36,1,1.0,0,sim
1-35-83,36,1,0.0,0,sim
1-35-84,36,1,1.0,0,sim
1-35-85,36,1,1.0,0,sim
1-35-86,36,1,1.0,0,sim
1-35-87,36,1,0.0,0,sim
1-35-88,36,1,1.0,0,sim
1-35-89,36,1,1.0,0,sim
1-35-90,36,1,1.0,0,sim
1-35-91,36,1,1.0,0,sim
1-35-92,36,1,1.0,0,sim
1-35-93,36,1,0.0,0,sim
1-35-94,36,1,0.0,0,sim
1-35-95,36,1,0.0,0,sim
1-35-96,36,1,1.0,0,sim
1-35-97,36,1,1.0,0,sim
1-35-98,36,1,1.0,0,sim
1-35-99,36,1,1.0,0,sim
1-35-100,36,1,1.0,0,sim
1-35-101,36,1,0.0,0,sim
1-35-102,36,1,1.0,0,sim
1-35-103,36,1,0.0,0,sim
1-35-104,36,1,0.0,0,sim
1-35-105,36,1,1.0,0,sim
1-35-106,36,1,0.0,0,sim
1-35-107,36,1,1.0,0,sim
1-35-108,36,1,0.0,0,sim
1-35-109,36,1,0.0,0,sim
1-35-110,36,1,1.0,0,sim
1-35-111,36,1,0.0,0,sim
1-35-112,36,1,0.0,0,sim
1-35-113,36,1,0.0,0,sim
1-35-114,36,1,1.0,0,sim
1-35-115,36,1,0.0,0,sim
1-35-116,36,1,,0,sim
1-35-117,36,1,0.0,0,sim
1-35-118,36,1,1.0,0,sim
1-35-119,36,1,0.0,0,sim
1-35-120,36,1,1.0,0,sim
1-35-121,36,1,1.0,0,sim
1-35-122,36,1,1.0,0,sim
1-35-123,36,1,0.0,0,sim
1-35-124,36,1,1.0,0,sim
1-35-125,36,1,1.0,1,sim
1-35-126,36,1,0.0,0,sim
1-35-127,36,1,1.0,0,sim
1-35-128,36,1,1.0,0,sim
1-35-129,36,1,1.0,0,sim
1-35-130,36,1,1.0,0,sim
1-35-131,36,1,1.0,1,sim
1-35-132,36,1,0.0,0,sim
1-35-133,36,1,0.0,0,sim
1-35-134,36,1,1.0,0,sim
1-35-135,36,1,1.0,0,sim
1-35-136,36,1,0.0,0,sim
1-35-137,36,1,1.0,0,sim
1-35-138,36,1,1.0,0,sim
1-35-139,36,1,1.0,0,sim
1-35-140,36,1,0.0,0,sim
1-35-141,36,1,1.0,0,sim
1-35-142,36,1,0.0,0,sim
1-35-143,36,1,1.0,0,sim
1-35-144,36,1,1.0,0,sim
1-35-145,36,1,1.0,0,sim
1-35-146,36,1,0.0,0,sim
1-35-147,36,1,0.0,0,sim
1-35-148,36,1,0.0,1,sim
1-35-149,36,1,1.0,0,sim
1-35-150,36,1,0.0,0,sim
1-35-151,36,1,0.0,0,sim
1-35-152,36,1,0.0,0,sim
1-35-153,36,1,1.0,0,sim
1-35-154,36,1,0.0,0,sim
1-35-155,36,1,1.0,0,sim
1-35-156,36,1,0.0,0,sim
1-35-157,36,1,1.0,0,sim
1-35-158,36,1,0.0,0,sim
1-35-159,36,1,1.0,0,sim
1-35-160,36,1,0.0,0,sim
1-35-161,36,1,0.0,0,sim
1-35-162,36,1,1.0,0,sim
1-35-163,36,1,0.0,0,sim
1-35-164,36,1,1.0,0,sim
1-35-165,36,1,1.0,0,sim
1-35-166,36,1,,0,sim
1-35-167,36,1,0.0,0,sim
1-35-168,36,1,0.0,0,sim
1-35-169,36,1,0.0,0,sim
1-35-170,36,1,1.0,0,sim
1-35-171,36,1,1.0,0,sim
1-35-172,36,1,0.0,0,sim
1-35-173,36,1,1.0,0,sim
1-35-174,36,1,1.0,0,sim
1-35-175,36,1,1.0,0,sim
1-35-176,36,1,1.0,0,sim
1-35-177,36,1,1.0,0,sim
1-35-178,36,1,1.0,0,sim
1-35-179,36,1,1.0,0,sim
1-35-180,36,1,1.0,0,sim
1-35-181,36,1,1.0,0,sim
1-35-182,36,1,1.0,0,sim
1-35-183,36,1,1.0,0,sim
1-35-184,36,1,0.0,0,sim
1-35-185,36,1,0.0,1,sim
1-35-186,36,1,1.0,0,sim
1-35-187,36,1,0.0,0,sim
1-35-188,36,1,1.0,0,sim
1-35-189,36,1,0.0,0,sim
1-35-190,36,1,0.0,0,sim
1-35-191,36,1,0.0,0,sim
1-35-192,36,1,0.0,0,sim
1-35-193,36,1,0.0,0,sim
1-35-194,36,1,0.0,0,sim
1-35-195,36,1,1.0,0,sim
1-35-196,36,1,0.0,0,sim
1-35-197,36,1,0.0,0,sim
1-35-198,36,1,0.0,0,sim
1-35-199,36,1,1.0,0,sim
1-35-200,36,1,0.0,0,sim
1-35-201,36,1,1.0,0,sim
1-35-202,36,1,1.0,0,sim
1-35-203,36,1,1.0,0,sim
1-35-204,36,1,1.0,0,sim
1-35-205,36,1,0.0,0,sim
1-35-206,36,1,1.0,0,sim
1-35-207,36,1,1.0,0,sim
1-35-208,36,1,1.0,0,sim
1-35-209,36,1,1.0,0,sim
1-35-210,36,1,0.0,1,sim
1-35-211,36,1,0.0,0,sim
1-35-212,36,1,0.0,0,sim
1-35-213,36,1,1.0,1,sim
1-35-214,36,1,0.0,0,sim
1-35-215,36,1,1.0,0,sim
1-35-216,36,1,0.0,0,sim
1-35-217,36,1,0.0,0,sim
1-35-218,36,1,0.0,0,sim
1-35-219,36,1,0.0,0,sim
1-35-220,36,1,1.0,0,sim
1-35-221,36,1,1.0,0,sim
1-35-222,36,1,1.0,0,sim
1-35-223,36,1,1.0,0,sim
1-35-224,36,1,1.0,0,sim
1-35-225,36,1,1.0,0,sim
1-35-226,36,1,,0,sim
1-35-227,36,1,0.0,0,sim
1-35-228,36,1,1.0,0,sim
1-35-229,36,1,1.0,0,sim
1-35-230,36,1,0.0,0,sim
1-35-231,36,1,1.0,0,sim
1-35-232,36,1,0.0,0,sim
1-35-233,36,1,1.0,0,sim
1-35-234,36,1,0.0,0,sim
1-35-235,36,1,0.0,0,sim
1-35-236,36,1,1.0,0,sim
1-35-237,36,1,1.0,0,sim
1-35-238,36,1,1.0,0,sim
1-35-239,36,1,1.0,0,sim
1-36-0,37,1,1.0,0,sim
1-36-1,37,1,1.0,0,sim
1-36-2,37,1,1.0,0,sim
1-36-3,37,1,1.0,0,sim
1-36-4,37,1,0.0,0,sim
1-36-5,37,1,0.0,0,sim
1-36-6,37,1,1.0,0,sim
1-36-7,37,1,1.0,0,sim
1-36-8,37,1,1.0,0,sim
1-36-9,37,1,1.0,0,sim
1-36-10,37,1,0.0,0,sim
1-36-11,37,1,1.0,0,sim
1-36-12,37,1,0.0,0,sim
1-36-13,37,1,1.0,0,sim
1-36-14,37,1,1.0,0,sim
1-36-15,37,1,1.0,0,sim
1-36-16,37,1,1.0,0,sim
1-36-17,37,1,1.0,0,sim
1-36-18,37,1,0.0,0,sim
1-36-19,37,1,0.0,0,sim
1-36-20,37,1,1.0,0,sim
1-36-21,37,1,0.0,0,sim
1-36-22,37,1,0.0,0,sim
1-36-23,37,1,1.0,0,sim
1-36-24,37,1,0.0,0,sim
1-36-25,37,1,1.0,0,sim
1-36-26,37,1,0.0,0,sim
1-36-27,37,1,1.0,0,sim
1-36-28,37,1,1.0,0,sim
1-36-29,37,1,0.0,0,sim
1-36-30,37,1,1.0,0,sim
1-36-31,37,1,0.0,0,sim
1-36-32,37,1,0.0,0,sim
1-36-33,37,1,0.0,0,sim
1-36-34,37,1,0.0,0,sim
1-36-35,37,1,,0,sim
1-36-36,37,1,1.0,0,sim
1-36-37,37,1,1.0,0,sim
1-36-38,37,1,,0,sim
1-36-39,37,1,1.0,0,sim
1-36-40,37,1,0.0,0,sim
1-36-41,37,1,1.0,0,sim
1-36-42,37,1,0.0,0,sim
1-36-43,37,1,0.0,0,sim
1-36-44,37,1,1.0,0,sim
1-36-45,37,1,1.0,0,sim
1-36-46,37,1,1.0,0,sim
1-36-47,37,1,1.0,0,sim
1-36-48,37,1,1.0,0,sim
1-36-49,37,1,1.0,0,sim
1-36-50,37,1,1.0,1,sim
1-36-51,37,1,0.0,0,sim
1-36-52,37,1,0.0,0,sim
1-36-53,37,1,0.0,0,sim
1-36-54,37,1,1.0,0,sim
1-36-55,37,1,0.0,0,sim
1-36-56,37,1,1.0,0,sim
1-36-57,37,1,1.0,0,sim
1-36-58,37,1,0.0,0,sim
1-36-59,37,1,1.0,0,sim
1-36-60,37,1,0.0,0,sim
1-36-61,37,1,1.0,0,sim
1-36-62,37,1,1.0,0,sim
1-36-63,37,1,,1,sim
1-36-64,37,1,0.0,0,sim
1-36-65,37,1,1.0,0,sim
1-36-66,37,1,0.0,0,sim
1-36-67,37,1,1.0,0,sim
1-36-68,37,1,1.0,0,sim
1-36-69,37,1,1.0,0,sim
1-36-70,37,1,1.0,0,sim
1-36-71,37,1,0.0,0,sim
1-36-72,37,1,0.0,0,sim
1-36-73,37,1,0.0,0,sim
1-36-74,37,1,0.0,0,sim
1-36-75,37,1,0.0,0,sim
1-36-76,37,1,0.0,0,sim
1-36-77,37,1,1.0,0,sim
1-36-78,37,1,1.0,0,sim
1-36-79,37,1,0.0,0,sim
1-36-80,37,1,1.0,0,sim
1-36-81,37,1,1.0,0,sim
1-36-82,37,1,0.0,0,sim
1-36-83,37,1,1.0,0,sim
1-36-84,37,1,1.0,0,sim
1-36-85,37,1,,0,sim
1-36-86,37,1,1.0,0,sim
1-36-87,37,1,1.0,0,sim
1-36-88,37,1,1.0,0,sim
1-36-89,37,1,1.0,0,sim
1-36-90,37,1,1.0,0,sim
1-36-91,37,1,0.0,0,sim
1-36-92,37,1,0.0,0,sim
1-36-93,37,1,0.0,1,sim
1-36-94,37,1,1.0,0,sim
1-36-95,37,1,0.0,0,sim
1-36-96,37,1,0.0,0,sim
1-36-97,37,1,1.0,0,sim
1-36-98,37,1,0.0,0,sim
1-36-99,37,1,1.0,0,sim
1-36-100,37,1,1.0,0,sim
1-36-101,37,1,,0,sim
1-36-102,37,1,0.0,0,sim
1-36-103,37,1,1.0,0,sim
1-36-104,37,1,0.0,0,sim
1-36-105,37,1,0.0,0,sim
1-36-106,37,1,1.0,0,sim
1-36-107,37,1,1.0,0,sim
1-36-108,37,1,1.0,0,sim
1-36-109,37,1,1.0,0,sim
1-36-110,37,1,1.0,0,sim
1-36-111,37,1,1.0,0,sim
1-36-112,37,1,0.0,0,sim
1-36-113,37,1,0.0,0,sim
1-36-114,37,1,0.0,0,sim
1-36-115,37,1,1.0,0,sim
1-36-116,37,1,1.0,0,sim
1-36-117,37,1,1.0,0,sim
1-36-118,37,1,0.0,0,sim
1-36-119,37,1,1.0,0,sim
1-36-120,37,1,0.0,1,sim
1-36-121,37,1,1.0,0,sim
1-36-122,37,1,1.0,0,sim
1-36-123,37,1,0.0,0,sim
1-36-124,37,1,0.0,0,sim
1-36-125,37,1,1.0,0,sim
1-36-126,37,1,0.0,0,sim
1-36-127,37,1,0.0,0,sim
1-36-128,37,1,1.0,0,sim
1-36-129,37,1,1.0,0,sim
1-36-130,37,1,1.0,0,sim
1-36-131,37,1,0.0,0,sim
1-36-132,37,1,1.0,0,sim
1-36-133,37,1,1.0,1,sim
1-36-134,37,1,1.0,0,sim
1-36-135,37,1,0.0,0,sim
1-36-136,37,1,1.0,1,sim
1-36-137,37,1,1.0,0,sim
1-36-138,37,1,1.0,0,sim
1-36-139,37,1,1.0,0,sim
1-36-140,37,1,1.0,0,sim
1-36-141,37,1,1.0,0,sim
1-36-142,37,1,0.0,0,sim
1-36-143,37,1,0.0,0,sim
1-36-144,37,1,0.0,0,sim
1-36-145,37,1,1.0,1,sim
1-36-146,37,1,,0,sim
1-36-147,37,1,1.0,0,sim
1-36-148,37,1,0.0,0,sim
1-36-149,37,1,1.0,0,sim
1-36-150,37,1,1.0,0,sim
1-36-151,37,1,0.0,0,sim
1-36-152,37,1,1.0,0,sim
1-36-153,37,1,0.0,0,sim
1-36-154,37,1,1.0,0,sim
1-36-155,37,1,1.0,0,sim
1-36-156,37,1,1.0,0,sim
1-36-157,37,1,1.0,0,sim
1-36-158,37,1,0.0,0,sim
1-36-159,37,1,1.0,0,sim
1-36-160,37,1,0.0,0,sim
1-36-161,37,1,0.0,0,sim
1-36-162,37,1,0.0,0,sim
1-36-163,37,1,0.0,0,sim
1-36-164,37,1,1.0,0,sim
1-36-165,37,1,1.0,0,sim
1-36-166,37,1,1.0,0,sim
1-36-167,37,1,1.0,0,sim
1-36-168,37,1,0.0,0,sim
1-36-169,37,1,0.0,0,sim
1-36-170,37,1,1.0,0,sim
1-36-171,37,1,1.0,0,sim
1-36-172,37,1,1.0,0,sim
1-36-173,37,1,1.0,0,sim
1-36-174,37,1,1.0,0,sim
1-36-175,37,1,1.0,0,sim
1-36-176,37,1,1.0,0,sim
1-36-177,37,1,0.0,0,sim
1-36-178,37,1,1.0,0,sim
1-36-179,37,1,0.0,0,sim
1-36-180,37,1,1.0,1,sim
1-36-181,37,1,1.0,0,sim
1-36-182,37,1,1.0,0,sim
1-36-183,37,1,1.0,0,sim
1-36-184,37,1,1.0,0,sim
1-36-185,37,1,0.0,0,sim
1-36-186,37,1,1.0,0,sim
1-36-187,37,1,1.0,0,sim
1-36-188,37,1,1.0,0,sim
1-36-189,37,1,0.0,0,sim
1-36-190,37,1,0.0,0,sim
1-36-191,37,1,1.0,0,sim
1-36-192,37,1,0.0,0,sim
1-36-193,37,1,0.0,0,sim
1-36-194,37,1,1.0,0,sim
1-36-195,37,1,1.0,0,sim
1-36-196,37,1,1.0,0,sim
1-36-197,37,1,1.0,0,sim
1-36-198,37,1,1.0,0,sim
1-36-199,37,1,0.0,0,sim
1-36-200,37,1,1.0,0,sim
1-36-201,37,1,0.0,0,sim
1-36-202,37,1,1.0,0,sim
1-36-203,37,1,1.0,0,sim
1-36-204,37,1,1.0,0,sim
1-36-205,37,1,1.0,0,sim
1-36-206,37,1,1.0,0,sim
1-36-207,37,1,1.0,0,sim
1-36-208,37,1,1.0,0,sim
1-36-209,37,1,0.0,0,sim
1-36-210,37,1,0.0,0,sim
1-36-211,37,1,1.0,0,sim
1-36-212,37,1,1.0,0,sim
1-36-213,37,1,1.0,0,sim
1-36-214,37,1,0.0,0,sim
1-36-215,37,1,0.0,0,sim
1-36-216,37,1,1.0,0,sim
1-36-217,37,1,0.0,0,sim
1-36-218,37,1,1.0,0,sim
1-36-219,37,1,1.0,0,sim
1-36-220,37,1,,0,sim
1-36-221,37,1,1.0,0,sim
1-36-222,37,1,0.0,0,sim
1-36-223,37,1,1.0,0,sim
1-36-224,37,1,1.0,0,sim
1-36-225,37,1,1.0,0,sim
1-36-226,37,1,0.0,0,sim
1-36-227,37,1,0.0,0,sim
1-36-228,37,1,1.0,0,sim
1-36-229,37,1,1.0,0,sim
1-36-230,37,1,0.0,0,sim
1-36-231,37,1,1.0,0,sim
1-36-232,37,1,1.0,0,sim
1-36-233,37,1,1.0,0,sim
1-36-234,37,1,0.0,0,sim
1-36-235,37,1,1.0,0,sim
1-36-236,37,1,0.0,0,sim
1-36-237,37,1,1.0,0,sim
1-36-238,37,1,0.0,0,sim
1-36-239,37,1,0.0,0,sim
1-37-0,38,1,0.0,0,sim
1-37-1,38,1,1.0,0,sim
1-37-2,38,1,1.0,0,sim
1-37-3,38,1,1.0,0,sim
1-37-4,38,1,1.0,0,sim
1-37-5,38,1,0.0,0,sim
1-37-6,38,1,1.0,0,sim
1-37-7,38,1,1.0,0,sim
1-37-8,38,1,1.0,0,sim
1-37-9,38,1,1.0,0,sim
1-37-10,38,1,1.0,0,sim
1-37-11,38,1,0.0,0,sim
1-37-12,38,1,1.0,0,sim
1-37-13,38,1,1.0,0,sim
1-37-14,38,1,1.0,1,sim
1-37-15,38,1,1.0,0,sim
1-37-16,38,1,1.0,0,sim
1-37-17,38,1,1.0,0,sim
1-37-18,38,1,0.0,0,sim
1-37-19,38,1,0.0,0,sim
1-37-20,38,1,0.0,0,sim
1-37-21,38,1,1.0,0,sim
1-37-22,38,1,0.0,0,sim
1-37-23,38,1,1.0,0,sim
1-37-24,38,1,1.0,0,sim
1-37-25,38,1,0.0,0,sim
1-37-26,38,1,0.0,0,sim
1-37-27,38,1,1.0,0,sim
1-37-28,38,1,0.0,0,sim
1-37-29,38,1,1.0,0,sim
1-37-30,38,1,1.0,0,sim
1-37-31,38,1,1.0,0,sim
1-37-32,38,1,0.0,0,sim
1-37-33,38,1,1.0,0,sim
1-37-34,38,1,1.0,0,sim
1-37-35,38,1,1.0,0,sim
1-37-36,38,1,1.0,0,sim
1-37-37,38,1,1.0,0,sim
1-37-38,38,1,1.0,0,sim
1-37-39,38,1,1.0,0,sim
1-37-40,38,1,1.0,0,sim
1-37-41,38,1,1.0,0,sim
1-37-42,38,1,1.0,0,sim
1-37-43,38,1,0.0,0,sim
1-37-44,38,1,1.0,0,sim
1-37-45,38,1,1.0,0,sim
1-37-46,38,1,1.0,0,sim
1-37-47,38,1,1.0,0,sim
1-37-48,38,1,0.0,0,sim
1-37-49,38,1,0.0,0,sim
1-37-50,38,1,1.0,0,sim
1-37-51,38,1,0.0,0,sim
1-37-52,38,1,1.0,0,sim
1-37-53,38,1,0.0,0,sim
1-37-54,38,1,1.0,0,sim
1-37-55,38,1,1.0,0,sim
1-37-56,38,1,0.0,0,sim
1-37-57,38,1,1.0,0,sim
1-37-58,38,1,1.0,0,sim
1-37-59,38,1,1.0,0,sim
1-37-60,38,1,0.0,0,sim
1-37-61,38,1,1.0,0,sim
1-37-62,38,1,1.0,0,sim
1-37-63,38,1,1.0,1,sim
1-37-64,38,1,,0,sim
1-37-65,38,1,1.0,0,sim
1-37-66,38,1,1.0,0,sim
1-37-67,38,1,1.0,0,sim
1-37-68,38,1,1.0,0,sim
1-37-69,38,1,1.0,0,sim
1-37-70,38,1,0.0,0,sim
1-37-71,38,1,,0,sim
1-37-72,38,1,1.0,0,sim
1-37-73,38,1,0.0,0,sim
1-37-74,38,1,0.0,0,sim
1-37-75,38,1,1.0,0,sim
1-37-76,38,1,1.0,0,sim
1-37-77,38,1,1.0,0,sim
1-37-78,38,1,0.0,0,sim
1-37-79,38,1,1.0,0,sim
1-37-80,38,1,,0,sim
1-37-81,38,1,1.0,0,sim
1-37-82,38,1,1.0,0,sim
1-37-83,38,1,0.0,0,sim
1-37-84,38,1,0.0,0,sim
1-37-85,38,1,1.0,0,sim
1-37-86,38,1,0.0,0,sim
1-37-87,38,1,1.0,0,sim
1-37-88,38,1,1.0,0,sim
1-37-89,38,1,1.0,0,sim
1-37-90,38,1,1.0,0,sim
1-37-91,38,1,1.0,0,sim
1-37-92,38,1,1.0,0,sim
1-37-93,38,1,0.0,0,sim
1-37-94,38,1,1.0,0,sim
1-37-95,38,1,0.0,0,sim
1-37-96,38,1,0.0,0,sim
1-37-97,38,1,1.0,0,sim
1-37-98,38,1,0.0,0,sim
1-37-99,38,1,1.0,0,sim
1-37-100,38,1,1.0,0,sim
1-37-101,38,1,0.0,0,sim
1-37-102,38,1,1.0,0,sim
1-37-103,38,1,1.0,0,sim
1-37-104,38,1,0.0,0,sim
1-37-105,38,1,0.0,0,sim
1-37-106,38,1,0.0,0,sim
1-37-107,38,1,1.0,0,sim
1-37-108,38,1,0.0,0,sim
1-37-109,38,1,0.0,0,sim
1-37-110,38,1,1.0,0,sim
1-37-111,38,1,1.0,0,sim
1-37-112,38,1,1.0,0,sim
1-37-113,38,1,1.0,0,sim
1-37-114,38,1,0.0,0,sim
1-37-115,38,1,1.0,0,sim
1-37-116,38,1,0.0,0,sim
1-37-117,38,1,1.0,0,sim
1-37-118,38,1,1.0,0,sim
1-37-119,38,1,0.0,0,sim
1-37-120,38,1,1.0,0,sim
1-37-121,38,1,0.0,0,sim
1-37-122,38,1,0.0,0,sim
1-37-123,38,1,0.0,0,sim
1-37-124,38,1,1.0,0,sim
1-37-125,38,1,1.0,0,sim
1-37-126,38,1,0.0,0,sim
1-37-127,38,1,0.0,0,sim
1-37-128,38,1,1.0,0,sim
1-37-129,38,1,1.0,0,sim
1-37-130,38,1,0.0,0,sim
1-37-131,38,1,1.0,0,sim
1-37-132,38,1,1.0,0,sim
1-37-133,38,1,0.0,0,sim
1-37-134,38,1,1.0,0,sim
1-37-135,38,1,1.0,0,sim
1-37-136,38,1,1.0,0,sim
1-37-137,38,1,1.0,0,sim
1-37-138,38,1,0.0,0,sim
1-37-139,38,1,1.0,0,sim
1-37-140,38,1,1.0,0,sim
1-37-141,38,1,0.0,0,sim
1-37-142,38,1,1.0,0,sim
1-37-143,38,1,1.0,1,sim
1-37-144,38,1,0.0,0,sim
1-37-145,38,1,0.0,0,sim
1-37-146,38,1,1.0,0,sim
1-37-147,38,1,,0,sim
1-37-148,38,1,0.0,0,sim
1-37-149,38,1,1.0,0,sim
1-37-150,38,1,1.0,0,sim
1-37-151,38,1,0.0,0,sim
1-37-152,38,1,1.0,0,sim
1-37-153,38,1,0.0,0,sim
1-37-154,38,1,1.0,0,sim
1-37-155,38,1,0.0,0,sim
1-37-156,38,1,0.0,0,sim
1-37-157,38,1,1.0,0,sim
1-37-158,38,1,1.0,0,sim
1-37-159,38,1,0.0,0,sim
1-37-160,38,1,1.0,0,sim
1-37-161,38,1,0.0,0,sim
1-37-162,38,1,0.0,0,sim
1-37-163,38,1,1.0,1,sim
1-37-164,38,1,1.0,0,sim
1-37-165,38,1,1.0,0,sim
1-37-166,38,1,0.0,0,sim
1-37-167,38,1,1.0,0,sim
1-37-168,38,1,0.0,0,sim
1-37-169,38,1,1.0,0,sim
1-37-170,38,1,0.0,0,sim
1-37-171,38,1,1.0,0,sim
1-37-172,38,1,,0,sim
1-37-173,38,1,1.0,0,sim
1-37-174,38,1,1.0,0,sim
1-37-175,38,1,1.0,0,sim
1-37-176,38,1,1.0,0,sim
1-37-177,38,1,1.0,0,sim
1-37-178,38,1,0.0,0,sim
1-37-179,38,1,1.0,0,sim
1-37-180,38,1,1.0,0,sim
1-37-181,38,1,0.0,0,sim
1-37-182,38,1,1.0,0,sim
1-37-183,38,1,1.0,0,sim
1-37-184,38,1,1.0,0,sim
1-37-185,38,1,0.0,0,sim
1-37-186,38,1,1.0,0,sim
1-37-187,38,1,0.0,0,sim
1-37-188,38,1,1.0,0,sim
1-37-189,38,1,1.0,0,sim
1-37-190,38,1,0.0,0,sim
1-37-191,38,1,1.0,0,sim
1-37-192,38,1,0.0,0,sim
1-37-193,38,1,0.0,0,sim
1-37-194,38,1,0.0,0,sim
1-37-195,38,1,1.0,0,sim
1-37-196,38,1,0.0,0,sim
1-37-197,38,1,0.0,0,sim
1-37-198,38,1,0.0,0,sim
1-37-199,38,1,1.0,1,sim
1-37-200,38,1,0.0,0,sim
1-37-201,38,1,0.0,0,sim
1-37-202,38,1,1.0,0,sim
1-37-203,38,1,1.0,0,sim
1-37-204,38,1,1.0,0,sim
1-37-205,38,1,1.0,0,sim
1-37-206,38,1,1.0,0,sim
1-37-207,38,1,1.0,0,sim
1-37-208,38,1,0.0,0,sim
1-37-209,38,1,1.0,0,sim
1-37-210,38,1,0.0,0,sim
1-37-211,38,1,1.0,0,sim
1-37-212,38,1,0.0,0,sim
1-37-213,38,1,1.0,0,sim
1-37-214,38,1,1.0,0,sim
1-37-215,38,1,1.0,0,sim
1-37-216,38,1,1.0,0,sim
1-37-217,38,1,1.0,0,sim
1-37-218,38,1,0.0,0,sim
1-37-219,38,1,1.0,0,sim
1-37-220,38,1,1.0,0,sim
1-37-221,38,1,1.0,0,sim
1-37-222,38,1,1.0,0,sim
1-37-223,38,1,1.0,0,sim
1-37-224,38,1,1.0,0,sim
1-37-225,38,1,1.0,0,sim
1-37-226,38,1,1.0,0,sim
1-37-227,38,1,1.0,0,sim
1-37-228,38,1,0.0,0,sim
1-37-229,38,1,1.0,0,sim
1-37-230,38,1,1.0,0,sim
1-37-231,38,1,0.0,0,sim
1-37-232,38,1,0.0,0,sim
1-37-233,38,1,1.0,0,sim
1-37-234,38,1,1.0,0,sim
1-37-235,38,1,0.0,0,sim
1-37-236,38,1,1.0,0,sim
1-37-237,38,1,1.0,0,sim
1-37-238,38,1,0.0,0,sim
1-37-239,38,1,1.0,0,sim
1-38-0,39,1,1.0,1,sim
1-38-1,39,1,1.0,0,sim
1-38-2,39,1,0.0,0,sim
1-38-3,39,1,1.0,0,sim
1-38-4,39,1,1.0,0,sim
1-38-5,39,1,1.0,0,sim
1-38-6,39,1,1.0,0,sim
1-38-7,39,1,0.0,0,sim
1-38-8,39,1,1.0,0,sim
1-38-9,39,1,1.0,0,sim
1-38-10,39,1,0.0,0,sim
1-38-11,39,1,0.0,0,sim
1-38-12,39,1,1.0,0,sim
1-38-13,39,1,1.0,0,sim
1-38-14,39,1,1.0,0,sim
1-38-15,39,1,1.0,0,sim
1-38-16,39,1,0.0,0,sim
1-38-17,39,1,0.0,0,sim
1-38-18,39,1,0.0,0,sim
1-38-19,39,1,0.0,0,sim
1-38-20,39,1,0.0,0,sim
1-38-21,39,1,1.0,0,sim
1-38-22,39,1,0.0,0,sim
1-38-23,39,1,0.0,0,sim
1-38-24,39,1,1.0,0,sim
1-38-25,39,1,1.0,0,sim
1-38-26,39,1,1.0,0,sim
1-38-27,39,1,1.0,0,sim
1-38-28,39,1,0.0,0,sim
1-38-29,39,1,0.0,0,sim
1-38-30,39,1,1.0,0,sim
1-38-31,39,1,1.0,0,sim
1-38-32,39,1,1.0,0,sim
1-38-33,39,1,1.0,0,sim
1-38-34,39,1,0.0,0,sim
1-38-35,39,1,1.0,0,sim
1-38-36,39,1,0.0,0,sim
1-38-37,39,1,1.0,0,sim
1-38-38,39,1,1.0,0,sim
1-38-39,39,1,1.0,0,sim
1-38-40,39,1,1.0,0,sim
1-38-41,39,1,0.0,0,sim
1-38-42,39,1,0.0,0,sim
1-38-43,39,1,1.0,0,sim
1-38-44,39,1,0.0,0,sim
1-38-45,39,1,1.0,0,sim
1-38-46,39,1,1.0,0,sim
1-38-47,39,1,1.0,0,sim
1-38-48,39,1,1.0,0,sim
1-38-49,39,1,1.0,0,sim
1-38-50,39,1,1.0,0,sim
1-38-51,39,1,1.0,0,sim
1-38-52,39,1,0.0,0,sim
1-38-53,39,1,0.0,0,sim
1-38-54,39,1,1.0,0,sim
1-38-55,39,1,0.0,0,sim
1-38-56,39,1,1.0,0,sim
1-38-57,39,1,1.0,0,sim
1-38-58,39,1,,0,sim
1-38-59,39,1,1.0,0,sim
1-38-60,39,1,1.0,0,sim
1-38-61,39,1,1.0,0,sim
1-38-62,39,1,1.0,0,sim
1-38-63,39,1,0.0,0,sim
1-38-64,39,1,0.0,0,sim
1-38-65,39,1,0.0,0,sim
1-38-66,39,1,1.0,0,sim
1-38-67,39,1,1.0,0,sim
1-38-68,39,1,0.0,0,sim
1-38-69,39,1,0.0,0,sim
1-38-70,39,1,1.0,0,sim
1-38-71,39,1,1.0,0,sim
1-38-72,39,1,1.0,0,sim
1-38-73,39,1,1.0,1,sim
1-38-74,39,1,,0,sim
1-38-75,39,1,1.0,0,sim
1-38-76,39,1,0.0,0,sim
1-38-77,39,1,1.0,0,sim
1-38-78,39,1,0.0,0,sim
1-38-79,39,1,1.0,0,sim
1-38-80,39,1,1.0,0,sim
1-38-81,39,1,1.0,0,sim
1-38-82,39,1,0.0,1,sim
1-38-83,39,1,1.0,0,sim
1-38-84,39,1,1.0,0,sim
1-38-85,39,1,1.0,0,sim
1-38-86,39,1,1.0,0,sim
1-38-87,39,1,1.0,0,sim
1-38-88,39,1,1.0,0,sim
1-38-89,39,1,0.0,0,sim
1-38-90,39,1,0.0,0,sim
1-38-91,39,1,1.0,0,sim
1-38-92,39,1,0.0,0,sim
1-38-93,39,1,0.0,0,sim
1-38-94,39,1,0.0,0,sim
1-38-95,39,1,0.0,0,sim
1-38-96,39,1,1.0,0,sim
1-38-97,39,1,1.0,0,sim
1-38-98,39,1,1.0,0,sim
1-38-99,39,1,0.0,0,sim
1-38-100,39,1,1.0,1,sim
1-38-101,39,1,1.0,0,sim
1-38-102,39,1,1.0,0,sim
1-38-103,39,1,0.0,1,sim
1-38-104,39,1,0.0,0,sim
1-38-105,39,1,1.0,0,sim
1-38-106,39,1,1.0,0,sim
1-38-107,39,1,1.0,0,sim
1-38-108,39,1,1.0,0,sim
1-38-109,39,1,0.0,0,sim
1-38-110,39,1,1.0,0,sim
1-38-111,39,1,1.0,0,sim
1-38-112,39,1,0.0,0,sim
1-38-113,39,1,0.0,0,sim
1-38-114,39,1,0.0,0,sim
1-38-115,39,1,1.0,0,sim
1-38-116,39,1,1.0,0,sim
1-38-117,39,1,1.0,0,sim
1-38-118,39,1,0.0,0,sim
1-38-119,39,1,0.0,0,sim
1-38-120,39,1,1.0,0,sim
1-38-121,39,1,1.0,0,sim
1-38-122,39,1,1.0,0,sim
1-38-123,39,1,1.0,0,sim
1-38-124,39,1,1.0,0,sim
1-38-125,39,1,0.0,0,sim
1-38-126,39,1,1.0,0,sim
1-38-127,39,1,1.0,0,sim
1-38-128,39,1,1.0,0,sim
1-38-129,39,1,1.0,0,sim
1-38-130,39,1,1.0,0,sim
1-38-131,39,1,1.0,0,sim
1-38-132,39,1,0.0,0,sim
1-38-133,39,1,1.0,0,sim
1-38-134,39,1,0.0,0,sim
1-38-135,39,1,0.0,0,sim
1-38-136,39,1,0.0,0,sim
1-38-137,39,1,0.0,0,sim
1-38-138,39,1,1.0,0,sim
1-38-139,39,1,1.0,0,sim
1-38-140,39,1,0.0,0,sim
1-38-141,39,1,0.0,0,sim
1-38-142,39,1,1.0,0,sim
1-38-143,39,1,0.0,0,sim
1-38-144,39,1,,0,sim
1-38-145,39,1,1.0,0,sim
1-38-146,39,1,0.0,0,sim
1-38-147,39,1,1.0,0,sim
1-38-148,39,1,0.0,0,sim
1-38-149,39,1,1.0,0,sim
1-38-150,39,1,1.0,0,sim
1-38-151,39,1,0.0,0,sim
1-38-152,39,1,0.0,0,sim
1-38-153,39,1,1.0,0,sim
1-38-154,39,1,0.0,0,sim
1-38-155,39,1,1.0,0,sim
1-38-156,39,1,0.0,0,sim
1-38-157,39,1,1.0,0,sim
1-38-158,39,1,1.0,0,sim
1-38-159,39,1,0.0,0,sim
1-38-160,39,1,1.0,0,sim
1-38-161,39,1,1.0,0,sim
1-38-162,39,1,0.0,0,sim
1-38-163,39,1,1.0,0,sim
1-38-164,39,1,0.0,0,sim
1-38-165,39,1,1.0,0,sim
1-38-166,39,1,1.0,0,sim
1-38-167,39,1,1.0,0,sim
1-38-168,39,1,1.0,0,sim
1-38-169,39,1,1.0,0,sim
1-38-170,39,1,1.0,0,sim
1-38-171,39,1,1.0,0,sim
1-38-172,39,1,1.0,0,sim
1-38-173,39,1,0.0,0,sim
1-38-174,39,1,1.0,0,sim
1-38-175,39,1,1.0,0,sim
1-38-176,39,1,1.0,0,sim
1-38-177,39,1,1.0,0,sim
1-38-178,39,1,0.0,0,sim
1-38-179,39,1,0.0,0,sim
1-38-180,39,1,0.0,0,sim
1-38-181,39,1,,0,sim
1-38-182,39,1,1.0,0,sim
1-38-183,39,1,0.0,0,sim
1-38-184,39,1,1.0,0,sim
1-38-185,39,1,1.0,0,sim
1-38-186,39,1,1.0,0,sim
1-38-187,39,1,1.0,0,sim
1-38-188,39,1,0.0,0,sim
1-38-189,39,1,0.0,0,sim
1-38-190,39,1,1.0,1,sim
1-38-191,39,1,0.0,0,sim
1-38-192,39,1,1.0,0,sim
1-38-193,39,1,1.0,0,sim
1-38-194,39,1,1.0,0,sim
1-38-195,39,1,1.0,0,sim
1-38-196,39,1,0.0,0,sim
1-38-197,39,1,0.0,0,sim
1-38-198,39,1,0.0,0,sim
1-38-199,39,1,,0,sim
1-38-200,39,1,0.0,0,sim
1-38-201,39,1,0.0,0,sim
1-38-202,39,1,1.0,0,sim
1-38-203,39,1,0.0,0,sim
1-38-204,39,1,0.0,0,sim
1-38-205,39,1,1.0,0,sim
1-38-206,39,1,0.0,0,sim
1-38-207,39,1,0.0,0,sim
1-38-208,39,1,1.0,0,sim
1-38-209,39,1,0.0,0,sim
1-38-210,39,1,0.0,0,sim
1-38-211,39,1,1.0,0,sim
1-38-212,39,1,1.0,0,sim
1-38-213,39,1,1.0,0,sim
1-38-214,39,1,0.0,0,sim
1-38-215,39,1,1.0,0,sim
1-38-216,39,1,0.0,0,sim
1-38-217,39,1,0.0,0,sim
1-38-218,39,1,0.0,0,sim
1-38-219,39,1,1.0,0,sim
1-38-220,39,1,1.0,0,sim
1-38-221,39,1,1.0,0,sim
1-38-222,39,1,0.0,0,sim
1-38-223,39,1,1.0,0,sim
1-38-224,39,1,1.0,0,sim
1-38-225,39,1,0.0,0,sim
1-38-226,39,1,0.0,0,sim
1-38-227,39,1,1.0,0,sim
1-38-228,39,1,1.0,0,sim
1-38-229,39,1,0.0,0,sim
1-38-230,39,1,1.0,0,sim
1-38-231,39,1,1.0,0,sim
1-38-232,39,1,0.0,0,sim
1-38-233,39,1,0.0,0,sim
1-38-234,39,1,1.0,0,sim
1-38-235,39,1,1.0,0,sim
1-38-236,39,1,0.0,0,sim
1-38-237,39,1,1.0,0,sim
1-38-238,39,1,0.0,0,sim
1-38-239,39,1,1.0,0,sim
1-39-0,40,1,1.0,0,sim
1-39-1,40,1,1.0,0,sim
1-39-2,40,1,1.0,0,sim
1-39-3,40,1,1.0,0,sim
1-39-4,40,1,0.0,0,sim
1-39-5,40,1,1.0,0,sim
1-39-6,40,1,1.0,0,sim
1-39-7,40,1,0.0,0,sim
1-39-8,40,1,0.0,0,sim
1-39-9,40,1,1.0,0,sim
1-39-10,40,1,1.0,0,sim
1-39-11,40,1,1.0,0,sim
1-39-12,40,1,0.0,0,sim
1-39-13,40,1,1.0,0,sim
1-39-14,40,1,1.0,0,sim
1-39-15,40,1,1.0,0,sim
1-39-16,40,1,0.0,0,sim
1-39-17,40,1,1.0,0,sim
1-39-18,40,1,0.0,0,sim
1-39-19,40,1,,0,sim
1-39-20,40,1,0.0,0,sim
1-39-21,40,1,1.0,1,sim
1-39-22,40,1,0.0,0,sim
1-39-23,40,1,,0,sim
1-39-24,40,1,1.0,0,sim
1-39-25,40,1,1.0,0,sim
1-39-26,40,1,0.0,0,sim
1-39-27,40,1,1.0,0,sim
1-39-28,40,1,0.0,0,sim
1-39-29,40,1,0.0,0,sim
1-39-30,40,1,0.0,0,sim
1-39-31,40,1,1.0,0,sim
1-39-32,40,1,0.0,0,sim
1-39-33,40,1,,0,sim
1-39-34,40,1,1.0,0,sim
1-39-35,40,1,0.0,0,sim
1-39-36,40,1,1.0,0,sim
1-39-37,40,1,1.0,0,sim
1-39-38,40,1,1.0,0,sim
1-39-39,40,1,1.0,0,sim
1-39-40,40,1,0.0,0,sim
1-39-41,40,1,1.0,0,sim
1-39-42,40,1,1.0,0,sim
1-39-43,40,1,0.0,0,sim
1-39-44,40,1,1.0,0,sim
1-39-45,40,1,1.0,0,sim
1-39-46,40,1,0.0,0,sim
1-39-47,40,1,,0,sim
1-39-48,40,1,0.0,0,sim
1-39-49,40,1,1.0,0,sim
1-39-50,40,1,,0,sim
1-39-51,40,1,0.0,0,sim
1-39-52,40,1,1.0,0,sim
1-39-53,40,1,0.0,0,sim
1-39-54,40,1,1.0,0,sim
1-39-55,40,1,0.0,0,sim
1-39-56,40,1,0.0,0,sim
1-39-57,40,1,1.0,0,sim
1-39-58,40,1,1.0,0,sim
1-39-59,40,1,1.0,0,sim
1-39-60,40,1,0.0,0,sim
1-39-61,40,1,1.0,0,sim
1-39-62,40,1,0.0,0,sim
1-39-63,40,1,1.0,0,sim
1-39-64,40,1,1.0,0,sim
1-39-65,40,1,1.0,0,sim
1-39-66,40,1,0.0,0,sim
1-39-67,40,1,1.0,0,sim
1-39-68,40,1,1.0,0,sim
1-39-69,40,1,0.0,0,sim
1-39-70,40,1,1.0,0,sim
1-39-71,40,1,1.0,0,sim
1-39-72,40,1,0.0,0,sim
1-39-73,40,1,1.0,0,sim
1-39-74,40,1,1.0,1,sim
1-39-75,40,1,1.0,0,sim
1-39-76,40,1,0.0,0,sim
1-39-77,40,1,1.0,0,sim
1-39-78,40,1,1.0,0,sim
1-39-79,40,1,1.0,0,sim
1-39-80,40,1,0.0,0,sim
1-39-81,40,1,1.0,0,sim
1-39-82,40,1,1.0,0,sim
1-39-83,40,1,0.0,0,sim
1-39-84,40,1,0.0,0,sim
1-39-85,40,1,1.0,0,sim
1-39-86,40,1,0.0,0,sim
1-39-87,40,1,0.0,0,sim
1-39-88,40,1,1.0,0,sim
1-39-89,40,1,1.0,0,sim
1-39-90,40,1,0.0,0,sim
1-39-91,40,1,1.0,0,sim
1-39-92,40,1,1.0,0,sim
1-39-93,40,1,1.0,0,sim
1-39-94,40,1,1.0,0,sim
1-39-95,40,1,0.0,0,sim
1-39-96,40,1,1.0,0,sim
1-39-97,40,1,0.0,0,sim
1-39-98,40,1,0.0,0,sim
1-39-99,40,1,0.0,0,sim
1-39-100,40,1,1.0,0,sim
1-39-101,40,1,0.0,0,sim
1-39-102,40,1,1.0,0,sim
1-39-103,40,1,1.0,0,sim
1-39-104,40,1,,0,sim
1-39-105,40,1,1.0,0,sim
1-39-106,40,1,0.0,0,sim
1-39-107,40,1,1.0,0,sim
1-39-108,40,1,0.0,0,sim
1-39-109,40,1,0.0,0,sim
1-39-110,40,1,1.0,0,sim
1-39-111,40,1,0.0,0,sim
1-39-112,40,1,0.0,0,sim
1-39-113,40,1,0.0,0,sim
1-39-114,40,1,1.0,0,sim
1-39-115,40,1,1.0,0,sim
1-39-116,40,1,1.0,0,sim
1-39-117,40,1,1.0,0,sim
1-39-118,40,1,1.0,0,sim
1-39-119,40,1,,0,sim
1-39-120,40,1,1.0,0,sim
1-39-121,40,1,1.0,0,sim
1-39-122,40,1,1.0,0,sim
1-39-123,40,1,1.0,0,sim
1-39-124,40,1,0.0,0,sim
1-39-125,40,1,0.0,0,sim
1-39-126,40,1,1.0,0,sim
1-39-127,40,1,1.0,0,sim
1-39-128,40,1,1.0,0,sim
1-39-129,40,1,1.0,0,sim
1-39-130,40,1,1.0,0,sim
1-39-131,40,1,1.0,0,sim
1-39-132,40,1,1.0,0,sim
1-39-133,40,1,1.0,0,sim
1-39-134,40,1,0.0,0,sim
1-39-135,40,1,1.0,0,sim
1-39-136,40,1,,0,sim
1-39-137,40,1,1.0,0,sim
1-39-138,40,1,1.0,0,sim
1-39-139,40,1,0.0,0,sim
1-39-140,40,1,1.0,0,sim
1-39-141,40,1,1.0,0,sim
1-39-142,40,1,1.0,0,sim
1-39-143,40,1,0.0,0,sim
1-39-144,40,1,1.0,0,sim
1-39-145,40,1,1.0,0,sim
1-39-146,40,1,0.0,0,sim
1-39-147,40,1,0.0,0,sim
1-39-148,40,1,1.0,0,sim
1-39-149,40,1,1.0,0,sim
1-39-150,40,1,0.0,0,sim
1-39-151,40,1,0.0,0,sim
1-39-152,40,1,1.0,0,sim
1-39-153,40,1,,0,sim
1-39-154,40,1,1.0,0,sim
1-39-155,40,1,,0,sim
1-39-156,40,1,1.0,0,sim
1-39-157,40,1,1.0,0,sim
1-39-158,40,1,,0,sim
1-39-159,40,1,1.0,0,sim
1-39-160,40,1,0.0,0,sim
1-39-161,40,1,1.0,0,sim
1-39-162,40,1,0.0,0,sim
1-39-163,40,1,0.0,0,sim
1-39-164,40,1,1.0,0,sim
1-39-165,40,1,1.0,0,sim
1-39-166,40,1,,0,sim
1-39-167,40,1,1.0,0,sim
1-39-168,40,1,1.0,0,sim
1-39-169,40,1,1.0,1,sim
1-39-170,40,1,1.0,0,sim
1-39-171,40,1,,0,sim
1-39-172,40,1,1.0,0,sim
1-39-173,40,1,1.0,0,sim
1-39-174,40,1,1.0,0,sim
1-39-175,40,1,0.0,0,sim
1-39-176,40,1,1.0,0,sim
1-39-177,40,1,1.0,0,sim
1-39-178,40,1,1.0,0,sim
1-39-179,40,1,0.0,0,sim
1-39-180,40,1,0.0,0,sim
1-39-181,40,1,1.0,0,sim
1-39-182,40,1,1.0,0,sim
1-39-183,40,1,1.0,0,sim
1-39-184,40,1,0.0,0,sim
1-39-185,40,1,0.0,0,sim
1-39-186,40,1,1.0,0,sim
1-39-187,40,1,0.0,0,sim
1-39-188,40,1,1.0,0,sim
1-39-189,40,1,1.0,0,sim
1-39-190,40,1,1.0,0,sim
1-39-191,40,1,0.0,0,sim
1-39-192,40,1,1.0,0,sim
1-39-193,40,1,1.0,0,sim
1-39-194,40,1,1.0,0,sim
1-39-195,40,1,0.0,0,sim
1-39-196,40,1,1.0,0,sim
1-39-197,40,1,0.0,0,sim
1-39-198,40,1,0.0,0,sim
1-39-199,40,1,1.0,0,sim
1-39-200,40,1,1.0,0,sim
1-39-201,40,1,1.0,0,sim
1-39-202,40,1,,0,sim
1-39-203,40,1,0.0,0,sim
1-39-204,40,1,1.0,0,sim
1-39-205,40,1,0.0,0,sim
1-39-206,40,1,1.0,0,sim
1-39-207,40,1,1.0,0,sim
1-39-208,40,1,1.0,0,sim
1-39-209,40,1,0.0,0,sim
1-39-210,40,1,1.0,1,sim
1-39-211,40,1,1.0,0,sim
1-39-212,40,1,0.0,0,sim
1-39-213,40,1,1.0,0,sim
1-39-214,40,1,1.0,0,sim
1-39-215,40,1,,1,sim
1-39-216,40,1,1.0,0,sim
1-39-217,40,1,1.0,0,sim
1-39-218,40,1,1.0,0,sim
1-39-219,40,1,1.0,0,sim
1-39-220,40,1,0.0,0,sim
1-39-221,40,1,0.0,0,sim
1-39-222,40,1,0.0,0,sim
1-39-223,40,1,0.0,0,sim
1-39-224,40,1,1.0,0,sim
1-39-225,40,1,1.0,0,sim
1-39-226,40,1,0.0,0,sim
1-39-227,40,1,1.0,0,sim
1-39-228,40,1,0.0,0,sim
1-39-229,40,1,1.0,0,sim
1-39-230,40,1,1.0,0,sim
1-39-231,40,1,1.0,0,sim
1-39-232,40,1,1.0,0,sim
1-39-233,40,1,1.0,0,sim
1-39-234,40,1,1.0,0,sim
1-39-235,40,1,,0,sim
1-39-236,40,1,1.0,0,sim
1-39-237,40,1,1.0,0,sim
1-39-238,40,1,1.0,0,sim
1-39-239,40,1,1.0,0,sim
1-40-0,41,1,1.0,0,sim
1-40-1,41,1,1.0,0,sim
1-40-2,41,1,,0,sim
1-40-3,41,1,,0,sim
1-40-4,41,1,0.0,0,sim
1-40-5,41,1,1.0,0,sim
1-40-6,41,1,1.0,0,sim
1-40-7,41,1,1.0,0,sim
1-40-8,41,1,0.0,0,sim
1-40-9,41,1,,0,sim
1-40-10,41,1,1.0,0,sim
1-40-11,41,1,,0,sim
1-40-12,41,1,1.0,0,sim
1-40-13,41,1,1.0,0,sim
1-40-14,41,1,1.0,0,sim
1-40-15,41,1,0.0,0,sim
1-40-16,41,1,0.0,0,sim
1-40-17,41,1,1.0,0,sim
1-40-18,41,1,1.0,0,sim
1-40-19,41,1,,0,sim
1-40-20,41,1,1.0,0,sim
1-40-21,41,1,0.0,0,sim
1-40-22,41,1,1.0,0,sim
1-40-23,41,1,1.0,0,sim
1-40-24,41,1,,0,sim
1-40-25,41,1,1.0,0,sim
1-40-26,41,1,1.0,0,sim
1-40-27,41,1,1.0,0,sim
1-40-28,41,1,1.0,0,sim
1-40-29,41,1,0.0,0,sim
1-40-30,41,1,1.0,0,sim
1-40-31,41,1,0.0,0,sim
1-40-32,41,1,0.0,0,sim
1-40-33,41,1,0.0,0,sim
1-40-34,41,1,1.0,0,sim
1-40-35,41,1,1.0,0,sim
1-40-36,41,1,,0,sim
1-40-37,41,1,1.0,0,sim
1-40-38,41,1,0.0,0,sim
1-40-39,41,1,1.0,0,sim
1-40-40,41,1,0.0,0,sim
1-40-41,41,1,1.0,0,sim
1-40-42,41,1,1.0,0,sim
1-40-43,41,1,0.0,0,sim
1-40-44,41,1,,0,sim
1-40-45,41,1,1.0,0,sim
1-40-46,41,1,1.0,0,sim
1-40-47,41,1,0.0,0,sim
1-40-48,41,1,1.0,0,sim
1-40-49,41,1,1.0,0,sim
1-40-50,41,1,,0,sim
1-40-51,41,1,0.0,0,sim
1-40-52,41,1,0.0,0,sim
1-40-53,41,1,1.0,0,sim
1-40-54,41,1,1.0,0,sim
1-40-55,41,1,0.0,0,sim
1-40-56,41,1,0.0,0,sim
1-40-57,41,1,1.0,0,sim
1-40-58,41,1,1.0,0,sim
1-40-59,41,1,0.0,0,sim
1-40-60,41,1,1.0,0,sim
1-40-61,41,1,0.0,0,sim
1-40-62,41,1,0.0,0,sim
1-40-63,41,1,1.0,0,sim
1-40-64,41,1,1.0,0,sim
1-40-65,41,1,1.0,1,sim
1-40-66,41,1,0.0,0,sim
1-40-67,41,1,1.0,0,sim
1-40-68,41,1,1.0,0,sim
1-40-69,41,1,1.0,0,sim
1-40-70,41,1,1.0,0,sim
1-40-71,41,1,,0,sim
1-40-72,41,1,1.0,0,sim
1-40-73,41,1,0.0,0,sim
1-40-74,41,1,,0,sim
1-40-75,41,1,1.0,0,sim
1-40-76,41,1,,0,sim
1-40-77,41,1,0.0,0,sim
1-40-78,41,1,0.0,0,sim
1-40-79,41,1,1.0,0,sim
1-40-80,41,1,0.0,0,sim
1-40-81,41,1,1.0,0,sim
1-40-82,41,1,1.0,0,sim
1-40-83,41,1,1.0,0,sim
1-40-84,41,1,0.0,0,sim
1-40-85,41,1,1.0,0,sim
1-40-86,41,1,0.0,0,sim
1-40-87,41,1,1.0,0,sim
1-40-88,41,1,1.0,0,sim
1-40-89,41,1,0.0,0,sim
1-40-90,41,1,1.0,0,sim
1-40-91,41,1,1.0,0,sim
1-40-92,41,1,1.0,0,sim
1-40-93,41,1,0.0,0,sim
1-40-94,41,1,1.0,0,sim
1-40-95,41,1,1.0,0,sim
1-40-96,41,1,1.0,0,sim
1-40-97,41,1,0.0,0,sim
1-40-98,41,1,1.0,0,sim
1-40-99,41,1,1.0,0,sim
1-40-100,41,1,1.0,0,sim
1-40-101,41,1,,0,sim
1-40-102,41,1,0.0,0,sim
1-40-103,41,1,1.0,0,sim
1-40-104,41,1,,0,sim
1-40-105,41,1,1.0,0,sim
1-40-106,41,1,1.0,0,sim
1-40-107,41,1,1.0,0,sim
1-40-108,41,1,,0,sim
1-40-109,41,1,,0,sim
1-40-110,41,1,1.0,0,sim
1-40-111,41,1,1.0,0,sim
1-40-112,41,1,0.0,0,sim
1-40-113,41,1,1.0,0,sim
1-40-114,41,1,1.0,0,sim
1-40-115,41,1,1.0,0,sim
1-40-116,41,1,1.0,0,sim
1-40-117,41,1,1.0,0,sim
1-40-118,41,1,0.0,0,sim
1-40-119,41,1,0.0,0,sim
1-40-120,41,1,0.0,0,sim
1-40-121,41,1,0.0,0,sim
1-40-122,41,1,1.0,0,sim
1-40-123,41,1,0.0,0,sim
1-40-124,41,1,0.0,0,sim
1-40-125,41,1,1.0,0,sim
1-40-126,41,1,1.0,0,sim
1-40-127,41,1,0.0,0,sim
1-40-128,41,1,1.0,0,sim
1-40-129,41,1,1.0,0,sim
1-40-130,41,1,1.0,0,sim
1-40-131,41,1,1.0,0,sim
1-40-132,41,1,,0,sim
1-40-133,41,1,0.0,0,sim
1-40-134,41,1,1.0,0,sim
1-40-135,41,1,1.0,0,sim
1-40-136,41,1,0.0,0,sim
1-40-137,41,1,1.0,0,sim
1-40-138,41,1,0.0,0,sim
1-40-139,41,1,0.0,0,sim
1-40-140,41,1,,0,sim
1-40-141,41,1,0.0,0,sim
1-40-142,41,1,1.0,0,sim
1-40-143,41,1,1.0,0,sim
1-40-144,41,1,0.0,0,sim
1-40-145,41,1,1.0,0,sim
1-40-146,41,1,1.0,0,sim
1-40-147,41,1,1.0,0,sim
1-40-148,41,1,1.0,0,sim
1-40-149,41,1,1.0,0,sim
1-40-150,41,1,1.0,0,sim
1-40-151,41,1,0.0,0,sim
1-40-152,41,1,0.0,0,sim
1-40-153,41,1,1.0,0,sim
1-40-154,41,1,,0,sim
1-40-155,41,1,1.0,0,sim
1-40-156,41,1,1.0,0,sim
1-40-157,41,1,1.0,0,sim
1-40-158,41,1,0.0,0,sim
1-40-159,41,1,,0,sim
1-40-160,41,1,0.0,0,sim
1-40-161,41,1,1.0,0,sim
1-40-162,41,1,,0,sim
1-40-163,41,1,1.0,0,sim
1-40-164,41,1,1.0,0,sim
1-40-165,41,1,1.0,0,sim
1-40-166,41,1,,0,sim
1-40-167,41,1,0.0,0,sim
1-40-168,41,1,0.0,0,sim
1-40-169,41,1,1.0,1,sim
1-40-170,41,1,1.0,0,sim
1-40-171,41,1,,0,sim
1-40-172,41,1,0.0,0,sim
1-40-173,41,1,1.0,0,sim
1-40-174,41,1,0.0,1,sim
1-40-175,41,1,0.0,0,sim
1-40-176,41,1,1.0,0,sim
1-40-177,41,1,1.0,0,sim
1-40-178,41,1,,0,sim
1-40-179,41,1,0.0,0,sim
1-40-180,41,1,1.0,0,sim
1-40-181,41,1,0.0,0,sim
1-40-182,41,1,1.0,0,sim
1-40-183,41,1,1.0,0,sim
1-40-184,41,1,0.0,0,sim
1-40-185,41,1,1.0,0,sim
1-40-186,41,1,1.0,0,sim
1-40-187,41,1,1.0,0,sim
1-40-188,41,1,1.0,0,sim
1-40-189,41,1,1.0,0,sim
1-40-190,41,1,0.0,0,sim
1-40-191,41,1,1.0,0,sim
1-40-192,41,1,,0,sim
1-40-193,41,1,0.0,0,sim
1-40-194,41,1,1.0,0,sim
1-40-195,41,1,1.0,0,sim
1-40-196,41,1,0.0,0,sim
1-40-197,41,1,1.0,0,sim
1-40-198,41,1,0.0,0,sim
1-40-199,41,1,0.0,0,sim
1-40-200,41,1,1.0,0,sim
1-40-201,41,1,1.0,0,sim
1-40-202,41,1,1.0,0,sim
1-40-203,41,1,1.0,0,sim
1-40-204,41,1,,0,sim
1-40-205,41,1,0.0,0,sim
1-40-206,41,1,1.0,1,sim
1-40-207,41,1,0.0,0,sim
1-40-208,41,1,1.0,0,sim
1-40-209,41,1,0.0,0,sim
1-40-210,41,1,0.0,0,sim
1-40-211,41,1,0.0,0,sim
1-40-212,41,1,1.0,0,sim
1-40-213,41,1,1.0,0,sim
1-40-214,41,1,,0,sim
1-40-215,41,1,,0,sim
1-40-216,41,1,0.0,0,sim
1-40-217,41,1,1.0,0,sim
1-40-218,41,1,1.0,0,sim
1-40-219,41,1,0.0,0,sim
1-40-220,41,1,1.0,0,sim
1-40-221,41,1,1.0,0,sim
1-40-222,41,1,1.0,0,sim
1-40-223,41,1,1.0,0,sim
1-40-224,41,1,0.0,0,sim
1-40-225,41,1,0.0,0,sim
1-40-226,41,1,0.0,0,sim
1-40-227,41,1,1.0,0,sim
1-40-228,41,1,1.0,0,sim
1-40-229,41,1,1.0,0,sim
1-40-230,41,1,,0,sim
1-40-231,41,1,1.0,0,sim
1-40-232,41,1,0.0,0,sim
1-40-233,41,1,1.0,0,sim
1-40-234,41,1,1.0,0,sim
1-40-235,41,1,0.0,0,sim
1-40-236,41,1,1.0,0,sim
1-40-237,41,1,0.0,0,sim
1-40-238,41,1,1.0,0,sim
1-40-239,41,1,,0,sim
1-41-0,42,1,1.0,0,sim
1-41-1,42,1,1.0,0,sim
1-41-2,42,1,1.0,0,sim
1-41-3,42,1,0.0,0,sim
1-41-4,42,1,1.0,0,sim
1-41-5,42,1,0.0,0,sim
1-41-6,42,1,0.0,0,sim
1-41-7,42,1,0.0,0,sim
1-41-8,42,1,0.0,0,sim
1-41-9,42,1,1.0,0,sim
1-41-10,42,1,1.0,0,sim
1-41-11,42,1,1.0,0,sim
1-41-12,42,1,1.0,0,sim
1-41-13,42,1,0.0,0,sim
1-41-14,42,1,1.0,0,sim
1-41-15,42,1,0.0,0,sim
1-41-16,42,1,1.0,0,sim
1-41-17,42,1,0.0,0,sim
1-41-18,42,1,1.0,0,sim
1-41-19,42,1,1.0,0,sim
1-41-20,42,1,1.0,0,sim
1-41-21,42,1,1.0,0,sim
1-41-22,42,1,0.0,0,sim
1-41-23,42,1,0.0,0,sim
1-41-24,42,1,1.0,0,sim
1-41-25,42,1,0.0,0,sim
1-41-26,42,1,1.0,0,sim
1-41-27,42,1,1.0,0,sim
1-41-28,42,1,1.0,0,sim
1-41-29,42,1,1.0,0,sim
1-41-30,42,1,1.0,0,sim
1-41-31,42,1,1.0,0,sim
1-41-32,42,1,0.0,0,sim
1-41-33,42,1,1.0,0,sim
1-41-34,42,1,1.0,0,sim
1-41-35,42,1,1.0,0,sim
1-41-36,42,1,0.0,0,sim
1-41-37,42,1,1.0,0,sim
1-41-38,42,1,1.0,0,sim
1-41-39,42,1,1.0,0,sim
1-41-40,42,1,1.0,0,sim
1-41-41,42,1,0.0,0,sim
1-41-42,42,1,1.0,0,sim
1-41-43,42,1,1.0,0,sim
1-41-44,42,1,1.0,0,sim
1-41-45,42,1,0.0,0,sim
1-41-46,42,1,1.0,0,sim
1-41-47,42,1,1.0,0,sim
1-41-48,42,1,1.0,0,sim
1-41-49,42,1,0.0,0,sim
1-41-50,42,1,1.0,0,sim
1-41-51,42,1,1.0,0,sim
1-41-52,42,1,1.0,0,sim
1-41-53,42,1,1.0,0,sim
1-41-54,42,1,,0,sim
1-41-55,42,1,0.0,0,sim
1-41-56,42,1,1.0,0,sim
1-41-57,42,1,0.0,0,sim
1-41-58,42,1,0.0,0,sim
1-41-59,42,1,1.0,0,sim
1-41-60,42,1,0.0,0,sim
1-41-61,42,1,1.0,0,sim
1-41-62,42,1,0.0,0,sim
1-41-63,42,1,1.0,0,sim
1-41-64,42,1,1.0,0,sim
1-41-65,42,1,1.0,0,sim
1-41-66,42,1,,0,sim
1-41-67,42,1,1.0,0,sim
1-41-68,42,1,1.0,0,sim
1-41-69,42,1,1.0,0,sim
1-41-70,42,1,1.0,0,sim
1-41-71,42,1,0.0,0,sim
1-41-72,42,1,1.0,0,sim
1-41-73,42,1,1.0,0,sim
1-41-74,42,1,1.0,0,sim
1-41-75,42,1,1.0,0,sim
1-41-76,42,1,1.0,0,sim
1-41-77,42,1,0.0,0,sim
1-41-78,42,1,1.0,0,sim
1-41-79,42,1,1.0,0,sim
1-41-80,42,1,0.0,0,sim
1-41-81,42,1,1.0,0,sim
1-41-82,42,1,1.0,0,sim
1-41-83,42,1,1.0,0,sim
1-41-84,42,1,1.0,0,sim
1-41-85,42,1,1.0,0,sim
1-41-86,42,1,0.0,0,sim
1-41-87,42,1,0.0,0,sim
1-41-88,42,1,0.0,0,sim
1-41-89,42,1,1.0,0,sim
1-41-90,42,1,1.0,0,sim
1-41-91,42,1,1.0,0,sim
1-41-92,42,1,1.0,0,sim
1-41-93,42,1,1.0,0,sim
1-41-94,42,1,0.0,0,sim
1-41-95,42,1,1.0,0,sim
1-41-96,42,1,0.0,0,sim
1-41-97,42,1,1.0,0,sim
1-41-98,42,1,0.0,0,sim
1-41-99,42,1,1.0,0,sim
1-41-100,42,1,1.0,0,sim
1-41-101,42,1,1.0,0,sim
1-41-102,42,1,0.0,0,sim
1-41-103,42,1,1.0,0,sim
1-41-104,42,1,1.0,0,sim
1-41-105,42,1,0.0,0,sim
1-41-106,42,1,1.0,0,sim
1-41-107,42,1,1.0,0,sim
1-41-108,42,1,1.0,0,sim
1-41-109,42,1,0.0,1,sim
1-41-110,42,1,1.0,0,sim
1-41-111,42,1,1.0,0,sim
1-41-112,42,1,0.0,0,sim
1-41-113,42,1,1.0,0,sim
1-41-114,42,1,0.0,0,sim
1-41-115,42,1,0.0,0,sim
1-41-116,42,1,0.0,0,sim
1-41-117,42,1,1.0,0,sim
1-41-118,42,1,0.0,0,sim
1-41-119,42,1,1.0,0,sim
1-41-120,42,1,1.0,0,sim
1-41-121,42,1,0.0,0,sim
1-41-122,42,1,1.0,0,sim
1-41-123,42,1,0.0,0,sim
1-41-124,42,1,1.0,0,sim
1-41-125,42,1,1.0,0,sim
1-41-126,42,1,1.0,0,sim
1-41-127,42,1,1.0,0,sim
1-41-128,42,1,1.0,0,sim
1-41-129,42,1,1.0,0,sim
1-41-130,42,1,0.0,0,sim
1-41-131,42,1,1.0,0,sim
1-41-132,42,1,1.0,0,sim
1-41-133,42,1,1.0,0,sim
1-41-134,42,1,0.0,0,sim
1-41-135,42,1,0.0,0,sim
1-41-136,42,1,1.0,0,sim
1-41-137,42,1,0.0,0,sim
1-41-138,42,1,0.0,0,sim
1-41-139,42,1,0.0,0,sim
1-41-140,42,1,0.0,0,sim
1-41-141,42,1,,0,sim
1-41-142,42,1,0.0,0,sim
1-41-143,42,1,1.0,0,sim
1-41-144,42,1,1.0,1,sim
1-41-145,42,1,,0,sim
1-41-146,42,1,0.0,0,sim
1-41-147,42,1,0.0,0,sim
1-41-148,42,1,0.0,0,sim
1-41-149,42,1,1.0,0,sim
1-41-150,42,1,0.0,0,sim
1-41-151,42,1,1.0,0,sim
1-41-152,42,1,0.0,0,sim
1-41-153,42,1,1.0,0,sim
1-41-154,42,1,1.0,0,sim
1-41-155,42,1,0.0,0,sim
1-41-156,42,1,1.0,0,sim
1-41-157,42,1,1.0,0,sim
1-41-158,42,1,0.0,0,sim
1-41-159,42,1,1.0,0,sim
1-41-160,42,1,0.0,0,sim
1-41-161,42,1,0.0,0,sim
1-41-162,42,1,,0,sim
1-41-163,42,1,0.0,0,sim
1-41-164,42,1,0.0,0,sim
1-41-165,42,1,1.0,0,sim
1-41-166,42,1,1.0,0,sim
1-41-167,42,1,1.0,0,sim
1-41-168,42,1,1.0,0,sim
1-41-169,42,1,1.0,0,sim
1-41-170,42,1,1.0,0,sim
1-41-171,42,1,0.0,0,sim
1-41-172,42,1,1.0,0,sim
1-41-173,42,1,0.0,0,sim
1-41-174,42,1,0.0,0,sim
1-41-175,42,1,1.0,0,sim
1-41-176,42,1,1.0,0,sim
1-41-177,42,1,1.0,0,sim
1-41-178,42,1,0.0,0,sim
1-41-179,42,1,1.0,0,sim
1-41-180,42,1,1.0,0,sim
1-41-181,42,1,1.0,1,sim
1-41-182,42,1,0.0,0,sim
1-41-183,42,1,1.0,0,sim
1-41-184,42,1,1.0,0,sim
1-41-185,42,1,1.0,0,sim
1-41-186,42,1,0.0,0,sim
1-41-187,42,1,1.0,0,sim
1-41-188,42,1,1.0,0,sim
1-41-189,42,1,1.0,0,sim
1-41-190,42,1,0.0,0,sim
1-41-191,42,1,0.0,0,sim
1-41-192,42,1,0.0,0,sim
1-41-193,42,1,1.0,0,sim
1-41-194,42,1,1.0,0,sim
1-41-195,42,1,1.0,0,sim
1-41-196,42,1,0.0,0,sim
1-41-197,42,1,1.0,0,sim
1-41-198,42,1,0.0,0,sim
1-41-199,42,1,1.0,0,sim
1-41-200,42,1,1.0,0,sim
1-41-201,42,1,0.0,0,sim
1-41-202,42,1,1.0,0,sim
1-41-203,42,1,1.0,0,sim
1-41-204,42,1,0.0,0,sim
1-41-205,42,1,0.0,0,sim
1-41-206,42,1,0.0,0,sim
1-41-207,42,1,0.0,0,sim
1-41-208,42,1,0.0,0,sim
1-41-209,42,1,1.0,0,sim
1-41-210,42,1,1.0,0,sim
1-41-211,42,1,1.0,0,sim
1-41-212,42,1,0.0,0,sim
1-41-213,42,1,0.0,0,sim
1-41-214,42,1,0.0,0,sim
1-41-215,42,1,1.0,0,sim
1-41-216,42,1,1.0,0,sim
1-41-217,42,1,0.0,0,sim
1-41-218,42,1,0.0,0,sim
1-41-219,42,1,0.0,0,sim
1-41-220,42,1,1.0,0,sim
1-41-221,42,1,1.0,0,sim
1-41-222,42,1,1.0,0,sim
1-41-223,42,1,1.0,0,sim
1-41-224,42,1,1.0,0,sim
1-41-225,42,1,1.0,1,sim
1-41-226,42,1,1.0,0,sim
1-41-227,42,1,1.0,0,sim
1-41-228,42,1,0.0,0,sim
1-41-229,42,1,0.0,0,sim
1-41-230,42,1,1.0,0,sim
1-41-231,42,1,1.0,0,sim
1-41-232,42,1,0.0,0,sim
1-41-233,42,1,0.0,0,sim
1-41-234,42,1,0.0,0,sim
1-41-235,42,1,1.0,0,sim
1-41-236,42,1,0.0,0,sim
1-41-237,42,1,1.0,0,sim
1-41-238,42,1,1.0,0,sim
1-41-239,42,1,1.0,1,sim
1-42-0,43,1,0.0,0,sim
1-42-1,43,1,0.0,0,sim
1-42-2,43,1,1.0,0,sim
1-42-3,43,1,0.0,0,sim
1-42-4,43,1,1.0,0,sim
1-42-5,43,1,1.0,0,sim
1-42-6,43,1,0.0,0,sim
1-42-7,43,1,1.0,0,sim
1-42-8,43,1,1.0,0,sim
1-42-9,43,1,1.0,1,sim
1-42-10,43,1,0.0,0,sim
1-42-11,43,1,1.0,0,sim
1-42-12,43,1,1.0,0,sim
1-42-13,43,1,1.0,0,sim
1-42-14,43,1,0.0,0,sim
1-42-15,43,1,1.0,0,sim
1-42-16,43,1,1.0,0,sim
1-42-17,43,1,1.0,0,sim
1-42-18,43,1,1.0,0,sim
1-42-19,43,1,0.0,0,sim
1-42-20,43,1,1.0,0,sim
1-42-21,43,1,1.0,0,sim
1-42-22,43,1,0.0,0,sim
1-42-23,43,1,1.0,0,sim
1-42-24,43,1,1.0,0,sim
1-42-25,43,1,1.0,0,sim
1-42-26,43,1,1.0,0,sim
1-42-27,43,1,1.0,0,sim
1-42-28,43,1,1.0,0,sim
1-42-29,43,1,1.0,0,sim
1-42-30,43,1,0.0,0,sim
1-42-31,43,1,0.0,0,sim
1-42-32,43,1,1.0,0,sim
1-42-33,43,1,1.0,0,sim
1-42-34,43,1,1.0,0,sim
1-42-35,43,1,0.0,0,sim
1-42-36,43,1,1.0,0,sim
1-42-37,43,1,1.0,0,sim
1-42-38,43,1,1.0,0,sim
1-42-39,43,1,0.0,0,sim
1-42-40,43,1,0.0,0,sim
1-42-41,43,1,1.0,0,sim
1-42-42,43,1,1.0,0,sim
1-42-43,43,1,0.0,0,sim
1-42-44,43,1,1.0,0,sim
1-42-45,43,1,1.0,0,sim
1-42-46,43,1,1.0,0,sim
1-42-47,43,1,0.0,0,sim
1-42-48,43,1,1.0,0,sim
1-42-49,43,1,1.0,0,sim
1-42-50,43,1,0.0,0,sim
1-42-51,43,1,1.0,0,sim
1-42-52,43,1,1.0,0,sim
1-42-53,43,1,1.0,0,sim
1-42-54,43,1,0.0,0,sim
1-42-55,43,1,0.0,0,sim
1-42-56,43,1,0.0,0,sim
1-42-57,43,1,0.0,0,sim
1-42-58,43,1,1.0,0,sim
1-42-59,43,1,,0,sim
1-42-60,43,1,1.0,0,sim
1-42-61,43,1,1.0,0,sim
1-42-62,43,1,1.0,0,sim
1-42-63,43,1,0.0,0,sim
1-42-64,43,1,1.0,0,sim
1-42-65,43,1,1.0,0,sim
1-42-66,43,1,0.0,0,sim
1-42-67,43,1,0.0,0,sim
1-42-68,43,1,1.0,0,sim
1-42-69,43,1,0.0,0,sim
1-42-70,43,1,0.0,0,sim
1-42-71,43,1,1.0,0,sim
1-42-72,43,1,1.0,0,sim
1-42-73,43,1,1.0,0,sim
1-42-74,43,1,0.0,0,sim
1-42-75,43,1,1.0,0,sim
1-42-76,43,1,1.0,0,sim
1-42-77,43,1,1.0,0,sim
1-42-78,43,1,1.0,0,sim
1-42-79,43,1,1.0,0,sim
1-42-80,43,1,1.0,0,sim
1-42-81,43,1,0.0,0,sim
1-42-82,43,1,0.0,0,sim
1-42-83,43,1,0.0,0,sim
1-42-84,43,1,0.0,0,sim
1-42-85,43,1,1.0,0,sim
1-42-86,43,1,1.0,0,sim
1-42-87,43,1,1.0,0,sim
1-42-88,43,1,1.0,0,sim
1-42-89,43,1,1.0,0,sim
1-42-90,43,1,1.0,1,sim
1-42-91,43,1,0.0,0,sim
1-42-92,43,1,1.0,0,sim
1-42-93,43,1,0.0,0,sim
1-42-94,43,1,0.0,0,sim
1-42-95,43,1,1.0,0,sim
1-42-96,43,1,0.0,0,sim
1-42-97,43,1,0.0,0,sim
1-42-98,43,1,0.0,0,sim
1-42-99,43,1,1.0,0,sim
1-42-100,43,1,0.0,0,sim
1-42-101,43,1,0.0,0,sim
1-42-102,43,1,1.0,0,sim
1-42-103,43,1,1.0,0,sim
1-42-104,43,1,1.0,0,sim
1-42-105,43,1,0.0,0,sim
1-42-106,43,1,1.0,0,sim
1-42-107,43,1,1.0,0,sim
1-42-108,43,1,1.0,0,sim
1-42-109,43,1,0.0,0,sim
1-42-110,43,1,1.0,0,sim
1-42-111,43,1,1.0,0,sim
1-42-112,43,1,1.0,0,sim
1-42-113,43,1,1.0,0,sim
1-42-114,43,1,1.0,0,sim
1-42-115,43,1,1.0,0,sim
1-42-116,43,1,1.0,0,sim
1-42-117,43,1,1.0,0,sim
1-42-118,43,1,0.0,0,sim
1-42-119,43,1,1.0,0,sim
1-42-120,43,1,1.0,0,sim
1-42-121,43,1,0.0,0,sim
1-42-122,43,1,0.0,0,sim
1-42-123,43,1,0.0,0,sim
1-42-124,43,1,1.0,0,sim
1-42-125,43,1,0.0,0,sim
1-42-126,43,1,0.0,1,sim
1-42-127,43,1,1.0,0,sim
1-42-128,43,1,,0,sim
1-42-129,43,1,0.0,0,sim
1-42-130,43,1,1.0,0,sim
1-42-131,43,1,1.0,0,sim
1-42-132,43,1,0.0,0,sim
1-42-133,43,1,1.0,0,sim
1-42-134,43,1,1.0,0,sim
1-42-135,43,1,1.0,0,sim
1-42-136,43,1,1.0,0,sim
1-42-137,43,1,1.0,0,sim
1-42-138,43,1,0.0,0,sim
1-42-139,43,1,0.0,0,sim
1-42-140,43,1,0.0,0,sim
1-42-141,43,1,0.0,0,sim
1-42-142,43,1,0.0,0,sim
1-42-143,43,1,1.0,0,sim
1-42-144,43,1,0.0,0,sim
1-42-145,43,1,1.0,0,sim
1-42-146,43,1,1.0,0,sim
1-42-147,43,1,1.0,0,sim
1-42-148,43,1,1.0,0,sim
1-42-149,43,1,1.0,0,sim
1-42-150,43,1,0.0,0,sim
1-42-151,43,1,1.0,0,sim
1-42-152,43,1,1.0,0,sim
1-42-153,43,1,1.0,0,sim
1-42-154,43,1,1.0,0,sim
1-42-155,43,1,,0,sim
1-42-156,43,1,1.0,0,sim
1-42-157,43,1,1.0,1,sim
1-42-158,43,1,0.0,0,sim
1-42-159,43,1,1.0,0,sim
1-42-160,43,1,1.0,0,sim
1-42-161,43,1,0.0,0,sim
1-42-162,43,1,0.0,0,sim
1-42-163,43,1,0.0,0,sim
1-42-164,43,1,1.0,1,sim
1-42-165,43,1,1.0,0,sim
1-42-166,43,1,0.0,0,sim
1-42-167,43,1,0.0,0,sim
1-42-168,43,1,1.0,0,sim
1-42-169,43,1,1.0,0,sim
1-42-170,43,1,1.0,0,sim
1-42-171,43,1,1.0,0,sim
1-42-172,43,1,0.0,0,sim
1-42-173,43,1,1.0,0,sim
1-42-174,43,1,1.0,0,sim
1-42-175,43,1,1.0,0,sim
1-42-176,43,1,0.0,0,sim
1-42-177,43,1,0.0,0,sim
1-42-178,43,1,0.0,0,sim
1-42-179,43,1,1.0,0,sim
1-42-180,43,1,1.0,0,sim
1-42-181,43,1,1.0,0,sim
1-42-182,43,1,1.0,0,sim
1-42-183,43,1,0.0,0,sim
1-42-184,43,1,0.0,0,sim
1-42-185,43,1,0.0,1,sim
1-42-186,43,1,1.0,0,sim
1-42-187,43,1,1.0,0,sim
1-42-188,43,1,1.0,0,sim
1-42-189,43,1,1.0,0,sim
1-42-190,43,1,1.0,0,sim
1-42-191,43,1,1.0,0,sim
1-42-192,43,1,1.0,0,sim
1-42-193,43,1,1.0,0,sim
1-42-194,43,1,0.0,0,sim
1-42-195,43,1,1.0,0,sim
1-42-196,43,1,0.0,1,sim
1-42-197,43,1,1.0,0,sim
1-42-198,43,1,1.0,0,sim
1-42-199,43,1,1.0,0,sim
1-42-200,43,1,,0,sim
1-42-201,43,1,0.0,0,sim
1-42-202,43,1,0.0,0,sim
1-42-203,43,1,1.0,0,sim
1-42-204,43,1,1.0,0,sim
1-42-205,43,1,0.0,0,sim
1-42-206,43,1,1.0,0,sim
1-42-207,43,1,1.0,0,sim
1-42-208,43,1,1.0,0,sim
1-42-209,43,1,0.0,0,sim
1-42-210,43,1,1.0,0,sim
1-42-211,43,1,,1,sim
1-42-212,43,1,1.0,0,sim
1-42-213,43,1,0.0,0,sim
1-42-214,43,1,1.0,0,sim
1-42-215,43,1,1.0,0,sim
1-42-216,43,1,1.0,0,sim
1-42-217,43,1,0.0,0,sim
1-42-218,43,1,1.0,0,sim
1-42-219,43,1,0.0,0,sim
1-42-220,43,1,0.0,0,sim
1-42-221,43,1,0.0,0,sim
1-42-222,43,1,0.0,0,sim
1-42-223,43,1,1.0,0,sim
1-42-224,43,1,0.0,0,sim
1-42-225,43,1,0.0,0,sim
1-42-226,43,1,1.0,1,sim
1-42-227,43,1,0.0,0,sim
1-42-228,43,1,0.0,0,sim
1-42-229,43,1,1.0,0,sim
1-42-230,43,1,0.0,0,sim
1-42-231,43,1,0.0,1,sim
1-42-232,43,1,1.0,0,sim
1-42-233,43,1,1.0,0,sim
1-42-234,43,1,1.0,0,sim
1-42-235,43,1,0.0,0,sim
1-42-236,43,1,0.0,0,sim
1-42-237,43,1,1.0,0,sim
1-42-238,43,1,0.0,0,sim
1-42-239,43,1,1.0,0,sim
1-43-0,44,1,1.0,0,sim
1-43-1,44,1,0.0,0,sim
1-43-2,44,1,0.0,0,sim
1-43-3,44,1,1.0,0,sim
1-43-4,44,1,1.0,0,sim
1-43-5,44,1,0.0,0,sim
1-43-6,44,1,1.0,0,sim
1-43-7,44,1,,0,sim
1-43-8,44,1,1.0,0,sim
1-43-9,44,1,1.0,0,sim
1-43-10,44,1,1.0,0,sim
1-43-11,44,1,,0,sim
1-43-12,44,1,1.0,0,sim
1-43-13,44,1,,0,sim
1-43-14,44,1,1.0,0,sim
1-43-15,44,1,1.0,0,sim
1-43-16,44,1,1.0,0,sim
1-43-17,44,1,1.0,0,sim
1-43-18,44,1,,0,sim
1-43-19,44,1,1.0,0,sim
1-43-20,44,1,1.0,0,sim
1-43-21,44,1,1.0,0,sim
1-43-22,44,1,0.0,0,sim
1-43-23,44,1,1.0,0,sim
1-43-24,44,1,1.0,0,sim
1-43-25,44,1,,0,sim
1-43-26,44,1,,0,sim
1-43-27,44,1,1.0,0,sim
1-43-28,44,1,0.0,0,sim
1-43-29,44,1,1.0,0,sim
1-43-30,44,1,1.0,0,sim
1-43-31,44,1,0.0,0,sim
1-43-32,44,1,1.0,0,sim
1-43-33,44,1,0.0,0,sim
1-43-34,44,1,0.0,0,sim
1-43-35,44,1,0.0,0,sim
1-43-36,44,1,1.0,0,sim
1-43-37,44,1,0.0,0,sim
1-43-38,44,1,0.0,0,sim
1-43-39,44,1,1.0,0,sim
1-43-40,44,1,1.0,0,sim
1-43-41,44,1,0.0,0,sim
1-43-42,44,1,,0,sim
1-43-43,44,1,0.0,0,sim
1-43-44,44,1,0.0,0,sim
1-43-45,44,1,1.0,0,sim
1-43-46,44,1,1.0,0,sim
1-43-47,44,1,1.0,1,sim
1-43-48,44,1,1.0,0,sim
1-43-49,44,1,1.0,0,sim
1-43-50,44,1,1.0,0,sim
1-43-51,44,1,0.0,0,sim
1-43-52,44,1,1.0,0,sim
1-43-53,44,1,1.0,0,sim
1-43-54,44,1,0.0,0,sim
1-43-55,44,1,0.0,0,sim
1-43-56,44,1,0.0,0,sim
1-43-57,44,1,,0,sim
1-43-58,44,1,1.0,0,sim
1-43-59,44,1,0.0,0,sim
1-43-60,44,1,0.0,1,sim
1-43-61,44,1,1.0,0,sim
1-43-62,44,1,1.0,0,sim
1-43-63,44,1,1.0,0,sim
1-43-64,44,1,1.0,0,sim
1-43-65,44,1,0.0,0,sim
1-43-66,44,1,0.0,0,sim
1-43-67,44,1,1.0,0,sim
1-43-68,44,1,1.0,0,sim
1-43-69,44,1,1.0,0,sim
1-43-70,44,1,1.0,0,sim
1-43-71,44,1,1.0,0,sim
1-43-72,44,1,1.0,0,sim
1-43-73,44,1,1.0,0,sim
1-43-74,44,1,1.0,0,sim
1-43-75,44,1,1.0,0,sim
1-43-76,44,1,1.0,0,sim
1-43-77,44,1,0.0,0,sim
1-43-78,44,1,1.0,0,sim
1-43-79,44,1,1.0,0,sim
1-43-80,44,1,1.0,0,sim
1-43-81,44,1,1.0,0,sim
1-43-82,44,1,0.0,0,sim
1-43-83,44,1,1.0,0,sim
1-43-84,44,1,0.0,0,sim
1-43-85,44,1,,0,sim
1-43-86,44,1,1.0,0,sim
1-43-87,44,1,0.0,0,sim
1-43-88,44,1,1.0,1,sim
1-43-89,44,1,1.0,0,sim
1-43-90,44,1,0.0,0,sim
1-43-91,44,1,0.0,0,sim
1-43-92,44,1,1.0,0,sim
1-43-93,44,1,1.0,0,sim
1-43-94,44,1,1.0,0,sim
1-43-95,44,1,1.0,0,sim
1-43-96,44,1,1.0,0,sim
1-43-97,44,1,1.0,0,sim
1-43-98,44,1,0.0,0,sim
1-43-99,44,1,1.0,0,sim
1-43-100,44,1,1.0,0,sim
1-43-101,44,1,0.0,0,sim
1-43-102,44,1,1.0,0,sim
1-43-103,44,1,1.0,0,sim
1-43-104,44,1,1.0,0,sim
1-43-105,44,1,1.0,0,sim
1-43-106,44,1,1.0,0,sim
1-43-107,44,1,0.0,0,sim
1-43-108,44,1,1.0,0,sim
1-43-109,44,1,1.0,0,sim
1-43-110,44,1,0.0,0,sim
1-43-111,44,1,1.0,0,sim
1-43-112,44,1,1.0,0,sim
1-43-113,44,1,0.0,0,sim
1-43-114,44,1,0.0,0,sim
1-43-115,44,1,1.0,0,sim
1-43-116,44,1,1.0,0,sim
1-43-117,44,1,0.0,0,sim
1-43-118,44,1,0.0,0,sim
1-43-119,44,1,1.0,0,sim
1-43-120,44,1,0.0,0,sim
1-43-121,44,1,1.0,0,sim
1-43-122,44,1,0.0,0,sim
1-43-123,44,1,1.0,0,sim
1-43-124,44,1,0.0,0,sim
1-43-125,44,1,0.0,0,sim
1-43-126,44,1,1.0,0,sim
1-43-127,44,1,1.0,0,sim
1-43-128,44,1,1.0,0,sim
1-43-129,44,1,1.0,0,sim
1-43-130,44,1,1.0,0,sim
1-43-131,44,1,0.0,0,sim
1-43-132,44,1,1.0,0,sim
1-43-133,44,1,1.0,0,sim
1-43-134,44,1,0.0,0,sim
1-43-135,44,1,1.0,0,sim
1-43-136,44,1,0.0,0,sim
1-43-137,44,1,1.0,0,sim
1-43-138,44,1,1.0,0,sim
1-43-139,44,1,0.0,0,sim
1-43-140,44,1,,0,sim
1-43-141,44,1,1.0,0,sim
1-43-142,44,1,,0,sim
1-43-143,44,1,0.0,0,sim
1-43-144,44,1,1.0,0,sim
1-43-145,44,1,1.0,0,sim
1-43-146,44,1,1.0,0,sim
1-43-147,44,1,1.0,0,sim
1-43-148,44,1,0.0,0,sim
1-43-149,44,1,1.0,0,sim
1-43-150,44,1,1.0,0,sim
1-43-151,44,1,1.0,0,sim
1-43-152,44,1,1.0,0,sim
1-43-153,44,1,1.0,0,sim
1-43-154,44,1,1.0,0,sim
1-43-155,44,1,1.0,0,sim
1-43-156,44,1,1.0,1,sim
1-43-157,44,1,1.0,0,sim
1-43-158,44,1,0.0,0,sim
1-43-159,44,1,1.0,1,sim
1-43-160,44,1,1.0,0,sim
1-43-161,44,1,1.0,0,sim
1-43-162,44,1,0.0,0,sim
1-43-163,44,1,0.0,0,sim
1-43-164,44,1,1.0,0,sim
1-43-165,44,1,1.0,0,sim
1-43-166,44,1,1.0,0,sim
1-43-167,44,1,0.0,0,sim
1-43-168,44,1,,0,sim
1-43-169,44,1,1.0,0,sim
1-43-170,44,1,1.0,0,sim
1-43-171,44,1,1.0,0,sim
1-43-172,44,1,0.0,0,sim
1-43-173,44,1,1.0,0,sim
1-43-174,44,1,1.0,0,sim
1-43-175,44,1,,0,sim
1-43-176,44,1,1.0,0,sim
1-43-177,44,1,1.0,0,sim
1-43-178,44,1,1.0,0,sim
1-43-179,44,1,,0,sim
1-43-180,44,1,1.0,0,sim
1-43-181,44,1,1.0,0,sim
1-43-182,44,1,1.0,0,sim
1-43-183,44,1,1.0,0,sim
1-43-184,44,1,1.0,0,sim
1-43-185,44,1,1.0,0,sim
1-43-186,44,1,1.0,0,sim
1-43-187,44,1,1.0,0,sim
1-43-188,44,1,1.0,0,sim
1-43-189,44,1,1.0,0,sim
1-43-190,44,1,1.0,0,sim
1-43-191,44,1,1.0,0,sim
1-43-192,44,1,1.0,1,sim
1-43-193,44,1,1.0,0,sim
1-43-194,44,1,1.0,0,sim
1-43-195,44,1,1.0,0,sim
1-43-196,44,1,1.0,0,sim
1-43-197,44,1,0.0,0,sim
1-43-198,44,1,1.0,0,sim
1-43-199,44,1,0.0,0,sim
1-43-200,44,1,0.0,0,sim
1-43-201,44,1,1.0,0,sim
1-43-202,44,1,1.0,0,sim
1-43-203,44,1,1.0,0,sim
1-43-204,44,1,0.0,0,sim
1-43-205,44,1,1.0,0,sim
1-43-206,44,1,1.0,0,sim
1-43-207,44,1,1.0,0,sim
1-43-208,44,1,0.0,0,sim
1-43-209,44,1,1.0,0,sim
1-43-210,44,1,1.0,0,sim
1-43-211,44,1,0.0,0,sim
1-43-212,44,1,0.0,1,sim
1-43-213,44,1,0.0,0,sim
1-43-214,44,1,1.0,0,sim
1-43-215,44,1,0.0,0,sim
1-43-216,44,1,1.0,0,sim
1-43-217,44,1,0.0,0,sim
1-43-218,44,1,1.0,0,sim
1-43-219,44,1,0.0,0,sim
1-43-220,44,1,1.0,0,sim
1-43-221,44,1,1.0,0,sim
1-43-222,44,1,1.0,0,sim
1-43-223,44,1,1.0,0,sim
1-43-224,44,1,1.0,0,sim
1-43-225,44,1,1.0,0,sim
1-43-226,44,1,0.0,0,sim
1-43-227,44,1,1.0,0,sim
1-43-228,44,1,0.0,0,sim
1-43-229,44,1,1.0,0,sim
1-43-230,44,1,0.0,0,sim
1-43-231,44,1,0.0,0,sim
1-43-232,44,1,1.0,0,sim
1-43-233,44,1,0.0,0,sim
1-43-234,44,1,0.0,0,sim
1-43-235,44,1,1.0,0,sim
1-43-236,44,1,0.0,0,sim
1-43-237,44,1,1.0,0,sim
1-43-238,44,1,1.0,0,sim
1-43-239,44,1,0.0,0,sim
1-44-0,45,1,0.0,0,sim
1-44-1,45,1,1.0,0,sim
1-44-2,45,1,0.0,0,sim
1-44-3,45,1,0.0,0,sim
1-44-4,45,1,0.0,0,sim
1-44-5,45,1,1.0,0,sim
1-44-6,45,1,0.0,0,sim
1-44-7,45,1,1.0,0,sim
1-44-8,45,1,0.0,0,sim
1-44-9,45,1,1.0,0,sim
1-44-10,45,1,0.0,0,sim
1-44-11,45,1,0.0,0,sim
1-44-12,45,1,0.0,0,sim
1-44-13,45,1,1.0,0,sim
1-44-14,45,1,0.0,0,sim
1-44-15,45,1,0.0,0,sim
1-44-16,45,1,0.0,0,sim
1-44-17,45,1,0.0,0,sim
1-44-18,45,1,0.0,0,sim
1-44-19,45,1,1.0,0,sim
1-44-20,45,1,1.0,0,sim
1-44-21,45,1,1.0,0,sim
1-44-22,45,1,0.0,0,sim
1-44-23,45,1,1.0,0,sim
1-44-24,45,1,0.0,0,sim
1-44-25,45,1,1.0,0,sim
1-44-26,45,1,1.0,0,sim
1-44-27,45,1,1.0,0,sim
1-44-28,45,1,1.0,0,sim
1-44-29,45,1,1.0,0,sim
1-44-30,45,1,0.0,0,sim
1-44-31,45,1,0.0,0,sim
1-44-32,45,1,1.0,0,sim
1-44-33,45,1,0.0,0,sim
1-44-34,45,1,0.0,0,sim
1-44-35,45,1,1.0,0,sim
1-44-36,45,1,0.0,0,sim
1-44-37,45,1,1.0,0,sim
1-44-38,45,1,0.0,0,sim
1-44-39,45,1,0.0,0,sim
1-44-40,45,1,0.0,0,sim
1-44-41,45,1,0.0,0,sim
1-44-42,45,1,1.0,0,sim
1-44-43,45,1,0.0,0,sim
1-44-44,45,1,1.0,0,sim
1-44-45,45,1,1.0,0,sim
1-44-46,45,1,0.0,0,sim
1-44-47,45,1,1.0,0,sim
1-44-48,45,1,0.0,0,sim
1-44-49,45,1,1.0,0,sim
1-44-50,45,1,1.0,0,sim
1-44-51,45,1,0.0,0,sim
1-44-52,45,1,0.0,0,sim
1-44-53,45,1,0.0,0,sim
1-44-54,45,1,1.0,0,sim
1-44-55,45,1,1.0,0,sim
1-44-56,45,1,0.0,0,sim
1-44-57,45,1,0.0,0,sim
1-44-58,45,1,,0,sim
1-44-59,45,1,0.0,0,sim
1-44-60,45,1,1.0,0,sim
1-44-61,45,1,0.0,0,sim
1-44-62,45,1,0.0,0,sim
1-44-63,45,1,1.0,0,sim
1-44-64,45,1,0.0,0,sim
1-44-65,45,1,1.0,0,sim
1-44-66,45,1,1.0,0,sim
1-44-67,45,1,,0,sim
1-44-68,45,1,1.0,0,sim
1-44-69,45,1,1.0,0,sim
1-44-70,45,1,0.0,0,sim
1-44-71,45,1,1.0,0,sim
1-44-72,45,1,0.0,0,sim
1-44-73,45,1,1.0,0,sim
1-44-74,45,1,1.0,0,sim
1-44-75,45,1,1.0,0,sim
1-44-76,45,1,1.0,0,sim
1-44-77,45,1,0.0,0,sim
1-44-78,45,1,1.0,0,sim
1-44-79,45,1,1.0,0,sim
1-44-80,45,1,0.0,0,sim
1-44-81,45,1,1.0,0,sim
1-44-82,45,1,0.0,0,sim
1-44-83,45,1,1.0,0,sim
1-44-84,45,1,0.0,1,sim
1-44-85,45,1,0.0,0,sim
1-44-86,45,1,0.0,0,sim
1-44-87,45,1,0.0,0,sim
1-44-88,45,1,1.0,0,sim
1-44-89,45,1,1.0,0,sim
1-44-90,45,1,1.0,0,sim
1-44-91,45,1,0.0,0,sim
1-44-92,45,1,0.0,0,sim
1-44-93,45,1,0.0,0,sim
1-44-94,45,1,1.0,0,sim
1-44-95,45,1,0.0,0,sim
1-44-96,45,1,1.0,0,sim
1-44-97,45,1,1.0,0,sim
1-44-98,45,1,1.0,0,sim
1-44-99,45,1,0.0,0,sim
1-44-100,45,1,0.0,0,sim
1-44-101,45,1,1.0,0,sim
1-44-102,45,1,1.0,0,sim
1-44-103,45,1,1.0,0,sim
1-44-104,45,1,1.0,0,sim
1-44-105,45,1,1.0,0,sim
1-44-106,45,1,0.0,0,sim
1-44-107,45,1,1.0,0,sim
1-44-108,45,1,0.0,0,sim
1-44-109,45,1,1.0,0,sim
1-44-110,45,1,1.0,0,sim
1-44-111,45,1,1.0,0,sim
1-44-112,45,1,1.0,0,sim
1-44-113,45,1,1.0,0,sim
1-44-114,45,1,1.0,0,sim
1-44-115,45,1,0.0,0,sim
1-44-116,45,1,,0,sim
1-44-117,45,1,1.0,0,sim
1-44-118,45,1,1.0,0,sim
1-44-119,45,1,1.0,0,sim
1-44-120,45,1,1.0,0,sim
1-44-121,45,1,1.0,0,sim
1-44-122,45,1,0.0,0,sim
1-44-123,45,1,1.0,0,sim
1-44-124,45,1,1.0,0,sim
1-44-125,45,1,0.0,0,sim
1-44-126,45,1,0.0,0,sim
1-44-127,45,1,0.0,0,sim
1-44-128,45,1,1.0,0,sim
1-44-129,45,1,1.0,0,sim
1-44-130,45,1,0.0,0,sim
1-44-131,45,1,0.0,0,sim
1-44-132,45,1,1.0,0,sim
1-44-133,45,1,1.0,0,sim
1-44-134,45,1,1.0,0,sim
1-44-135,45,1,0.0,0,sim
1-44-136,45,1,1.0,0,sim
1-44-137,45,1,1.0,0,sim
1-44-138,45,1,1.0,0,sim
1-44-139,45,1,1.0,0,sim
1-44-140,45,1,0.0,0,sim
1-44-141,45,1,1.0,0,sim
1-44-142,45,1,0.0,0,sim
1-44-143,45,1,1.0,0,sim
1-44-144,45,1,1.0,0,sim
1-44-145,45,1,0.0,0,sim
1-44-146,45,1,0.0,0,sim
1-44-147,45,1,0.0,0,sim
1-44-148,45,1,1.0,0,sim
1-44-149,45,1,1.0,0,sim
1-44-150,45,1,1.0,0,sim
1-44-151,45,1,1.0,0,sim
1-44-152,45,1,0.0,0,sim
1-44-153,45,1,1.0,0,sim
1-44-154,45,1,1.0,0,sim
1-44-155,45,1,0.0,0,sim
1-44-156,45,1,1.0,0,sim
1-44-157,45,1,0.0,0,sim
1-44-158,45,1,1.0,0,sim
1-44-159,45,1,0.0,0,sim
1-44-160,45,1,1.0,0,sim
1-44-161,45,1,0.0,0,sim
1-44-162,45,1,1.0,0,sim
1-44-163,45,1,1.0,0,sim
1-44-164,45,1,0.0,0,sim
1-44-165,45,1,1.0,0,sim
1-44-166,45,1,0.0,0,sim
1-44-167,45,1,1.0,0,sim
1-44-168,45,1,0.0,0,sim
1-44-169,45,1,,0,sim
1-44-170,45,1,1.0,0,sim
1-44-171,45,1,1.0,0,sim
1-44-172,45,1,0.0,0,sim
1-44-173,45,1,0.0,0,sim
1-44-174,45,1,1.0,0,sim
1-44-175,45,1,0.0,0,sim
1-44-176,45,1,1.0,0,sim
1-44-177,45,1,1.0,0,sim
1-44-178,45,1,1.0,0,sim
1-44-179,45,1,1.0,0,sim
1-44-180,45,1,1.0,0,sim
1-44-181,45,1,1.0,0,sim
1-44-182,45,1,1.0,0,sim
1-44-183,45,1,0.0,0,sim
1-44-184,45,1,0.0,0,sim
1-44-185,45,1,1.0,0,sim
1-44-186,45,1,1.0,0,sim
1-44-187,45,1,0.0,0,sim
1-44-188,45,1,0.0,0,sim
1-44-189,45,1,1.0,0,sim
1-44-190,45,1,1.0,0,sim
1-44-191,45,1,1.0,0,sim
1-44-192,45,1,1.0,0,sim
1-44-193,45,1,1.0,0,sim
1-44-194,45,1,0.0,0,sim
1-44-195,45,1,1.0,0,sim
1-44-196,45,1,1.0,0,sim
1-44-197,45,1,1.0,0,sim
1-44-198,45,1,1.0,0,sim
1-44-199,45,1,0.0,0,sim
1-44-200,45,1,0.0,0,sim
1-44-201,45,1,1.0,0,sim
1-44-202,45,1,1.0,0,sim
1-44-203,45,1,1.0,0,sim
1-44-204,45,1,0.0,0,sim
1-44-205,45,1,1.0,0,sim
1-44-206,45,1,1.0,0,sim
1-44-207,45,1,0.0,0,sim
1-44-208,45,1,1.0,0,sim
1-44-209,45,1,1.0,0,sim
1-44-210,45,1,0.0,0,sim
1-44-211,45,1,1.0,0,sim
1-44-212,45,1,1.0,0,sim
1-44-213,45,1,0.0,0,sim
1-44-214,45,1,1.0,0,sim
1-44-215,45,1,0.0,0,sim
1-44-216,45,1,1.0,0,sim
1-44-217,45,1,1.0,0,sim
1-44-218,45,1,1.0,0,sim
1-44-219,45,1,0.0,0,sim
1-44-220,45,1,1.0,0,sim
1-44-221,45,1,1.0,0,sim
1-44-222,45,1,1.0,0,sim
1-44-223,45,1,1.0,0,sim
1-44-224,45,1,1.0,0,sim
1-44-225,45,1,1.0,0,sim
1-44-226,45,1,1.0,0,sim
1-44-227,45,1,0.0,0,sim
1-44-228,45,1,1.0,0,sim
1-44-229,45,1,0.0,0,sim
1-44-230,45,1,1.0,0,sim
1-44-231,45,1,1.0,0,sim
1-44-232,45,1,1.0,0,sim
1-44-233,45,1,1.0,0,sim
1-44-234,45,1,1.0,0,sim
1-44-235,45,1,1.0,0,sim
1-44-236,45,1,1.0,0,sim
1-44-237,45,1,1.0,0,sim
1-44-238,45,1,1.0,0,sim
1-44-239,45,1,1.0,0,sim
1-45-0,46,1,1.0,0,sim
1-45-1,46,1,1.0,0,sim
1-45-2,46,1,1.0,0,sim
1-45-3,46,1,0.0,0,sim
1-45-4,46,1,0.0,0,sim
1-45-5,46,1,1.0,0,sim
1-45-6,46,1,0.0,0,sim
1-45-7,46,1,1.0,0,sim
1-45-8,46,1,1.0,0,sim
1-45-9,46,1,0.0,0,sim
1-45-10,46,1,1.0,0,sim
1-45-11,46,1,0.0,0,sim
1-45-12,46,1,1.0,1,sim
1-45-13,46,1,1.0,0,sim
1-45-14,46,1,1.0,0,sim
1-45-15,46,1,0.0,0,sim
1-45-16,46,1,1.0,0,sim
1-45-17,46,1,0.0,0,sim
1-45-18,46,1,1.0,0,sim
1-45-19,46,1,1.0,0,sim
1-45-20,46,1,0.0,0,sim
1-45-21,46,1,0.0,0,sim
1-45-22,46,1,0.0,0,sim
1-45-23,46,1,1.0,0,sim
1-45-24,46,1,1.0,0,sim
1-45-25,46,1,1.0,0,sim
1-45-26,46,1,1.0,0,sim
1-45-27,46,1,1.0,0,sim
1-45-28,46,1,0.0,0,sim
1-45-29,46,1,0.0,0,sim
1-45-30,46,1,1.0,0,sim
1-45-31,46,1,1.0,0,sim
1-45-32,46,1,1.0,0,sim
1-45-33,46,1,1.0,0,sim
1-45-34,46,1,0.0,0,sim
1-45-35,46,1,1.0,0,sim
1-45-36,46,1,1.0,0,sim
1-45-37,46,1,0.0,0,sim
1-45-38,46,1,1.0,0,sim
1-45-39,46,1,0.0,0,sim
1-45-40,46,1,1.0,0,sim
1-45-41,46,1,0.0,0,sim
1-45-42,46,1,0.0,0,sim
1-45-43,46,1,0.0,0,sim
1-45-44,46,1,0.0,0,sim
1-45-45,46,1,1.0,0,sim
1-45-46,46,1,1.0,0,sim
1-45-47,46,1,0.0,0,sim
1-45-48,46,1,0.0,0,sim
1-45-49,46,1,0.0,0,sim
1-45-50,46,1,0.0,0,sim
1-45-51,46,1,0.0,0,sim
1-45-52,46,1,0.0,0,sim
1-45-53,46,1,1.0,0,sim
1-45-54,46,1,0.0,0,sim
1-45-55,46,1,1.0,0,sim
1-45-56,46,1,0.0,0,sim
1-45-57,46,1,1.0,0,sim
1-45-58,46,1,0.0,0,sim
1-45-59,46,1,1.0,0,sim
1-45-60,46,1,1.0,0,sim
1-45-61,46,1,1.0,0,sim
1-45-62,46,1,1.0,0,sim
1-45-63,46,1,1.0,0,sim
1-45-64,46,1,1.0,0,sim
1-45-65,46,1,1.0,0,sim
1-45-66,46,1,1.0,0,sim
1-45-67,46,1,0.0,0,sim
1-45-68,46,1,0.0,0,sim
1-45-69,46,1,1.0,0,sim
1-45-70,46,1,1.0,0,sim
1-45-71,46,1,0.0,0,sim
1-45-72,46,1,1.0,0,sim
1-45-73,46,1,1.0,0,sim
1-45-74,46,1,0.0,0,sim
1-45-75,46,1,1.0,0,sim
1-45-76,46,1,0.0,0,sim
1-45-77,46,1,1.0,0,sim
1-45-78,46,1,0.0,0,sim
1-45-79,46,1,0.0,0,sim
1-45-80,46,1,1.0,0,sim
1-45-81,46,1,1.0,0,sim
1-45-82,46,1,1.0,0,sim
1-45-83,46,1,0.0,0,sim
1-45-84,46,1,0.0,0,sim
1-45-85,46,1,0.0,0,sim
1-45-86,46,1,1.0,0,sim
1-45-87,46,1,1.0,0,sim
1-45-88,46,1,1.0,0,sim
1-45-89,46,1,1.0,0,sim
1-45-90,46,1,0.0,0,sim
1-45-91,46,1,0.0,0,sim
1-45-92,46,1,1.0,0,sim
1-45-93,46,1,0.0,0,sim
1-45-94,46,1,1.0,0,sim
1-45-95,46,1,0.0,0,sim
1-45-96,46,1,1.0,0,sim
1-45-97,46,1,1.0,0,sim
1-45-98,46,1,1.0,0,sim
1-45-99,46,1,0.0,0,sim
1-45-100,46,1,1.0,0,sim
1-45-101,46,1,1.0,0,sim
1-45-102,46,1,1.0,0,sim
1-45-103,46,1,,0,sim
1-45-104,46,1,1.0,0,sim
1-45-105,46,1,1.0,0,sim
1-45-106,46,1,0.0,0,sim
1-45-107,46,1,0.0,0,sim
1-45-108,46,1,1.0,0,sim
1-45-109,46,1,0.0,0,sim
1-45-110,46,1,0.0,0,sim
1-45-111,46,1,0.0,0,sim
1-45-112,46,1,0.0,0,sim
1-45-113,46,1,1.0,0,sim
1-45-114,46,1,1.0,0,sim
1-45-115,46,1,1.0,0,sim
1-45-116,46,1,1.0,0,sim
1-45-117,46,1,0.0,0,sim
1-45-118,46,1,1.0,0,sim
1-45-119,46,1,0.0,0,sim
1-45-120,46,1,0.0,0,sim
1-45-121,46,1,1.0,1,sim
1-45-122,46,1,1.0,0,sim
1-45-123,46,1,0.0,0,sim
1-45-124,46,1,1.0,0,sim
1-45-125,46,1,0.0,0,sim
1-45-126,46,1,1.0,0,sim
1-45-127,46,1,1.0,0,sim
1-45-128,46,1,1.0,0,sim
1-45-129,46,1,0.0,0,sim
1-45-130,46,1,1.0,0,sim
1-45-131,46,1,1.0,0,sim
1-45-132,46,1,0.0,0,sim
1-45-133,46,1,1.0,0,sim
1-45-134,46,1,0.0,0,sim
1-45-135,46,1,1.0,0,sim
1-45-136,46,1,1.0,0,sim
1-45-137,46,1,0.0,0,sim
1-45-138,46,1,1.0,0,sim
1-45-139,46,1,0.0,1,sim
1-45-140,46,1,1.0,0,sim
1-45-141,46,1,0.0,0,sim
1-45-142,46,1,1.0,0,sim
1-45-143,46,1,1.0,0,sim
1-45-144,46,1,1.0,0,sim
1-45-145,46,1,1.0,0,sim
1-45-146,46,1,0.0,0,sim
1-45-147,46,1,0.0,0,sim
1-45-148,46,1,1.0,0,sim
1-45-149,46,1,1.0,0,sim
1-45-150,46,1,1.0,0,sim
1-45-151,46,1,0.0,0,sim
1-45-152,46,1,1.0,0,sim
1-45-153,46,1,0.0,0,sim
1-45-154,46,1,1.0,0,sim
1-45-155,46,1,1.0,0,sim
1-45-156,46,1,,1,sim
1-45-157,46,1,0.0,0,sim
1-45-158,46,1,1.0,0,sim
1-45-159,46,1,1.0,0,sim
1-45-160,46,1,0.0,0,sim
1-45-161,46,1,1.0,0,sim
1-45-162,46,1,0.0,0,sim
1-45-163,46,1,0.0,0,sim
1-45-164,46,1,0.0,0,sim
1-45-165,46,1,1.0,0,sim
1-45-166,46,1,0.0,0,sim
1-45-167,46,1,1.0,0,sim
1-45-168,46,1,1.0,0,sim
1-45-169,46,1,0.0,0,sim
1-45-170,46,1,1.0,0,sim
1-45-171,46,1,0.0,0,sim
1-45-172,46,1,1.0,0,sim
1-45-173,46,1,0.0,0,sim
1-45-174,46,1,1.0,0,sim
1-45-175,46,1,0.0,0,sim
1-45-176,46,1,0.0,0,sim
1-45-177,46,1,1.0,0,sim
1-45-178,46,1,1.0,0,sim
1-45-179,46,1,0.0,0,sim
1-45-180,46,1,1.0,0,sim
1-45-181,46,1,0.0,0,sim
1-45-182,46,1,0.0,1,sim
1-45-183,46,1,0.0,0,sim
1-45-184,46,1,,0,sim
1-45-185,46,1,1.0,0,sim
1-45-186,46,1,,1,sim
1-45-187,46,1,1.0,0,sim
1-45-188,46,1,1.0,0,sim
1-45-189,46,1,0.0,0,sim
1-45-190,46,1,1.0,0,sim
1-45-191,46,1,1.0,0,sim
1-45-192,46,1,0.0,0,sim
1-45-193,46,1,1.0,0,sim
1-45-194,46,1,1.0,0,sim
1-45-195,46,1,0.0,0,sim
1-45-196,46,1,0.0,0,sim
1-45-197,46,1,0.0,0,sim
1-45-198,46,1,1.0,0,sim
1-45-199,46,1,0.0,0,sim
1-45-200,46,1,1.0,0,sim
1-45-201,46,1,1.0,0,sim
1-45-202,46,1,0.0,0,sim
1-45-203,46,1,0.0,0,sim
1-45-204,46,1,0.0,0,sim
1-45-205,46,1,1.0,0,sim
1-45-206,46,1,0.0,0,sim
1-45-207,46,1,1.0,0,sim
1-45-208,46,1,1.0,0,sim
1-45-209,46,1,0.0,0,sim
1-45-210,46,1,1.0,0,sim
1-45-211,46,1,1.0,0,sim
1-45-212,46,1,1.0,0,sim
1-45-213,46,1,0.0,0,sim
1-45-214,46,1,1.0,0,sim
1-45-215,46,1,0.0,0,sim
1-45-216,46,1,0.0,0,sim
1-45-217,46,1,0.0,0,sim
1-45-218,46,1,1.0,0,sim
1-45-219,46,1,1.0,0,sim
1-45-220,46,1,1.0,0,sim
1-45-221,46,1,0.0,0,sim
1-45-222,46,1,1.0,0,sim
1-45-223,46,1,1.0,0,sim
1-45-224,46,1,1.0,0,sim
1-45-225,46,1,1.0,0,sim
1-45-226,46,1,,0,sim
1-45-227,46,1,1.0,0,sim
1-45-228,46,1,1.0,0,sim
1-45-229,46,1,1.0,0,sim
1-45-230,46,1,0.0,0,sim
1-45-231,46,1,0.0,0,sim
1-45-232,46,1,,0,sim
1-45-233,46,1,1.0,0,sim
1-45-234,46,1,1.0,0,sim
1-45-235,46,1,1.0,0,sim
1-45-236,46,1,1.0,0,sim
1-45-237,46,1,1.0,0,sim
1-45-238,46,1,1.0,0,sim
1-45-239,46,1,1.0,0,sim
1-46-0,47,1,0.0,0,sim
1-46-1,47,1,1.0,0,sim
1-46-2,47,1,1.0,0,sim
1-46-3,47,1,1.0,0,sim
1-46-4,47,1,0.0,0,sim
1-46-5,47,1,1.0,0,sim
1-46-6,47,1,0.0,0,sim
1-46-7,47,1,0.0,0,sim
1-46-8,47,1,1.0,0,sim
1-46-9,47,1,1.0,0,sim
1-46-10,47,1,1.0,0,sim
1-46-11,47,1,1.0,0,sim
1-46-12,47,1,0.0,1,sim
1-46-13,47,1,0.0,0,sim
1-46-14,47,1,1.0,0,sim
1-46-15,47,1,0.0,0,sim
1-46-16,47,1,1.0,0,sim
1-46-17,47,1,0.0,0,sim
1-46-18,47,1,0.0,0,sim
1-46-19,47,1,1.0,0,sim
1-46-20,47,1,0.0,0,sim
1-46-21,47,1,1.0,0,sim
1-46-22,47,1,1.0,0,sim
1-46-23,47,1,1.0,0,sim
1-46-24,47,1,1.0,0,sim
1-46-25,47,1,1.0,0,sim
1-46-26,47,1,1.0,0,sim
1-46-27,47,1,1.0,0,sim
1-46-28,47,1,0.0,0,sim
1-46-29,47,1,1.0,0,sim
1-46-30,47,1,1.0,0,sim
1-46-31,47,1,0.0,0,sim
1-46-32,47,1,1.0,0,sim
1-46-33,47,1,1.0,0,sim
1-46-34,47,1,1.0,0,sim
1-46-35,47,1,1.0,0,sim
1-46-36,47,1,0.0,0,sim
1-46-37,47,1,0.0,0,sim
1-46-38,47,1,0.0,0,sim
1-46-39,47,1,0.0,0,sim
1-46-40,47,1,1.0,0,sim
1-46-41,47,1,1.0,0,sim
1-46-42,47,1,0.0,0,sim
1-46-43,47,1,1.0,0,sim
1-46-44,47,1,1.0,0,sim
1-46-45,47,1,0.0,0,sim
1-46-46,47,1,1.0,0,sim
1-46-47,47,1,0.0,0,sim
1-46-48,47,1,0.0,0,sim
1-46-49,47,1,0.0,0,sim
1-46-50,47,1,,0,sim
1-46-51,47,1,1.0,0,sim
1-46-52,47,1,1.0,0,sim
1-46-53,47,1,,0,sim
1-46-54,47,1,1.0,0,sim
1-46-55,47,1,1.0,0,sim
1-46-56,47,1,1.0,0,sim
1-46-57,47,1,0.0,0,sim
1-46-58,47,1,1.0,0,sim
1-46-59,47,1,1.0,0,sim
1-46-60,47,1,0.0,0,sim
1-46-61,47,1,0.0,0,sim
1-46-62,47,1,1.0,0,sim
1-46-63,47,1,1.0,0,sim
1-46-64,47,1,1.0,0,sim
1-46-65,47,1,1.0,0,sim
1-46-66,47,1,0.0,0,sim
1-46-67,47,1,0.0,0,sim
1-46-68,47,1,1.0,0,sim
1-46-69,47,1,0.0,0,sim
1-46-70,47,1,0.0,1,sim
1-46-71,47,1,1.0,0,sim
1-46-72,47,1,1.0,0,sim
1-46-73,47,1,1.0,0,sim
1-46-74,47,1,0.0,0,sim
1-46-75,47,1,1.0,0,sim
1-46-76,47,1,0.0,0,sim
1-46-77,47,1,1.0,0,sim
1-46-78,47,1,1.0,0,sim
1-46-79,47,1,1.0,0,sim
1-46-80,47,1,1.0,0,sim
1-46-81,47,1,1.0,0,sim
1-46-82,47,1,1.0,0,sim
1-46-83,47,1,1.0,0,sim
1-46-84,47,1,0.0,0,sim
1-46-85,47,1,0.0,0,sim
1-46-86,47,1,1.0,0,sim
1-46-87,47,1,1.0,0,sim
1-46-88,47,1,0.0,0,sim
1-46-89,47,1,0.0,0,sim
1-46-90,47,1,0.0,0,sim
1-46-91,47,1,0.0,0,sim
1-46-92,47,1,0.0,0,sim
1-46-93,47,1,1.0,0,sim
1-46-94,47,1,1.0,0,sim
1-46-95,47,1,1.0,0,sim
1-46-96,47,1,0.0,0,sim
1-46-97,47,1,1.0,0,sim
1-46-98,47,1,0.0,0,sim
1-46-99,47,1,0.0,0,sim
1-46-100,47,1,0.0,0,sim
1-46-101,47,1,1.0,0,sim
1-46-102,47,1,0.0,0,sim
1-46-103,47,1,0.0,0,sim
1-46-104,47,1,1.0,0,sim
1-46-105,47,1,1.0,0,sim
1-46-106,47,1,1.0,0,sim
1-46-107,47,1,0.0,0,sim
1-46-108,47,1,1.0,0,sim
1-46-109,47,1,0.0,0,sim
1-46-110,47,1,0.0,0,sim
1-46-111,47,1,1.0,0,sim
1-46-112,47,1,1.0,0,sim
1-46-113,47,1,1.0,0,sim
1-46-114,47,1,1.0,0,sim
1-46-115,47,1,0.0,0,sim
1-46-116,47,1,1.0,0,sim
1-46-117,47,1,1.0,0,sim
1-46-118,47,1,0.0,0,sim
1-46-119,47,1,0.0,0,sim
1-46-120,47,1,1.0,0,sim
1-46-121,47,1,0.0,0,sim
1-46-122,47,1,0.0,0,sim
1-46-123,47,1,1.0,0,sim
1-46-124,47,1,0.0,0,sim
1-46-125,47,1,1.0,0,sim
1-46-126,47,1,1.0,0,sim
1-46-127,47,1,1.0,0,sim
1-46-128,47,1,0.0,0,sim
1-46-129,47,1,0.0,0,sim
1-46-130,47,1,1.0,0,sim
1-46-131,47,1,1.0,0,sim
1-46-132,47,1,0.0,0,sim
1-46-133,47,1,1.0,0,sim
1-46-134,47,1,0.0,0,sim
1-46-135,47,1,0.0,0,sim
1-46-136,47,1,1.0,0,sim
1-46-137,47,1,1.0,0,sim
1-46-138,47,1,,0,sim
1-46-139,47,1,0.0,0,sim
1-46-140,47,1,0.0,0,sim
1-46-141,47,1,1.0,0,sim
1-46-142,47,1,1.0,0,sim
1-46-143,47,1,1.0,0,sim
1-46-144,47,1,1.0,0,sim
1-46-145,47,1,0.0,0,sim
1-46-146,47,1,1.0,0,sim
1-46-147,47,1,1.0,0,sim
1-46-148,47,1,0.0,0,sim
1-46-149,47,1,0.0,0,sim
1-46-150,47,1,0.0,0,sim
1-46-151,47,1,1.0,0,sim
1-46-152,47,1,0.0,0,sim
1-46-153,47,1,0.0,0,sim
1-46-154,47,1,1.0,0,sim
1-46-155,47,1,1.0,0,sim
1-46-156,47,1,1.0,0,sim
1-46-157,47,1,1.0,0,sim
1-46-158,47,1,0.0,0,sim
1-46-159,47,1,1.0,0,sim
1-46-160,47,1,1.0,0,sim
1-46-161,47,1,0.0,0,sim
1-46-162,47,1,0.0,0,sim
1-46-163,47,1,0.0,0,sim
1-46-164,47,1,1.0,0,sim
1-46-165,47,1,0.0,0,sim
1-46-166,47,1,1.0,0,sim
1-46-167,47,1,0.0,0,sim
1-46-168,47,1,0.0,0,sim
1-46-169,47,1,0.0,0,sim
1-46-170,47,1,1.0,0,sim
1-46-171,47,1,1.0,0,sim
1-46-172,47,1,1.0,0,sim
1-46-173,47,1,0.0,0,sim
1-46-174,47,1,1.0,0,sim
1-46-175,47,1,1.0,0,sim
1-46-176,47,1,0.0,0,sim
1-46-177,47,1,0.0,0,sim
1-46-178,47,1,1.0,0,sim
1-46-179,47,1,1.0,0,sim
1-46-180,47,1,1.0,0,sim
1-46-181,47,1,0.0,0,sim
1-46-182,47,1,1.0,0,sim
1-46-183,47,1,1.0,0,sim
1-46-184,47,1,0.0,0,sim
1-46-185,47,1,1.0,0,sim
1-46-186,47,1,0.0,0,sim
1-46-187,47,1,0.0,0,sim
1-46-188,47,1,1.0,0,sim
1-46-189,47,1,1.0,0,sim
1-46-190,47,1,0.0,0,sim
1-46-191,47,1,1.0,0,sim
1-46-192,47,1,1.0,0,sim
1-46-193,47,1,1.0,0,sim
1-46-194,47,1,1.0,0,sim
1-46-195,47,1,0.0,0,sim
1-46-196,47,1,0.0,0,sim
1-46-197,47,1,1.0,0,sim
1-46-198,47,1,0.0,0,sim
1-46-199,47,1,1.0,0,sim
1-46-200,47,1,0.0,0,sim
1-46-201,47,1,1.0,0,sim
1-46-202,47,1,,0,sim
1-46-203,47,1,1.0,0,sim
1-46-204,47,1,1.0,0,sim
1-46-205,47,1,0.0,0,sim
1-46-206,47,1,0.0,0,sim
1-46-207,47,1,0.0,0,sim
1-46-208,47,1,0.0,0,sim
1-46-209,47,1,1.0,0,sim
1-46-210,47,1,1.0,0,sim
1-46-211,47,1,1.0,0,sim
1-46-212,47,1,1.0,0,sim
1-46-213,47,1,1.0,0,sim
1-46-214,47,1,1.0,0,sim
1-46-215,47,1,1.0,0,sim
1-46-216,47,1,0.0,0,sim
1-46-217,47,1,0.0,0,sim
1-46-218,47,1,0.0,0,sim
1-46-219,47,1,1.0,0,sim
1-46-220,47,1,1.0,0,sim
1-46-221,47,1,1.0,0,sim
1-46-222,47,1,1.0,0,sim
1-46-223,47,1,1.0,0,sim
1-46-224,47,1,1.0,0,sim
1-46-225,47,1,1.0,0,sim
1-46-226,47,1,0.0,0,sim
1-46-227,47,1,0.0,0,sim
1-46-228,47,1,1.0,0,sim
1-46-229,47,1,1.0,0,sim
1-46-230,47,1,1.0,0,sim
1-46-231,47,1,0.0,0,sim
1-46-232,47,1,0.0,0,sim
1-46-233,47,1,0.0,0,sim
1-46-234,47,1,1.0,0,sim
1-46-235,47,1,0.0,0,sim
1-46-236,47,1,1.0,0,sim
1-46-237,47,1,0.0,0,sim
1-46-238,47,1,0.0,0,sim
1-46-239,47,1,1.0,0,sim
1-47-0,48,1,0.0,1,sim
1-47-1,48,1,1.0,0,sim
1-47-2,48,1,1.0,0,sim
1-47-3,48,1,0.0,0,sim
1-47-4,48,1,0.0,0,sim
1-47-5,48,1,1.0,0,sim
1-47-6,48,1,1.0,0,sim
1-47-7,48,1,1.0,0,sim
1-47-8,48,1,0.0,0,sim
1-47-9,48,1,1.0,0,sim
1-47-10,48,1,0.0,0,sim
1-47-11,48,1,0.0,0,sim
1-47-12,48,1,1.0,0,sim
1-47-13,48,1,0.0,0,sim
1-47-14,48,1,0.0,0,sim
1-47-15,48,1,1.0,0,sim
1-47-16,48,1,0.0,0,sim
1-47-17,48,1,0.0,0,sim
1-47-18,48,1,0.0,0,sim
1-47-19,48,1,1.0,0,sim
1-47-20,48,1,0.0,0,sim
1-47-21,48,1,1.0,0,sim
1-47-22,48,1,0.0,0,sim
1-47-23,48,1,1.0,0,sim
1-47-24,48,1,1.0,0,sim
1-47-25,48,1,0.0,0,sim
1-47-26,48,1,1.0,0,sim
1-47-27,48,1,0.0,0,sim
1-47-28,48,1,0.0,0,sim
1-47-29,48,1,1.0,0,sim
1-47-30,48,1,0.0,0,sim
1-47-31,48,1,1.0,0,sim
1-47-32,48,1,0.0,0,sim
1-47-33,48,1,1.0,0,sim
1-47-34,48,1,0.0,0,sim
1-47-35,48,1,0.0,0,sim
1-47-36,48,1,0.0,0,sim
1-47-37,48,1,0.0,0,sim
1-47-38,48,1,0.0,0,sim
1-47-39,48,1,0.0,0,sim
1-47-40,48,1,0.0,0,sim
1-47-41,48,1,0.0,0,sim
1-47-42,48,1,0.0,0,sim
1-47-43,48,1,0.0,0,sim
1-47-44,48,1,0.0,0,sim
1-47-45,48,1,1.0,0,sim
1-47-46,48,1,1.0,0,sim
1-47-47,48,1,1.0,0,sim
1-47-48,48,1,1.0,0,sim
1-47-49,48,1,0.0,0,sim
1-47-50,48,1,1.0,0,sim
1-47-51,48,1,0.0,0,sim
1-47-52,48,1,0.0,0,sim
1-47-53,48,1,0.0,0,sim
1-47-54,48,1,0.0,0,sim
1-47-55,48,1,1.0,0,sim
1-47-56,48,1,1.0,0,sim
1-47-57,48,1,1.0,0,sim
1-47-58,48,1,1.0,0,sim
1-47-59,48,1,0.0,0,sim
1-47-60,48,1,0.0,0,sim
1-47-61,48,1,0.0,0,sim
1-47-62,48,1,0.0,0,sim
1-47-63,48,1,0.0,0,sim
1-47-64,48,1,0.0,0,sim
1-47-65,48,1,1.0,0,sim
1-47-66,48,1,1.0,0,sim
1-47-67,48,1,0.0,0,sim
1-47-68,48,1,1.0,0,sim
1-47-69,48,1,1.0,0,sim
1-47-70,48,1,0.0,0,sim
1-47-71,48,1,1.0,0,sim
1-47-72,48,1,1.0,0,sim
1-47-73,48,1,1.0,0,sim
1-47-74,48,1,0.0,0,sim
1-47-75,48,1,0.0,0,sim
1-47-76,48,1,0.0,0,sim
1-47-77,48,1,1.0,0,sim
1-47-78,48,1,1.0,0,sim
1-47-79,48,1,1.0,1,sim
1-47-80,48,1,0.0,0,sim
1-47-81,48,1,1.0,0,sim
1-47-82,48,1,,0,sim
1-47-83,48,1,0.0,0,sim
1-47-84,48,1,1.0,0,sim
1-47-85,48,1,1.0,0,sim
1-47-86,48,1,0.0,0,sim
1-47-87,48,1,0.0,0,sim
1-47-88,48,1,0.0,0,sim
1-47-89,48,1,0.0,0,sim
1-47-90,48,1,1.0,0,sim
1-47-91,48,1,1.0,0,sim
1-47-92,48,1,1.0,0,sim
1-47-93,48,1,0.0,0,sim
1-47-94,48,1,1.0,0,sim
1-47-95,48,1,0.0,0,sim
1-47-96,48,1,0.0,0,sim
1-47-97,48,1,0.0,0,sim
1-47-98,48,1,1.0,1,sim
1-47-99,48,1,0.0,0,sim
1-47-100,48,1,1.0,0,sim
1-47-101,48,1,1.0,0,sim
1-47-102,48,1,1.0,0,sim
1-47-103,48,1,1.0,0,sim
1-47-104,48,1,0.0,0,sim
1-47-105,48,1,0.0,0,sim
1-47-106,48,1,0.0,0,sim
1-47-107,48,1,1.0,1,sim
1-47-108,48,1,1.0,0,sim
1-47-109,48,1,1.0,0,sim
1-47-110,48,1,,0,sim
1-47-111,48,1,0.0,0,sim
1-47-112,48,1,0.0,0,sim
1-47-113,48,1,0.0,0,sim
1-47-114,48,1,,0,sim
1-47-115,48,1,0.0,0,sim
1-47-116,48,1,1.0,0,sim
1-47-117,48,1,0.0,0,sim
1-47-118,48,1,1.0,0,sim
1-47-119,48,1,1.0,0,sim
1-47-120,48,1,1.0,0,sim
1-47-121,48,1,1.0,0,sim
1-47-122,48,1,0.0,0,sim
1-47-123,48,1,0.0,0,sim
1-47-124,48,1,0.0,0,sim
1-47-125,48,1,1.0,0,sim
1-47-126,48,1,1.0,0,sim
1-47-127,48,1,1.0,0,sim
1-47-128,48,1,1.0,0,sim
1-47-129,48,1,0.0,0,sim
1-47-130,48,1,1.0,0,sim
1-47-131,48,1,0.0,0,sim
1-47-132,48,1,0.0,0,sim
1-47-133,48,1,1.0,0,sim
1-47-134,48,1,1.0,0,sim
1-47-135,48,1,1.0,0,sim
1-47-136,48,1,1.0,0,sim
1-47-137,48,1,1.0,0,sim
1-47-138,48,1,0.0,0,sim
1-47-139,48,1,0.0,0,sim
1-47-140,48,1,0.0,0,sim
1-47-141,48,1,1.0,0,sim
1-47-142,48,1,1.0,0,sim
1-47-143,48,1,1.0,0,sim
1-47-144,48,1,1.0,0,sim
1-47-145,48,1,0.0,0,sim
1-47-146,48,1,0.0,0,sim
1-47-147,48,1,1.0,0,sim
1-47-148,48,1,1.0,0,sim
1-47-149,48,1,1.0,0,sim
1-47-150,48,1,1.0,0,sim
1-47-151,48,1,0.0,0,sim
1-47-152,48,1,0.0,0,sim
1-47-153,48,1,1.0,0,sim
1-47-154,48,1,0.0,0,sim
1-47-155,48,1,0.0,0,sim
1-47-156,48,1,0.0,0,sim
1-47-157,48,1,1.0,0,sim
1-47-158,48,1,0.0,0,sim
1-47-159,48,1,1.0,0,sim
1-47-160,48,1,1.0,0,sim
1-47-161,48,1,1.0,0,sim
1-47-162,48,1,0.0,0,sim
1-47-163,48,1,0.0,0,sim
1-47-164,48,1,0.0,0,sim
1-47-165,48,1,1.0,0,sim
1-47-166,48,1,1.0,0,sim
1-47-167,48,1,1.0,0,sim
1-47-168,48,1,1.0,0,sim
1-47-169,48,1,1.0,0,sim
1-47-170,48,1,0.0,0,sim
1-47-171,48,1,1.0,0,sim
1-47-172,48,1,1.0,0,sim
1-47-173,48,1,0.0,0,sim
1-47-174,48,1,1.0,0,sim
1-47-175,48,1,0.0,0,sim
1-47-176,48,1,0.0,0,sim
1-47-177,48,1,1.0,0,sim
1-47-178,48,1,0.0,0,sim
1-47-179,48,1,0.0,0,sim
1-47-180,48,1,0.0,0,sim
1-47-181,48,1,1.0,0,sim
1-47-182,48,1,0.0,0,sim
1-47-183,48,1,0.0,0,sim
1-47-184,48,1,0.0,0,sim
1-47-185,48,1,0.0,0,sim
1-47-186,48,1,1.0,0,sim
1-47-187,48,1,0.0,0,sim
1-47-188,48,1,0.0,0,sim
1-47-189,48,1,0.0,0,sim
1-47-190,48,1,1.0,0,sim
1-47-191,48,1,1.0,0,sim
1-47-192,48,1,1.0,0,sim
1-47-193,48,1,0.0,0,sim
1-47-194,48,1,1.0,0,sim
1-47-195,48,1,1.0,0,sim
1-47-196,48,1,1.0,0,sim
1-47-197,48,1,0.0,0,sim
1-47-198,48,1,0.0,0,sim
1-47-199,48,1,,0,sim
1-47-200,48,1,,0,sim
1-47-201,48,1,0.0,0,sim
1-47-202,48,1,1.0,0,sim
1-47-203,48,1,1.0,0,sim
1-47-204,48,1,0.0,0,sim
1-47-205,48,1,0.0,0,sim
1-47-206,48,1,1.0,0,sim
1-47-207,48,1,1.0,0,sim
1-47-208,48,1,1.0,0,sim
1-47-209,48,1,1.0,0,sim
1-47-210,48,1,0.0,0,sim
1-47-211,48,1,1.0,0,sim
1-47-212,48,1,1.0,0,sim
1-47-213,48,1,0.0,0,sim
1-47-214,48,1,,0,sim
1-47-215,48,1,0.0,0,sim
1-47-216,48,1,0.0,0,sim
1-47-217,48,1,0.0,0,sim
1-47-218,48,1,1.0,0,sim
1-47-219,48,1,1.0,0,sim
1-47-220,48,1,1.0,0,sim
1-47-221,48,1,0.0,0,sim
1-47-222,48,1,0.0,0,sim
1-47-223,48,1,0.0,0,sim
1-47-224,48,1,0.0,0,sim
1-47-225,48,1,,0,sim
1-47-226,48,1,0.0,0,sim
1-47-227,48,1,1.0,0,sim
1-47-228,48,1,0.0,0,sim
1-47-229,48,1,0.0,0,sim
1-47-230,48,1,1.0,0,sim
1-47-231,48,1,1.0,0,sim
1-47-232,48,1,1.0,0,sim
1-47-233,48,1,1.0,0,sim
1-47-234,48,1,1.0,0,sim
1-47-235,48,1,0.0,0,sim
1-47-236,48,1,1.0,0,sim
1-47-237,48,1,1.0,0,sim
1-47-238,48,1,1.0,0,sim
1-47-239,48,1,0.0,0,sim
2-0-0,1,2,0.0,0,sim
2-0-1,1,2,0.0,0,sim
2-0-2,1,2,0.0,1,sim
2-0-3,1,2,1.0,0,sim
2-0-4,1,2,0.0,0,sim
2-0-5,1,2,0.0,0,sim
2-0-6,1,2,0.0,0,sim
2-0-7,1,2,0.0,1,sim
2-0-8,1,2,1.0,0,sim
2-0-9,1,2,1.0,0,sim
2-0-10,1,2,0.0,0,sim
2-0-11,1,2,0.0,0,sim
2-0-12,1,2,0.0,0,sim
2-0-13,1,2,0.0,0,sim
2-0-14,1,2,0.0,0,sim
2-0-15,1,2,0.0,0,sim
2-0-16,1,2,1.0,0,sim
2-0-17,1,2,1.0,0,sim
2-0-18,1,2,0.0,0,sim
2-0-19,1,2,1.0,0,sim
2-0-20,1,2,1.0,0,sim
2-0-21,1,2,0.0,0,sim
2-0-22,1,2,0.0,0,sim
2-0-23,1,2,0.0,0,sim
2-0-24,1,2,0.0,0,sim
2-0-25,1,2,1.0,0,sim
2-0-26,1,2,1.0,0,sim
2-0-27,1,2,1.0,0,sim
2-0-28,1,2,0.0,0,sim
2-0-29,1,2,0.0,0,sim
2-0-30,1,2,0.0,0,sim
2-0-31,1,2,1.0,0,sim
2-0-32,1,2,0.0,0,sim
2-0-33,1,2,0.0,0,sim
2-0-34,1,2,1.0,0,sim
2-0-35,1,2,0.0,0,sim
2-0-36,1,2,0.0,0,sim
2-0-37,1,2,1.0,0,sim
2-0-38,1,2,0.0,0,sim
2-0-39,1,2,1.0,0,sim
2-0-40,1,2,1.0,0,sim
2-0-41,1,2,1.0,0,sim
2-0-42,1,2,0.0,0,sim
2-0-43,1,2,0.0,0,sim
2-0-44,1,2,0.0,0,sim
2-0-45,1,2,0.0,0,sim
2-0-46,1,2,,0,sim
2-0-47,1,2,1.0,0,sim
2-0-48,1,2,0.0,0,sim
2-0-49,1,2,1.0,0,sim
2-0-50,1,2,0.0,0,sim
2-0-51,1,2,0.0,0,sim
2-0-52,1,2,0.0,0,sim
2-0-53,1,2,1.0,0,sim
2-0-54,1,2,0.0,0,sim
2-0-55,1,2,0.0,0,sim
2-0-56,1,2,0.0,0,sim
2-0-57,1,2,0.0,0,sim
2-0-58,1,2,0.0,0,sim
2-0-59,1,2,0.0,0,sim
2-0-60,1,2,1.0,0,sim
2-0-61,1,2,0.0,0,sim
2-0-62,1,2,0.0,0,sim
2-0-63,1,2,0.0,0,sim
2-0-64,1,2,1.0,0,sim
2-0-65,1,2,0.0,0,sim
2-0-66,1,2,0.0,0,sim
2-0-67,1,2,0.0,0,sim
2-0-68,1,2,0.0,0,sim
2-0-69,1,2,1.0,0,sim
2-0-70,1,2,0.0,0,sim
2-0-71,1,2,0.0,0,sim
2-0-72,1,2,1.0,0,sim
2-0-73,1,2,1.0,0,sim
2-0-74,1,2,0.0,0,sim
2-0-75,1,2,0.0,0,sim
2-0-76,1,2,0.0,0,sim
2-0-77,1,2,1.0,1,sim
2-0-78,1,2,0.0,0,sim
2-0-79,1,2,0.0,0,sim
2-0-80,1,2,1.0,0,sim
2-0-81,1,2,0.0,0,sim
2-0-82,1,2,1.0,0,sim
2-0-83,1,2,0.0,1,sim
2-0-84,1,2,1.0,0,sim
2-0-85,1,2,0.0,0,sim
2-0-86,1,2,0.0,0,sim
2-0-87,1,2,0.0,0,sim
2-0-88,1,2,0.0,0,sim
2-0-89,1,2,0.0,0,sim
2-0-90,1,2,0.0,0,sim
2-0-91,1,2,0.0,0,sim
2-0-92,1,2,1.0,0,sim
2-0-93,1,2,1.0,0,sim
2-0-94,1,2,0.0,0,sim
2-0-95,1,2,0.0,0,sim
2-0-96,1,2,0.0,0,sim
2-0-97,1,2,1.0,0,sim
2-0-98,1,2,1.0,0,sim
2-0-99,1,2,1.0,0,sim
2-0-100,1,2,0.0,0,sim
2-0-101,1,2,0.0,0,sim
2-0-102,1,2,0.0,1,sim
2-0-103,1,2,0.0,0,sim
2-0-104,1,2,0.0,0,sim
2-0-105,1,2,1.0,0,sim
2-0-106,1,2,0.0,0,sim
2-0-107,1,2,0.0,0,sim
2-0-108,1,2,1.0,0,sim
2-0-109,1,2,1.0,0,sim
2-0-110,1,2,0.0,0,sim
2-0-111,1,2,1.0,0,sim
2-0-112,1,2,0.0,0,sim
2-0-113,1,2,1.0,0,sim
2-0-114,1,2,0.0,0,sim
2-0-115,1,2,0.0,0,sim
2-0-116,1,2,0.0,0,sim
2-0-117,1,2,0.0,0,sim
2-0-118,1,2,1.0,0,sim
2-0-119,1,2,0.0,0,sim
2-0-120,1,2,0.0,0,sim
2-0-121,1,2,0.0,0,sim
2-0-122,1,2,1.0,0,sim
2-0-123,1,2,0.0,0,sim
2-0-124,1,2,1.0,0,sim
2-0-125,1,2,,0,sim
2-0-126,1,2,0.0,0,sim
2-0-127,1,2,1.0,0,sim
2-0-128,1,2,0.0,0,sim
2-0-129,1,2,0.0,0,sim
2-0-130,1,2,0.0,0,sim
2-0-131,1,2,1.0,0,sim
2-0-132,1,2,0.0,0,sim
2-0-133,1,2,0.0,0,sim
2-0-134,1,2,0.0,0,sim
2-0-135,1,2,0.0,0,sim
2-0-136,1,2,0.0,0,sim
2-0-137,1,2,1.0,0,sim
2-0-138,1,2,0.0,0,sim
2-0-139,1,2,,1,sim
2-0-140,1,2,0.0,0,sim
2-0-141,1,2,0.0,0,sim
2-0-142,1,2,0.0,0,sim
2-0-143,1,2,1.0,0,sim
2-0-144,1,2,1.0,0,sim
2-0-145,1,2,1.0,0,sim
2-0-146,1,2,0.0,0,sim
2-0-147,1,2,,0,sim
2-0-148,1,2,0.0,0,sim
2-0-149,1,2,0.0,0,sim
2-0-150,1,2,0.0,0,sim
2-0-151,1,2,1.0,0,sim
2-0-152,1,2,1.0,1,sim
2-0-153,1,2,0.0,0,sim
2-0-154,1,2,0.0,0,sim
2-0-155,1,2,,0,sim
2-0-156,1,2,1.0,0,sim
2-0-157,1,2,0.0,0,sim
2-0-158,1,2,1.0,0,sim
2-0-159,1,2,0.0,0,sim
2-0-160,1,2,1.0,0,sim
2-0-161,1,2,0.0,0,sim
2-0-162,1,2,0.0,0,sim
2-0-163,1,2,0.0,0,sim
2-0-164,1,2,1.0,0,sim
2-0-165,1,2,0.0,0,sim
2-0-166,1,2,0.0,0,sim
2-0-167,1,2,0.0,0,sim
2-0-168,1,2,1.0,0,sim
2-0-169,1,2,1.0,0,sim
2-0-170,1,2,0.0,0,sim
2-0-171,1,2,0.0,0,sim
2-0-172,1,2,0.0,0,sim
2-0-173,1,2,0.0,0,sim
2-0-174,1,2,0.0,0,sim
2-0-175,1,2,0.0,0,sim
2-0-176,1,2,0.0,0,sim
2-0-177,1,2,1.0,0,sim
2-0-178,1,2,0.0,0,sim
2-0-179,1,2,0.0,0,sim
2-0-180,1,2,0.0,0,sim
2-0-181,1,2,1.0,0,sim
2-0-182,1,2,0.0,0,sim
2-0-183,1,2,1.0,0,sim
2-0-184,1,2,0.0,0,sim
2-0-185,1,2,0.0,0,sim
2-0-186,1,2,0.0,0,sim
2-0-187,1,2,0.0,0,sim
2-0-188,1,2,1.0,0,sim
2-0-189,1,2,1.0,0,sim
2-0-190,1,2,0.0,0,sim
2-0-191,1,2,0.0,0,sim
2-0-192,1,2,0.0,0,sim
2-0-193,1,2,0.0,0,sim
2-0-194,1,2,0.0,0,sim
2-0-195,1,2,0.0,1,sim
2-0-196,1,2,0.0,0,sim
2-0-197,1,2,0.0,0,sim
2-0-198,1,2,1.0,0,sim
2-0-199,1,2,0.0,0,sim
2-0-200,1,2,0.0,0,sim
2-0-201,1,2,1.0,0,sim
2-0-202,1,2,0.0,0,sim
2-0-203,1,2,0.0,0,sim
2-0-204,1,2,0.0,0,sim
2-0-205,1,2,1.0,0,sim
2-0-206,1,2,0.0,0,sim
2-0-207,1,2,0.0,0,sim
2-0-208,1,2,0.0,0,sim
2-0-209,1,2,1.0,0,sim
2-0-210,1,2,0.0,0,sim
2-0-211,1,2,1.0,0,sim
2-0-212,1,2,0.0,0,sim
2-0-213,1,2,1.0,0,sim
2-0-214,1,2,0.0,0,sim
2-0-215,1,2,0.0,0,sim
2-0-216,1,2,0.0,0,sim
2-0-217,1,2,0.0,0,sim
2-0-218,1,2,1.0,0,sim
2-0-219,1,2,0.0,0,sim
2-0-220,1,2,0.0,0,sim
2-0-221,1,2,0.0,0,sim
2-0-222,1,2,0.0,0,sim
2-0-223,1,2,0.0,0,sim
2-0-224,1,2,0.0,0,sim
2-0-225,1,2,0.0,0,sim
2-0-226,1,2,1.0,0,sim
2-0-227,1,2,1.0,0,sim
2-0-228,1,2,0.0,0,sim
2-0-229,1,2,0.0,0,sim
2-0-230,1,2,0.0,0,sim
2-0-231,1,2,0.0,0,sim
2-0-232,1,2,0.0,0,sim
2-0-233,1,2,0.0,0,sim
2-0-234,1,2,0.0,0,sim
2-0-235,1,2,1.0,0,sim
2-0-236,1,2,1.0,0,sim
2-0-237,1,2,0.0,0,sim
2-0-238,1,2,0.0,0,sim
2-0-239,1,2,0.0,0,sim
2-1-0,2,2,0.0,0,sim
2-1-1,2,2,0.0,0,sim
2-1-2,2,2,0.0,0,sim
2-1-3,2,2,1.0,0,sim
2-1-4,2,2,1.0,0,sim
2-1-5,2,2,0.0,0,sim
2-1-6,2,2,0.0,0,sim
2-1-7,2,2,0.0,0,sim
2-1-8,2,2,0.0,0,sim
2-1-9,2,2,0.0,0,sim
2-1-10,2,2,0.0,0,sim
2-1-11,2,2,0.0,0,sim
2-1-12,2,2,1.0,0,sim
2-1-13,2,2,1.0,0,sim
2-1-14,2,2,0.0,0,sim
2-1-15,2,2,1.0,0,sim
2-1-16,2,2,0.0,0,sim
2-1-17,2,2,0.0,0,sim
2-1-18,2,2,0.0,0,sim
2-1-19,2,2,0.0,0,sim
2-1-20,2,2,0.0,0,sim
2-1-21,2,2,1.0,0,sim
2-1-22,2,2,0.0,0,sim
2-1-23,2,2,1.0,0,sim
2-1-24,2,2,0.0,0,sim
2-1-25,2,2,1.0,0,sim
2-1-26,2,2,0.0,0,sim
2-1-27,2,2,0.0,0,sim
2-1-28,2,2,0.0,0,sim
2-1-29,2,2,0.0,0,sim
2-1-30,2,2,0.0,0,sim
2-1-31,2,2,0.0,0,sim
2-1-32,2,2,0.0,0,sim
2-1-33,2,2,0.0,0,sim
2-1-34,2,2,0.0,1,sim
2-1-35,2,2,0.0,0,sim
2-1-36,2,2,0.0,0,sim
2-1-37,2,2,0.0,0,sim
2-1-38,2,2,0.0,0,sim
2-1-39,2,2,0.0,0,sim
2-1-40,2,2,1.0,0,sim
2-1-41,2,2,0.0,0,sim
2-1-42,2,2,1.0,0,sim
2-1-43,2,2,0.0,0,sim
2-1-44,2,2,0.0,0,sim
2-1-45,2,2,1.0,0,sim
2-1-46,2,2,0.0,0,sim
2-1-47,2,2,0.0,0,sim
2-1-48,2,2,0.0,0,sim
2-1-49,2,2,0.0,0,sim
2-1-50,2,2,0.0,0,sim
2-1-51,2,2,1.0,0,sim
2-1-52,2,2,0.0,0,sim
2-1-53,2,2,0.0,0,sim
2-1-54,2,2,0.0,0,sim
2-1-55,2,2,0.0,0,sim
2-1-56,2,2,1.0,0,sim
2-1-57,2,2,0.0,0,sim
2-1-58,2,2,0.0,0,sim
2-1-59,2,2,0.0,0,sim
2-1-60,2,2,0.0,0,sim
2-1-61,2,2,0.0,0,sim
2-1-62,2,2,0.0,0,sim
2-1-63,2,2,1.0,0,sim
2-1-64,2,2,0.0,0,sim
2-1-65,2,2,0.0,0,sim
2-1-66,2,2,1.0,0,sim
2-1-67,2,2,0.0,0,sim
2-1-68,2,2,0.0,0,sim
2-1-69,2,2,0.0,0,sim
2-1-70,2,2,0.0,0,sim
2-1-71,2,2,1.0,0,sim
2-1-72,2,2,1.0,0,sim
2-1-73,2,2,1.0,0,sim
2-1-74,2,2,,0,sim
2-1-75,2,2,1.0,0,sim
2-1-76,2,2,1.0,0,sim
2-1-77,2,2,0.0,0,sim
2-1-78,2,2,0.0,0,sim
2-1-79,2,2,1.0,0,sim
2-1-80,2,2,0.0,0,sim
2-1-81,2,2,0.0,0,sim
2-1-82,2,2,0.0,0,sim
2-1-83,2,2,0.0,0,sim
2-1-84,2,2,0.0,0,sim
2-1-85,2,2,0.0,0,sim
2-1-86,2,2,0.0,0,sim
2-1-87,2,2,0.0,0,sim
2-1-88,2,2,1.0,0,sim
2-1-89,2,2,0.0,0,sim
2-1-90,2,2,0.0,0,sim
2-1-91,2,2,0.0,0,sim
2-1-92,2,2,1.0,0,sim
2-1-93,2,2,1.0,0,sim
2-1-94,2,2,0.0,0,sim
2-1-95,2,2,0.0,0,sim
2-1-96,2,2,1.0,0,sim
2-1-97,2,2,0.0,0,sim
2-1-98,2,2,0.0,0,sim
2-1-99,2,2,0.0,0,sim
2-1-100,2,2,1.0,0,sim
2-1-101,2,2,0.0,1,sim
2-1-102,2,2,0.0,0,sim
2-1-103,2,2,0.0,0,sim
2-1-104,2,2,1.0,0,sim
2-1-105,2,2,0.0,0,sim
2-1-106,2,2,0.0,0,sim
2-1-107,2,2,0.0,0,sim
2-1-108,2,2,0.0,0,sim
2-1-109,2,2,0.0,0,sim
2-1-110,2,2,1.0,0,sim
2-1-111,2,2,1.0,0,sim
2-1-112,2,2,0.0,0,sim
2-1-113,2,2,0.0,0,sim
2-1-114,2,2,0.0,0,sim
2-1-115,2,2,1.0,1,sim
2-1-116,2,2,0.0,0,sim
2-1-117,2,2,0.0,1,sim
2-1-118,2,2,0.0,0,sim
2-1-119,2,2,1.0,0,sim
2-1-120,2,2,0.0,0,sim
2-1-121,2,2,0.0,0,sim
2-1-122,2,2,0.0,0,sim
2-1-123,2,2,0.0,0,sim
2-1-124,2,2,,0,sim
2-1-125,2,2,0.0,0,sim
2-1-126,2,2,0.0,0,sim
2-1-127,2,2,0.0,0,sim
2-1-128,2,2,0.0,0,sim
2-1-129,2,2,0.0,0,sim
2-1-130,2,2,0.0,0,sim
2-1-131,2,2,0.0,0,sim
2-1-132,2,2,0.0,0,sim
2-1-133,2,2,0.0,0,sim
2-1-134,2,2,0.0,0,sim
2-1-135,2,2,0.0,0,sim
2-1-136,2,2,0.0,0,sim
2-1-137,2,2,0.0,0,sim
2-1-138,2,2,0.0,0,sim
2-1-139,2,2,0.0,0,sim
2-1-140,2,2,0.0,0,sim
2-1-141,2,2,1.0,0,sim
2-1-142,2,2,0.0,0,sim
2-1-143,2,2,0.0,0,sim
2-1-144,2,2,0.0,0,sim
2-1-145,2,2,0.0,0,sim
2-1-146,2,2,0.0,0,sim
2-1-147,2,2,0.0,0,sim
2-1-148,2,2,0.0,0,sim
2-1-149,2,2,1.0,0,sim
2-1-150,2,2,0.0,0,sim
2-1-151,2,2,0.0,0,sim
2-1-152,2,2,0.0,0,sim
2-1-153,2,2,0.0,0,sim
2-1-154,2,2,0.0,0,sim
2-1-155,2,2,0.0,0,sim
2-1-156,2,2,1.0,0,sim
2-1-157,2,2,0.0,0,sim
2-1-158,2,2,0.0,0,sim
2-1-159,2,2,0.0,0,sim
2-1-160,2,2,0.0,0,sim
2-1-161,2,2,1.0,0,sim
2-1-162,2,2,0.0,0,sim
2-1-163,2,2,,0,sim
2-1-164,2,2,0.0,0,sim
2-1-165,2,2,0.0,0,sim
2-1-166,2,2,1.0,1,sim
2-1-167,2,2,0.0,0,sim
2-1-168,2,2,0.0,1,sim
2-1-169,2,2,1.0,0,sim
2-1-170,2,2,0.0,0,sim
2-1-171,2,2,0.0,0,sim
2-1-172,2,2,0.0,0,sim
2-1-173,2,2,0.0,0,sim
2-1-174,2,2,1.0,0,sim
2-1-175,2,2,0.0,0,sim
2-1-176,2,2,1.0,0,sim
2-1-177,2,2,0.0,0,sim
2-1-178,2,2,0.0,0,sim
2-1-179,2,2,0.0,0,sim
2-1-180,2,2,0.0,0,sim
2-1-181,2,2,1.0,0,sim
2-1-182,2,2,1.0,0,sim
2-1-183,2,2,0.0,0,sim
2-1-184,2,2,0.0,0,sim
2-1-185,2,2,1.0,0,sim
2-1-186,2,2,0.0,0,sim
2-1-187,2,2,0.0,0,sim
2-1-188,2,2,1.0,0,sim
2-1-189,2,2,0.0,0,sim
2-1-190,2,2,1.0,0,sim
2-1-191,2,2,0.0,0,sim
2-1-192,2,2,0.0,0,sim
2-1-193,2,2,0.0,0,sim
2-1-194,2,2,0.0,0,sim
2-1-195,2,2,0.0,0,sim
2-1-196,2,2,0.0,0,sim
2-1-197,2,2,0.0,0,sim
2-1-198,2,2,0.0,0,sim
2-1-199,2,2,0.0,0,sim
2-1-200,2,2,,0,sim
2-1-201,2,2,0.0,0,sim
2-1-202,2,2,0.0,0,sim
2-1-203,2,2,0.0,0,sim
2-1-204,2,2,0.0,0,sim
2-1-205,2,2,1.0,1,sim
2-1-206,2,2,1.0,0,sim
2-1-207,2,2,1.0,0,sim
2-1-208,2,2,0.0,0,sim
2-1-209,2,2,0.0,0,sim
2-1-210,2,2,1.0,0,sim
2-1-211,2,2,1.0,0,sim
2-1-212,2,2,0.0,0,sim
2-1-213,2,2,0.0,0,sim
2-1-214,2,2,0.0,0,sim
2-1-215,2,2,0.0,0,sim
2-1-216,2,2,1.0,0,sim
2-1-217,2,2,1.0,0,sim
2-1-218,2,2,0.0,0,sim
2-1-219,2,2,0.0,0,sim
2-1-220,2,2,0.0,0,sim
2-1-221,2,2,0.0,0,sim
2-1-222,2,2,,0,sim
2-1-223,2,2,0.0,0,sim
2-1-224,2,2,1.0,0,sim
2-1-225,2,2,0.0,0,sim
2-1-226,2,2,0.0,0,sim
2-1-227,2,2,0.0,0,sim
2-1-228,2,2,0.0,0,sim
2-1-229,2,2,0.0,0,sim
2-1-230,2,2,0.0,0,sim
2-1-231,2,2,0.0,0,sim
2-1-232,2,2,0.0,0,sim
2-1-233,2,2,0.0,0,sim
2-1-234,2,2,0.0,0,sim
2-1-235,2,2,0.0,0,sim
2-1-236,2,2,1.0,0,sim
2-1-237,2,2,1.0,0,sim
2-1-238,2,2,0.0,0,sim
2-1-239,2,2,1.0,0,sim
2-2-0,3,2,1.0,0,sim
2-2-1,3,2,0.0,0,sim
2-2-2,3,2,1.0,0,sim
2-2-3,3,2,0.0,0,sim
2-2-4,3,2,0.0,0,sim
2-2-5,3,2,0.0,0,sim
2-2-6,3,2,0.0,1,sim
2-2-7,3,2,1.0,0,sim
2-2-8,3,2,0.0,0,sim
2-2-9,3,2,0.0,0,sim
2-2-10,3,2,1.0,0,sim
2-2-11,3,2,0.0,0,sim
2-2-12,3,2,,0,sim
2-2-13,3,2,0.0,0,sim
2-2-14,3,2,0.0,0,sim
2-2-15,3,2,0.0,0,sim
2-2-16,3,2,0.0,0,sim
2-2-17,3,2,0.0,0,sim
2-2-18,3,2,1.0,0,sim
2-2-19,3,2,0.0,0,sim
2-2-20,3,2,0.0,0,sim
2-2-21,3,2,0.0,0,sim
2-2-22,3,2,0.0,0,sim
2-2-23,3,2,1.0,0,sim
2-2-24,3,2,1.0,0,sim
2-2-25,3,2,0.0,0,sim
2-2-26,3,2,0.0,0,sim
2-2-27,3,2,1.0,0,sim
2-2-28,3,2,1.0,0,sim
2-2-29,3,2,0.0,0,sim
2-2-30,3,2,0.0,0,sim
2-2-31,3,2,0.0,0,sim
2-2-32,3,2,1.0,0,sim
2-2-33,3,2,1.0,0,sim
2-2-34,3,2,1.0,0,sim
2-2-35,3,2,0.0,0,sim
2-2-36,3,2,0.0,0,sim
2-2-37,3,2,1.0,0,sim
2-2-38,3,2,0.0,0,sim
2-2-39,3,2,0.0,0,sim
2-2-40,3,2,0.0,0,sim
2-2-41,3,2,1.0,0,sim
2-2-42,3,2,0.0,0,sim
2-2-43,3,2,0.0,0,sim
2-2-44,3,2,1.0,0,sim
2-2-45,3,2,0.0,0,sim
2-2-46,3,2,1.0,0,sim
2-2-47,3,2,0.0,0,sim
2-2-48,3,2,0.0,0,sim
2-2-49,3,2,0.0,0,sim
2-2-50,3,2,0.0,0,sim
2-2-51,3,2,1.0,0,sim
2-2-52,3,2,,0,sim
2-2-53,3,2,1.0,0,sim
2-2-54,3,2,0.0,0,sim
2-2-55,3,2,1.0,0,sim
2-2-56,3,2,1.0,0,sim
2-2-57,3,2,0.0,0,sim
2-2-58,3,2,0.0,0,sim
2-2-59,3,2,0.0,0,sim
2-2-60,3,2,0.0,0,sim
2-2-61,3,2,0.0,0,sim
2-2-62,3,2,0.0,0,sim
2-2-63,3,2,0.0,0,sim
2-2-64,3,2,0.0,0,sim
2-2-65,3,2,0.0,0,sim
2-2-66,3,2,0.0,1,sim
2-2-67,3,2,0.0,0,sim
2-2-68,3,2,0.0,0,sim
2-2-69,3,2,0.0,0,sim
2-2-70,3,2,0.0,0,sim
2-2-71,3,2,0.0,0,sim
2-2-72,3,2,0.0,0,sim
2-2-73,3,2,0.0,0,sim
2-2-74,3,2,0.0,0,sim
2-2-75,3,2,0.0,0,sim
2-2-76,3,2,1.0,0,sim
2-2-77,3,2,0.0,0,sim
2-2-78,3,2,0.0,0,sim
2-2-79,3,2,1.0,0,sim
2-2-80,3,2,1.0,0,sim
2-2-81,3,2,0.0,0,sim
2-2-82,3,2,0.0,0,sim
2-2-83,3,2,0.0,0,sim
2-2-84,3,2,0.0,0,sim
2-2-85,3,2,1.0,0,sim
2-2-86,3,2,0.0,0,sim
2-2-87,3,2,0.0,0,sim
2-2-88,3,2,1.0,0,sim
2-2-89,3,2,0.0,0,sim
2-2-90,3,2,0.0,0,sim
2-2-91,3,2,0.0,0,sim
2-2-92,3,2,0.0,0,sim
2-2-93,3,2,1.0,0,sim
2-2-94,3,2,0.0,0,sim
2-2-95,3,2,0.0,0,sim
2-2-96,3,2,0.0,0,sim
2-2-97,3,2,1.0,0,sim
2-2-98,3,2,,0,sim
2-2-99,3,2,1.0,0,sim
2-2-100,3,2,0.0,0,sim
2-2-101,3,2,1.0,0,sim
2-2-102,3,2,0.0,0,sim
2-2-103,3,2,0.0,0,sim
2-2-104,3,2,0.0,0,sim
2-2-105,3,2,0.0,1,sim
2-2-106,3,2,0.0,0,sim
2-2-107,3,2,1.0,0,sim
2-2-108,3,2,0.0,0,sim
2-2-109,3,2,0.0,0,sim
2-2-110,3,2,0.0,0,sim
2-2-111,3,2,0.0,1,sim
2-2-112,3,2,1.0,0,sim
2-2-113,3,2,1.0,0,sim
2-2-114,3,2,1.0,0,sim
2-2-115,3,2,0.0,0,sim
2-2-116,3,2,0.0,0,sim
2-2-117,3,2,0.0,0,sim
2-2-118,3,2,0.0,0,sim
2-2-119,3,2,1.0,0,sim
2-2-120,3,2,1.0,0,sim
2-2-121,3,2,1.0,0,sim
2-2-122,3,2,0.0,0,sim
2-2-123,3,2,1.0,0,sim
2-2-124,3,2,0.0,0,sim
2-2-125,3,2,0.0,0,sim
2-2-126,3,2,0.0,0,sim
2-2-127,3,2,1.0,1,sim
2-2-128,3,2,1.0,0,sim
2-2-129,3,2,1.0,0,sim
2-2-130,3,2,1.0,0,sim
2-2-131,3,2,0.0,0,sim
2-2-132,3,2,0.0,0,sim
2-2-133,3,2,1.0,0,sim
2-2-134,3,2,0.0,0,sim
2-2-135,3,2,,0,sim
2-2-136,3,2,0.0,0,sim
2-2-137,3,2,0.0,0,sim
2-2-138,3,2,0.0,0,sim
2-2-139,3,2,0.0,0,sim
2-2-140,3,2,0.0,0,sim
2-2-141,3,2,0.0,0,sim
2-2-142,3,2,0.0,0,sim
2-2-143,3,2,0.0,0,sim
2-2-144,3,2,0.0,0,sim
2-2-145,3,2,0.0,0,sim
2-2-146,3,2,0.0,0,sim
2-2-147,3,2,1.0,0,sim
2-2-148,3,2,0.0,0,sim
2-2-149,3,2,0.0,0,sim
2-2-150,3,2,0.0,0,sim
2-2-151,3,2,0.0,0,sim
2-2-152,3,2,0.0,0,sim
2-2-153,3,2,0.0,0,sim
2-2-154,3,2,0.0,0,sim
2-2-155,3,2,0.0,0,sim
2-2-156,3,2,0.0,0,sim
2-2-157,3,2,0.0,0,sim
2-2-158,3,2,0.0,0,sim
2-2-159,3,2,0.0,0,sim
2-2-160,3,2,0.0,0,sim
2-2-161,3,2,0.0,0,sim
2-2-162,3,2,0.0,0,sim
2-2-163,3,2,1.0,0,sim
2-2-164,3,2,0.0,0,sim
2-2-165,3,2,0.0,0,sim
2-2-166,3,2,0.0,0,sim
2-2-167,3,2,0.0,0,sim
2-2-168,3,2,0.0,0,sim
2-2-169,3,2,0.0,0,sim
2-2-170,3,2,0.0,0,sim
2-2-171,3,2,0.0,0,sim
2-2-172,3,2,1.0,0,sim
2-2-173,3,2,0.0,0,sim
2-2-174,3,2,0.0,0,sim
2-2-175,3,2,0.0,0,sim
2-2-176,3,2,1.0,0,sim
2-2-177,3,2,1.0,0,sim
2-2-178,3,2,0.0,0,sim
2-2-179,3,2,1.0,0,sim
2-2-180,3,2,0.0,0,sim
2-2-181,3,2,0.0,0,sim
2-2-182,3,2,0.0,0,sim
2-2-183,3,2,0.0,0,sim
2-2-184,3,2,0.0,0,sim
2-2-185,3,2,0.0,0,sim
2-2-186,3,2,1.0,1,sim
2-2-187,3,2,0.0,0,sim
2-2-188,3,2,1.0,0,sim
2-2-189,3,2,0.0,0,sim
2-2-190,3,2,1.0,0,sim
2-2-191,3,2,1.0,0,sim
2-2-192,3,2,1.0,0,sim
2-2-193,3,2,0.0,0,sim
2-2-194,3,2,1.0,0,sim
2-2-195,3,2,0.0,0,sim
2-2-196,3,2,0.0,0,sim
2-2-197,3,2,1.0,0,sim
2-2-198,3,2,1.0,0,sim
2-2-199,3,2,0.0,0,sim
2-2-200,3,2,0.0,0,sim
2-2-201,3,2,0.0,0,sim
2-2-202,3,2,0.0,0,sim
2-2-203,3,2,0.0,0,sim
2-2-204,3,2,0.0,0,sim
2-2-205,3,2,0.0,0,sim
2-2-206,3,2,1.0,0,sim
2-2-207,3,2,0.0,1,sim
2-2-208,3,2,0.0,0,sim
2-2-209,3,2,0.0,0,sim
2-2-210,3,2,0.0,0,sim
2-2-211,3,2,0.0,0,sim
2-2-212,3,2,0.0,0,sim
2-2-213,3,2,0.0,0,sim
2-2-214,3,2,0.0,0,sim
2-2-215,3,2,0.0,0,sim
2-2-216,3,2,0.0,0,sim
2-2-217,3,2,0.0,0,sim
2-2-218,3,2,0.0,0,sim
2-2-219,3,2,0.0,0,sim
2-2-220,3,2,0.0,0,sim
2-2-221,3,2,0.0,0,sim
2-2-222,3,2,0.0,0,sim
2-2-223,3,2,0.0,0,sim
2-2-224,3,2,0.0,0,sim
2-2-225,3,2,0.0,0,sim
2-2-226,3,2,1.0,0,sim
2-2-227,3,2,0.0,0,sim
2-2-228,3,2,0.0,1,sim
2-2-229,3,2,0.0,0,sim
2-2-230,3,2,0.0,0,sim
2-2-231,3,2,1.0,0,sim
2-2-232,3,2,0.0,0,sim
2-2-233,3,2,0.0,0,sim
2-2-234,3,2,0.0,0,sim
2-2-235,3,2,0.0,0,sim
2-2-236,3,2,,0,sim
2-2-237,3,2,1.0,0,sim
2-2-238,3,2,0.0,0,sim
2-2-239,3,2,0.0,0,sim
2-3-0,4,2,0.0,0,sim
2-3-1,4,2,,0,sim
2-3-2,4,2,1.0,0,sim
2-3-3,4,2,0.0,1,sim
2-3-4,4,2,1.0,0,sim
2-3-5,4,2,0.0,0,sim
2-3-6,4,2,1.0,0,sim
2-3-7,4,2,0.0,0,sim
2-3-8,4,2,0.0,0,sim
2-3-9,4,2,0.0,0,sim
2-3-10,4,2,1.0,0,sim
2-3-11,4,2,1.0,0,sim
2-3-12,4,2,0.0,0,sim
2-3-13,4,2,0.0,0,sim
2-3-14,4,2,0.0,0,sim
2-3-15,4,2,1.0,1,sim
2-3-16,4,2,0.0,0,sim
2-3-17,4,2,0.0,0,sim
2-3-18,4,2,0.0,0,sim
2-3-19,4,2,0.0,0,sim
2-3-20,4,2,0.0,0,sim
2-3-21,4,2,0.0,0,sim
2-3-22,4,2,0.0,0,sim
2-3-23,4,2,0.0,0,sim
2-3-24,4,2,0.0,0,sim
2-3-25,4,2,0.0,0,sim
2-3-26,4,2,0.0,0,sim
2-3-27,4,2,0.0,0,sim
2-3-28,4,2,1.0,0,sim
2-3-29,4,2,0.0,0,sim
2-3-30,4,2,0.0,0,sim
2-3-31,4,2,1.0,0,sim
2-3-32,4,2,0.0,0,sim
2-3-33,4,2,0.0,0,sim
2-3-34,4,2,0.0,0,sim
2-3-35,4,2,0.0,0,sim
2-3-36,4,2,0.0,0,sim
2-3-37,4,2,0.0,0,sim
2-3-38,4,2,1.0,0,sim
2-3-39,4,2,0.0,0,sim
2-3-40,4,2,1.0,0,sim
2-3-41,4,2,0.0,0,sim
2-3-42,4,2,0.0,0,sim
2-3-43,4,2,0.0,0,sim
2-3-44,4,2,0.0,0,sim
2-3-45,4,2,0.0,0,sim
2-3-46,4,2,1.0,0,sim
2-3-47,4,2,0.0,0,sim
2-3-48,4,2,0.0,1,sim
2-3-49,4,2,0.0,0,sim
2-3-50,4,2,0.0,0,sim
2-3-51,4,2,1.0,0,sim
2-3-52,4,2,0.0,0,sim
2-3-53,4,2,0.0,0,sim
2-3-54,4,2,0.0,0,sim
2-3-55,4,2,0.0,0,sim
2-3-56,4,2,0.0,1,sim
2-3-57,4,2,0.0,0,sim
2-3-58,4,2,0.0,0,sim
2-3-59,4,2,0.0,0,sim
2-3-60,4,2,1.0,0,sim
2-3-61,4,2,0.0,0,sim
2-3-62,4,2,0.0,0,sim
2-3-63,4,2,1.0,0,sim
2-3-64,4,2,1.0,0,sim
2-3-65,4,2,0.0,0,sim
2-3-66,4,2,1.0,0,sim
2-3-67,4,2,0.0,0,sim
2-3-68,4,2,0.0,0,sim
2-3-69,4,2,0.0,0,sim
2-3-70,4,2,0.0,0,sim
2-3-71,4,2,0.0,0,sim
2-3-72,4,2,1.0,0,sim
2-3-73,4,2,0.0,0,sim
2-3-74,4,2,1.0,0,sim
2-3-75,4,2,0.0,0,sim
2-3-76,4,2,0.0,0,sim
2-3-77,4,2,0.0,0,sim
2-3-78,4,2,0.0,0,sim
2-3-79,4,2,0.0,1,sim
2-3-80,4,2,0.0,0,sim
2-3-81,4,2,0.0,0,sim
2-3-82,4,2,1.0,0,sim
2-3-83,4,2,1.0,0,sim
2-3-84,4,2,0.0,0,sim
2-3-85,4,2,0.0,0,sim
2-3-86,4,2,0.0,0,sim
2-3-87,4,2,0.0,0,sim
2-3-88,4,2,0.0,0,sim
2-3-89,4,2,0.0,0,sim
2-3-90,4,2,,0,sim
2-3-91,4,2,1.0,0,sim
2-3-92,4,2,,0,sim
2-3-93,4,2,0.0,0,sim
2-3-94,4,2,0.0,0,sim
2-3-95,4,2,0.0,0,sim
2-3-96,4,2,0.0,0,sim
2-3-97,4,2,0.0,0,sim
2-3-98,4,2,0.0,0,sim
2-3-99,4,2,0.0,0,sim
2-3-100,4,2,0.0,0,sim
2-3-101,4,2,1.0,0,sim
2-3-102,4,2,0.0,0,sim
2-3-103,4,2,0.0,0,sim
2-3-104,4,2,0.0,0,sim
2-3-105,4,2,1.0,0,sim
2-3-106,4,2,0.0,0,sim
2-3-107,4,2,1.0,0,sim
2-3-108,4,2,0.0,0,sim
2-3-109,4,2,1.0,0,sim
2-3-110,4,2,0.0,0,sim
2-3-111,4,2,0.0,0,sim
2-3-112,4,2,0.0,0,sim
2-3-113,4,2,1.0,0,sim
2-3-114,4,2,0.0,0,sim
2-3-115,4,2,0.0,0,sim
2-3-116,4,2,1.0,0,sim
2-3-117,4,2,0.0,0,sim
2-3-118,4,2,0.0,0,sim
2-3-119,4,2,1.0,0,sim
2-3-120,4,2,0.0,1,sim
2-3-121,4,2,0.0,0,sim
2-3-122,4,2,1.0,0,sim
2-3-123,4,2,1.0,0,sim
2-3-124,4,2,1.0,0,sim
2-3-125,4,2,0.0,0,sim
2-3-126,4,2,0.0,0,sim
2-3-127,4,2,0.0,0,sim
2-3-128,4,2,1.0,0,sim
2-3-129,4,2,1.0,0,sim
2-3-130,4,2,1.0,0,sim
2-3-131,4,2,0.0,0,sim
2-3-132,4,2,0.0,0,sim
2-3-133,4,2,0.0,0,sim
2-3-134,4,2,1.0,0,sim
2-3-135,4,2,0.0,0,sim
2-3-136,4,2,1.0,0,sim
2-3-137,4,2,0.0,0,sim
2-3-138,4,2,1.0,0,sim
2-3-139,4,2,0.0,0,sim
2-3-140,4,2,0.0,0,sim
2-3-141,4,2,0.0,0,sim
2-3-142,4,2,0.0,0,sim
2-3-143,4,2,0.0,0,sim
2-3-144,4,2,0.0,0,sim
2-3-145,4,2,0.0,0,sim
2-3-146,4,2,1.0,0,sim
2-3-147,4,2,0.0,0,sim
2-3-148,4,2,0.0,1,sim
2-3-149,4,2,1.0,0,sim
2-3-150,4,2,1.0,0,sim
2-3-151,4,2,0.0,0,sim
2-3-152,4,2,0.0,0,sim
2-3-153,4,2,1.0,0,sim
2-3-154,4,2,0.0,0,sim
2-3-155,4,2,0.0,0,sim
2-3-156,4,2,0.0,0,sim
2-3-157,4,2,1.0,0,sim
2-3-158,4,2,0.0,0,sim
2-3-159,4,2,0.0,0,sim
2-3-160,4,2,0.0,0,sim
2-3-161,4,2,0.0,0,sim
2-3-162,4,2,,0,sim
2-3-163,4,2,0.0,0,sim
2-3-164,4,2,0.0,0,sim
2-3-165,4,2,0.0,0,sim
2-3-166,4,2,0.0,0,sim
2-3-167,4,2,0.0,0,sim
2-3-168,4,2,0.0,0,sim
2-3-169,4,2,0.0,0,sim
2-3-170,4,2,0.0,0,sim
2-3-171,4,2,0.0,0,sim
2-3-172,4,2,1.0,0,sim
2-3-173,4,2,0.0,0,sim
2-3-174,4,2,0.0,0,sim
2-3-175,4,2,0.0,0,sim
2-3-176,4,2,0.0,0,sim
2-3-177,4,2,,0,sim
2-3-178,4,2,1.0,0,sim
2-3-179,4,2,0.0,0,sim
2-3-180,4,2,0.0,0,sim
2-3-181,4,2,0.0,0,sim
2-3-182,4,2,0.0,0,sim
2-3-183,4,2,0.0,0,sim
2-3-184,4,2,,0,sim
2-3-185,4,2,1.0,0,sim
2-3-186,4,2,0.0,0,sim
2-3-187,4,2,0.0,0,sim
2-3-188,4,2,1.0,1,sim
2-3-189,4,2,0.0,0,sim
2-3-190,4,2,0.0,0,sim
2-3-191,4,2,0.0,0,sim
2-3-192,4,2,0.0,0,sim
2-3-193,4,2,0.0,0,sim
2-3-194,4,2,0.0,0,sim
2-3-195,4,2,0.0,0,sim
2-3-196,4,2,0.0,0,sim
2-3-197,4,2,1.0,0,sim
2-3-198,4,2,0.0,0,sim
2-3-199,4,2,0.0,0,sim
2-3-200,4,2,0.0,0,sim
2-3-201,4,2,1.0,0,sim
2-3-202,4,2,0.0,0,sim
2-3-203,4,2,,0,sim
2-3-204,4,2,0.0,0,sim
2-3-205,4,2,0.0,0,sim
2-3-206,4,2,1.0,0,sim
2-3-207,4,2,0.0,0,sim
2-3-208,4,2,0.0,0,sim
2-3-209,4,2,0.0,0,sim
2-3-210,4,2,0.0,0,sim
2-3-211,4,2,0.0,0,sim
2-3-212,4,2,1.0,0,sim
2-3-213,4,2,1.0,0,sim
2-3-214,4,2,0.0,0,sim
2-3-215,4,2,0.0,0,sim
2-3-216,4,2,0.0,0,sim
2-3-217,4,2,0.0,1,sim
2-3-218,4,2,,0,sim
2-3-219,4,2,0.0,0,sim
2-3-220,4,2,0.0,0,sim
2-3-221,4,2,0.0,0,sim
2-3-222,4,2,0.0,0,sim
2-3-223,4,2,0.0,0,sim
2-3-224,4,2,0.0,0,sim
2-3-225,4,2,0.0,0,sim
2-3-226,4,2,1.0,0,sim
2-3-227,4,2,0.0,0,sim
2-3-228,4,2,0.0,0,sim
2-3-229,4,2,0.0,0,sim
2-3-230,4,2,1.0,0,sim
2-3-231,4,2,0.0,0,sim
2-3-232,4,2,1.0,0,sim
2-3-233,4,2,0.0,0,sim
2-3-234,4,2,0.0,0,sim
2-3-235,4,2,0.0,0,sim
2-3-236,4,2,0.0,0,sim
2-3-237,4,2,1.0,0,sim
2-3-238,4,2,0.0,0,sim
2-3-239,4,2,0.0,0,sim
2-4-0,5,2,0.0,0,sim
2-4-1,5,2,0.0,0,sim
2-4-2,5,2,1.0,0,sim
2-4-3,5,2,,0,sim
2-4-4,5,2,1.0,0,sim
2-4-5,5,2,0.0,0,sim
2-4-6,5,2,0.0,0,sim
2-4-7,5,2,0.0,0,sim
2-4-8,5,2,0.0,0,sim
2-4-9,5,2,0.0,0,sim
2-4-10,5,2,0.0,0,sim
2-4-11,5,2,0.0,0,sim
2-4-12,5,2,0.0,0,sim
2-4-13,5,2,0.0,0,sim
2-4-14,5,2,0.0,0,sim
2-4-15,5,2,1.0,0,sim
2-4-16,5,2,0.0,0,sim
2-4-17,5,2,0.0,0,sim
2-4-18,5,2,0.0,0,sim
2-4-19,5,2,0.0,0,sim
2-4-20,5,2,0.0,0,sim
2-4-21,5,2,0.0,0,sim
2-4-22,5,2,0.0,0,sim
2-4-23,5,2,1.0,0,sim
2-4-24,5,2,0.0,0,sim
2-4-25,5,2,1.0,0,sim
2-4-26,5,2,0.0,0,sim
2-4-27,5,2,0.0,0,sim
2-4-28,5,2,0.0,0,sim
2-4-29,5,2,0.0,0,sim
2-4-30,5,2,0.0,0,sim
2-4-31,5,2,0.0,0,sim
2-4-32,5,2,0.0,0,sim
2-4-33,5,2,0.0,0,sim
2-4-34,5,2,0.0,0,sim
2-4-35,5,2,0.0,0,sim
2-4-36,5,2,1.0,0,sim
2-4-37,5,2,0.0,0,sim
2-4-38,5,2,0.0,0,sim
2-4-39,5,2,0.0,0,sim
2-4-40,5,2,0.0,0,sim
2-4-41,5,2,0.0,0,sim
2-4-42,5,2,1.0,0,sim
2-4-43,5,2,,0,sim
2-4-44,5,2,0.0,0,sim
2-4-45,5,2,0.0,0,sim
2-4-46,5,2,,0,sim
2-4-47,5,2,0.0,0,sim
2-4-48,5,2,0.0,0,sim
2-4-49,5,2,0.0,0,sim
2-4-50,5,2,0.0,0,sim
2-4-51,5,2,0.0,0,sim
2-4-52,5,2,1.0,0,sim
2-4-53,5,2,1.0,0,sim
2-4-54,5,2,0.0,0,sim
2-4-55,5,2,0.0,0,sim
2-4-56,5,2,0.0,0,sim
2-4-57,5,2,0.0,0,sim
2-4-58,5,2,1.0,0,sim
2-4-59,5,2,0.0,0,sim
2-4-60,5,2,,0,sim
2-4-61,5,2,1.0,0,sim
2-4-62,5,2,0.0,0,sim
2-4-63,5,2,1.0,0,sim
2-4-64,5,2,0.0,0,sim
2-4-65,5,2,1.0,0,sim
2-4-66,5,2,,0,sim
2-4-67,5,2,0.0,0,sim
2-4-68,5,2,0.0,0,sim
2-4-69,5,2,0.0,0,sim
2-4-70,5,2,1.0,0,sim
2-4-71,5,2,1.0,0,sim
2-4-72,5,2,0.0,0,sim
2-4-73,5,2,0.0,0,sim
2-4-74,5,2,0.0,0,sim
2-4-75,5,2,0.0,0,sim
2-4-76,5,2,0.0,0,sim
2-4-77,5,2,0.0,0,sim
2-4-78,5,2,0.0,0,sim
2-4-79,5,2,0.0,0,sim
2-4-80,5,2,1.0,0,sim
2-4-81,5,2,0.0,0,sim
2-4-82,5,2,0.0,0,sim
2-4-83,5,2,0.0,0,sim
2-4-84,5,2,0.0,0,sim
2-4-85,5,2,1.0,0,sim
2-4-86,5,2,0.0,0,sim
2-4-87,5,2,1.0,0,sim
2-4-88,5,2,0.0,0,sim
2-4-89,5,2,0.0,0,sim
2-4-90,5,2,1.0,0,sim
2-4-91,5,2,0.0,0,sim
2-4-92,5,2,0.0,0,sim
2-4-93,5,2,0.0,0,sim
2-4-94,5,2,0.0,0,sim
2-4-95,5,2,0.0,0,sim
2-4-96,5,2,1.0,0,sim
2-4-97,5,2,1.0,0,sim
2-4-98,5,2,0.0,0,sim
2-4-99,5,2,0.0,1,sim
2-4-100,5,2,1.0,0,sim
2-4-101,5,2,0.0,0,sim
2-4-102,5,2,0.0,0,sim
2-4-103,5,2,0.0,0,sim
2-4-104,5,2,0.0,0,sim
2-4-105,5,2,0.0,0,sim
2-4-106,5,2,0.0,0,sim
2-4-107,5,2,0.0,0,sim
2-4-108,5,2,0.0,0,sim
2-4-109,5,2,,0,sim
2-4-110,5,2,0.0,0,sim
2-4-111,5,2,0.0,0,sim
2-4-112,5,2,0.0,0,sim
2-4-113,5,2,0.0,0,sim
2-4-114,5,2,1.0,0,sim
2-4-115,5,2,0.0,0,sim
2-4-116,5,2,1.0,0,sim
2-4-117,5,2,0.0,0,sim
2-4-118,5,2,0.0,0,sim
2-4-119,5,2,0.0,0,sim
2-4-120,5,2,1.0,0,sim
2-4-121,5,2,0.0,0,sim
2-4-122,5,2,0.0,0,sim
2-4-123,5,2,1.0,0,sim
2-4-124,5,2,1.0,0,sim
2-4-125,5,2,0.0,0,sim
2-4-126,5,2,0.0,0,sim
2-4-127,5,2,1.0,0,sim
2-4-128,5,2,0.0,0,sim
2-4-129,5,2,0.0,0,sim
2-4-130,5,2,0.0,0,sim
2-4-131,5,2,1.0,0,sim
2-4-132,5,2,0.0,0,sim
2-4-133,5,2,0.0,0,sim
2-4-134,5,2,0.0,0,sim
2-4-135,5,2,0.0,0,sim
2-4-136,5,2,0.0,0,sim
2-4-137,5,2,0.0,0,sim
2-4-138,5,2,0.0,0,sim
2-4-139,5,2,0.0,0,sim
2-4-140,5,2,0.0,0,sim
2-4-141,5,2,0.0,0,sim
2-4-142,5,2,0.0,0,sim
2-4-143,5,2,1.0,0,sim
2-4-144,5,2,0.0,0,sim
2-4-145,5,2,0.0,0,sim
2-4-146,5,2,0.0,0,sim
2-4-147,5,2,1.0,0,sim
2-4-148,5,2,0.0,0,sim
2-4-149,5,2,0.0,1,sim
2-4-150,5,2,0.0,0,sim
2-4-151,5,2,1.0,0,sim
2-4-152,5,2,0.0,1,sim
2-4-153,5,2,0.0,0,sim
2-4-154,5,2,0.0,0,sim
2-4-155,5,2,0.0,0,sim
2-4-156,5,2,0.0,0,sim
2-4-157,5,2,1.0,0,sim
2-4-158,5,2,1.0,0,sim
2-4-159,5,2,0.0,0,sim
2-4-160,5,2,0.0,0,sim
2-4-161,5,2,0.0,0,sim
2-4-162,5,2,1.0,1,sim
2-4-163,5,2,0.0,0,sim
2-4-164,5,2,1.0,0,sim
2-4-165,5,2,0.0,0,sim
2-4-166,5,2,0.0,0,sim
2-4-167,5,2,0.0,0,sim
2-4-168,5,2,0.0,0,sim
2-4-169,5,2,1.0,0,sim
2-4-170,5,2,0.0,0,sim
2-4-171,5,2,0.0,0,sim
2-4-172,5,2,0.0,0,sim
2-4-173,5,2,0.0,0,sim
2-4-174,5,2,0.0,0,sim
2-4-175,5,2,0.0,0,sim
2-4-176,5,2,0.0,0,sim
2-4-177,5,2,0.0,0,sim
2-4-178,5,2,0.0,0,sim
2-4-179,5,2,0.0,0,sim
2-4-180,5,2,0.0,0,sim
2-4-181,5,2,1.0,0,sim
2-4-182,5,2,0.0,0,sim
2-4-183,5,2,0.0,0,sim
2-4-184,5,2,0.0,0,sim
2-4-185,5,2,0.0,0,sim
2-4-186,5,2,0.0,0,sim
2-4-187,5,2,0.0,0,sim
2-4-188,5,2,0.0,0,sim
2-4-189,5,2,0.0,0,sim
2-4-190,5,2,0.0,0,sim
2-4-191,5,2,0.0,0,sim
2-4-192,5,2,0.0,0,sim
2-4-193,5,2,1.0,0,sim
2-4-194,5,2,0.0,0,sim
2-4-195,5,2,0.0,0,sim
2-4-196,5,2,0.0,0,sim
2-4-197,5,2,0.0,0,sim
2-4-198,5,2,0.0,0,sim
2-4-199,5,2,0.0,0,sim
2-4-200,5,2,0.0,0,sim
2-4-201,5,2,0.0,0,sim
2-4-202,5,2,0.0,0,sim
2-4-203,5,2,0.0,0,sim
2-4-204,5,2,0.0,0,sim
2-4-205,5,2,0.0,0,sim
2-4-206,5,2,0.0,0,sim
2-4-207,5,2,0.0,0,sim
2-4-208,5,2,0.0,0,sim
2-4-209,5,2,1.0,0,sim
2-4-210,5,2,1.0,0,sim
2-4-211,5,2,0.0,0,sim
2-4-212,5,2,1.0,0,sim
2-4-213,5,2,0.0,0,sim
2-4-214,5,2,0.0,0,sim
2-4-215,5,2,1.0,0,sim
2-4-216,5,2,0.0,0,sim
2-4-217,5,2,0.0,0,sim
2-4-218,5,2,0.0,0,sim
2-4-219,5,2,0.0,1,sim
2-4-220,5,2,0.0,0,sim
2-4-221,5,2,0.0,0,sim
2-4-222,5,2,0.0,0,sim
2-4-223,5,2,1.0,0,sim
2-4-224,5,2,0.0,0,sim
2-4-225,5,2,1.0,0,sim
2-4-226,5,2,0.0,0,sim
2-4-227,5,2,0.0,0,sim
2-4-228,5,2,0.0,0,sim
2-4-229,5,2,0.0,0,sim
2-4-230,5,2,1.0,0,sim
2-4-231,5,2,1.0,0,sim
2-4-232,5,2,0.0,0,sim
2-4-233,5,2,0.0,0,sim
2-4-234,5,2,1.0,0,sim
2-4-235,5,2,0.0,0,sim
2-4-236,5,2,0.0,0,sim
2-4-237,5,2,1.0,0,sim
2-4-238,5,2,0.0,0,sim
2-4-239,5,2,0.0,0,sim
2-5-0,6,2,0.0,0,sim
2-5-1,6,2,0.0,0,sim
2-5-2,6,2,0.0,0,sim
2-5-3,6,2,0.0,0,sim
2-5-4,6,2,1.0,0,sim
2-5-5,6,2,0.0,0,sim
2-5-6,6,2,0.0,0,sim
2-5-7,6,2,1.0,1,sim
2-5-8,6,2,1.0,0,sim
2-5-9,6,2,0.0,0,sim
2-5-10,6,2,1.0,1,sim
2-5-11,6,2,0.0,0,sim
2-5-12,6,2,0.0,0,sim
2-5-13,6,2,0.0,0,sim
2-5-14,6,2,0.0,0,sim
2-5-15,6,2,0.0,0,sim
2-5-16,6,2,1.0,0,sim
2-5-17,6,2,0.0,0,sim
2-5-18,6,2,0.0,0,sim
2-5-19,6,2,,0,sim
2-5-20,6,2,0.0,0,sim
2-5-21,6,2,0.0,0,sim
2-5-22,6,2,0.0,0,sim
2-5-23,6,2,0.0,1,sim
2-5-24,6,2,0.0,1,sim
2-5-25,6,2,0.0,0,sim
2-5-26,6,2,0.0,0,sim
2-5-27,6,2,0.0,0,sim
2-5-28,6,2,0.0,0,sim
2-5-29,6,2,0.0,0,sim
2-5-30,6,2,0.0,0,sim
2-5-31,6,2,0.0,0,sim
2-5-32,6,2,0.0,0,sim
2-5-33,6,2,0.0,0,sim
2-5-34,6,2,0.0,0,sim
2-5-35,6,2,0.0,0,sim
2-5-36,6,2,1.0,0,sim
2-5-37,6,2,0.0,0,sim
2-5-38,6,2,0.0,0,sim
2-5-39,6,2,0.0,0,sim
2-5-40,6,2,0.0,0,sim
2-5-41,6,2,1.0,0,sim
2-5-42,6,2,0.0,0,sim
2-5-43,6,2,0.0,0,sim
2-5-44,6,2,0.0,0,sim
2-5-45,6,2,0.0,0,sim
2-5-46,6,2,0.0,0,sim
2-5-47,6,2,1.0,0,sim
2-5-48,6,2,0.0,0,sim
2-5-49,6,2,0.0,0,sim
2-5-50,6,2,1.0,0,sim
2-5-51,6,2,1.0,0,sim
2-5-52,6,2,0.0,0,sim
2-5-53,6,2,0.0,0,sim
2-5-54,6,2,0.0,0,sim
2-5-55,6,2,1.0,0,sim
2-5-56,6,2,1.0,0,sim
2-5-57,6,2,0.0,0,sim
2-5-58,6,2,1.0,0,sim
2-5-59,6,2,0.0,0,sim
2-5-60,6,2,0.0,0,sim
2-5-61,6,2,0.0,0,sim
2-5-62,6,2,0.0,0,sim
2-5-63,6,2,1.0,0,sim
2-5-64,6,2,0.0,0,sim
2-5-65,6,2,0.0,0,sim
2-5-66,6,2,0.0,0,sim
2-5-67,6,2,0.0,0,sim
2-5-68,6,2,0.0,0,sim
2-5-69,6,2,0.0,0,sim
2-5-70,6,2,1.0,0,sim
2-5-71,6,2,0.0,0,sim
2-5-72,6,2,0.0,0,sim
2-5-73,6,2,0.0,0,sim
2-5-74,6,2,1.0,0,sim
2-5-75,6,2,0.0,0,sim
2-5-76,6,2,0.0,0,sim
2-5-77,6,2,1.0,0,sim
2-5-78,6,2,0.0,0,sim
2-5-79,6,2,0.0,0,sim
2-5-80,6,2,0.0,0,sim
2-5-81,6,2,1.0,0,sim
2-5-82,6,2,1.0,0,sim
2-5-83,6,2,0.0,0,sim
2-5-84,6,2,0.0,0,sim
2-5-85,6,2,0.0,0,sim
2-5-86,6,2,1.0,0,sim
2-5-87,6,2,0.0,0,sim
2-5-88,6,2,0.0,0,sim
2-5-89,6,2,0.0,0,sim
2-5-90,6,2,0.0,0,sim
2-5-91,6,2,0.0,0,sim
2-5-92,6,2,0.0,0,sim
2-5-93,6,2,0.0,0,sim
2-5-94,6,2,0.0,0,sim
2-5-95,6,2,1.0,0,sim
2-5-96,6,2,0.0,0,sim
2-5-97,6,2,0.0,0,sim
2-5-98,6,2,0.0,0,sim
2-5-99,6,2,1.0,0,sim
2-5-100,6,2,0.0,1,sim
2-5-101,6,2,1.0,0,sim
2-5-102,6,2,0.0,0,sim
2-5-103,6,2,0.0,0,sim
2-5-104,6,2,1.0,0,sim
2-5-105,6,2,0.0,0,sim
2-5-106,6,2,1.0,0,sim
2-5-107,6,2,0.0,0,sim
2-5-108,6,2,0.0,0,sim
2-5-109,6,2,0.0,0,sim
2-5-110,6,2,0.0,0,sim
2-5-111,6,2,1.0,0,sim
2-5-112,6,2,0.0,0,sim
2-5-113,6,2,0.0,0,sim
2-5-114,6,2,0.0,0,sim
2-5-115,6,2,1.0,0,sim
2-5-116,6,2,,0,sim
2-5-117,6,2,0.0,0,sim
2-5-118,6,2,1.0,0,sim
2-5-119,6,2,0.0,0,sim
2-5-120,6,2,0.0,0,sim
2-5-121,6,2,0.0,0,sim
2-5-122,6,2,1.0,0,sim
2-5-123,6,2,0.0,0,sim
2-5-124,6,2,0.0,0,sim
2-5-125,6,2,1.0,0,sim
2-5-126,6,2,0.0,0,sim
2-5-127,6,2,0.0,0,sim
2-5-128,6,2,0.0,0,sim
2-5-129,6,2,0.0,0,sim
2-5-130,6,2,0.0,0,sim
2-5-131,6,2,1.0,0,sim
2-5-132,6,2,1.0,0,sim
2-5-133,6,2,1.0,0,sim
2-5-134,6,2,0.0,0,sim
2-5-135,6,2,0.0,0,sim
2-5-136,6,2,0.0,0,sim
2-5-137,6,2,1.0,0,sim
2-5-138,6,2,0.0,0,sim
2-5-139,6,2,0.0,0,sim
2-5-140,6,2,1.0,0,sim
2-5-141,6,2,0.0,0,sim
2-5-142,6,2,0.0,0,sim
2-5-143,6,2,1.0,0,sim
2-5-144,6,2,1.0,0,sim
2-5-145,6,2,0.0,0,sim
2-5-146,6,2,,0,sim
2-5-147,6,2,0.0,0,sim
2-5-148,6,2,0.0,0,sim
2-5-149,6,2,0.0,0,sim
2-5-150,6,2,1.0,0,sim
2-5-151,6,2,0.0,0,sim
2-5-152,6,2,1.0,0,sim
2-5-153,6,2,0.0,0,sim
2-5-154,6,2,1.0,0,sim
2-5-155,6,2,0.0,0,sim
2-5-156,6,2,0.0,0,sim
2-5-157,6,2,1.0,0,sim
2-5-158,6,2,0.0,0,sim
2-5-159,6,2,0.0,0,sim
2-5-160,6,2,1.0,0,sim
2-5-161,6,2,0.0,0,sim
2-5-162,6,2,1.0,0,sim
2-5-163,6,2,0.0,0,sim
2-5-164,6,2,0.0,0,sim
2-5-165,6,2,,0,sim
2-5-166,6,2,0.0,0,sim
2-5-167,6,2,0.0,0,sim
2-5-168,6,2,0.0,0,sim
2-5-169,6,2,0.0,0,sim
2-5-170,6,2,0.0,0,sim
2-5-171,6,2,0.0,0,sim
2-5-172,6,2,1.0,0,sim
2-5-173,6,2,0.0,0,sim
2-5-174,6,2,0.0,0,sim
2-5-175,6,2,0.0,0,sim
2-5-176,6,2,0.0,0,sim
2-5-177,6,2,0.0,0,sim
2-5-178,6,2,0.0,0,sim
2-5-179,6,2,0.0,0,sim
2-5-180,6,2,1.0,0,sim
2-5-181,6,2,,0,sim
2-5-182,6,2,0.0,0,sim
2-5-183,6,2,0.0,0,sim
2-5-184,6,2,0.0,0,sim
2-5-185,6,2,0.0,0,sim
2-5-186,6,2,0.0,0,sim
2-5-187,6,2,0.0,0,sim
2-5-188,6,2,0.0,0,sim
2-5-189,6,2,,0,sim
2-5-190,6,2,0.0,0,sim
2-5-191,6,2,0.0,0,sim
2-5-192,6,2,0.0,0,sim
2-5-193,6,2,1.0,0,sim
2-5-194,6,2,0.0,0,sim
2-5-195,6,2,0.0,0,sim
2-5-196,6,2,0.0,0,sim
2-5-197,6,2,1.0,0,sim
2-5-198,6,2,0.0,0,sim
2-5-199,6,2,0.0,0,sim
2-5-200,6,2,1.0,0,sim
2-5-201,6,2,1.0,0,sim
2-5-202,6,2,1.0,0,sim
2-5-203,6,2,0.0,0,sim
2-5-204,6,2,0.0,0,sim
2-5-205,6,2,1.0,0,sim
2-5-206,6,2,0.0,0,sim
2-5-207,6,2,1.0,0,sim
2-5-208,6,2,0.0,0,sim
2-5-209,6,2,0.0,0,sim
2-5-210,6,2,1.0,0,sim
2-5-211,6,2,0.0,0,sim
2-5-212,6,2,1.0,0,sim
2-5-213,6,2,0.0,0,sim
2-5-214,6,2,0.0,0,sim
2-5-215,6,2,0.0,0,sim
2-5-216,6,2,0.0,0,sim
2-5-217,6,2,0.0,0,sim
2-5-218,6,2,0.0,0,sim
2-5-219,6,2,0.0,0,sim
2-5-220,6,2,0.0,0,sim
2-5-221,6,2,0.0,0,sim
2-5-222,6,2,1.0,0,sim
2-5-223,6,2,0.0,1,sim
2-5-224,6,2,0.0,0,sim
2-5-225,6,2,1.0,0,sim
2-5-226,6,2,0.0,0,sim
2-5-227,6,2,0.0,0,sim
2-5-228,6,2,0.0,0,sim
2-5-229,6,2,1.0,0,sim
2-5-230,6,2,0.0,0,sim
2-5-231,6,2,1.0,0,sim
2-5-232,6,2,0.0,0,sim
2-5-233,6,2,0.0,0,sim
2-5-234,6,2,1.0,0,sim
2-5-235,6,2,0.0,0,sim
2-5-236,6,2,0.0,1,sim
2-5-237,6,2,0.0,0,sim
2-5-238,6,2,1.0,0,sim
2-5-239,6,2,0.0,0,sim
2-6-0,7,2,0.0,0,sim
2-6-1,7,2,1.0,0,sim
2-6-2,7,2,1.0,0,sim
2-6-3,7,2,0.0,0,sim
2-6-4,7,2,,0,sim
2-6-5,7,2,1.0,0,sim
2-6-6,7,2,0.0,0,sim
2-6-7,7,2,0.0,0,sim
2-6-8,7,2,1.0,0,sim
2-6-9,7,2,0.0,0,sim
2-6-10,7,2,0.0,0,sim
2-6-11,7,2,0.0,0,sim
2-6-12,7,2,1.0,0,sim
2-6-13,7,2,0.0,0,sim
2-6-14,7,2,0.0,0,sim
2-6-15,7,2,0.0,0,sim
2-6-16,7,2,0.0,0,sim
2-6-17,7,2,0.0,0,sim
2-6-18,7,2,0.0,0,sim
2-6-19,7,2,0.0,0,sim
2-6-20,7,2,0.0,0,sim
2-6-21,7,2,1.0,0,sim
2-6-22,7,2,0.0,0,sim
2-6-23,7,2,0.0,0,sim
2-6-24,7,2,0.0,0,sim
2-6-25,7,2,0.0,0,sim
2-6-26,7,2,1.0,0,sim
2-6-27,7,2,0.0,0,sim
2-6-28,7,2,0.0,0,sim
2-6-29,7,2,0.0,0,sim
2-6-30,7,2,1.0,0,sim
2-6-31,7,2,0.0,0,sim
2-6-32,7,2,0.0,0,sim
2-6-33,7,2,0.0,0,sim
2-6-34,7,2,0.0,0,sim
2-6-35,7,2,0.0,0,sim
2-6-36,7,2,0.0,0,sim
2-6-37,7,2,0.0,0,sim
2-6-38,7,2,0.0,0,sim
2-6-39,7,2,1.0,0,sim
2-6-40,7,2,1.0,0,sim
2-6-41,7,2,0.0,0,sim
2-6-42,7,2,0.0,0,sim
2-6-43,7,2,0.0,0,sim
2-6-44,7,2,0.0,0,sim
2-6-45,7,2,1.0,0,sim
2-6-46,7,2,0.0,0,sim
2-6-47,7,2,0.0,0,sim
2-6-48,7,2,0.0,0,sim
2-6-49,7,2,0.0,0,sim
2-6-50,7,2,1.0,0,sim
2-6-51,7,2,0.0,0,sim
2-6-52,7,2,0.0,1,sim
2-6-53,7,2,0.0,0,sim
2-6-54,7,2,1.0,0,sim
2-6-55,7,2,1.0,0,sim
2-6-56,7,2,0.0,0,sim
2-6-57,7,2,0.0,0,sim
2-6-58,7,2,,0,sim
2-6-59,7,2,0.0,0,sim
2-6-60,7,2,1.0,0,sim
2-6-61,7,2,0.0,0,sim
2-6-62,7,2,0.0,0,sim
2-6-63,7,2,0.0,0,sim
2-6-64,7,2,0.0,0,sim
2-6-65,7,2,1.0,0,sim
2-6-66,7,2,1.0,0,sim
2-6-67,7,2,0.0,0,sim
2-6-68,7,2,0.0,0,sim
2-6-69,7,2,1.0,1,sim
2-6-70,7,2,0.0,0,sim
2-6-71,7,2,0.0,0,sim
2-6-72,7,2,0.0,0,sim
2-6-73,7,2,0.0,0,sim
2-6-74,7,2,0.0,0,sim
2-6-75,7,2,0.0,0,sim
2-6-76,7,2,0.0,0,sim
2-6-77,7,2,0.0,0,sim
2-6-78,7,2,0.0,0,sim
2-6-79,7,2,1.0,0,sim
2-6-80,7,2,0.0,0,sim
2-6-81,7,2,0.0,0,sim
2-6-82,7,2,0.0,0,sim
2-6-83,7,2,0.0,0,sim
2-6-84,7,2,0.0,0,sim
2-6-85,7,2,0.0,0,sim
2-6-86,7,2,0.0,0,sim
2-6-87,7,2,0.0,0,sim
2-6-88,7,2,0.0,0,sim
2-6-89,7,2,0.0,0,sim
2-6-90,7,2,0.0,0,sim
2-6-91,7,2,0.0,0,sim
2-6-92,7,2,0.0,0,sim
2-6-93,7,2,0.0,0,sim
2-6-94,7,2,0.0,0,sim
2-6-95,7,2,0.0,0,sim
2-6-96,7,2,0.0,0,sim
2-6-97,7,2,0.0,0,sim
2-6-98,7,2,0.0,0,sim
2-6-99,7,2,0.0,0,sim
2-6-100,7,2,0.0,0,sim
2-6-101,7,2,0.0,0,sim
2-6-102,7,2,0.0,0,sim
2-6-103,7,2,0.0,0,sim
2-6-104,7,2,0.0,0,sim
2-6-105,7,2,1.0,0,sim
2-6-106,7,2,1.0,0,sim
2-6-107,7,2,0.0,1,sim
2-6-108,7,2,1.0,0,sim
2-6-109,7,2,0.0,0,sim
2-6-110,7,2,0.0,0,sim
2-6-111,7,2,0.0,0,sim
2-6-112,7,2,0.0,0,sim
2-6-113,7,2,0.0,0,sim
2-6-114,7,2,0.0,0,sim
2-6-115,7,2,0.0,0,sim
2-6-116,7,2,0.0,0,sim
2-6-117,7,2,0.0,0,sim
2-6-118,7,2,1.0,0,sim
2-6-119,7,2,0.0,0,sim
2-6-120,7,2,0.0,0,sim
2-6-121,7,2,1.0,0,sim
2-6-122,7,2,0.0,0,sim
2-6-123,7,2,0.0,0,sim
2-6-124,7,2,0.0,0,sim
2-6-125,7,2,1.0,0,sim
2-6-126,7,2,1.0,0,sim
2-6-127,7,2,0.0,0,sim
2-6-128,7,2,1.0,0,sim
2-6-129,7,2,0.0,0,sim
2-6-130,7,2,1.0,0,sim
2-6-131,7,2,0.0,0,sim
2-6-132,7,2,,0,sim
2-6-133,7,2,0.0,0,sim
2-6-134,7,2,0.0,0,sim
2-6-135,7,2,0.0,0,sim
2-6-136,7,2,0.0,0,sim
2-6-137,7,2,1.0,0,sim
2-6-138,7,2,1.0,0,sim
2-6-139,7,2,0.0,0,sim
2-6-140,7,2,0.0,0,sim
2-6-141,7,2,0.0,0,sim
2-6-142,7,2,0.0,1,sim
2-6-143,7,2,0.0,0,sim
2-6-144,7,2,0.0,0,sim
2-6-145,7,2,0.0,0,sim
2-6-146,7,2,0.0,0,sim
2-6-147,7,2,0.0,0,sim
2-6-148,7,2,1.0,0,sim
2-6-149,7,2,0.0,0,sim
2-6-150,7,2,0.0,0,sim
2-6-151,7,2,0.0,0,sim
2-6-152,7,2,0.0,0,sim
2-6-153,7,2,1.0,0,sim
2-6-154,7,2,0.0,0,sim
2-6-155,7,2,0.0,1,sim
2-6-156,7,2,0.0,0,sim
2-6-157,7,2,0.0,0,sim
2-6-158,7,2,0.0,1,sim
2-6-159,7,2,1.0,0,sim
2-6-160,7,2,0.0,0,sim
2-6-161,7,2,0.0,0,sim
2-6-162,7,2,0.0,0,sim
2-6-163,7,2,0.0,0,sim
2-6-164,7,2,0.0,0,sim
2-6-165,7,2,0.0,1,sim
2-6-166,7,2,0.0,0,sim
2-6-167,7,2,0.0,0,sim
2-6-168,7,2,,0,sim
2-6-169,7,2,,0,sim
2-6-170,7,2,1.0,0,sim
2-6-171,7,2,0.0,0,sim
2-6-172,7,2,1.0,0,sim
2-6-173,7,2,1.0,0,sim
2-6-174,7,2,0.0,0,sim
2-6-175,7,2,1.0,0,sim
2-6-176,7,2,0.0,0,sim
2-6-177,7,2,0.0,0,sim
2-6-178,7,2,1.0,0,sim
2-6-179,7,2,0.0,0,sim
2-6-180,7,2,1.0,0,sim
2-6-181,7,2,0.0,0,sim
2-6-182,7,2,0.0,0,sim
2-6-183,7,2,0.0,0,sim
2-6-184,7,2,0.0,0,sim
2-6-185,7,2,0.0,0,sim
2-6-186,7,2,0.0,0,sim
2-6-187,7,2,0.0,0,sim
2-6-188,7,2,0.0,0,sim
2-6-189,7,2,1.0,0,sim
2-6-190,7,2,1.0,0,sim
2-6-191,7,2,0.0,0,sim
2-6-192,7,2,0.0,0,sim
2-6-193,7,2,0.0,0,sim
2-6-194,7,2,0.0,0,sim
2-6-195,7,2,1.0,0,sim
2-6-196,7,2,0.0,0,sim
2-6-197,7,2,1.0,0,sim
2-6-198,7,2,0.0,0,sim
2-6-199,7,2,0.0,0,sim
2-6-200,7,2,0.0,0,sim
2-6-201,7,2,0.0,0,sim
2-6-202,7,2,0.0,0,sim
2-6-203,7,2,0.0,0,sim
2-6-204,7,2,1.0,0,sim
2-6-205,7,2,0.0,0,sim
2-6-206,7,2,0.0,0,sim
2-6-207,7,2,1.0,0,sim
2-6-208,7,2,0.0,0,sim
2-6-209,7,2,1.0,0,sim
2-6-210,7,2,0.0,0,sim
2-6-211,7,2,0.0,0,sim
2-6-212,7,2,0.0,0,sim
2-6-213,7,2,1.0,0,sim
2-6-214,7,2,0.0,0,sim
2-6-215,7,2,0.0,0,sim
2-6-216,7,2,0.0,0,sim
2-6-217,7,2,0.0,0,sim
2-6-218,7,2,0.0,0,sim
2-6-219,7,2,0.0,0,sim
2-6-220,7,2,0.0,0,sim
2-6-221,7,2,1.0,0,sim
2-6-222,7,2,0.0,0,sim
2-6-223,7,2,0.0,0,sim
2-6-224,7,2,0.0,0,sim
2-6-225,7,2,0.0,0,sim
2-6-226,7,2,0.0,0,sim
2-6-227,7,2,0.0,0,sim
2-6-228,7,2,1.0,0,sim
2-6-229,7,2,1.0,0,sim
2-6-230,7,2,0.0,0,sim
2-6-231,7,2,,0,sim
2-6-232,7,2,0.0,0,sim
2-6-233,7,2,0.0,0,sim
2-6-234,7,2,0.0,0,sim
2-6-235,7,2,0.0,0,sim
2-6-236,7,2,0.0,0,sim
2-6-237,7,2,1.0,0,sim
2-6-238,7,2,1.0,0,sim
2-6-239,7,2,0.0,0,sim
2-7-0,8,2,0.0,0,sim
2-7-1,8,2,0.0,0,sim
2-7-2,8,2,0.0,0,sim
2-7-3,8,2,0.0,0,sim
2-7-4,8,2,1.0,0,sim
2-7-5,8,2,0.0,0,sim
2-7-6,8,2,0.0,0,sim
2-7-7,8,2,0.0,0,sim
2-7-8,8,2,1.0,0,sim
2-7-9,8,2,0.0,0,sim
2-7-10,8,2,0.0,0,sim
2-7-11,8,2,1.0,0,sim
2-7-12,8,2,1.0,0,sim
2-7-13,8,2,1.0,0,sim
2-7-14,8,2,0.0,0,sim
2-7-15,8,2,1.0,0,sim
2-7-16,8,2,0.0,0,sim
2-7-17,8,2,0.0,0,sim
2-7-18,8,2,0.0,0,sim
2-7-19,8,2,1.0,0,sim
2-7-20,8,2,1.0,0,sim
2-7-21,8,2,0.0,0,sim
2-7-22,8,2,0.0,0,sim
2-7-23,8,2,1.0,0,sim
2-7-24,8,2,1.0,0,sim
2-7-25,8,2,0.0,0,sim
2-7-26,8,2,,0,sim
2-7-27,8,2,,0,sim
2-7-28,8,2,0.0,0,sim
2-7-29,8,2,0.0,0,sim
2-7-30,8,2,0.0,0,sim
2-7-31,8,2,0.0,0,sim
2-7-32,8,2,,0,sim
2-7-33,8,2,0.0,0,sim
2-7-34,8,2,0.0,0,sim
2-7-35,8,2,1.0,0,sim
2-7-36,8,2,0.0,0,sim
2-7-37,8,2,1.0,0,sim
2-7-38,8,2,0.0,0,sim
2-7-39,8,2,0.0,0,sim
2-7-40,8,2,0.0,0,sim
2-7-41,8,2,0.0,0,sim
2-7-42,8,2,0.0,0,sim
2-7-43,8,2,0.0,0,sim
2-7-44,8,2,0.0,0,sim
2-7-45,8,2,0.0,0,sim
2-7-46,8,2,0.0,0,sim
2-7-47,8,2,1.0,0,sim
2-7-48,8,2,0.0,0,sim
2-7-49,8,2,1.0,0,sim
2-7-50,8,2,1.0,0,sim
2-7-51,8,2,0.0,0,sim
2-7-52,8,2,1.0,0,sim
2-7-53,8,2,1.0,0,sim
2-7-54,8,2,0.0,0,sim
2-7-55,8,2,0.0,0,sim
2-7-56,8,2,0.0,0,sim
2-7-57,8,2,0.0,0,sim
2-7-58,8,2,1.0,0,sim
2-7-59,8,2,0.0,0,sim
2-7-60,8,2,0.0,0,sim
2-7-61,8,2,0.0,0,sim
2-7-62,8,2,1.0,0,sim
2-7-63,8,2,1.0,0,sim
2-7-64,8,2,0.0,0,sim
2-7-65,8,2,0.0,0,sim
2-7-66,8,2,0.0,0,sim
2-7-67,8,2,1.0,0,sim
2-7-68,8,2,0.0,0,sim
2-7-69,8,2,0.0,0,sim
2-7-70,8,2,0.0,0,sim
2-7-71,8,2,0.0,0,sim
2-7-72,8,2,0.0,0,sim
2-7-73,8,2,0.0,0,sim
2-7-74,8,2,1.0,0,sim
2-7-75,8,2,0.0,0,sim
2-7-76,8,2,1.0,0,sim
2-7-77,8,2,1.0,0,sim
2-7-78,8,2,1.0,0,sim
2-7-79,8,2,0.0,0,sim
2-7-80,8,2,0.0,0,sim
2-7-81,8,2,0.0,0,sim
2-7-82,8,2,0.0,0,sim
2-7-83,8,2,0.0,0,sim
2-7-84,8,2,0.0,0,sim
2-7-85,8,2,0.0,0,sim
2-7-86,8,2,0.0,0,sim
2-7-87,8,2,0.0,0,sim
2-7-88,8,2,0.0,0,sim
2-7-89,8,2,0.0,0,sim
2-7-90,8,2,0.0,0,sim
2-7-91,8,2,0.0,0,sim
2-7-92,8,2,1.0,0,sim
2-7-93,8,2,0.0,0,sim
2-7-94,8,2,0.0,0,sim
2-7-95,8,2,0.0,0,sim
2-7-96,8,2,0.0,0,sim
2-7-97,8,2,0.0,0,sim
2-7-98,8,2,0.0,0,sim
2-7-99,8,2,1.0,0,sim
2-7-100,8,2,0.0,0,sim
2-7-101,8,2,1.0,0,sim
2-7-102,8,2,0.0,0,sim
2-7-103,8,2,0.0,0,sim
2-7-104,8,2,0.0,0,sim
2-7-105,8,2,1.0,0,sim
2-7-106,8,2,0.0,0,sim
2-7-107,8,2,0.0,0,sim
2-7-108,8,2,0.0,0,sim
2-7-109,8,2,0.0,0,sim
2-7-110,8,2,0.0,0,sim
2-7-111,8,2,0.0,0,sim
2-7-112,8,2,0.0,0,sim
2-7-113,8,2,0.0,0,sim
2-7-114,8,2,0.0,0,sim
2-7-115,8,2,0.0,0,sim
2-7-116,8,2,0.0,0,sim
2-7-117,8,2,0.0,0,sim
2-7-118,8,2,0.0,0,sim
2-7-119,8,2,1.0,0,sim
2-7-120,8,2,1.0,0,sim
2-7-121,8,2,1.0,0,sim
2-7-122,8,2,1.0,0,sim
2-7-123,8,2,0.0,0,sim
2-7-124,8,2,0.0,0,sim
2-7-125,8,2,0.0,0,sim
2-7-126,8,2,0.0,0,sim
2-7-127,8,2,1.0,0,sim
2-7-128,8,2,0.0,0,sim
2-7-129,8,2,0.0,0,sim
2-7-130,8,2,0.0,0,sim
2-7-131,8,2,0.0,0,sim
2-7-132,8,2,0.0,0,sim
2-7-133,8,2,0.0,0,sim
2-7-134,8,2,0.0,0,sim
2-7-135,8,2,0.0,0,sim
2-7-136,8,2,0.0,0,sim
2-7-137,8,2,0.0,0,sim
2-7-138,8,2,1.0,0,sim
2-7-139,8,2,0.0,1,sim
2-7-140,8,2,0.0,0,sim
2-7-141,8,2,1.0,0,sim
2-7-142,8,2,0.0,0,sim
2-7-143,8,2,0.0,0,sim
2-7-144,8,2,1.0,0,sim
2-7-145,8,2,0.0,0,sim
2-7-146,8,2,0.0,0,sim
2-7-147,8,2,,0,sim
2-7-148,8,2,0.0,0,sim
2-7-149,8,2,1.0,0,sim
2-7-150,8,2,0.0,0,sim
2-7-151,8,2,0.0,0,sim
2-7-152,8,2,0.0,0,sim
2-7-153,8,2,0.0,0,sim
2-7-154,8,2,0.0,0,sim
2-7-155,8,2,0.0,0,sim
2-7-156,8,2,1.0,0,sim
2-7-157,8,2,0.0,0,sim
2-7-158,8,2,0.0,0,sim
2-7-159,8,2,0.0,0,sim
2-7-160,8,2,1.0,0,sim
2-7-161,8,2,0.0,0,sim
2-7-162,8,2,1.0,0,sim
2-7-163,8,2,0.0,0,sim
2-7-164,8,2,0.0,0,sim
2-7-165,8,2,1.0,0,sim
2-7-166,8,2,1.0,0,sim
2-7-167,8,2,0.0,0,sim
2-7-168,8,2,0.0,0,sim
2-7-169,8,2,1.0,0,sim
2-7-170,8,2,0.0,0,sim
2-7-171,8,2,0.0,0,sim
2-7-172,8,2,0.0,0,sim
2-7-173,8,2,0.0,0,sim
2-7-174,8,2,0.0,0,sim
2-7-175,8,2,0.0,0,sim
2-7-176,8,2,0.0,0,sim
2-7-177,8,2,1.0,0,sim
2-7-178,8,2,0.0,0,sim
2-7-179,8,2,1.0,0,sim
2-7-180,8,2,0.0,0,sim
2-7-181,8,2,0.0,0,sim
2-7-182,8,2,1.0,0,sim
2-7-183,8,2,0.0,0,sim
2-7-184,8,2,0.0,0,sim
2-7-185,8,2,1.0,0,sim
2-7-186,8,2,1.0,0,sim
2-7-187,8,2,0.0,0,sim
2-7-188,8,2,0.0,0,sim
2-7-189,8,2,0.0,0,sim
2-7-190,8,2,0.0,0,sim
2-7-191,8,2,1.0,0,sim
2-7-192,8,2,0.0,0,sim
2-7-193,8,2,0.0,0,sim
2-7-194,8,2,1.0,1,sim
2-7-195,8,2,0.0,0,sim
2-7-196,8,2,0.0,0,sim
2-7-197,8,2,0.0,0,sim
2-7-198,8,2,0.0,0,sim
2-7-199,8,2,0.0,0,sim
2-7-200,8,2,0.0,0,sim
2-7-201,8,2,0.0,1,sim
2-7-202,8,2,1.0,0,sim
2-7-203,8,2,0.0,0,sim
2-7-204,8,2,0.0,0,sim
2-7-205,8,2,0.0,0,sim
2-7-206,8,2,1.0,0,sim
2-7-207,8,2,0.0,0,sim
2-7-208,8,2,0.0,0,sim
2-7-209,8,2,1.0,0,sim
2-7-210,8,2,1.0,0,sim
2-7-211,8,2,0.0,0,sim
2-7-212,8,2,0.0,0,sim
2-7-213,8,2,0.0,0,sim
2-7-214,8,2,0.0,0,sim
2-7-215,8,2,1.0,0,sim
2-7-216,8,2,1.0,0,sim
2-7-217,8,2,0.0,0,sim
2-7-218,8,2,0.0,0,sim
2-7-219,8,2,0.0,0,sim
2-7-220,8,2,0.0,0,sim
2-7-221,8,2,1.0,0,sim
2-7-222,8,2,0.0,0,sim
2-7-223,8,2,0.0,0,sim
2-7-224,8,2,1.0,0,sim
2-7-225,8,2,0.0,0,sim
2-7-226,8,2,0.0,1,sim
2-7-227,8,2,0.0,0,sim
2-7-228,8,2,0.0,0,sim
2-7-229,8,2,0.0,0,sim
2-7-230,8,2,0.0,0,sim
2-7-231,8,2,0.0,0,sim
2-7-232,8,2,1.0,0,sim
2-7-233,8,2,1.0,0,sim
2-7-234,8,2,0.0,0,sim
2-7-235,8,2,1.0,0,sim
2-7-236,8,2,0.0,0,sim
2-7-237,8,2,1.0,0,sim
2-7-238,8,2,0.0,0,sim
2-7-239,8,2,0.0,0,sim
2-8-0,9,2,0.0,0,sim
2-8-1,9,2,0.0,0,sim
2-8-2,9,2,0.0,0,sim
2-8-3,9,2,0.0,1,sim
2-8-4,9,2,0.0,0,sim
2-8-5,9,2,0.0,0,sim
2-8-6,9,2,0.0,0,sim
2-8-7,9,2,1.0,0,sim
2-8-8,9,2,0.0,0,sim
2-8-9,9,2,1.0,0,sim
2-8-10,9,2,0.0,0,sim
2-8-11,9,2,1.0,0,sim
2-8-12,9,2,0.0,0,sim
2-8-13,9,2,0.0,0,sim
2-8-14,9,2,0.0,0,sim
2-8-15,9,2,0.0,0,sim
2-8-16,9,2,0.0,1,sim
2-8-17,9,2,1.0,0,sim
2-8-18,9,2,1.0,0,sim
2-8-19,9,2,0.0,0,sim
2-8-20,9,2,0.0,0,sim
2-8-21,9,2,0.0,0,sim
2-8-22,9,2,1.0,0,sim
2-8-23,9,2,1.0,1,sim
2-8-24,9,2,0.0,0,sim
2-8-25,9,2,0.0,0,sim
2-8-26,9,2,,0,sim
2-8-27,9,2,,0,sim
2-8-28,9,2,0.0,0,sim
2-8-29,9,2,1.0,0,sim
2-8-30,9,2,0.0,0,sim
2-8-31,9,2,1.0,0,sim
2-8-32,9,2,0.0,0,sim
2-8-33,9,2,0.0,1,sim
2-8-34,9,2,0.0,0,sim
2-8-35,9,2,1.0,0,sim
2-8-36,9,2,0.0,0,sim
2-8-37,9,2,1.0,0,sim
2-8-38,9,2,0.0,0,sim
2-8-39,9,2,1.0,0,sim
2-8-40,9,2,0.0,0,sim
2-8-41,9,2,1.0,0,sim
2-8-42,9,2,0.0,0,sim
2-8-43,9,2,0.0,0,sim
2-8-44,9,2,1.0,0,sim
2-8-45,9,2,0.0,0,sim
2-8-46,9,2,1.0,0,sim
2-8-47,9,2,0.0,0,sim
2-8-48,9,2,,0,sim
2-8-49,9,2,1.0,0,sim
2-8-50,9,2,0.0,0,sim
2-8-51,9,2,1.0,0,sim
2-8-52,9,2,0.0,0,sim
2-8-53,9,2,0.0,0,sim
2-8-54,9,2,0.0,0,sim
2-8-55,9,2,0.0,0,sim
2-8-56,9,2,0.0,0,sim
2-8-57,9,2,0.0,0,sim
2-8-58,9,2,0.0,0,sim
2-8-59,9,2,0.0,0,sim
2-8-60,9,2,0.0,0,sim
2-8-61,9,2,1.0,1,sim
2-8-62,9,2,0.0,0,sim
2-8-63,9,2,0.0,0,sim
2-8-64,9,2,0.0,0,sim
2-8-65,9,2,1.0,0,sim
2-8-66,9,2,0.0,0,sim
2-8-67,9,2,0.0,0,sim
2-8-68,9,2,0.0,0,sim
2-8-69,9,2,0.0,0,sim
2-8-70,9,2,0.0,0,sim
2-8-71,9,2,0.0,0,sim
2-8-72,9,2,0.0,0,sim
2-8-73,9,2,0.0,0,sim
2-8-74,9,2,1.0,0,sim
2-8-75,9,2,0.0,0,sim
2-8-76,9,2,0.0,0,sim
2-8-77,9,2,1.0,0,sim
2-8-78,9,2,0.0,0,sim
2-8-79,9,2,0.0,0,sim
2-8-80,9,2,0.0,0,sim
2-8-81,9,2,1.0,0,sim
2-8-82,9,2,1.0,0,sim
2-8-83,9,2,0.0,0,sim
2-8-84,9,2,0.0,0,sim
2-8-85,9,2,0.0,0,sim
2-8-86,9,2,0.0,0,sim
2-8-87,9,2,0.0,0,sim
2-8-88,9,2,0.0,0,sim
2-8-89,9,2,0.0,0,sim
2-8-90,9,2,0.0,0,sim
2-8-91,9,2,0.0,0,sim
2-8-92,9,2,0.0,0,sim
2-8-93,9,2,0.0,0,sim
2-8-94,9,2,1.0,0,sim
2-8-95,9,2,1.0,0,sim
2-8-96,9,2,0.0,0,sim
2-8-97,9,2,1.0,0,sim
2-8-98,9,2,1.0,0,sim
2-8-99,9,2,0.0,0,sim
2-8-100,9,2,1.0,0,sim
2-8-101,9,2,0.0,0,sim
2-8-102,9,2,0.0,0,sim
2-8-103,9,2,0.0,0,sim
2-8-104,9,2,,0,sim
2-8-105,9,2,0.0,0,sim
2-8-106,9,2,0.0,0,sim
2-8-107,9,2,1.0,0,sim
2-8-108,9,2,0.0,0,sim
2-8-109,9,2,0.0,0,sim
2-8-110,9,2,0.0,0,sim
2-8-111,9,2,0.0,0,sim
2-8-112,9,2,0.0,0,sim
2-8-113,9,2,0.0,0,sim
2-8-114,9,2,0.0,0,sim
2-8-115,9,2,0.0,0,sim
2-8-116,9,2,1.0,0,sim
2-8-117,9,2,0.0,0,sim
2-8-118,9,2,1.0,0,sim
2-8-119,9,2,0.0,0,sim
2-8-120,9,2,0.0,0,sim
2-8-121,9,2,0.0,0,sim
2-8-122,9,2,0.0,0,sim
2-8-123,9,2,0.0,0,sim
2-8-124,9,2,1.0,0,sim
2-8-125,9,2,0.0,0,sim
2-8-126,9,2,0.0,0,sim
2-8-127,9,2,0.0,0,sim
2-8-128,9,2,0.0,0,sim
2-8-129,9,2,0.0,0,sim
2-8-130,9,2,0.0,0,sim
2-8-131,9,2,1.0,0,sim
2-8-132,9,2,0.0,0,sim
2-8-133,9,2,0.0,0,sim
2-8-134,9,2,0.0,0,sim
2-8-135,9,2,1.0,0,sim
2-8-136,9,2,1.0,0,sim
2-8-137,9,2,0.0,0,sim
2-8-138,9,2,0.0,0,sim
2-8-139,9,2,0.0,0,sim
2-8-140,9,2,1.0,0,sim
2-8-141,9,2,0.0,0,sim
2-8-142,9,2,1.0,0,sim
2-8-143,9,2,1.0,0,sim
2-8-144,9,2,0.0,0,sim
2-8-145,9,2,0.0,0,sim
2-8-146,9,2,1.0,0,sim
2-8-147,9,2,0.0,0,sim
2-8-148,9,2,0.0,0,sim
2-8-149,9,2,0.0,0,sim
2-8-150,9,2,0.0,0,sim
2-8-151,9,2,0.0,0,sim
2-8-152,9,2,0.0,0,sim
2-8-153,9,2,0.0,0,sim
2-8-154,9,2,,0,sim
2-8-155,9,2,0.0,0,sim
2-8-156,9,2,0.0,0,sim
2-8-157,9,2,0.0,0,sim
2-8-158,9,2,0.0,0,sim
2-8-159,9,2,0.0,0,sim
2-8-160,9,2,1.0,0,sim
2-8-161,9,2,1.0,0,sim
2-8-162,9,2,0.0,0,sim
2-8-163,9,2,0.0,0,sim
2-8-164,9,2,0.0,0,sim
2-8-165,9,2,0.0,0,sim
2-8-166,9,2,1.0,0,sim
2-8-167,9,2,1.0,0,sim
2-8-168,9,2,0.0,0,sim
2-8-169,9,2,0.0,0,sim
2-8-170,9,2,0.0,0,sim
2-8-171,9,2,0.0,0,sim
2-8-172,9,2,1.0,0,sim
2-8-173,9,2,0.0,0,sim
2-8-174,9,2,,0,sim
2-8-175,9,2,0.0,0,sim
2-8-176,9,2,0.0,0,sim
2-8-177,9,2,0.0,0,sim
2-8-178,9,2,0.0,0,sim
2-8-179,9,2,1.0,0,sim
2-8-180,9,2,0.0,0,sim
2-8-181,9,2,0.0,0,sim
2-8-182,9,2,0.0,0,sim
2-8-183,9,2,0.0,0,sim
2-8-184,9,2,0.0,0,sim
2-8-185,9,2,0.0,0,sim
2-8-186,9,2,1.0,0,sim
2-8-187,9,2,0.0,0,sim
2-8-188,9,2,1.0,0,sim
2-8-189,9,2,0.0,0,sim
2-8-190,9,2,0.0,0,sim
2-8-191,9,2,0.0,0,sim
2-8-192,9,2,0.0,0,sim
2-8-193,9,2,0.0,0,sim
2-8-194,9,2,0.0,0,sim
2-8-195,9,2,0.0,0,sim
2-8-196,9,2,1.0,0,sim
2-8-197,9,2,0.0,0,sim
2-8-198,9,2,0.0,0,sim
2-8-199,9,2,0.0,0,sim
2-8-200,9,2,0.0,0,sim
2-8-201,9,2,0.0,0,sim
2-8-202,9,2,0.0,0,sim
2-8-203,9,2,1.0,0,sim
2-8-204,9,2,0.0,0,sim
2-8-205,9,2,,0,sim
2-8-206,9,2,0.0,0,sim
2-8-207,9,2,0.0,0,sim
2-8-208,9,2,1.0,0,sim
2-8-209,9,2,0.0,0,sim
2-8-210,9,2,0.0,0,sim
2-8-211,9,2,1.0,0,sim
2-8-212,9,2,0.0,0,sim
2-8-213,9,2,1.0,0,sim
2-8-214,9,2,0.0,0,sim
2-8-215,9,2,0.0,0,sim
2-8-216,9,2,1.0,0,sim
2-8-217,9,2,1.0,0,sim
2-8-218,9,2,1.0,0,sim
2-8-219,9,2,0.0,0,sim
2-8-220,9,2,0.0,0,sim
2-8-221,9,2,1.0,0,sim
2-8-222,9,2,0.0,0,sim
2-8-223,9,2,0.0,0,sim
2-8-224,9,2,1.0,0,sim
2-8-225,9,2,0.0,0,sim
2-8-226,9,2,0.0,0,sim
2-8-227,9,2,0.0,0,sim
2-8-228,9,2,0.0,0,sim
2-8-229,9,2,0.0,0,sim
2-8-230,9,2,0.0,0,sim
2-8-231,9,2,0.0,0,sim
2-8-232,9,2,0.0,0,sim
2-8-233,9,2,0.0,0,sim
2-8-234,9,2,0.0,0,sim
2-8-235,9,2,0.0,0,sim
2-8-236,9,2,1.0,0,sim
2-8-237,9,2,1.0,0,sim
2-8-238,9,2,0.0,0,sim
2-8-239,9,2,1.0,0,sim
2-9-0,10,2,0.0,0,sim
2-9-1,10,2,0.0,0,sim
2-9-2,10,2,0.0,0,sim
2-9-3,10,2,0.0,0,sim
2-9-4,10,2,0.0,0,sim
2-9-5,10,2,0.0,0,sim
2-9-6,10,2,1.0,0,sim
2-9-7,10,2,1.0,0,sim
2-9-8,10,2,1.0,0,sim
2-9-9,10,2,1.0,0,sim
2-9-10,10,2,0.0,0,sim
2-9-11,10,2,0.0,0,sim
2-9-12,10,2,0.0,0,sim
2-9-13,10,2,0.0,0,sim
2-9-14,10,2,0.0,0,sim
2-9-15,10,2,0.0,0,sim
2-9-16,10,2,1.0,0,sim
2-9-17,10,2,0.0,0,sim
2-9-18,10,2,0.0,0,sim
2-9-19,10,2,1.0,0,sim
2-9-20,10,2,1.0,0,sim
2-9-21,10,2,1.0,0,sim
2-9-22,10,2,0.0,0,sim
2-9-23,10,2,1.0,0,sim
2-9-24,10,2,0.0,0,sim
2-9-25,10,2,0.0,0,sim
2-9-26,10,2,0.0,0,sim
2-9-27,10,2,0.0,0,sim
2-9-28,10,2,0.0,0,sim
2-9-29,10,2,1.0,0,sim
2-9-30,10,2,1.0,0,sim
2-9-31,10,2,0.0,0,sim
2-9-32,10,2,0.0,0,sim
2-9-33,10,2,0.0,0,sim
2-9-34,10,2,0.0,0,sim
2-9-35,10,2,0.0,0,sim
2-9-36,10,2,0.0,0,sim
2-9-37,10,2,0.0,0,sim
2-9-38,10,2,1.0,0,sim
2-9-39,10,2,0.0,0,sim
2-9-40,10,2,0.0,0,sim
2-9-41,10,2,0.0,0,sim
2-9-42,10,2,0.0,0,sim
2-9-43,10,2,0.0,0,sim
2-9-44,10,2,0.0,0,sim
2-9-45,10,2,0.0,0,sim
2-9-46,10,2,0.0,0,sim
2-9-47,10,2,0.0,0,sim
2-9-48,10,2,0.0,0,sim
2-9-49,10,2,1.0,0,sim
2-9-50,10,2,1.0,0,sim
2-9-51,10,2,0.0,0,sim
2-9-52,10,2,0.0,0,sim
2-9-53,10,2,0.0,0,sim
2-9-54,10,2,1.0,0,sim
2-9-55,10,2,0.0,0,sim
2-9-56,10,2,1.0,0,sim
2-9-57,10,2,0.0,0,sim
2-9-58,10,2,0.0,0,sim
2-9-59,10,2,0.0,0,sim
2-9-60,10,2,0.0,0,sim
2-9-61,10,2,0.0,0,sim
2-9-62,10,2,0.0,0,sim
2-9-63,10,2,0.0,0,sim
2-9-64,10,2,0.0,0,sim
2-9-65,10,2,1.0,0,sim
2-9-66,10,2,0.0,0,sim
2-9-67,10,2,1.0,0,sim
2-9-68,10,2,0.0,0,sim
2-9-69,10,2,0.0,0,sim
2-9-70,10,2,0.0,0,sim
2-9-71,10,2,1.0,0,sim
2-9-72,10,2,0.0,0,sim
2-9-73,10,2,0.0,0,sim
2-9-74,10,2,0.0,0,sim
2-9-75,10,2,0.0,0,sim
2-9-76,10,2,0.0,0,sim
2-9-77,10,2,0.0,0,sim
2-9-78,10,2,0.0,0,sim
2-9-79,10,2,0.0,0,sim
2-9-80,10,2,1.0,0,sim
2-9-81,10,2,0.0,0,sim
2-9-82,10,2,0.0,0,sim
2-9-83,10,2,0.0,0,sim
2-9-84,10,2,1.0,0,sim
2-9-85,10,2,0.0,0,sim
2-9-86,10,2,0.0,0,sim
2-9-87,10,2,0.0,0,sim
2-9-88,10,2,0.0,0,sim
2-9-89,10,2,0.0,0,sim
2-9-90,10,2,0.0,0,sim
2-9-91,10,2,0.0,0,sim
2-9-92,10,2,0.0,0,sim
2-9-93,10,2,0.0,0,sim
2-9-94,10,2,1.0,0,sim
2-9-95,10,2,0.0,0,sim
2-9-96,10,2,0.0,0,sim
2-9-97,10,2,1.0,0,sim
2-9-98,10,2,0.0,0,sim
2-9-99,10,2,1.0,0,sim
2-9-100,10,2,0.0,0,sim
2-9-101,10,2,0.0,0,sim
2-9-102,10,2,1.0,0,sim
2-9-103,10,2,0.0,0,sim
2-9-104,10,2,1.0,0,sim
2-9-105,10,2,0.0,0,sim
2-9-106,10,2,0.0,0,sim
2-9-107,10,2,1.0,0,sim
2-9-108,10,2,0.0,0,sim
2-9-109,10,2,0.0,0,sim
2-9-110,10,2,0.0,0,sim
2-9-111,10,2,0.0,0,sim
2-9-112,10,2,0.0,0,sim
2-9-113,10,2,0.0,0,sim
2-9-114,10,2,0.0,0,sim
2-9-115,10,2,0.0,0,sim
2-9-116,10,2,0.0,0,sim
2-9-117,10,2,0.0,0,sim
2-9-118,10,2,1.0,0,sim
2-9-119,10,2,0.0,0,sim
2-9-120,10,2,0.0,0,sim
2-9-121,10,2,0.0,0,sim
2-9-122,10,2,0.0,0,sim
2-9-123,10,2,0.0,0,sim
2-9-124,10,2,0.0,0,sim
2-9-125,10,2,1.0,0,sim
2-9-126,10,2,1.0,0,sim
2-9-127,10,2,0.0,0,sim
2-9-128,10,2,0.0,0,sim
2-9-129,10,2,1.0,0,sim
2-9-130,10,2,1.0,0,sim
2-9-131,10,2,0.0,0,sim
2-9-132,10,2,0.0,0,sim
2-9-133,10,2,1.0,0,sim
2-9-134,10,2,0.0,0,sim
2-9-135,10,2,1.0,0,sim
2-9-136,10,2,0.0,0,sim
2-9-137,10,2,1.0,0,sim
2-9-138,10,2,1.0,0,sim
2-9-139,10,2,1.0,0,sim
2-9-140,10,2,0.0,0,sim
2-9-141,10,2,0.0,0,sim
2-9-142,10,2,0.0,0,sim
2-9-143,10,2,0.0,1,sim
2-9-144,10,2,0.0,0,sim
2-9-145,10,2,1.0,0,sim
2-9-146,10,2,0.0,0,sim
2-9-147,10,2,0.0,0,sim
2-9-148,10,2,0.0,0,sim
2-9-149,10,2,0.0,0,sim
2-9-150,10,2,,0,sim
2-9-151,10,2,0.0,0,sim
2-9-152,10,2,1.0,0,sim
2-9-153,10,2,0.0,0,sim
2-9-154,10,2,0.0,0,sim
2-9-155,10,2,1.0,0,sim
2-9-156,10,2,0.0,0,sim
2-9-157,10,2,1.0,1,sim
2-9-158,10,2,1.0,0,sim
2-9-159,10,2,1.0,0,sim
2-9-160,10,2,0.0,0,sim
2-9-161,10,2,0.0,0,sim
2-9-162,10,2,0.0,0,sim
2-9-163,10,2,0.0,0,sim
2-9-164,10,2,1.0,0,sim
2-9-165,10,2,1.0,0,sim
2-9-166,10,2,1.0,0,sim
2-9-167,10,2,1.0,0,sim
2-9-168,10,2,0.0,0,sim
2-9-169,10,2,0.0,0,sim
2-9-170,10,2,,0,sim
2-9-171,10,2,1.0,0,sim
2-9-172,10,2,1.0,0,sim
2-9-173,10,2,0.0,0,sim
2-9-174,10,2,1.0,0,sim
2-9-175,10,2,1.0,0,sim
2-9-176,10,2,0.0,0,sim
2-9-177,10,2,0.0,0,sim
2-9-178,10,2,1.0,0,sim
2-9-179,10,2,1.0,0,sim
2-9-180,10,2,0.0,0,sim
2-9-181,10,2,0.0,0,sim
2-9-182,10,2,1.0,1,sim
2-9-183,10,2,1.0,0,sim
2-9-184,10,2,0.0,0,sim
2-9-185,10,2,1.0,0,sim
2-9-186,10,2,1.0,0,sim
2-9-187,10,2,0.0,0,sim
2-9-188,10,2,1.0,0,sim
2-9-189,10,2,0.0,0,sim
2-9-190,10,2,0.0,0,sim
2-9-191,10,2,1.0,0,sim
2-9-192,10,2,1.0,0,sim
2-9-193,10,2,0.0,0,sim
2-9-194,10,2,1.0,0,sim
2-9-195,10,2,0.0,0,sim
2-9-196,10,2,0.0,0,sim
2-9-197,10,2,0.0,0,sim
2-9-198,10,2,0.0,0,sim
2-9-199,10,2,1.0,0,sim
2-9-200,10,2,0.0,0,sim
2-9-201,10,2,1.0,0,sim
2-9-202,10,2,0.0,1,sim
2-9-203,10,2,1.0,0,sim
2-9-204,10,2,0.0,0,sim
2-9-205,10,2,0.0,0,sim
2-9-206,10,2,1.0,0,sim
2-9-207,10,2,0.0,0,sim
2-9-208,10,2,0.0,0,sim
2-9-209,10,2,0.0,0,sim
2-9-210,10,2,1.0,0,sim
2-9-211,10,2,0.0,0,sim
2-9-212,10,2,0.0,0,sim
2-9-213,10,2,0.0,0,sim
2-9-214,10,2,0.0,0,sim
2-9-215,10,2,0.0,0,sim
2-9-216,10,2,0.0,0,sim
2-9-217,10,2,0.0,0,sim
2-9-218,10,2,1.0,0,sim
2-9-219,10,2,0.0,1,sim
2-9-220,10,2,0.0,0,sim
2-9-221,10,2,,0,sim
2-9-222,10,2,0.0,0,sim
2-9-223,10,2,0.0,0,sim
2-9-224,10,2,0.0,0,sim
2-9-225,10,2,0.0,0,sim
2-9-226,10,2,0.0,0,sim
2-9-227,10,2,0.0,0,sim
2-9-228,10,2,0.0,0,sim
2-9-229,10,2,0.0,0,sim
2-9-230,10,2,1.0,0,sim
2-9-231,10,2,1.0,0,sim
2-9-232,10,2,1.0,0,sim
2-9-233,10,2,1.0,0,sim
2-9-234,10,2,0.0,1,sim
2-9-235,10,2,1.0,0,sim
2-9-236,10,2,1.0,0,sim
2-9-237,10,2,1.0,0,sim
2-9-238,10,2,0.0,1,sim
2-9-239,10,2,1.0,0,sim
2-10-0,11,2,0.0,0,sim
2-10-1,11,2,0.0,0,sim
2-10-2,11,2,0.0,0,sim
2-10-3,11,2,0.0,0,sim
2-10-4,11,2,,0,sim
2-10-5,11,2,1.0,0,sim
2-10-6,11,2,0.0,0,sim
2-10-7,11,2,0.0,0,sim
2-10-8,11,2,0.0,0,sim
2-10-9,11,2,0.0,0,sim
2-10-10,11,2,0.0,0,sim
2-10-11,11,2,0.0,0,sim
2-10-12,11,2,0.0,0,sim
2-10-13,11,2,0.0,0,sim
2-10-14,11,2,1.0,0,sim
2-10-15,11,2,0.0,0,sim
2-10-16,11,2,1.0,0,sim
2-10-17,11,2,1.0,0,sim
2-10-18,11,2,0.0,0,sim
2-10-19,11,2,0.0,0,sim
2-10-20,11,2,0.0,0,sim
2-10-21,11,2,0.0,0,sim
2-10-22,11,2,0.0,0,sim
2-10-23,11,2,1.0,0,sim
2-10-24,11,2,0.0,0,sim
2-10-25,11,2,1.0,0,sim
2-10-26,11,2,1.0,0,sim
2-10-27,11,2,0.0,0,sim
2-10-28,11,2,0.0,0,sim
2-10-29,11,2,1.0,0,sim
2-10-30,11,2,1.0,1,sim
2-10-31,11,2,0.0,0,sim
2-10-32,11,2,0.0,0,sim
2-10-33,11,2,0.0,0,sim
2-10-34,11,2,0.0,0,sim
2-10-35,11,2,1.0,0,sim
2-10-36,11,2,0.0,0,sim
2-10-37,11,2,0.0,0,sim
2-10-38,11,2,0.0,0,sim
2-10-39,11,2,1.0,0,sim
2-10-40,11,2,0.0,0,sim
2-10-41,11,2,1.0,0,sim
2-10-42,11,2,0.0,0,sim
2-10-43,11,2,0.0,0,sim
2-10-44,11,2,0.0,0,sim
2-10-45,11,2,0.0,0,sim
2-10-46,11,2,0.0,0,sim
2-10-47,11,2,0.0,0,sim
2-10-48,11,2,1.0,0,sim
2-10-49,11,2,0.0,0,sim
2-10-50,11,2,0.0,0,sim
2-10-51,11,2,1.0,0,sim
2-10-52,11,2,0.0,0,sim
2-10-53,11,2,0.0,0,sim
2-10-54,11,2,0.0,0,sim
2-10-55,11,2,0.0,0,sim
2-10-56,11,2,1.0,0,sim
2-10-57,11,2,1.0,0,sim
2-10-58,11,2,1.0,0,sim
2-10-59,11,2,0.0,0,sim
2-10-60,11,2,0.0,1,sim
2-10-61,11,2,0.0,0,sim
2-10-62,11,2,0.0,0,sim
2-10-63,11,2,1.0,0,sim
2-10-64,11,2,0.0,0,sim
2-10-65,11,2,0.0,0,sim
2-10-66,11,2,0.0,0,sim
2-10-67,11,2,0.0,0,sim
2-10-68,11,2,0.0,0,sim
2-10-69,11,2,0.0,0,sim
2-10-70,11,2,1.0,1,sim
2-10-71,11,2,0.0,0,sim
2-10-72,11,2,1.0,0,sim
2-10-73,11,2,0.0,0,sim
2-10-74,11,2,1.0,0,sim
2-10-75,11,2,0.0,0,sim
2-10-76,11,2,,0,sim
2-10-77,11,2,1.0,0,sim
2-10-78,11,2,0.0,0,sim
2-10-79,11,2,1.0,0,sim
2-10-80,11,2,0.0,0,sim
2-10-81,11,2,0.0,0,sim
2-10-82,11,2,1.0,0,sim
2-10-83,11,2,0.0,0,sim
2-10-84,11,2,0.0,0,sim
2-10-85,11,2,0.0,0,sim
2-10-86,11,2,0.0,0,sim
2-10-87,11,2,0.0,0,sim
2-10-88,11,2,0.0,0,sim
2-10-89,11,2,0.0,0,sim
2-10-90,11,2,0.0,0,sim
2-10-91,11,2,0.0,0,sim
2-10-92,11,2,0.0,0,sim
2-10-93,11,2,0.0,1,sim
2-10-94,11,2,0.0,0,sim
2-10-95,11,2,,0,sim
2-10-96,11,2,0.0,0,sim
2-10-97,11,2,0.0,0,sim
2-10-98,11,2,0.0,0,sim
2-10-99,11,2,,0,sim
2-10-100,11,2,0.0,0,sim
2-10-101,11,2,0.0,0,sim
2-10-102,11,2,0.0,0,sim
2-10-103,11,2,1.0,0,sim
2-10-104,11,2,0.0,0,sim
2-10-105,11,2,0.0,0,sim
2-10-106,11,2,0.0,0,sim
2-10-107,11,2,0.0,0,sim
2-10-108,11,2,0.0,0,sim
2-10-109,11,2,0.0,0,sim
2-10-110,11,2,1.0,0,sim
2-10-111,11,2,0.0,0,sim
2-10-112,11,2,1.0,0,sim
2-10-113,11,2,0.0,0,sim
2-10-114,11,2,0.0,0,sim
2-10-115,11,2,0.0,0,sim
2-10-116,11,2,0.0,1,sim
2-10-117,11,2,1.0,0,sim
2-10-118,11,2,0.0,0,sim
2-10-119,11,2,1.0,0,sim
2-10-120,11,2,0.0,0,sim
2-10-121,11,2,0.0,0,sim
2-10-122,11,2,0.0,0,sim
2-10-123,11,2,1.0,0,sim
2-10-124,11,2,0.0,0,sim
2-10-125,11,2,0.0,0,sim
2-10-126,11,2,1.0,0,sim
2-10-127,11,2,0.0,0,sim
2-10-128,11,2,1.0,0,sim
2-10-129,11,2,0.0,0,sim
2-10-130,11,2,0.0,0,sim
2-10-131,11,2,0.0,0,sim
2-10-132,11,2,0.0,0,sim
2-10-133,11,2,0.0,0,sim
2-10-134,11,2,1.0,0,sim
2-10-135,11,2,1.0,0,sim
2-10-136,11,2,1.0,0,sim
2-10-137,11,2,1.0,0,sim
2-10-138,11,2,0.0,0,sim
2-10-139,11,2,0.0,0,sim
2-10-140,11,2,0.0,0,sim
2-10-141,11,2,0.0,0,sim
2-10-142,11,2,0.0,0,sim
2-10-143,11,2,0.0,0,sim
2-10-144,11,2,0.0,0,sim
2-10-145,11,2,1.0,0,sim
2-10-146,11,2,0.0,0,sim
2-10-147,11,2,0.0,0,sim
2-10-148,11,2,0.0,0,sim
2-10-149,11,2,0.0,0,sim
2-10-150,11,2,1.0,0,sim
2-10-151,11,2,0.0,0,sim
2-10-152,11,2,1.0,0,sim
2-10-153,11,2,0.0,0,sim
2-10-154,11,2,0.0,0,sim
2-10-155,11,2,0.0,0,sim
2-10-156,11,2,1.0,0,sim
2-10-157,11,2,1.0,0,sim
2-10-158,11,2,0.0,0,sim
2-10-159,11,2,0.0,0,sim
2-10-160,11,2,1.0,0,sim
2-10-161,11,2,1.0,0,sim
2-10-162,11,2,0.0,0,sim
2-10-163,11,2,1.0,0,sim
2-10-164,11,2,0.0,0,sim
2-10-165,11,2,0.0,0,sim
2-10-166,11,2,1.0,0,sim
2-10-167,11,2,1.0,0,sim
2-10-168,11,2,1.0,0,sim
2-10-169,11,2,1.0,0,sim
2-10-170,11,2,0.0,0,sim
2-10-171,11,2,0.0,0,sim
2-10-172,11,2,0.0,0,sim
2-10-173,11,2,0.0,0,sim
2-10-174,11,2,1.0,0,sim
2-10-175,11,2,0.0,0,sim
2-10-176,11,2,0.0,0,sim
2-10-177,11,2,0.0,0,sim
2-10-178,11,2,1.0,0,sim
2-10-179,11,2,0.0,0,sim
2-10-180,11,2,0.0,0,sim
2-10-181,11,2,0.0,0,sim
2-10-182,11,2,1.0,1,sim
2-10-183,11,2,,0,sim
2-10-184,11,2,0.0,0,sim
2-10-185,11,2,0.0,0,sim
2-10-186,11,2,0.0,0,sim
2-10-187,11,2,0.0,0,sim
2-10-188,11,2,0.0,0,sim
2-10-189,11,2,1.0,0,sim
2-10-190,11,2,0.0,0,sim
2-10-191,11,2,1.0,0,sim
2-10-192,11,2,1.0,0,sim
2-10-193,11,2,1.0,1,sim
2-10-194,11,2,0.0,1,sim
2-10-195,11,2,0.0,0,sim
2-10-196,11,2,1.0,0,sim
2-10-197,11,2,0.0,0,sim
2-10-198,11,2,0.0,0,sim
2-10-199,11,2,1.0,0,sim
2-10-200,11,2,0.0,0,sim
2-10-201,11,2,0.0,0,sim
2-10-202,11,2,1.0,0,sim
2-10-203,11,2,0.0,0,sim
2-10-204,11,2,0.0,1,sim
2-10-205,11,2,1.0,0,sim
2-10-206,11,2,1.0,0,sim
2-10-207,11,2,0.0,0,sim
2-10-208,11,2,0.0,0,sim
2-10-209,11,2,0.0,1,sim
2-10-210,11,2,0.0,0,sim
2-10-211,11,2,0.0,0,sim
2-10-212,11,2,0.0,0,sim
2-10-213,11,2,1.0,0,sim
2-10-214,11,2,1.0,0,sim
2-10-215,11,2,0.0,0,sim
2-10-216,11,2,0.0,0,sim
2-10-217,11,2,1.0,0,sim
2-10-218,11,2,0.0,0,sim
2-10-219,11,2,0.0,0,sim
2-10-220,11,2,0.0,0,sim
2-10-221,11,2,1.0,0,sim
2-10-222,11,2,0.0,0,sim
2-10-223,11,2,0.0,0,sim
2-10-224,11,2,0.0,0,sim
2-10-225,11,2,0.0,0,sim
2-10-226,11,2,1.0,0,sim
2-10-227,11,2,0.0,0,sim
2-10-228,11,2,1.0,0,sim
2-10-229,11,2,0.0,0,sim
2-10-230,11,2,0.0,0,sim
2-10-231,11,2,1.0,0,sim
2-10-232,11,2,0.0,0,sim
2-10-233,11,2,0.0,0,sim
2-10-234,11,2,0.0,0,sim
2-10-235,11,2,0.0,0,sim
2-10-236,11,2,0.0,0,sim
2-10-237,11,2,1.0,0,sim
2-10-238,11,2,0.0,0,sim
2-10-239,11,2,0.0,0,sim
2-11-0,12,2,,0,sim
2-11-1,12,2,0.0,0,sim
2-11-2,12,2,1.0,0,sim
2-11-3,12,2,0.0,0,sim
2-11-4,12,2,1.0,0,sim
2-11-5,12,2,1.0,0,sim
2-11-6,12,2,1.0,0,sim
2-11-7,12,2,0.0,0,sim
2-11-8,12,2,0.0,0,sim
2-11-9,12,2,0.0,0,sim
2-11-10,12,2,1.0,0,sim
2-11-11,12,2,0.0,0,sim
2-11-12,12,2,0.0,0,sim
2-11-13,12,2,1.0,0,sim
2-11-14,12,2,1.0,0,sim
2-11-15,12,2,1.0,0,sim
2-11-16,12,2,0.0,0,sim
2-11-17,12,2,0.0,0,sim
2-11-18,12,2,1.0,0,sim
2-11-19,12,2,0.0,0,sim
2-11-20,12,2,0.0,0,sim
2-11-21,12,2,0.0,0,sim
2-11-22,12,2,0.0,0,sim
2-11-23,12,2,0.0,0,sim
2-11-24,12,2,1.0,0,sim
2-11-25,12,2,1.0,0,sim
2-11-26,12,2,0.0,0,sim
2-11-27,12,2,0.0,0,sim
2-11-28,12,2,0.0,0,sim
2-11-29,12,2,0.0,0,sim
2-11-30,12,2,0.0,0,sim
2-11-31,12,2,0.0,0,sim
2-11-32,12,2,1.0,0,sim
2-11-33,12,2,0.0,0,sim
2-11-34,12,2,0.0,0,sim
2-11-35,12,2,1.0,0,sim
2-11-36,12,2,0.0,0,sim
2-11-37,12,2,0.0,0,sim
2-11-38,12,2,0.0,0,sim
2-11-39,12,2,0.0,0,sim
2-11-40,12,2,0.0,0,sim
2-11-41,12,2,0.0,0,sim
2-11-42,12,2,0.0,0,sim
2-11-43,12,2,1.0,0,sim
2-11-44,12,2,0.0,0,sim
2-11-45,12,2,0.0,0,sim
2-11-46,12,2,1.0,0,sim
2-11-47,12,2,1.0,0,sim
2-11-48,12,2,0.0,0,sim
2-11-49,12,2,0.0,1,sim
2-11-50,12,2,0.0,0,sim
2-11-51,12,2,1.0,0,sim
2-11-52,12,2,1.0,0,sim
2-11-53,12,2,0.0,0,sim
2-11-54,12,2,0.0,1,sim
2-11-55,12,2,1.0,0,sim
2-11-56,12,2,0.0,0,sim
2-11-57,12,2,0.0,0,sim
2-11-58,12,2,0.0,0,sim
2-11-59,12,2,1.0,0,sim
2-11-60,12,2,0.0,0,sim
2-11-61,12,2,0.0,0,sim
2-11-62,12,2,0.0,0,sim
2-11-63,12,2,0.0,0,sim
2-11-64,12,2,1.0,1,sim
2-11-65,12,2,0.0,0,sim
2-11-66,12,2,0.0,0,sim
2-11-67,12,2,1.0,0,sim
2-11-68,12,2,0.0,0,sim
2-11-69,12,2,0.0,0,sim
2-11-70,12,2,1.0,0,sim
2-11-71,12,2,0.0,0,sim
2-11-72,12,2,1.0,0,sim
2-11-73,12,2,0.0,0,sim
2-11-74,12,2,1.0,0,sim
2-11-75,12,2,0.0,0,sim
2-11-76,12,2,0.0,0,sim
2-11-77,12,2,0.0,0,sim
2-11-78,12,2,0.0,1,sim
2-11-79,12,2,1.0,0,sim
2-11-80,12,2,0.0,0,sim
2-11-81,12,2,1.0,0,sim
2-11-82,12,2,0.0,0,sim
2-11-83,12,2,1.0,0,sim
2-11-84,12,2,0.0,0,sim
2-11-85,12,2,0.0,0,sim
2-11-86,12,2,0.0,0,sim
2-11-87,12,2,1.0,0,sim
2-11-88,12,2,0.0,0,sim
2-11-89,12,2,0.0,0,sim
2-11-90,12,2,0.0,0,sim
2-11-91,12,2,0.0,0,sim
2-11-92,12,2,0.0,0,sim
2-11-93,12,2,0.0,0,sim
2-11-94,12,2,0.0,0,sim
2-11-95,12,2,0.0,0,sim
2-11-96,12,2,0.0,0,sim
2-11-97,12,2,0.0,0,sim
2-11-98,12,2,0.0,0,sim
2-11-99,12,2,1.0,0,sim
2-11-100,12,2,1.0,0,sim
2-11-101,12,2,0.0,0,sim
2-11-102,12,2,0.0,0,sim
2-11-103,12,2,1.0,0,sim
2-11-104,12,2,0.0,0,sim
2-11-105,12,2,1.0,0,sim
2-11-106,12,2,0.0,0,sim
2-11-107,12,2,,0,sim
2-11-108,12,2,0.0,0,sim
2-11-109,12,2,0.0,0,sim
2-11-110,12,2,1.0,0,sim
2-11-111,12,2,0.0,0,sim
2-11-112,12,2,0.0,0,sim
2-11-113,12,2,1.0,0,sim
2-11-114,12,2,0.0,0,sim
2-11-115,12,2,0.0,0,sim
2-11-116,12,2,1.0,0,sim
2-11-117,12,2,0.0,0,sim
2-11-118,12,2,0.0,0,sim
2-11-119,12,2,0.0,0,sim
2-11-120,12,2,0.0,0,sim
2-11-121,12,2,1.0,0,sim
2-11-122,12,2,1.0,0,sim
2-11-123,12,2,0.0,0,sim
2-11-124,12,2,1.0,0,sim
2-11-125,12,2,1.0,0,sim
2-11-126,12,2,0.0,0,sim
2-11-127,12,2,1.0,0,sim
2-11-128,12,2,0.0,0,sim
2-11-129,12,2,0.0,0,sim
2-11-130,12,2,0.0,0,sim
2-11-131,12,2,0.0,0,sim
2-11-132,12,2,0.0,0,sim
2-11-133,12,2,0.0,0,sim
2-11-134,12,2,1.0,0,sim
2-11-135,12,2,1.0,0,sim
2-11-136,12,2,1.0,0,sim
2-11-137,12,2,1.0,0,sim
2-11-138,12,2,1.0,0,sim
2-11-139,12,2,0.0,0,sim
2-11-140,12,2,0.0,1,sim
2-11-141,12,2,1.0,0,sim
2-11-142,12,2,0.0,0,sim
2-11-143,12,2,0.0,0,sim
2-11-144,12,2,1.0,0,sim
2-11-145,12,2,1.0,0,sim
2-11-146,12,2,0.0,0,sim
2-11-147,12,2,0.0,0,sim
2-11-148,12,2,0.0,0,sim
2-11-149,12,2,0.0,0,sim
2-11-150,12,2,1.0,0,sim
2-11-151,12,2,1.0,0,sim
2-11-152,12,2,0.0,0,sim
2-11-153,12,2,0.0,0,sim
2-11-154,12,2,1.0,0,sim
2-11-155,12,2,0.0,0,sim
2-11-156,12,2,0.0,0,sim
2-11-157,12,2,1.0,0,sim
2-11-158,12,2,0.0,1,sim
2-11-159,12,2,0.0,0,sim
2-11-160,12,2,0.0,0,sim
2-11-161,12,2,1.0,0,sim
2-11-162,12,2,1.0,0,sim
2-11-163,12,2,0.0,0,sim
2-11-164,12,2,0.0,0,sim
2-11-165,12,2,1.0,0,sim
2-11-166,12,2,0.0,0,sim
2-11-167,12,2,0.0,0,sim
2-11-168,12,2,0.0,0,sim
2-11-169,12,2,0.0,0,sim
2-11-170,12,2,0.0,0,sim
2-11-171,12,2,1.0,0,sim
2-11-172,12,2,0.0,0,sim
2-11-173,12,2,0.0,0,sim
2-11-174,12,2,0.0,0,sim
2-11-175,12,2,0.0,0,sim
2-11-176,12,2,1.0,0,sim
2-11-177,12,2,1.0,0,sim
2-11-178,12,2,0.0,0,sim
2-11-179,12,2,0.0,0,sim
2-11-180,12,2,0.0,0,sim
2-11-181,12,2,0.0,0,sim
2-11-182,12,2,0.0,0,sim
2-11-183,12,2,1.0,0,sim
2-11-184,12,2,1.0,0,sim
2-11-185,12,2,1.0,0,sim
2-11-186,12,2,1.0,0,sim
2-11-187,12,2,0.0,0,sim
2-11-188,12,2,1.0,0,sim
2-11-189,12,2,0.0,0,sim
2-11-190,12,2,0.0,0,sim
2-11-191,12,2,0.0,0,sim
2-11-192,12,2,0.0,0,sim
2-11-193,12,2,0.0,0,sim
2-11-194,12,2,1.0,0,sim
2-11-195,12,2,,0,sim
2-11-196,12,2,0.0,0,sim
2-11-197,12,2,1.0,0,sim
2-11-198,12,2,0.0,0,sim
2-11-199,12,2,0.0,0,sim
2-11-200,12,2,0.0,0,sim
2-11-201,12,2,1.0,0,sim
2-11-202,12,2,1.0,0,sim
2-11-203,12,2,0.0,1,sim
2-11-204,12,2,0.0,0,sim
2-11-205,12,2,0.0,0,sim
2-11-206,12,2,0.0,0,sim
2-11-207,12,2,0.0,0,sim
2-11-208,12,2,0.0,0,sim
2-11-209,12,2,1.0,0,sim
2-11-210,12,2,1.0,0,sim
2-11-211,12,2,0.0,0,sim
2-11-212,12,2,0.0,0,sim
2-11-213,12,2,1.0,0,sim
2-11-214,12,2,1.0,1,sim
2-11-215,12,2,0.0,0,sim
2-11-216,12,2,1.0,0,sim
2-11-217,12,2,0.0,0,sim
2-11-218,12,2,1.0,0,sim
2-11-219,12,2,1.0,0,sim
2-11-220,12,2,1.0,0,sim
2-11-221,12,2,,0,sim
2-11-222,12,2,0.0,0,sim
2-11-223,12,2,0.0,0,sim
2-11-224,12,2,0.0,0,sim
2-11-225,12,2,0.0,0,sim
2-11-226,12,2,1.0,0,sim
2-11-227,12,2,1.0,0,sim
2-11-228,12,2,0.0,0,sim
2-11-229,12,2,0.0,0,sim
2-11-230,12,2,0.0,0,sim
2-11-231,12,2,0.0,0,sim
2-11-232,12,2,1.0,0,sim
2-11-233,12,2,0.0,0,sim
2-11-234,12,2,0.0,0,sim
2-11-235,12,2,1.0,0,sim
2-11-236,12,2,0.0,0,sim
2-11-237,12,2,0.0,0,sim
2-11-238,12,2,0.0,0,sim
2-11-239,12,2,0.0,0,sim
2-12-0,13,2,1.0,0,sim
2-12-1,13,2,0.0,0,sim
2-12-2,13,2,0.0,0,sim
2-12-3,13,2,1.0,0,sim
2-12-4,13,2,1.0,0,sim
2-12-5,13,2,0.0,0,sim
2-12-6,13,2,0.0,0,sim
2-12-7,13,2,0.0,0,sim
2-12-8,13,2,1.0,0,sim
2-12-9,13,2,0.0,0,sim
2-12-10,13,2,0.0,0,sim
2-12-11,13,2,0.0,0,sim
2-12-12,13,2,1.0,0,sim
2-12-13,13,2,0.0,0,sim
2-12-14,13,2,0.0,0,sim
2-12-15,13,2,0.0,0,sim
2-12-16,13,2,0.0,0,sim
2-12-17,13,2,1.0,0,sim
2-12-18,13,2,,0,sim
2-12-19,13,2,0.0,0,sim
2-12-20,13,2,1.0,0,sim
2-12-21,13,2,0.0,0,sim
2-12-22,13,2,1.0,0,sim
2-12-23,13,2,0.0,0,sim
2-12-24,13,2,1.0,0,sim
2-12-25,13,2,0.0,0,sim
2-12-26,13,2,0.0,0,sim
2-12-27,13,2,0.0,0,sim
2-12-28,13,2,0.0,0,sim
2-12-29,13,2,1.0,0,sim
2-12-30,13,2,0.0,0,sim
2-12-31,13,2,0.0,0,sim
2-12-32,13,2,0.0,0,sim
2-12-33,13,2,,0,sim
2-12-34,13,2,0.0,0,sim
2-12-35,13,2,0.0,0,sim
2-12-36,13,2,,1,sim
2-12-37,13,2,0.0,0,sim
2-12-38,13,2,0.0,0,sim
2-12-39,13,2,0.0,0,sim
2-12-40,13,2,1.0,1,sim
2-12-41,13,2,0.0,0,sim
2-12-42,13,2,0.0,0,sim
2-12-43,13,2,0.0,0,sim
2-12-44,13,2,0.0,1,sim
2-12-45,13,2,0.0,0,sim
2-12-46,13,2,1.0,0,sim
2-12-47,13,2,0.0,0,sim
2-12-48,13,2,1.0,0,sim
2-12-49,13,2,0.0,0,sim
2-12-50,13,2,0.0,0,sim
2-12-51,13,2,,0,sim
2-12-52,13,2,0.0,0,sim
2-12-53,13,2,1.0,0,sim
2-12-54,13,2,0.0,0,sim
2-12-55,13,2,1.0,0,sim
2-12-56,13,2,0.0,0,sim
2-12-57,13,2,0.0,0,sim
2-12-58,13,2,1.0,0,sim
2-12-59,13,2,0.0,0,sim
2-12-60,13,2,1.0,0,sim
2-12-61,13,2,0.0,1,sim
2-12-62,13,2,0.0,0,sim
2-12-63,13,2,0.0,0,sim
2-12-64,13,2,0.0,0,sim
2-12-65,13,2,0.0,0,sim
2-12-66,13,2,0.0,0,sim
2-12-67,13,2,1.0,0,sim
2-12-68,13,2,1.0,0,sim
2-12-69,13,2,1.0,0,sim
2-12-70,13,2,0.0,0,sim
2-12-71,13,2,,0,sim
2-12-72,13,2,0.0,0,sim
2-12-73,13,2,0.0,0,sim
2-12-74,13,2,0.0,0,sim
2-12-75,13,2,0.0,0,sim
2-12-76,13,2,1.0,0,sim
2-12-77,13,2,0.0,0,sim
2-12-78,13,2,0.0,0,sim
2-12-79,13,2,0.0,0,sim
2-12-80,13,2,0.0,0,sim
2-12-81,13,2,0.0,0,sim
2-12-82,13,2,0.0,1,sim
2-12-83,13,2,0.0,0,sim
2-12-84,13,2,1.0,0,sim
2-12-85,13,2,0.0,0,sim
2-12-86,13,2,0.0,0,sim
2-12-87,13,2,,0,sim
2-12-88,13,2,0.0,0,sim
2-12-89,13,2,0.0,0,sim
2-12-90,13,2,0.0,0,sim
2-12-91,13,2,0.0,0,sim
2-12-92,13,2,0.0,0,sim
2-12-93,13,2,0.0,0,sim
2-12-94,13,2,1.0,0,sim
2-12-95,13,2,0.0,0,sim
2-12-96,13,2,1.0,0,sim
2-12-97,13,2,1.0,0,sim
2-12-98,13,2,1.0,0,sim
2-12-99,13,2,0.0,0,sim
2-12-100,13,2,0.0,0,sim
2-12-101,13,2,0.0,0,sim
2-12-102,13,2,1.0,0,sim
2-12-103,13,2,1.0,0,sim
2-12-104,13,2,0.0,0,sim
2-12-105,13,2,1.0,0,sim
2-12-106,13,2,0.0,0,sim
2-12-107,13,2,0.0,0,sim
2-12-108,13,2,0.0,0,sim
2-12-109,13,2,0.0,0,sim
2-12-110,13,2,0.0,0,sim
2-12-111,13,2,0.0,0,sim
2-12-112,13,2,1.0,0,sim
2-12-113,13,2,1.0,0,sim
2-12-114,13,2,0.0,0,sim
2-12-115,13,2,0.0,0,sim
2-12-116,13,2,0.0,0,sim
2-12-117,13,2,0.0,0,sim
2-12-118,13,2,0.0,0,sim
2-12-119,13,2,0.0,0,sim
2-12-120,13,2,0.0,0,sim
2-12-121,13,2,1.0,0,sim
2-12-122,13,2,0.0,0,sim
2-12-123,13,2,0.0,0,sim
2-12-124,13,2,0.0,0,sim
2-12-125,13,2,0.0,0,sim
2-12-126,13,2,0.0,0,sim
2-12-127,13,2,0.0,0,sim
2-12-128,13,2,0.0,0,sim
2-12-129,13,2,0.0,0,sim
2-12-130,13,2,1.0,0,sim
2-12-131,13,2,0.0,0,sim
2-12-132,13,2,0.0,0,sim
2-12-133,13,2,0.0,0,sim
2-12-134,13,2,0.0,0,sim
2-12-135,13,2,0.0,1,sim
2-12-136,13,2,0.0,0,sim
2-12-137,13,2,0.0,0,sim
2-12-138,13,2,0.0,0,sim
2-12-139,13,2,0.0,0,sim
2-12-140,13,2,0.0,0,sim
2-12-141,13,2,0.0,0,sim
2-12-142,13,2,,0,sim
2-12-143,13,2,1.0,0,sim
2-12-144,13,2,1.0,0,sim
2-12-145,13,2,1.0,0,sim
2-12-146,13,2,1.0,0,sim
2-12-147,13,2,0.0,0,sim
2-12-148,13,2,1.0,0,sim
2-12-149,13,2,0.0,0,sim
2-12-150,13,2,0.0,0,sim
2-12-151,13,2,1.0,0,sim
2-12-152,13,2,0.0,0,sim
2-12-153,13,2,1.0,0,sim
2-12-154,13,2,1.0,0,sim
2-12-155,13,2,0.0,0,sim
2-12-156,13,2,1.0,0,sim
2-12-157,13,2,1.0,0,sim
2-12-158,13,2,0.0,0,sim
2-12-159,13,2,0.0,0,sim
2-12-160,13,2,0.0,0,sim
2-12-161,13,2,,0,sim
2-12-162,13,2,0.0,0,sim
2-12-163,13,2,1.0,0,sim
2-12-164,13,2,0.0,0,sim
2-12-165,13,2,0.0,0,sim
2-12-166,13,2,0.0,0,sim
2-12-167,13,2,1.0,0,sim
2-12-168,13,2,0.0,0,sim
2-12-169,13,2,0.0,0,sim
2-12-170,13,2,0.0,0,sim
2-12-171,13,2,1.0,0,sim
2-12-172,13,2,0.0,0,sim
2-12-173,13,2,0.0,0,sim
2-12-174,13,2,0.0,0,sim
2-12-175,13,2,0.0,0,sim
2-12-176,13,2,0.0,0,sim
2-12-177,13,2,0.0,0,sim
2-12-178,13,2,0.0,0,sim
2-12-179,13,2,0.0,0,sim
2-12-180,13,2,1.0,0,sim
2-12-181,13,2,0.0,0,sim
2-12-182,13,2,1.0,0,sim
2-12-183,13,2,0.0,0,sim
2-12-184,13,2,0.0,0,sim
2-12-185,13,2,0.0,0,sim
2-12-186,13,2,0.0,0,sim
2-12-187,13,2,0.0,0,sim
2-12-188,13,2,0.0,0,sim
2-12-189,13,2,1.0,0,sim
2-12-190,13,2,1.0,0,sim
2-12-191,13,2,1.0,0,sim
2-12-192,13,2,1.0,0,sim
2-12-193,13,2,1.0,0,sim
2-12-194,13,2,0.0,0,sim
2-12-195,13,2,1.0,0,sim
2-12-196,13,2,0.0,0,sim
2-12-197,13,2,0.0,0,sim
2-12-198,13,2,0.0,1,sim
2-12-199,13,2,0.0,0,sim
2-12-200,13,2,0.0,0,sim
2-12-201,13,2,0.0,0,sim
2-12-202,13,2,0.0,0,sim
2-12-203,13,2,0.0,0,sim
2-12-204,13,2,0.0,0,sim
2-12-205,13,2,0.0,0,sim
2-12-206,13,2,0.0,0,sim
2-12-207,13,2,0.0,0,sim
2-12-208,13,2,0.0,1,sim
2-12-209,13,2,,0,sim
2-12-210,13,2,,0,sim
2-12-211,13,2,0.0,0,sim
2-12-212,13,2,0.0,0,sim
2-12-213,13,2,0.0,1,sim
2-12-214,13,2,1.0,0,sim
2-12-215,13,2,1.0,0,sim
2-12-216,13,2,0.0,0,sim
2-12-217,13,2,0.0,0,sim
2-12-218,13,2,1.0,0,sim
2-12-219,13,2,1.0,0,sim
2-12-220,13,2,1.0,0,sim
2-12-221,13,2,1.0,0,sim
2-12-222,13,2,1.0,0,sim
2-12-223,13,2,0.0,0,sim
2-12-224,13,2,1.0,0,sim
2-12-225,13,2,0.0,0,sim
2-12-226,13,2,1.0,0,sim
2-12-227,13,2,0.0,0,sim
2-12-228,13,2,0.0,0,sim
2-12-229,13,2,1.0,0,sim
2-12-230,13,2,1.0,0,sim
2-12-231,13,2,1.0,0,sim
2-12-232,13,2,1.0,0,sim
2-12-233,13,2,0.0,0,sim
2-12-234,13,2,0.0,0,sim
2-12-235,13,2,0.0,0,sim
2-12-236,13,2,0.0,0,sim
2-12-237,13,2,0.0,0,sim
2-12-238,13,2,0.0,0,sim
2-12-239,13,2,0.0,0,sim
2-13-0,14,2,0.0,0,sim
2-13-1,14,2,1.0,0,sim
2-13-2,14,2,1.0,0,sim
2-13-3,14,2,1.0,0,sim
2-13-4,14,2,0.0,0,sim
2-13-5,14,2,0.0,0,sim
2-13-6,14,2,0.0,0,sim
2-13-7,14,2,1.0,0,sim
2-13-8,14,2,0.0,0,sim
2-13-9,14,2,,0,sim
2-13-10,14,2,1.0,0,sim
2-13-11,14,2,0.0,0,sim
2-13-12,14,2,0.0,0,sim
2-13-13,14,2,0.0,0,sim
2-13-14,14,2,0.0,0,sim
2-13-15,14,2,0.0,0,sim
2-13-16,14,2,0.0,0,sim
2-13-17,14,2,1.0,0,sim
2-13-18,14,2,0.0,0,sim
2-13-19,14,2,1.0,0,sim
2-13-20,14,2,0.0,0,sim
2-13-21,14,2,0.0,0,sim
2-13-22,14,2,,0,sim
2-13-23,14,2,0.0,0,sim
2-13-24,14,2,1.0,0,sim
2-13-25,14,2,1.0,0,sim
2-13-26,14,2,0.0,0,sim
2-13-27,14,2,0.0,0,sim
2-13-28,14,2,0.0,0,sim
2-13-29,14,2,1.0,0,sim
2-13-30,14,2,0.0,0,sim
2-13-31,14,2,1.0,0,sim
2-13-32,14,2,0.0,0,sim
2-13-33,14,2,0.0,0,sim
2-13-34,14,2,1.0,0,sim
2-13-35,14,2,1.0,0,sim
2-13-36,14,2,1.0,0,sim
2-13-37,14,2,0.0,0,sim
2-13-38,14,2,1.0,0,sim
2-13-39,14,2,1.0,1,sim
2-13-40,14,2,0.0,0,sim
2-13-41,14,2,0.0,0,sim
2-13-42,14,2,0.0,0,sim
2-13-43,14,2,0.0,0,sim
2-13-44,14,2,1.0,0,sim
2-13-45,14,2,0.0,0,sim
2-13-46,14,2,1.0,0,sim
2-13-47,14,2,,0,sim
2-13-48,14,2,0.0,0,sim
2-13-49,14,2,0.0,0,sim
2-13-50,14,2,0.0,0,sim
2-13-51,14,2,1.0,0,sim
2-13-52,14,2,1.0,0,sim
2-13-53,14,2,0.0,0,sim
2-13-54,14,2,1.0,0,sim
2-13-55,14,2,0.0,0,sim
2-13-56,14,2,0.0,0,sim
2-13-57,14,2,0.0,0,sim
2-13-58,14,2,1.0,0,sim
2-13-59,14,2,0.0,0,sim
2-13-60,14,2,0.0,0,sim
2-13-61,14,2,0.0,0,sim
2-13-62,14,2,0.0,0,sim
2-13-63,14,2,1.0,0,sim
2-13-64,14,2,0.0,0,sim
2-13-65,14,2,0.0,0,sim
2-13-66,14,2,0.0,0,sim
2-13-67,14,2,0.0,0,sim
2-13-68,14,2,0.0,0,sim
2-13-69,14,2,1.0,0,sim
2-13-70,14,2,1.0,0,sim
2-13-71,14,2,1.0,0,sim
2-13-72,14,2,1.0,0,sim
2-13-73,14,2,1.0,0,sim
2-13-74,14,2,0.0,0,sim
2-13-75,14,2,0.0,0,sim
2-13-76,14,2,0.0,0,sim
2-13-77,14,2,0.0,0,sim
2-13-78,14,2,,0,sim
2-13-79,14,2,0.0,0,sim
2-13-80,14,2,0.0,0,sim
2-13-81,14,2,0.0,0,sim
2-13-82,14,2,0.0,0,sim
2-13-83,14,2,0.0,0,sim
2-13-84,14,2,0.0,0,sim
2-13-85,14,2,0.0,0,sim
2-13-86,14,2,0.0,0,sim
2-13-87,14,2,0.0,0,sim
2-13-88,14,2,1.0,0,sim
2-13-89,14,2,1.0,0,sim
2-13-90,14,2,1.0,0,sim
2-13-91,14,2,0.0,0,sim
2-13-92,14,2,0.0,0,sim
2-13-93,14,2,0.0,1,sim
2-13-94,14,2,0.0,0,sim
2-13-95,14,2,,0,sim
2-13-96,14,2,0.0,0,sim
2-13-97,14,2,0.0,0,sim
2-13-98,14,2,1.0,0,sim
2-13-99,14,2,0.0,0,sim
2-13-100,14,2,1.0,0,sim
2-13-101,14,2,1.0,0,sim
2-13-102,14,2,1.0,0,sim
2-13-103,14,2,1.0,0,sim
2-13-104,14,2,0.0,0,sim
2-13-105,14,2,1.0,0,sim
2-13-106,14,2,0.0,0,sim
2-13-107,14,2,0.0,0,sim
2-13-108,14,2,1.0,0,sim
2-13-109,14,2,0.0,0,sim
2-13-110,14,2,1.0,0,sim
2-13-111,14,2,1.0,0,sim
2-13-112,14,2,0.0,0,sim
2-13-113,14,2,0.0,0,sim
2-13-114,14,2,0.0,0,sim
2-13-115,14,2,0.0,0,sim
2-13-116,14,2,0.0,0,sim
2-13-117,14,2,0.0,0,sim
2-13-118,14,2,0.0,0,sim
2-13-119,14,2,0.0,0,sim
2-13-120,14,2,0.0,0,sim
2-13-121,14,2,1.0,0,sim
2-13-122,14,2,0.0,0,sim
2-13-123,14,2,1.0,0,sim
2-13-124,14,2,0.0,0,sim
2-13-125,14,2,0.0,0,sim
2-13-126,14,2,0.0,0,sim
2-13-127,14,2,1.0,0,sim
2-13-128,14,2,1.0,0,sim
2-13-129,14,2,0.0,0,sim
2-13-130,14,2,0.0,0,sim
2-13-131,14,2,1.0,0,sim
2-13-132,14,2,0.0,0,sim
2-13-133,14,2,1.0,0,sim
2-13-134,14,2,0.0,0,sim
2-13-135,14,2,0.0,1,sim
2-13-136,14,2,1.0,0,sim
2-13-137,14,2,1.0,0,sim
2-13-138,14,2,0.0,0,sim
2-13-139,14,2,1.0,0,sim
2-13-140,14,2,0.0,0,sim
2-13-141,14,2,0.0,0,sim
2-13-142,14,2,0.0,0,sim
2-13-143,14,2,1.0,0,sim
2-13-144,14,2,0.0,0,sim
2-13-145,14,2,1.0,0,sim
2-13-146,14,2,0.0,0,sim
2-13-147,14,2,0.0,0,sim
2-13-148,14,2,0.0,0,sim
2-13-149,14,2,1.0,0,sim
2-13-150,14,2,0.0,0,sim
2-13-151,14,2,1.0,0,sim
2-13-152,14,2,0.0,0,sim
2-13-153,14,2,0.0,0,sim
2-13-154,14,2,0.0,0,sim
2-13-155,14,2,0.0,0,sim
2-13-156,14,2,1.0,0,sim
2-13-157,14,2,0.0,0,sim
2-13-158,14,2,0.0,0,sim
2-13-159,14,2,0.0,0,sim
2-13-160,14,2,0.0,0,sim
2-13-161,14,2,0.0,0,sim
2-13-162,14,2,1.0,0,sim
2-13-163,14,2,0.0,0,sim
2-13-164,14,2,1.0,0,sim
2-13-165,14,2,0.0,0,sim
2-13-166,14,2,0.0,0,sim
2-13-167,14,2,0.0,0,sim
2-13-168,14,2,0.0,0,sim
2-13-169,14,2,1.0,0,sim
2-13-170,14,2,0.0,0,sim
2-13-171,14,2,0.0,0,sim
2-13-172,14,2,0.0,0,sim
2-13-173,14,2,1.0,0,sim
2-13-174,14,2,0.0,0,sim
2-13-175,14,2,1.0,0,sim
2-13-176,14,2,0.0,0,sim
2-13-177,14,2,0.0,0,sim
2-13-178,14,2,0.0,0,sim
2-13-179,14,2,0.0,0,sim
2-13-180,14,2,1.0,0,sim
2-13-181,14,2,0.0,0,sim
2-13-182,14,2,1.0,0,sim
2-13-183,14,2,0.0,0,sim
2-13-184,14,2,0.0,0,sim
2-13-185,14,2,0.0,0,sim
2-13-186,14,2,0.0,0,sim
2-13-187,14,2,0.0,0,sim
2-13-188,14,2,1.0,0,sim
2-13-189,14,2,0.0,0,sim
2-13-190,14,2,0.0,0,sim
2-13-191,14,2,0.0,0,sim
2-13-192,14,2,0.0,0,sim
2-13-193,14,2,0.0,0,sim
2-13-194,14,2,1.0,0,sim
2-13-195,14,2,1.0,0,sim
2-13-196,14,2,1.0,1,sim
2-13-197,14,2,1.0,1,sim
2-13-198,14,2,0.0,0,sim
2-13-199,14,2,1.0,0,sim
2-13-200,14,2,0.0,0,sim
2-13-201,14,2,0.0,0,sim
2-13-202,14,2,0.0,0,sim
2-13-203,14,2,1.0,0,sim
2-13-204,14,2,1.0,0,sim
2-13-205,14,2,0.0,0,sim
2-13-206,14,2,1.0,0,sim
2-13-207,14,2,1.0,0,sim
2-13-208,14,2,1.0,0,sim
2-13-209,14,2,0.0,0,sim
2-13-210,14,2,0.0,0,sim
2-13-211,14,2,0.0,0,sim
2-13-212,14,2,0.0,0,sim
2-13-213,14,2,0.0,0,sim
2-13-214,14,2,1.0,0,sim
2-13-215,14,2,0.0,0,sim
2-13-216,14,2,1.0,0,sim
2-13-217,14,2,0.0,0,sim
2-13-218,14,2,0.0,0,sim
2-13-219,14,2,0.0,0,sim
2-13-220,14,2,0.0,0,sim
2-13-221,14,2,0.0,0,sim
2-13-222,14,2,1.0,0,sim
2-13-223,14,2,0.0,1,sim
2-13-224,14,2,0.0,0,sim
2-13-225,14,2,0.0,1,sim
2-13-226,14,2,1.0,0,sim
2-13-227,14,2,0.0,0,sim
2-13-228,14,2,0.0,0,sim
2-13-229,14,2,1.0,0,sim
2-13-230,14,2,1.0,0,sim
2-13-231,14,2,0.0,0,sim
2-13-232,14,2,0.0,0,sim
2-13-233,14,2,0.0,0,sim
2-13-234,14,2,1.0,0,sim
2-13-235,14,2,1.0,0,sim
2-13-236,14,2,,0,sim
2-13-237,14,2,0.0,0,sim
2-13-238,14,2,0.0,0,sim
2-13-239,14,2,1.0,0,sim
2-14-0,15,2,0.0,0,sim
2-14-1,15,2,0.0,0,sim
2-14-2,15,2,0.0,0,sim
2-14-3,15,2,,0,sim
2-14-4,15,2,1.0,0,sim
2-14-5,15,2,0.0,0,sim
2-14-6,15,2,1.0,0,sim
2-14-7,15,2,1.0,0,sim
2-14-8,15,2,0.0,0,sim
2-14-9,15,2,0.0,0,sim
2-14-10,15,2,0.0,0,sim
2-14-11,15,2,0.0,0,sim
2-14-12,15,2,0.0,0,sim
2-14-13,15,2,0.0,0,sim
2-14-14,15,2,0.0,0,sim
2-14-15,15,2,0.0,0,sim
2-14-16,15,2,0.0,0,sim
2-14-17,15,2,1.0,0,sim
2-14-18,15,2,0.0,0,sim
2-14-19,15,2,1.0,0,sim
2-14-20,15,2,1.0,0,sim
2-14-21,15,2,1.0,0,sim
2-14-22,15,2,1.0,0,sim
2-14-23,15,2,1.0,0,sim
2-14-24,15,2,1.0,0,sim
2-14-25,15,2,0.0,0,sim
2-14-26,15,2,1.0,0,sim
2-14-27,15,2,0.0,0,sim
2-14-28,15,2,1.0,0,sim
2-14-29,15,2,0.0,0,sim
2-14-30,15,2,0.0,0,sim
2-14-31,15,2,1.0,0,sim
2-14-32,15,2,0.0,0,sim
2-14-33,15,2,0.0,0,sim
2-14-34,15,2,0.0,0,sim
2-14-35,15,2,1.0,0,sim
2-14-36,15,2,1.0,0,sim
2-14-37,15,2,0.0,0,sim
2-14-38,15,2,0.0,0,sim
2-14-39,15,2,0.0,0,sim
2-14-40,15,2,0.0,0,sim
2-14-41,15,2,1.0,0,sim
2-14-42,15,2,0.0,0,sim
2-14-43,15,2,0.0,0,sim
2-14-44,15,2,0.0,0,sim
2-14-45,15,2,1.0,0,sim
2-14-46,15,2,0.0,0,sim
2-14-47,15,2,1.0,0,sim
2-14-48,15,2,0.0,0,sim
2-14-49,15,2,1.0,0,sim
2-14-50,15,2,1.0,0,sim
2-14-51,15,2,1.0,0,sim
2-14-52,15,2,0.0,0,sim
2-14-53,15,2,1.0,0,sim
2-14-54,15,2,0.0,0,sim
2-14-55,15,2,0.0,0,sim
2-14-56,15,2,0.0,0,sim
2-14-57,15,2,0.0,0,sim
2-14-58,15,2,0.0,0,sim
2-14-59,15,2,0.0,0,sim
2-14-60,15,2,1.0,0,sim
2-14-61,15,2,1.0,0,sim
2-14-62,15,2,1.0,0,sim
2-14-63,15,2,1.0,0,sim
2-14-64,15,2,0.0,0,sim
2-14-65,15,2,0.0,0,sim
2-14-66,15,2,0.0,0,sim
2-14-67,15,2,0.0,0,sim
2-14-68,15,2,0.0,0,sim
2-14-69,15,2,0.0,0,sim
2-14-70,15,2,0.0,0,sim
2-14-71,15,2,1.0,0,sim
2-14-72,15,2,0.0,0,sim
2-14-73,15,2,0.0,0,sim
2-14-74,15,2,0.0,0,sim
2-14-75,15,2,1.0,0,sim
2-14-76,15,2,0.0,0,sim
2-14-77,15,2,1.0,0,sim
2-14-78,15,2,0.0,0,sim
2-14-79,15,2,0.0,0,sim
2-14-80,15,2,1.0,0,sim
2-14-81,15,2,0.0,0,sim
2-14-82,15,2,0.0,0,sim
2-14-83,15,2,0.0,0,sim
2-14-84,15,2,0.0,0,sim
2-14-85,15,2,0.0,0,sim
2-14-86,15,2,0.0,0,sim
2-14-87,15,2,1.0,0,sim
2-14-88,15,2,0.0,0,sim
2-14-89,15,2,0.0,0,sim
2-14-90,15,2,0.0,0,sim
2-14-91,15,2,1.0,0,sim
2-14-92,15,2,0.0,0,sim
2-14-93,15,2,0.0,0,sim
2-14-94,15,2,0.0,0,sim
2-14-95,15,2,0.0,0,sim
2-14-96,15,2,0.0,0,sim
2-14-97,15,2,1.0,0,sim
2-14-98,15,2,0.0,0,sim
2-14-99,15,2,0.0,0,sim
2-14-100,15,2,0.0,0,sim
2-14-101,15,2,,0,sim
2-14-102,15,2,1.0,0,sim
2-14-103,15,2,0.0,0,sim
2-14-104,15,2,0.0,0,sim
2-14-105,15,2,0.0,0,sim
2-14-106,15,2,0.0,0,sim
2-14-107,15,2,0.0,0,sim
2-14-108,15,2,0.0,0,sim
2-14-109,15,2,0.0,0,sim
2-14-110,15,2,1.0,0,sim
2-14-111,15,2,0.0,0,sim
2-14-112,15,2,1.0,0,sim
2-14-113,15,2,,0,sim
2-14-114,15,2,0.0,0,sim
2-14-115,15,2,1.0,0,sim
2-14-116,15,2,1.0,0,sim
2-14-117,15,2,1.0,0,sim
2-14-118,15,2,0.0,0,sim
2-14-119,15,2,1.0,0,sim
2-14-120,15,2,1.0,0,sim
2-14-121,15,2,0.0,0,sim
2-14-122,15,2,0.0,0,sim
2-14-123,15,2,0.0,0,sim
2-14-124,15,2,1.0,0,sim
2-14-125,15,2,0.0,0,sim
2-14-126,15,2,0.0,0,sim
2-14-127,15,2,0.0,0,sim
2-14-128,15,2,0.0,0,sim
2-14-129,15,2,0.0,0,sim
2-14-130,15,2,0.0,0,sim
2-14-131,15,2,1.0,0,sim
2-14-132,15,2,0.0,0,sim
2-14-133,15,2,0.0,0,sim
2-14-134,15,2,0.0,0,sim
2-14-135,15,2,0.0,0,sim
2-14-136,15,2,0.0,0,sim
2-14-137,15,2,0.0,0,sim
2-14-138,15,2,0.0,0,sim
2-14-139,15,2,1.0,0,sim
2-14-140,15,2,0.0,0,sim
2-14-141,15,2,0.0,0,sim
2-14-142,15,2,0.0,0,sim
2-14-143,15,2,0.0,0,sim
2-14-144,15,2,0.0,0,sim
2-14-145,15,2,0.0,0,sim
2-14-146,15,2,0.0,0,sim
2-14-147,15,2,1.0,0,sim
2-14-148,15,2,0.0,0,sim
2-14-149,15,2,1.0,0,sim
2-14-150,15,2,0.0,1,sim
2-14-151,15,2,0.0,0,sim
2-14-152,15,2,0.0,0,sim
2-14-153,15,2,0.0,0,sim
2-14-154,15,2,1.0,0,sim
2-14-155,15,2,0.0,0,sim
2-14-156,15,2,0.0,0,sim
2-14-157,15,2,0.0,0,sim
2-14-158,15,2,1.0,0,sim
2-14-159,15,2,1.0,0,sim
2-14-160,15,2,0.0,0,sim
2-14-161,15,2,0.0,0,sim
2-14-162,15,2,1.0,0,sim
2-14-163,15,2,0.0,0,sim
2-14-164,15,2,0.0,0,sim
2-14-165,15,2,0.0,0,sim
2-14-166,15,2,0.0,0,sim
2-14-167,15,2,0.0,0,sim
2-14-168,15,2,0.0,0,sim
2-14-169,15,2,0.0,0,sim
2-14-170,15,2,0.0,0,sim
2-14-171,15,2,0.0,0,sim
2-14-172,15,2,1.0,0,sim
2-14-173,15,2,0.0,0,sim
2-14-174,15,2,0.0,0,sim
2-14-175,15,2,0.0,0,sim
2-14-176,15,2,1.0,0,sim
2-14-177,15,2,0.0,0,sim
2-14-178,15,2,0.0,0,sim
2-14-179,15,2,1.0,0,sim
2-14-180,15,2,0.0,0,sim
2-14-181,15,2,0.0,0,sim
2-14-182,15,2,1.0,0,sim
2-14-183,15,2,0.0,0,sim
2-14-184,15,2,0.0,0,sim
2-14-185,15,2,0.0,0,sim
2-14-186,15,2,0.0,0,sim
2-14-187,15,2,1.0,0,sim
2-14-188,15,2,0.0,0,sim
2-14-189,15,2,0.0,0,sim
2-14-190,15,2,0.0,0,sim
2-14-191,15,2,1.0,0,sim
2-14-192,15,2,1.0,0,sim
2-14-193,15,2,0.0,1,sim
2-14-194,15,2,0.0,0,sim
2-14-195,15,2,0.0,0,sim
2-14-196,15,2,0.0,0,sim
2-14-197,15,2,,0,sim
2-14-198,15,2,0.0,0,sim
2-14-199,15,2,0.0,0,sim
2-14-200,15,2,1.0,0,sim
2-14-201,15,2,0.0,0,sim
2-14-202,15,2,1.0,0,sim
2-14-203,15,2,0.0,0,sim
2-14-204,15,2,0.0,0,sim
2-14-205,15,2,0.0,0,sim
2-14-206,15,2,1.0,0,sim
2-14-207,15,2,0.0,0,sim
2-14-208,15,2,0.0,0,sim
2-14-209,15,2,0.0,0,sim
2-14-210,15,2,0.0,0,sim
2-14-211,15,2,1.0,0,sim
2-14-212,15,2,1.0,0,sim
2-14-213,15,2,0.0,0,sim
2-14-214,15,2,1.0,0,sim
2-14-215,15,2,0.0,0,sim
2-14-216,15,2,1.0,0,sim
2-14-217,15,2,1.0,0,sim
2-14-218,15,2,0.0,0,sim
2-14-219,15,2,1.0,0,sim
2-14-220,15,2,1.0,0,sim
2-14-221,15,2,1.0,0,sim
2-14-222,15,2,0.0,0,sim
2-14-223,15,2,0.0,0,sim
2-14-224,15,2,0.0,0,sim
2-14-225,15,2,1.0,0,sim
2-14-226,15,2,1.0,0,sim
2-14-227,15,2,0.0,0,sim
2-14-228,15,2,0.0,0,sim
2-14-229,15,2,0.0,0,sim
2-14-230,15,2,0.0,0,sim
2-14-231,15,2,1.0,0,sim
2-14-232,15,2,0.0,0,sim
2-14-233,15,2,0.0,0,sim
2-14-234,15,2,0.0,0,sim
2-14-235,15,2,0.0,0,sim
2-14-236,15,2,0.0,0,sim
2-14-237,15,2,1.0,0,sim
2-14-238,15,2,0.0,0,sim
2-14-239,15,2,0.0,0,sim
2-15-0,16,2,1.0,0,sim
2-15-1,16,2,0.0,0,sim
2-15-2,16,2,0.0,0,sim
2-15-3,16,2,0.0,0,sim
2-15-4,16,2,0.0,0,sim
2-15-5,16,2,0.0,0,sim
2-15-6,16,2,1.0,0,sim
2-15-7,16,2,0.0,0,sim
2-15-8,16,2,0.0,0,sim
2-15-9,16,2,0.0,0,sim
2-15-10,16,2,0.0,0,sim
2-15-11,16,2,1.0,0,sim
2-15-12,16,2,0.0,0,sim
2-15-13,16,2,0.0,0,sim
2-15-14,16,2,1.0,0,sim
2-15-15,16,2,0.0,0,sim
2-15-16,16,2,0.0,0,sim
2-15-17,16,2,0.0,0,sim
2-15-18,16,2,1.0,0,sim
2-15-19,16,2,0.0,0,sim
2-15-20,16,2,0.0,0,sim
2-15-21,16,2,0.0,0,sim
2-15-22,16,2,0.0,0,sim
2-15-23,16,2,0.0,0,sim
2-15-24,16,2,1.0,0,sim
2-15-25,16,2,0.0,0,sim
2-15-26,16,2,0.0,0,sim
2-15-27,16,2,0.0,0,sim
2-15-28,16,2,0.0,0,sim
2-15-29,16,2,1.0,0,sim
2-15-30,16,2,,0,sim
2-15-31,16,2,1.0,0,sim
2-15-32,16,2,1.0,0,sim
2-15-33,16,2,0.0,0,sim
2-15-34,16,2,1.0,0,sim
2-15-35,16,2,0.0,1,sim
2-15-36,16,2,0.0,0,sim
2-15-37,16,2,0.0,0,sim
2-15-38,16,2,0.0,0,sim
2-15-39,16,2,0.0,1,sim
2-15-40,16,2,0.0,0,sim
2-15-41,16,2,0.0,1,sim
2-15-42,16,2,1.0,0,sim
2-15-43,16,2,1.0,0,sim
2-15-44,16,2,0.0,0,sim
2-15-45,16,2,0.0,0,sim
2-15-46,16,2,0.0,0,sim
2-15-47,16,2,0.0,0,sim
2-15-48,16,2,0.0,0,sim
2-15-49,16,2,0.0,0,sim
2-15-50,16,2,0.0,0,sim
2-15-51,16,2,0.0,0,sim
2-15-52,16,2,0.0,0,sim
2-15-53,16,2,0.0,0,sim
2-15-54,16,2,0.0,0,sim
2-15-55,16,2,0.0,0,sim
2-15-56,16,2,0.0,0,sim
2-15-57,16,2,1.0,0,sim
2-15-58,16,2,0.0,0,sim
2-15-59,16,2,1.0,0,sim
2-15-60,16,2,1.0,0,sim
2-15-61,16,2,0.0,0,sim
2-15-62,16,2,0.0,0,sim
2-15-63,16,2,0.0,0,sim
2-15-64,16,2,0.0,0,sim
2-15-65,16,2,0.0,0,sim
2-15-66,16,2,0.0,0,sim
2-15-67,16,2,0.0,0,sim
2-15-68,16,2,,0,sim
2-15-69,16,2,0.0,0,sim
2-15-70,16,2,0.0,0,sim
2-15-71,16,2,0.0,0,sim
2-15-72,16,2,0.0,0,sim
2-15-73,16,2,0.0,0,sim
2-15-74,16,2,0.0,0,sim
2-15-75,16,2,0.0,0,sim
2-15-76,16,2,1.0,0,sim
2-15-77,16,2,0.0,0,sim
2-15-78,16,2,1.0,0,sim
2-15-79,16,2,1.0,0,sim
2-15-80,16,2,0.0,0,sim
2-15-81,16,2,1.0,0,sim
2-15-82,16,2,0.0,0,sim
2-15-83,16,2,0.0,0,sim
2-15-84,16,2,0.0,0,sim
2-15-85,16,2,,0,sim
2-15-86,16,2,0.0,0,sim
2-15-87,16,2,1.0,0,sim
2-15-88,16,2,0.0,0,sim
2-15-89,16,2,0.0,0,sim
2-15-90,16,2,0.0,0,sim
2-15-91,16,2,0.0,0,sim
2-15-92,16,2,0.0,0,sim
2-15-93,16,2,1.0,0,sim
2-15-94,16,2,1.0,0,sim
2-15-95,16,2,0.0,0,sim
2-15-96,16,2,0.0,0,sim
2-15-97,16,2,0.0,0,sim
2-15-98,16,2,0.0,0,sim
2-15-99,16,2,,0,sim
2-15-100,16,2,1.0,0,sim
2-15-101,16,2,0.0,0,sim
2-15-102,16,2,0.0,0,sim
2-15-103,16,2,1.0,0,sim
2-15-104,16,2,1.0,0,sim
2-15-105,16,2,0.0,0,sim
2-15-106,16,2,0.0,0,sim
2-15-107,16,2,0.0,0,sim
2-15-108,16,2,0.0,0,sim
2-15-109,16,2,0.0,0,sim
2-15-110,16,2,1.0,0,sim
2-15-111,16,2,1.0,0,sim
2-15-112,16,2,0.0,0,sim
2-15-113,16,2,1.0,0,sim
2-15-114,16,2,,0,sim
2-15-115,16,2,1.0,0,sim
2-15-116,16,2,0.0,0,sim
2-15-117,16,2,1.0,0,sim
2-15-118,16,2,0.0,0,sim
2-15-119,16,2,0.0,0,sim
2-15-120,16,2,0.0,0,sim
2-15-121,16,2,0.0,0,sim
2-15-122,16,2,1.0,0,sim
2-15-123,16,2,0.0,0,sim
2-15-124,16,2,1.0,0,sim
2-15-125,16,2,0.0,0,sim
2-15-126,16,2,1.0,0,sim
2-15-127,16,2,1.0,0,sim
2-15-128,16,2,0.0,0,sim
2-15-129,16,2,0.0,0,sim
2-15-130,16,2,0.0,0,sim
2-15-131,16,2,0.0,0,sim
2-15-132,16,2,0.0,0,sim
2-15-133,16,2,1.0,0,sim
2-15-134,16,2,0.0,0,sim
2-15-135,16,2,0.0,0,sim
2-15-136,16,2,0.0,0,sim
2-15-137,16,2,0.0,0,sim
2-15-138,16,2,0.0,0,sim
2-15-139,16,2,0.0,0,sim
2-15-140,16,2,1.0,0,sim
2-15-141,16,2,0.0,0,sim
2-15-142,16,2,0.0,0,sim
2-15-143,16,2,0.0,1,sim
2-15-144,16,2,1.0,0,sim
2-15-145,16,2,0.0,0,sim
2-15-146,16,2,1.0,0,sim
2-15-147,16,2,1.0,0,sim
2-15-148,16,2,1.0,0,sim
2-15-149,16,2,0.0,0,sim
2-15-150,16,2,0.0,0,sim
2-15-151,16,2,1.0,0,sim
2-15-152,16,2,0.0,0,sim
2-15-153,16,2,0.0,0,sim
2-15-154,16,2,0.0,0,sim
2-15-155,16,2,0.0,0,sim
2-15-156,16,2,0.0,0,sim
2-15-157,16,2,0.0,0,sim
2-15-158,16,2,1.0,0,sim
2-15-159,16,2,0.0,0,sim
2-15-160,16,2,1.0,0,sim
2-15-161,16,2,1.0,0,sim
2-15-162,16,2,0.0,0,sim
2-15-163,16,2,0.0,0,sim
2-15-164,16,2,0.0,0,sim
2-15-165,16,2,1.0,0,sim
2-15-166,16,2,0.0,0,sim
2-15-167,16,2,0.0,0,sim
2-15-168,16,2,0.0,0,sim
2-15-169,16,2,1.0,0,sim
2-15-170,16,2,0.0,0,sim
2-15-171,16,2,0.0,0,sim
2-15-172,16,2,0.0,0,sim
2-15-173,16,2,1.0,0,sim
2-15-174,16,2,0.0,0,sim
2-15-175,16,2,0.0,0,sim
2-15-176,16,2,0.0,0,sim
2-15-177,16,2,0.0,0,sim
2-15-178,16,2,0.0,0,sim
2-15-179,16,2,0.0,0,sim
2-15-180,16,2,0.0,0,sim
2-15-181,16,2,1.0,0,sim
2-15-182,16,2,0.0,0,sim
2-15-183,16,2,0.0,0,sim
2-15-184,16,2,0.0,0,sim
2-15-185,16,2,1.0,0,sim
2-15-186,16,2,1.0,0,sim
2-15-187,16,2,0.0,0,sim
2-15-188,16,2,0.0,0,sim
2-15-189,16,2,1.0,0,sim
2-15-190,16,2,1.0,0,sim
2-15-191,16,2,1.0,0,sim
2-15-192,16,2,0.0,0,sim
2-15-193,16,2,1.0,0,sim
2-15-194,16,2,0.0,0,sim
2-15-195,16,2,0.0,0,sim
2-15-196,16,2,0.0,0,sim
2-15-197,16,2,0.0,0,sim
2-15-198,16,2,1.0,0,sim
2-15-199,16,2,0.0,1,sim
2-15-200,16,2,1.0,0,sim
2-15-201,16,2,0.0,0,sim
2-15-202,16,2,0.0,0,sim
2-15-203,16,2,1.0,0,sim
2-15-204,16,2,0.0,0,sim
2-15-205,16,2,0.0,0,sim
2-15-206,16,2,,0,sim
2-15-207,16,2,1.0,0,sim
2-15-208,16,2,0.0,0,sim
2-15-209,16,2,0.0,0,sim
2-15-210,16,2,0.0,0,sim
2-15-211,16,2,0.0,0,sim
2-15-212,16,2,1.0,0,sim
2-15-213,16,2,1.0,0,sim
2-15-214,16,2,1.0,0,sim
2-15-215,16,2,1.0,0,sim
2-15-216,16,2,0.0,0,sim
2-15-217,16,2,0.0,0,sim
2-15-218,16,2,0.0,0,sim
2-15-219,16,2,1.0,0,sim
2-15-220,16,2,1.0,0,sim
2-15-221,16,2,0.0,0,sim
2-15-222,16,2,0.0,0,sim
2-15-223,16,2,0.0,0,sim
2-15-224,16,2,0.0,0,sim
2-15-225,16,2,0.0,0,sim
2-15-226,16,2,0.0,0,sim
2-15-227,16,2,0.0,0,sim
2-15-228,16,2,0.0,0,sim
2-15-229,16,2,0.0,0,sim
2-15-230,16,2,0.0,0,sim
2-15-231,16,2,0.0,0,sim
2-15-232,16,2,0.0,0,sim
2-15-233,16,2,1.0,0,sim
2-15-234,16,2,,0,sim
2-15-235,16,2,0.0,0,sim
2-15-236,16,2,0.0,0,sim
2-15-237,16,2,0.0,0,sim
2-15-238,16,2,0.0,0,sim
2-15-239,16,2,1.0,0,sim
2-16-0,17,2,0.0,0,sim
2-16-1,17,2,0.0,0,sim
2-16-2,17,2,1.0,0,sim
2-16-3,17,2,0.0,0,sim
2-16-4,17,2,1.0,0,sim
2-16-5,17,2,1.0,0,sim
2-16-6,17,2,0.0,0,sim
2-16-7,17,2,0.0,0,sim
2-16-8,17,2,0.0,0,sim
2-16-9,17,2,0.0,0,sim
2-16-10,17,2,0.0,0,sim
2-16-11,17,2,0.0,0,sim
2-16-12,17,2,0.0,0,sim
2-16-13,17,2,0.0,0,sim
2-16-14,17,2,1.0,0,sim
2-16-15,17,2,0.0,0,sim
2-16-16,17,2,1.0,0,sim
2-16-17,17,2,0.0,0,sim
2-16-18,17,2,1.0,0,sim
2-16-19,17,2,1.0,0,sim
2-16-20,17,2,1.0,0,sim
2-16-21,17,2,1.0,0,sim
2-16-22,17,2,0.0,0,sim
2-16-23,17,2,0.0,0,sim
2-16-24,17,2,1.0,0,sim
2-16-25,17,2,0.0,0,sim
2-16-26,17,2,0.0,0,sim
2-16-27,17,2,0.0,0,sim
2-16-28,17,2,0.0,0,sim
2-16-29,17,2,0.0,0,sim
2-16-30,17,2,1.0,0,sim
2-16-31,17,2,0.0,0,sim
2-16-32,17,2,1.0,0,sim
2-16-33,17,2,0.0,0,sim
2-16-34,17,2,0.0,0,sim
2-16-35,17,2,0.0,0,sim
2-16-36,17,2,0.0,0,sim
2-16-37,17,2,1.0,0,sim
2-16-38,17,2,0.0,0,sim
2-16-39,17,2,0.0,0,sim
2-16-40,17,2,0.0,0,sim
2-16-41,17,2,1.0,0,sim
2-16-42,17,2,0.0,0,sim
2-16-43,17,2,0.0,0,sim
2-16-44,17,2,,0,sim
2-16-45,17,2,0.0,0,sim
2-16-46,17,2,1.0,0,sim
2-16-47,17,2,1.0,0,sim
2-16-48,17,2,0.0,0,sim
2-16-49,17,2,1.0,0,sim
2-16-50,17,2,1.0,0,sim
2-16-51,17,2,0.0,0,sim
2-16-52,17,2,1.0,0,sim
2-16-53,17,2,1.0,0,sim
2-16-54,17,2,1.0,0,sim
2-16-55,17,2,0.0,0,sim
2-16-56,17,2,0.0,0,sim
2-16-57,17,2,0.0,0,sim
2-16-58,17,2,1.0,0,sim
2-16-59,17,2,0.0,0,sim
2-16-60,17,2,0.0,0,sim
2-16-61,17,2,0.0,0,sim
2-16-62,17,2,0.0,0,sim
2-16-63,17,2,0.0,0,sim
2-16-64,17,2,0.0,0,sim
2-16-65,17,2,,0,sim
2-16-66,17,2,1.0,0,sim
2-16-67,17,2,0.0,0,sim
2-16-68,17,2,0.0,0,sim
2-16-69,17,2,0.0,0,sim
2-16-70,17,2,0.0,0,sim
2-16-71,17,2,0.0,0,sim
2-16-72,17,2,1.0,0,sim
2-16-73,17,2,0.0,0,sim
2-16-74,17,2,,0,sim
2-16-75,17,2,0.0,0,sim
2-16-76,17,2,0.0,0,sim
2-16-77,17,2,0.0,0,sim
2-16-78,17,2,1.0,0,sim
2-16-79,17,2,1.0,0,sim
2-16-80,17,2,0.0,0,sim
2-16-81,17,2,0.0,0,sim
2-16-82,17,2,0.0,0,sim
2-16-83,17,2,0.0,0,sim
2-16-84,17,2,1.0,0,sim
2-16-85,17,2,0.0,0,sim
2-16-86,17,2,0.0,0,sim
2-16-87,17,2,0.0,0,sim
2-16-88,17,2,0.0,0,sim
2-16-89,17,2,0.0,0,sim
2-16-90,17,2,1.0,0,sim
2-16-91,17,2,1.0,0,sim
2-16-92,17,2,0.0,0,sim
2-16-93,17,2,,0,sim
2-16-94,17,2,1.0,0,sim
2-16-95,17,2,0.0,0,sim
2-16-96,17,2,0.0,0,sim
2-16-97,17,2,0.0,0,sim
2-16-98,17,2,1.0,0,sim
2-16-99,17,2,0.0,0,sim
2-16-100,17,2,1.0,0,sim
2-16-101,17,2,0.0,0,sim
2-16-102,17,2,0.0,0,sim
2-16-103,17,2,1.0,0,sim
2-16-104,17,2,1.0,0,sim
2-16-105,17,2,1.0,0,sim
2-16-106,17,2,1.0,1,sim
2-16-107,17,2,0.0,0,sim
2-16-108,17,2,0.0,0,sim
2-16-109,17,2,0.0,0,sim
2-16-110,17,2,0.0,0,sim
2-16-111,17,2,0.0,0,sim
2-16-112,17,2,0.0,0,sim
2-16-113,17,2,0.0,0,sim
2-16-114,17,2,0.0,0,sim
2-16-115,17,2,0.0,0,sim
2-16-116,17,2,0.0,1,sim
2-16-117,17,2,1.0,0,sim
2-16-118,17,2,0.0,0,sim
2-16-119,17,2,1.0,0,sim
2-16-120,17,2,0.0,0,sim
2-16-121,17,2,0.0,0,sim
2-16-122,17,2,0.0,0,sim
2-16-123,17,2,0.0,0,sim
2-16-124,17,2,0.0,0,sim
2-16-125,17,2,0.0,0,sim
2-16-126,17,2,0.0,0,sim
2-16-127,17,2,1.0,0,sim
2-16-128,17,2,0.0,0,sim
2-16-129,17,2,0.0,0,sim
2-16-130,17,2,1.0,0,sim
2-16-131,17,2,0.0,0,sim
2-16-132,17,2,0.0,0,sim
2-16-133,17,2,1.0,0,sim
2-16-134,17,2,0.0,0,sim
2-16-135,17,2,0.0,0,sim
2-16-136,17,2,0.0,0,sim
2-16-137,17,2,0.0,0,sim
2-16-138,17,2,0.0,0,sim
2-16-139,17,2,0.0,0,sim
2-16-140,17,2,0.0,0,sim
2-16-141,17,2,1.0,0,sim
2-16-142,17,2,0.0,0,sim
2-16-143,17,2,0.0,0,sim
2-16-144,17,2,0.0,0,sim
2-16-145,17,2,1.0,0,sim
2-16-146,17,2,1.0,0,sim
2-16-147,17,2,1.0,0,sim
2-16-148,17,2,0.0,0,sim
2-16-149,17,2,1.0,0,sim
2-16-150,17,2,0.0,0,sim
2-16-151,17,2,1.0,0,sim
2-16-152,17,2,0.0,0,sim
2-16-153,17,2,0.0,1,sim
2-16-154,17,2,0.0,0,sim
2-16-155,17,2,0.0,0,sim
2-16-156,17,2,,0,sim
2-16-157,17,2,1.0,0,sim
2-16-158,17,2,0.0,0,sim
2-16-159,17,2,1.0,0,sim
2-16-160,17,2,1.0,0,sim
2-16-161,17,2,0.0,0,sim
2-16-162,17,2,1.0,0,sim
2-16-163,17,2,1.0,0,sim
2-16-164,17,2,1.0,0,sim
2-16-165,17,2,0.0,0,sim
2-16-166,17,2,0.0,0,sim
2-16-167,17,2,1.0,0,sim
2-16-168,17,2,1.0,0,sim
2-16-169,17,2,1.0,0,sim
2-16-170,17,2,0.0,0,sim
2-16-171,17,2,0.0,0,sim
2-16-172,17,2,1.0,0,sim
2-16-173,17,2,1.0,0,sim
2-16-174,17,2,1.0,0,sim
2-16-175,17,2,0.0,0,sim
2-16-176,17,2,0.0,0,sim
2-16-177,17,2,0.0,0,sim
2-16-178,17,2,0.0,0,sim
2-16-179,17,2,1.0,0,sim
2-16-180,17,2,0.0,0,sim
2-16-181,17,2,1.0,0,sim
2-16-182,17,2,1.0,0,sim
2-16-183,17,2,0.0,0,sim
2-16-184,17,2,1.0,0,sim
2-16-185,17,2,,0,sim
2-16-186,17,2,0.0,0,sim
2-16-187,17,2,0.0,0,sim
2-16-188,17,2,0.0,0,sim
2-16-189,17,2,1.0,0,sim
2-16-190,17,2,0.0,0,sim
2-16-191,17,2,0.0,1,sim
2-16-192,17,2,1.0,0,sim
2-16-193,17,2,0.0,0,sim
2-16-194,17,2,0.0,0,sim
2-16-195,17,2,,0,sim
2-16-196,17,2,1.0,0,sim
2-16-197,17,2,0.0,0,sim
2-16-198,17,2,1.0,0,sim
2-16-199,17,2,1.0,0,sim
2-16-200,17,2,1.0,0,sim
2-16-201,17,2,0.0,0,sim
2-16-202,17,2,0.0,0,sim
2-16-203,17,2,0.0,0,sim
2-16-204,17,2,,0,sim
2-16-205,17,2,0.0,0,sim
2-16-206,17,2,1.0,0,sim
2-16-207,17,2,1.0,0,sim
2-16-208,17,2,0.0,0,sim
2-16-209,17,2,0.0,0,sim
2-16-210,17,2,0.0,0,sim
2-16-211,17,2,0.0,0,sim
2-16-212,17,2,0.0,0,sim
2-16-213,17,2,1.0,0,sim
2-16-214,17,2,0.0,0,sim
2-16-215,17,2,1.0,0,sim
2-16-216,17,2,0.0,0,sim
2-16-217,17,2,1.0,0,sim
2-16-218,17,2,1.0,0,sim
2-16-219,17,2,,0,sim
2-16-220,17,2,1.0,0,sim
2-16-221,17,2,0.0,0,sim
2-16-222,17,2,0.0,0,sim
2-16-223,17,2,0.0,1,sim
2-16-224,17,2,0.0,0,sim
2-16-225,17,2,0.0,0,sim
2-16-226,17,2,,0,sim
2-16-227,17,2,1.0,0,sim
2-16-228,17,2,1.0,0,sim
2-16-229,17,2,0.0,0,sim
2-16-230,17,2,0.0,0,sim
2-16-231,17,2,1.0,0,sim
2-16-232,17,2,1.0,0,sim
2-16-233,17,2,0.0,0,sim
2-16-234,17,2,0.0,0,sim
2-16-235,17,2,0.0,0,sim
2-16-236,17,2,,0,sim
2-16-237,17,2,0.0,0,sim
2-16-238,17,2,0.0,0,sim
2-16-239,17,2,0.0,0,sim
2-17-0,18,2,1.0,0,sim
2-17-1,18,2,0.0,0,sim
2-17-2,18,2,,0,sim
2-17-3,18,2,0.0,0,sim
2-17-4,18,2,0.0,0,sim
2-17-5,18,2,1.0,0,sim
2-17-6,18,2,1.0,0,sim
2-17-7,18,2,1.0,0,sim
2-17-8,18,2,0.0,0,sim
2-17-9,18,2,1.0,0,sim
2-17-10,18,2,1.0,0,sim
2-17-11,18,2,1.0,0,sim
2-17-12,18,2,0.0,0,sim
2-17-13,18,2,1.0,0,sim
2-17-14,18,2,0.0,0,sim
2-17-15,18,2,1.0,0,sim
2-17-16,18,2,0.0,0,sim
2-17-17,18,2,1.0,0,sim
2-17-18,18,2,1.0,0,sim
2-17-19,18,2,0.0,0,sim
2-17-20,18,2,0.0,0,sim
2-17-21,18,2,0.0,0,sim
2-17-22,18,2,1.0,0,sim
2-17-23,18,2,0.0,0,sim
2-17-24,18,2,0.0,0,sim
2-17-25,18,2,1.0,0,sim
2-17-26,18,2,1.0,0,sim
2-17-27,18,2,0.0,0,sim
2-17-28,18,2,1.0,0,sim
2-17-29,18,2,1.0,0,sim
2-17-30,18,2,1.0,0,sim
2-17-31,18,2,0.0,0,sim
2-17-32,18,2,0.0,0,sim
2-17-33,18,2,1.0,0,sim
2-17-34,18,2,1.0,0,sim
2-17-35,18,2,1.0,0,sim
2-17-36,18,2,0.0,0,sim
2-17-37,18,2,0.0,0,sim
2-17-38,18,2,0.0,0,sim
2-17-39,18,2,0.0,0,sim
2-17-40,18,2,1.0,0,sim
2-17-41,18,2,1.0,0,sim
2-17-42,18,2,0.0,0,sim
2-17-43,18,2,1.0,0,sim
2-17-44,18,2,1.0,0,sim
2-17-45,18,2,0.0,0,sim
2-17-46,18,2,0.0,0,sim
2-17-47,18,2,1.0,0,sim
2-17-48,18,2,0.0,0,sim
2-17-49,18,2,0.0,0,sim
2-17-50,18,2,0.0,0,sim
2-17-51,18,2,0.0,0,sim
2-17-52,18,2,1.0,0,sim
2-17-53,18,2,1.0,0,sim
2-17-54,18,2,0.0,0,sim
2-17-55,18,2,0.0,0,sim
2-17-56,18,2,1.0,0,sim
2-17-57,18,2,0.0,0,sim
2-17-58,18,2,0.0,0,sim
2-17-59,18,2,0.0,0,sim
2-17-60,18,2,0.0,0,sim
2-17-61,18,2,0.0,0,sim
2-17-62,18,2,0.0,0,sim
2-17-63,18,2,0.0,0,sim
2-17-64,18,2,1.0,0,sim
2-17-65,18,2,0.0,0,sim
2-17-66,18,2,1.0,0,sim
2-17-67,18,2,0.0,0,sim
2-17-68,18,2,0.0,0,sim
2-17-69,18,2,0.0,0,sim
2-17-70,18,2,0.0,0,sim
2-17-71,18,2,1.0,0,sim
2-17-72,18,2,1.0,0,sim
2-17-73,18,2,0.0,0,sim
2-17-74,18,2,0.0,0,sim
2-17-75,18,2,0.0,0,sim
2-17-76,18,2,0.0,0,sim
2-17-77,18,2,0.0,0,sim
2-17-78,18,2,0.0,0,sim
2-17-79,18,2,1.0,0,sim
2-17-80,18,2,1.0,0,sim
2-17-81,18,2,,0,sim
2-17-82,18,2,1.0,0,sim
2-17-83,18,2,1.0,0,sim
2-17-84,18,2,0.0,0,sim
2-17-85,18,2,0.0,0,sim
2-17-86,18,2,0.0,0,sim
2-17-87,18,2,0.0,0,sim
2-17-88,18,2,0.0,0,sim
2-17-89,18,2,0.0,0,sim
2-17-90,18,2,1.0,0,sim
2-17-91,18,2,0.0,0,sim
2-17-92,18,2,1.0,0,sim
2-17-93,18,2,1.0,0,sim
2-17-94,18,2,1.0,0,sim
2-17-95,18,2,0.0,0,sim
2-17-96,18,2,0.0,0,sim
2-17-97,18,2,0.0,0,sim
2-17-98,18,2,0.0,0,sim
2-17-99,18,2,0.0,0,sim
2-17-100,18,2,1.0,0,sim
2-17-101,18,2,1.0,0,sim
2-17-102,18,2,0.0,0,sim
2-17-103,18,2,1.0,0,sim
2-17-104,18,2,0.0,0,sim
2-17-105,18,2,1.0,0,sim
2-17-106,18,2,0.0,0,sim
2-17-107,18,2,1.0,0,sim
2-17-108,18,2,0.0,0,sim
2-17-109,18,2,0.0,0,sim
2-17-110,18,2,0.0,0,sim
2-17-111,18,2,0.0,0,sim
2-17-112,18,2,0.0,0,sim
2-17-113,18,2,0.0,0,sim
2-17-114,18,2,0.0,0,sim
2-17-115,18,2,0.0,0,sim
2-17-116,18,2,0.0,0,sim
2-17-117,18,2,0.0,0,sim
2-17-118,18,2,0.0,0,sim
2-17-119,18,2,0.0,0,sim
2-17-120,18,2,1.0,0,sim
2-17-121,18,2,0.0,0,sim
2-17-122,18,2,1.0,0,sim
2-17-123,18,2,1.0,0,sim
2-17-124,18,2,1.0,1,sim
2-17-125,18,2,0.0,0,sim
2-17-126,18,2,0.0,0,sim
2-17-127,18,2,1.0,1,sim
2-17-128,18,2,1.0,0,sim
2-17-129,18,2,1.0,0,sim
2-17-130,18,2,1.0,0,sim
2-17-131,18,2,1.0,0,sim
2-17-132,18,2,0.0,0,sim
2-17-133,18,2,0.0,0,sim
2-17-134,18,2,0.0,0,sim
2-17-135,18,2,1.0,0,sim
2-17-136,18,2,1.0,0,sim
2-17-137,18,2,0.0,0,sim
2-17-138,18,2,0.0,0,sim
2-17-139,18,2,0.0,0,sim
2-17-140,18,2,0.0,0,sim
2-17-141,18,2,1.0,0,sim
2-17-142,18,2,1.0,0,sim
2-17-143,18,2,0.0,0,sim
2-17-144,18,2,1.0,0,sim
2-17-145,18,2,0.0,0,sim
2-17-146,18,2,1.0,0,sim
2-17-147,18,2,0.0,0,sim
2-17-148,18,2,1.0,0,sim
2-17-149,18,2,0.0,0,sim
2-17-150,18,2,1.0,0,sim
2-17-151,18,2,0.0,0,sim
2-17-152,18,2,0.0,0,sim
2-17-153,18,2,0.0,0,sim
2-17-154,18,2,0.0,0,sim
2-17-155,18,2,0.0,0,sim
2-17-156,18,2,1.0,0,sim
2-17-157,18,2,1.0,0,sim
2-17-158,18,2,0.0,0,sim
2-17-159,18,2,1.0,0,sim
2-17-160,18,2,0.0,0,sim
2-17-161,18,2,1.0,0,sim
2-17-162,18,2,1.0,0,sim
2-17-163,18,2,,0,sim
2-17-164,18,2,0.0,0,sim
2-17-165,18,2,0.0,0,sim
2-17-166,18,2,0.0,0,sim
2-17-167,18,2,1.0,0,sim
2-17-168,18,2,1.0,0,sim
2-17-169,18,2,0.0,0,sim
2-17-170,18,2,0.0,0,sim
2-17-171,18,2,1.0,0,sim
2-17-172,18,2,0.0,0,sim
2-17-173,18,2,0.0,0,sim
2-17-174,18,2,0.0,0,sim
2-17-175,18,2,,0,sim
2-17-176,18,2,0.0,0,sim
2-17-177,18,2,0.0,0,sim
2-17-178,18,2,,0,sim
2-17-179,18,2,0.0,0,sim
2-17-180,18,2,0.0,0,sim
2-17-181,18,2,1.0,0,sim
2-17-182,18,2,0.0,0,sim
2-17-183,18,2,0.0,0,sim
2-17-184,18,2,1.0,0,sim
2-17-185,18,2,0.0,0,sim
2-17-186,18,2,1.0,0,sim
2-17-187,18,2,0.0,0,sim
2-17-188,18,2,1.0,0,sim
2-17-189,18,2,1.0,0,sim
2-17-190,18,2,0.0,0,sim
2-17-191,18,2,1.0,0,sim
2-17-192,18,2,0.0,0,sim
2-17-193,18,2,0.0,0,sim
2-17-194,18,2,0.0,0,sim
2-17-195,18,2,1.0,0,sim
2-17-196,18,2,,0,sim
2-17-197,18,2,0.0,0,sim
2-17-198,18,2,0.0,0,sim
2-17-199,18,2,1.0,0,sim
2-17-200,18,2,0.0,0,sim
2-17-201,18,2,1.0,0,sim
2-17-202,18,2,0.0,0,sim
2-17-203,18,2,1.0,0,sim
2-17-204,18,2,0.0,0,sim
2-17-205,18,2,1.0,0,sim
2-17-206,18,2,0.0,0,sim
2-17-207,18,2,1.0,0,sim
2-17-208,18,2,0.0,0,sim
2-17-209,18,2,0.0,0,sim
2-17-210,18,2,1.0,0,sim
2-17-211,18,2,0.0,0,sim
2-17-212,18,2,0.0,0,sim
2-17-213,18,2,0.0,0,sim
2-17-214,18,2,0.0,0,sim
2-17-215,18,2,0.0,0,sim
2-17-216,18,2,0.0,0,sim
2-17-217,18,2,0.0,1,sim
2-17-218,18,2,1.0,0,sim
2-17-219,18,2,0.0,0,sim
2-17-220,18,2,0.0,0,sim
2-17-221,18,2,1.0,0,sim
2-17-222,18,2,1.0,0,sim
2-17-223,18,2,0.0,0,sim
2-17-224,18,2,0.0,0,sim
2-17-225,18,2,0.0,0,sim
2-17-226,18,2,0.0,0,sim
2-17-227,18,2,1.0,0,sim
2-17-228,18,2,0.0,0,sim
2-17-229,18,2,1.0,1,sim
2-17-230,18,2,1.0,0,sim
2-17-231,18,2,1.0,0,sim
2-17-232,18,2,0.0,0,sim
2-17-233,18,2,1.0,0,sim
2-17-234,18,2,0.0,0,sim
2-17-235,18,2,0.0,0,sim
2-17-236,18,2,0.0,0,sim
2-17-237,18,2,1.0,0,sim
2-17-238,18,2,1.0,0,sim
2-17-239,18,2,0.0,0,sim
2-18-0,19,2,0.0,0,sim
2-18-1,19,2,0.0,0,sim
2-18-2,19,2,0.0,0,sim
2-18-3,19,2,0.0,0,sim
2-18-4,19,2,0.0,0,sim
2-18-5,19,2,0.0,0,sim
2-18-6,19,2,0.0,0,sim
2-18-7,19,2,1.0,0,sim
2-18-8,19,2,0.0,1,sim
2-18-9,19,2,1.0,0,sim
2-18-10,19,2,0.0,0,sim
2-18-11,19,2,0.0,0,sim
2-18-12,19,2,,0,sim
2-18-13,19,2,0.0,0,sim
2-18-14,19,2,1.0,0,sim
2-18-15,19,2,0.0,0,sim
2-18-16,19,2,0.0,0,sim
2-18-17,19,2,0.0,0,sim
2-18-18,19,2,0.0,0,sim
2-18-19,19,2,0.0,0,sim
2-18-20,19,2,0.0,0,sim
2-18-21,19,2,1.0,0,sim
2-18-22,19,2,1.0,0,sim
2-18-23,19,2,1.0,0,sim
2-18-24,19,2,1.0,0,sim
2-18-25,19,2,0.0,0,sim
2-18-26,19,2,1.0,0,sim
2-18-27,19,2,1.0,0,sim
2-18-28,19,2,0.0,0,sim
2-18-29,19,2,0.0,0,sim
2-18-30,19,2,0.0,0,sim
2-18-31,19,2,0.0,0,sim
2-18-32,19,2,0.0,0,sim
2-18-33,19,2,1.0,0,sim
2-18-34,19,2,0.0,0,sim
2-18-35,19,2,0.0,1,sim
2-18-36,19,2,1.0,0,sim
2-18-37,19,2,0.0,0,sim
2-18-38,19,2,0.0,0,sim
2-18-39,19,2,1.0,0,sim
2-18-40,19,2,0.0,0,sim
2-18-41,19,2,0.0,0,sim
2-18-42,19,2,0.0,0,sim
2-18-43,19,2,1.0,0,sim
2-18-44,19,2,0.0,0,sim
2-18-45,19,2,0.0,0,sim
2-18-46,19,2,0.0,0,sim
2-18-47,19,2,0.0,0,sim
2-18-48,19,2,0.0,0,sim
2-18-49,19,2,1.0,0,sim
2-18-50,19,2,1.0,0,sim
2-18-51,19,2,1.0,0,sim
2-18-52,19,2,0.0,0,sim
2-18-53,19,2,1.0,0,sim
2-18-54,19,2,1.0,0,sim
2-18-55,19,2,0.0,0,sim
2-18-56,19,2,1.0,0,sim
2-18-57,19,2,1.0,0,sim
2-18-58,19,2,0.0,0,sim
2-18-59,19,2,1.0,0,sim
2-18-60,19,2,0.0,0,sim
2-18-61,19,2,0.0,0,sim
2-18-62,19,2,0.0,0,sim
2-18-63,19,2,1.0,0,sim
2-18-64,19,2,0.0,0,sim
2-18-65,19,2,1.0,0,sim
2-18-66,19,2,0.0,0,sim
2-18-67,19,2,0.0,0,sim
2-18-68,19,2,0.0,0,sim
2-18-69,19,2,1.0,0,sim
2-18-70,19,2,,0,sim
2-18-71,19,2,0.0,0,sim
2-18-72,19,2,1.0,0,sim
2-18-73,19,2,1.0,0,sim
2-18-74,19,2,0.0,0,sim
2-18-75,19,2,0.0,0,sim
2-18-76,19,2,0.0,0,sim
2-18-77,19,2,1.0,0,sim
2-18-78,19,2,1.0,0,sim
2-18-79,19,2,1.0,0,sim
2-18-80,19,2,0.0,0,sim
2-18-81,19,2,0.0,0,sim
2-18-82,19,2,0.0,0,sim
2-18-83,19,2,,0,sim
2-18-84,19,2,0.0,0,sim
2-18-85,19,2,1.0,0,sim
2-18-86,19,2,1.0,0,sim
2-18-87,19,2,0.0,0,sim
2-18-88,19,2,,0,sim
2-18-89,19,2,0.0,0,sim
2-18-90,19,2,0.0,0,sim
2-18-91,19,2,0.0,0,sim
2-18-92,19,2,1.0,0,sim
2-18-93,19,2,0.0,0,sim
2-18-94,19,2,0.0,0,sim
2-18-95,19,2,0.0,0,sim
2-18-96,19,2,0.0,0,sim
2-18-97,19,2,1.0,0,sim
2-18-98,19,2,0.0,0,sim
2-18-99,19,2,0.0,0,sim
2-18-100,19,2,0.0,0,sim
2-18-101,19,2,0.0,0,sim
2-18-102,19,2,0.0,0,sim
2-18-103,19,2,0.0,0,sim
2-18-104,19,2,1.0,0,sim
2-18-105,19,2,1.0,0,sim
2-18-106,19,2,0.0,0,sim
2-18-107,19,2,,0,sim
2-18-108,19,2,0.0,0,sim
2-18-109,19,2,0.0,0,sim
2-18-110,19,2,1.0,0,sim
2-18-111,19,2,0.0,0,sim
2-18-112,19,2,1.0,0,sim
2-18-113,19,2,1.0,0,sim
2-18-114,19,2,1.0,0,sim
2-18-115,19,2,0.0,0,sim
2-18-116,19,2,0.0,0,sim
2-18-117,19,2,1.0,0,sim
2-18-118,19,2,1.0,0,sim
2-18-119,19,2,1.0,0,sim
2-18-120,19,2,0.0,0,sim
2-18-121,19,2,0.0,1,sim
2-18-122,19,2,0.0,0,sim
2-18-123,19,2,1.0,0,sim
2-18-124,19,2,0.0,0,sim
2-18-125,19,2,1.0,0,sim
2-18-126,19,2,0.0,1,sim
2-18-127,19,2,0.0,0,sim
2-18-128,19,2,1.0,0,sim
2-18-129,19,2,0.0,0,sim
2-18-130,19,2,0.0,0,sim
2-18-131,19,2,1.0,0,sim
2-18-132,19,2,0.0,0,sim
2-18-133,19,2,0.0,0,sim
2-18-134,19,2,1.0,0,sim
2-18-135,19,2,0.0,0,sim
2-18-136,19,2,1.0,0,sim
2-18-137,19,2,0.0,0,sim
2-18-138,19,2,1.0,0,sim
2-18-139,19,2,1.0,0,sim
2-18-140,19,2,0.0,0,sim
2-18-141,19,2,0.0,0,sim
2-18-142,19,2,0.0,0,sim
2-18-143,19,2,1.0,0,sim
2-18-144,19,2,1.0,0,sim
2-18-145,19,2,1.0,0,sim
2-18-146,19,2,0.0,0,sim
2-18-147,19,2,0.0,0,sim
2-18-148,19,2,1.0,0,sim
2-18-149,19,2,0.0,0,sim
2-18-150,19,2,1.0,0,sim
2-18-151,19,2,1.0,0,sim
2-18-152,19,2,0.0,0,sim
2-18-153,19,2,0.0,0,sim
2-18-154,19,2,0.0,0,sim
2-18-155,19,2,1.0,0,sim
2-18-156,19,2,1.0,0,sim
2-18-157,19,2,0.0,0,sim
2-18-158,19,2,1.0,0,sim
2-18-159,19,2,1.0,0,sim
2-18-160,19,2,1.0,0,sim
2-18-161,19,2,0.0,0,sim
2-18-162,19,2,1.0,0,sim
2-18-163,19,2,1.0,0,sim
2-18-164,19,2,0.0,0,sim
2-18-165,19,2,1.0,0,sim
2-18-166,19,2,0.0,1,sim
2-18-167,19,2,0.0,0,sim
2-18-168,19,2,1.0,0,sim
2-18-169,19,2,0.0,0,sim
2-18-170,19,2,0.0,0,sim
2-18-171,19,2,0.0,0,sim
2-18-172,19,2,1.0,0,sim
2-18-173,19,2,0.0,0,sim
2-18-174,19,2,0.0,0,sim
2-18-175,19,2,0.0,0,sim
2-18-176,19,2,0.0,0,sim
2-18-177,19,2,0.0,0,sim
2-18-178,19,2,0.0,0,sim
2-18-179,19,2,0.0,0,sim
2-18-180,19,2,1.0,0,sim
2-18-181,19,2,0.0,0,sim
2-18-182,19,2,0.0,0,sim
2-18-183,19,2,1.0,0,sim
2-18-184,19,2,1.0,0,sim
2-18-185,19,2,0.0,0,sim
2-18-186,19,2,0.0,0,sim
2-18-187,19,2,0.0,0,sim
2-18-188,19,2,0.0,0,sim
2-18-189,19,2,0.0,0,sim
2-18-190,19,2,0.0,0,sim
2-18-191,19,2,0.0,0,sim
2-18-192,19,2,0.0,0,sim
2-18-193,19,2,1.0,0,sim
2-18-194,19,2,1.0,0,sim
2-18-195,19,2,1.0,0,sim
2-18-196,19,2,0.0,0,sim
2-18-197,19,2,0.0,0,sim
2-18-198,19,2,0.0,0,sim
2-18-199,19,2,0.0,0,sim
2-18-200,19,2,0.0,0,sim
2-18-201,19,2,0.0,0,sim
2-18-202,19,2,0.0,0,sim
2-18-203,19,2,1.0,0,sim
2-18-204,19,2,0.0,0,sim
2-18-205,19,2,0.0,0,sim
2-18-206,19,2,0.0,0,sim
2-18-207,19,2,0.0,0,sim
2-18-208,19,2,1.0,0,sim
2-18-209,19,2,1.0,0,sim
2-18-210,19,2,1.0,0,sim
2-18-211,19,2,0.0,0,sim
2-18-212,19,2,1.0,0,sim
2-18-213,19,2,0.0,0,sim
2-18-214,19,2,1.0,0,sim
2-18-215,19,2,1.0,0,sim
2-18-216,19,2,1.0,0,sim
2-18-217,19,2,1.0,0,sim
2-18-218,19,2,0.0,0,sim
2-18-219,19,2,0.0,0,sim
2-18-220,19,2,0.0,0,sim
2-18-221,19,2,0.0,0,sim
2-18-222,19,2,0.0,0,sim
2-18-223,19,2,1.0,0,sim
2-18-224,19,2,1.0,0,sim
2-18-225,19,2,0.0,0,sim
2-18-226,19,2,0.0,0,sim
2-18-227,19,2,0.0,0,sim
2-18-228,19,2,1.0,0,sim
2-18-229,19,2,1.0,0,sim
2-18-230,19,2,0.0,0,sim
2-18-231,19,2,1.0,0,sim
2-18-232,19,2,0.0,0,sim
2-18-233,19,2,0.0,0,sim
2-18-234,19,2,1.0,0,sim
2-18-235,19,2,0.0,0,sim
2-18-236,19,2,1.0,0,sim
2-18-237,19,2,1.0,1,sim
2-18-238,19,2,0.0,0,sim
2-18-239,19,2,1.0,0,sim
2-19-0,20,2,1.0,0,sim
2-19-1,20,2,0.0,0,sim
2-19-2,20,2,0.0,0,sim
2-19-3,20,2,1.0,0,sim
2-19-4,20,2,0.0,0,sim
2-19-5,20,2,1.0,0,sim
2-19-6,20,2,1.0,0,sim
2-19-7,20,2,1.0,0,sim
2-19-8,20,2,0.0,0,sim
2-19-9,20,2,0.0,0,sim
2-19-10,20,2,0.0,0,sim
2-19-11,20,2,0.0,0,sim
2-19-12,20,2,0.0,0,sim
2-19-13,20,2,1.0,0,sim
2-19-14,20,2,0.0,0,sim
2-19-15,20,2,0.0,0,sim
2-19-16,20,2,0.0,0,sim
2-19-17,20,2,1.0,0,sim
2-19-18,20,2,1.0,0,sim
2-19-19,20,2,0.0,0,sim
2-19-20,20,2,0.0,0,sim
2-19-21,20,2,0.0,0,sim
2-19-22,20,2,1.0,0,sim
2-19-23,20,2,0.0,0,sim
2-19-24,20,2,0.0,0,sim
2-19-25,20,2,0.0,0,sim
2-19-26,20,2,0.0,0,sim
2-19-27,20,2,1.0,0,sim
2-19-28,20,2,1.0,0,sim
2-19-29,20,2,0.0,0,sim
2-19-30,20,2,0.0,0,sim
2-19-31,20,2,0.0,0,sim
2-19-32,20,2,0.0,0,sim
2-19-33,20,2,0.0,0,sim
2-19-34,20,2,1.0,0,sim
2-19-35,20,2,0.0,0,sim
2-19-36,20,2,0.0,0,sim
2-19-37,20,2,1.0,0,sim
2-19-38,20,2,0.0,0,sim
2-19-39,20,2,1.0,0,sim
2-19-40,20,2,0.0,0,sim
2-19-41,20,2,0.0,0,sim
2-19-42,20,2,0.0,1,sim
2-19-43,20,2,0.0,0,sim
2-19-44,20,2,,0,sim
2-19-45,20,2,0.0,0,sim
2-19-46,20,2,0.0,0,sim
2-19-47,20,2,0.0,0,sim
2-19-48,20,2,1.0,0,sim
2-19-49,20,2,0.0,0,sim
2-19-50,20,2,1.0,0,sim
2-19-51,20,2,1.0,0,sim
2-19-52,20,2,1.0,0,sim
2-19-53,20,2,1.0,0,sim
2-19-54,20,2,1.0,0,sim
2-19-55,20,2,1.0,0,sim
2-19-56,20,2,1.0,0,sim
2-19-57,20,2,1.0,0,sim
2-19-58,20,2,,0,sim
2-19-59,20,2,0.0,0,sim
2-19-60,20,2,0.0,0,sim
2-19-61,20,2,0.0,0,sim
2-19-62,20,2,1.0,0,sim
2-19-63,20,2,0.0,0,sim
2-19-64,20,2,0.0,0,sim
2-19-65,20,2,1.0,0,sim
2-19-66,20,2,1.0,0,sim
2-19-67,20,2,0.0,0,sim
2-19-68,20,2,0.0,0,sim
2-19-69,20,2,1.0,0,sim
2-19-70,20,2,1.0,0,sim
2-19-71,20,2,,0,sim
2-19-72,20,2,1.0,0,sim
2-19-73,20,2,0.0,0,sim
2-19-74,20,2,0.0,0,sim
2-19-75,20,2,0.0,0,sim
2-19-76,20,2,0.0,0,sim
2-19-77,20,2,1.0,0,sim
2-19-78,20,2,,1,sim
2-19-79,20,2,0.0,0,sim
2-19-80,20,2,0.0,0,sim
2-19-81,20,2,0.0,0,sim
2-19-82,20,2,0.0,0,sim
2-19-83,20,2,,0,sim
2-19-84,20,2,0.0,0,sim
2-19-85,20,2,1.0,0,sim
2-19-86,20,2,0.0,0,sim
2-19-87,20,2,0.0,0,sim
2-19-88,20,2,1.0,0,sim
2-19-89,20,2,,0,sim
2-19-90,20,2,0.0,0,sim
2-19-91,20,2,0.0,0,sim
2-19-92,20,2,0.0,0,sim
2-19-93,20,2,0.0,0,sim
2-19-94,20,2,0.0,0,sim
2-19-95,20,2,1.0,0,sim
2-19-96,20,2,0.0,0,sim
2-19-97,20,2,0.0,0,sim
2-19-98,20,2,0.0,0,sim
2-19-99,20,2,0.0,0,sim
2-19-100,20,2,,0,sim
2-19-101,20,2,1.0,0,sim
2-19-102,20,2,0.0,0,sim
2-19-103,20,2,0.0,0,sim
2-19-104,20,2,1.0,0,sim
2-19-105,20,2,0.0,0,sim
2-19-106,20,2,0.0,0,sim
2-19-107,20,2,0.0,0,sim
2-19-108,20,2,0.0,0,sim
2-19-109,20,2,1.0,0,sim
2-19-110,20,2,0.0,0,sim
2-19-111,20,2,0.0,0,sim
2-19-112,20,2,0.0,0,sim
2-19-113,20,2,0.0,0,sim
2-19-114,20,2,1.0,0,sim
2-19-115,20,2,0.0,0,sim
2-19-116,20,2,1.0,0,sim
2-19-117,20,2,0.0,0,sim
2-19-118,20,2,0.0,0,sim
2-19-119,20,2,0.0,0,sim
2-19-120,20,2,0.0,0,sim
2-19-121,20,2,0.0,0,sim
2-19-122,20,2,0.0,0,sim
2-19-123,20,2,0.0,0,sim
2-19-124,20,2,0.0,0,sim
2-19-125,20,2,1.0,0,sim
2-19-126,20,2,1.0,0,sim
2-19-127,20,2,0.0,0,sim
2-19-128,20,2,0.0,0,sim
2-19-129,20,2,0.0,0,sim
2-19-130,20,2,0.0,0,sim
2-19-131,20,2,1.0,0,sim
2-19-132,20,2,,0,sim
2-19-133,20,2,1.0,0,sim
2-19-134,20,2,,1,sim
2-19-135,20,2,0.0,0,sim
2-19-136,20,2,0.0,0,sim
2-19-137,20,2,0.0,0,sim
2-19-138,20,2,1.0,0,sim
2-19-139,20,2,1.0,0,sim
2-19-140,20,2,1.0,0,sim
2-19-141,20,2,0.0,0,sim
2-19-142,20,2,0.0,0,sim
2-19-143,20,2,0.0,0,sim
2-19-144,20,2,0.0,0,sim
2-19-145,20,2,0.0,0,sim
2-19-146,20,2,,0,sim
2-19-147,20,2,0.0,0,sim
2-19-148,20,2,1.0,0,sim
2-19-149,20,2,1.0,0,sim
2-19-150,20,2,0.0,0,sim
2-19-151,20,2,0.0,0,sim
2-19-152,20,2,1.0,0,sim
2-19-153,20,2,0.0,0,sim
2-19-154,20,2,0.0,0,sim
2-19-155,20,2,0.0,0,sim
2-19-156,20,2,1.0,0,sim
2-19-157,20,2,1.0,0,sim
2-19-158,20,2,0.0,0,sim
2-19-159,20,2,1.0,0,sim
2-19-160,20,2,0.0,0,sim
2-19-161,20,2,1.0,0,sim
2-19-162,20,2,0.0,0,sim
2-19-163,20,2,0.0,0,sim
2-19-164,20,2,0.0,0,sim
2-19-165,20,2,0.0,0,sim
2-19-166,20,2,1.0,0,sim
2-19-167,20,2,1.0,0,sim
2-19-168,20,2,1.0,0,sim
2-19-169,20,2,0.0,0,sim
2-19-170,20,2,1.0,0,sim
2-19-171,20,2,0.0,0,sim
2-19-172,20,2,1.0,0,sim
2-19-173,20,2,0.0,0,sim
2-19-174,20,2,1.0,0,sim
2-19-175,20,2,0.0,0,sim
2-19-176,20,2,0.0,0,sim
2-19-177,20,2,0.0,0,sim
2-19-178,20,2,1.0,0,sim
2-19-179,20,2,1.0,0,sim
2-19-180,20,2,1.0,0,sim
2-19-181,20,2,0.0,0,sim
2-19-182,20,2,0.0,1,sim
2-19-183,20,2,1.0,0,sim
2-19-184,20,2,0.0,0,sim
2-19-185,20,2,0.0,0,sim
2-19-186,20,2,0.0,0,sim
2-19-187,20,2,0.0,0,sim
2-19-188,20,2,1.0,0,sim
2-19-189,20,2,0.0,0,sim
2-19-190,20,2,1.0,0,sim
2-19-191,20,2,1.0,0,sim
2-19-192,20,2,1.0,0,sim
2-19-193,20,2,1.0,0,sim
2-19-194,20,2,1.0,0,sim
2-19-195,20,2,,0,sim
2-19-196,20,2,1.0,0,sim
2-19-197,20,2,1.0,0,sim
2-19-198,20,2,0.0,0,sim
2-19-199,20,2,0.0,0,sim
2-19-200,20,2,0.0,0,sim
2-19-201,20,2,1.0,0,sim
2-19-202,20,2,0.0,0,sim
2-19-203,20,2,1.0,0,sim
2-19-204,20,2,1.0,0,sim
2-19-205,20,2,1.0,0,sim
2-19-206,20,2,0.0,0,sim
2-19-207,20,2,0.0,0,sim
2-19-208,20,2,0.0,0,sim
2-19-209,20,2,0.0,0,sim
2-19-210,20,2,1.0,0,sim
2-19-211,20,2,0.0,0,sim
2-19-212,20,2,1.0,0,sim
2-19-213,20,2,1.0,0,sim
2-19-214,20,2,1.0,0,sim
2-19-215,20,2,0.0,0,sim
2-19-216,20,2,0.0,0,sim
2-19-217,20,2,1.0,0,sim
2-19-218,20,2,0.0,0,sim
2-19-219,20,2,0.0,0,sim
2-19-220,20,2,1.0,0,sim
2-19-221,20,2,1.0,0,sim
2-19-222,20,2,1.0,0,sim
2-19-223,20,2,1.0,0,sim
2-19-224,20,2,0.0,0,sim
2-19-225,20,2,0.0,0,sim
2-19-226,20,2,1.0,0,sim
2-19-227,20,2,1.0,0,sim
2-19-228,20,2,1.0,0,sim
2-19-229,20,2,0.0,0,sim
2-19-230,20,2,0.0,0,sim
2-19-231,20,2,0.0,0,sim
2-19-232,20,2,1.0,0,sim
2-19-233,20,2,,0,sim
2-19-234,20,2,,0,sim
2-19-235,20,2,0.0,0,sim
2-19-236,20,2,1.0,0,sim
2-19-237,20,2,1.0,0,sim
2-19-238,20,2,0.0,0,sim
2-19-239,20,2,0.0,0,sim
2-20-0,21,2,0.0,0,sim
2-20-1,21,2,0.0,0,sim
2-20-2,21,2,0.0,0,sim
2-20-3,21,2,,0,sim
2-20-4,21,2,1.0,0,sim
2-20-5,21,2,0.0,0,sim
2-20-6,21,2,0.0,0,sim
2-20-7,21,2,0.0,0,sim
2-20-8,21,2,0.0,0,sim
2-20-9,21,2,,0,sim
2-20-10,21,2,0.0,0,sim
2-20-11,21,2,,0,sim
2-20-12,21,2,1.0,0,sim
2-20-13,21,2,0.0,0,sim
2-20-14,21,2,0.0,0,sim
2-20-15,21,2,0.0,0,sim
2-20-16,21,2,0.0,0,sim
2-20-17,21,2,0.0,0,sim
2-20-18,21,2,1.0,0,sim
2-20-19,21,2,1.0,0,sim
2-20-20,21,2,1.0,0,sim
2-20-21,21,2,1.0,0,sim
2-20-22,21,2,1.0,0,sim
2-20-23,21,2,1.0,1,sim
2-20-24,21,2,1.0,0,sim
2-20-25,21,2,0.0,0,sim
2-20-26,21,2,1.0,0,sim
2-20-27,21,2,0.0,0,sim
2-20-28,21,2,0.0,0,sim
2-20-29,21,2,0.0,0,sim
2-20-30,21,2,0.0,0,sim
2-20-31,21,2,0.0,0,sim
2-20-32,21,2,1.0,0,sim
2-20-33,21,2,0.0,0,sim
2-20-34,21,2,0.0,0,sim
2-20-35,21,2,0.0,0,sim
2-20-36,21,2,0.0,0,sim
2-20-37,21,2,0.0,0,sim
2-20-38,21,2,1.0,0,sim
2-20-39,21,2,0.0,0,sim
2-20-40,21,2,1.0,0,sim
2-20-41,21,2,1.0,0,sim
2-20-42,21,2,0.0,0,sim
2-20-43,21,2,1.0,0,sim
2-20-44,21,2,1.0,0,sim
2-20-45,21,2,0.0,0,sim
2-20-46,21,2,0.0,0,sim
2-20-47,21,2,1.0,0,sim
2-20-48,21,2,1.0,0,sim
2-20-49,21,2,0.0,0,sim
2-20-50,21,2,0.0,0,sim
2-20-51,21,2,0.0,0,sim
2-20-52,21,2,0.0,0,sim
2-20-53,21,2,1.0,0,sim
2-20-54,21,2,1.0,0,sim
2-20-55,21,2,1.0,0,sim
2-20-56,21,2,0.0,1,sim
2-20-57,21,2,0.0,0,sim
2-20-58,21,2,1.0,0,sim
2-20-59,21,2,0.0,0,sim
2-20-60,21,2,0.0,0,sim
2-20-61,21,2,1.0,0,sim
2-20-62,21,2,1.0,0,sim
2-20-63,21,2,0.0,0,sim
2-20-64,21,2,0.0,0,sim
2-20-65,21,2,0.0,0,sim
2-20-66,21,2,1.0,0,sim
2-20-67,21,2,1.0,0,sim
2-20-68,21,2,1.0,0,sim
2-20-69,21,2,0.0,0,sim
2-20-70,21,2,0.0,0,sim
2-20-71,21,2,0.0,0,sim
2-20-72,21,2,0.0,0,sim
2-20-73,21,2,0.0,0,sim
2-20-74,21,2,1.0,0,sim
2-20-75,21,2,1.0,0,sim
2-20-76,21,2,0.0,0,sim
2-20-77,21,2,0.0,0,sim
2-20-78,21,2,0.0,0,sim
2-20-79,21,2,0.0,0,sim
2-20-80,21,2,0.0,0,sim
2-20-81,21,2,0.0,0,sim
2-20-82,21,2,1.0,0,sim
2-20-83,21,2,0.0,0,sim
2-20-84,21,2,1.0,0,sim
2-20-85,21,2,1.0,0,sim
2-20-86,21,2,1.0,0,sim
2-20-87,21,2,0.0,0,sim
2-20-88,21,2,0.0,0,sim
2-20-89,21,2,0.0,0,sim
2-20-90,21,2,0.0,1,sim
2-20-91,21,2,1.0,0,sim
2-20-92,21,2,0.0,0,sim
2-20-93,21,2,1.0,0,sim
2-20-94,21,2,1.0,0,sim
2-20-95,21,2,0.0,0,sim
2-20-96,21,2,0.0,0,sim
2-20-97,21,2,0.0,0,sim
2-20-98,21,2,0.0,0,sim
2-20-99,21,2,0.0,0,sim
2-20-100,21,2,0.0,0,sim
2-20-101,21,2,0.0,0,sim
2-20-102,21,2,1.0,1,sim
2-20-103,21,2,0.0,0,sim
2-20-104,21,2,0.0,0,sim
2-20-105,21,2,0.0,0,sim
2-20-106,21,2,1.0,0,sim
2-20-107,21,2,0.0,0,sim
2-20-108,21,2,0.0,0,sim
2-20-109,21,2,1.0,0,sim
2-20-110,21,2,1.0,0,sim
2-20-111,21,2,1.0,0,sim
2-20-112,21,2,1.0,0,sim
2-20-113,21,2,,0,sim
2-20-114,21,2,1.0,0,sim
2-20-115,21,2,0.0,0,sim
2-20-116,21,2,0.0,0,sim
2-20-117,21,2,1.0,0,sim
2-20-118,21,2,0.0,0,sim
2-20-119,21,2,0.0,0,sim
2-20-120,21,2,1.0,0,sim
2-20-121,21,2,0.0,0,sim
2-20-122,21,2,0.0,0,sim
2-20-123,21,2,0.0,0,sim
2-20-124,21,2,0.0,0,sim
2-20-125,21,2,0.0,0,sim
2-20-126,21,2,0.0,0,sim
2-20-127,21,2,0.0,0,sim
2-20-128,21,2,1.0,0,sim
2-20-129,21,2,0.0,0,sim
2-20-130,21,2,0.0,0,sim
2-20-131,21,2,1.0,0,sim
2-20-132,21,2,0.0,0,sim
2-20-133,21,2,1.0,0,sim
2-20-134,21,2,1.0,0,sim
2-20-135,21,2,1.0,0,sim
2-20-136,21,2,0.0,0,sim
2-20-137,21,2,0.0,0,sim
2-20-138,21,2,0.0,0,sim
2-20-139,21,2,0.0,0,sim
2-20-140,21,2,0.0,0,sim
2-20-141,21,2,0.0,0,sim
2-20-142,21,2,1.0,0,sim
2-20-143,21,2,0.0,0,sim
2-20-144,21,2,0.0,0,sim
2-20-145,21,2,0.0,0,sim
2-20-146,21,2,0.0,0,sim
2-20-147,21,2,0.0,0,sim
2-20-148,21,2,0.0,0,sim
2-20-149,21,2,0.0,0,sim
2-20-150,21,2,0.0,0,sim
2-20-151,21,2,1.0,0,sim
2-20-152,21,2,1.0,0,sim
2-20-153,21,2,0.0,0,sim
2-20-154,21,2,1.0,0,sim
2-20-155,21,2,0.0,0,sim
2-20-156,21,2,0.0,0,sim
2-20-157,21,2,1.0,0,sim
2-20-158,21,2,1.0,0,sim
2-20-159,21,2,0.0,0,sim
2-20-160,21,2,1.0,0,sim
2-20-161,21,2,1.0,0,sim
2-20-162,21,2,0.0,0,sim
2-20-163,21,2,,0,sim
2-20-164,21,2,0.0,0,sim
2-20-165,21,2,1.0,0,sim
2-20-166,21,2,0.0,0,sim
2-20-167,21,2,1.0,0,sim
2-20-168,21,2,0.0,0,sim
2-20-169,21,2,1.0,0,sim
2-20-170,21,2,0.0,0,sim
2-20-171,21,2,1.0,0,sim
2-20-172,21,2,0.0,0,sim
2-20-173,21,2,0.0,0,sim
2-20-174,21,2,0.0,0,sim
2-20-175,21,2,0.0,0,sim
2-20-176,21,2,0.0,0,sim
2-20-177,21,2,1.0,0,sim
2-20-178,21,2,0.0,0,sim
2-20-179,21,2,0.0,0,sim
2-20-180,21,2,0.0,0,sim
2-20-181,21,2,1.0,0,sim
2-20-182,21,2,1.0,0,sim
2-20-183,21,2,0.0,0,sim
2-20-184,21,2,0.0,0,sim
2-20-185,21,2,0.0,0,sim
2-20-186,21,2,0.0,0,sim
2-20-187,21,2,0.0,0,sim
2-20-188,21,2,0.0,0,sim
2-20-189,21,2,0.0,1,sim
2-20-190,21,2,1.0,0,sim
2-20-191,21,2,1.0,0,sim
2-20-192,21,2,0.0,0,sim
2-20-193,21,2,1.0,0,sim
2-20-194,21,2,0.0,0,sim
2-20-195,21,2,1.0,0,sim
2-20-196,21,2,0.0,0,sim
2-20-197,21,2,0.0,0,sim
2-20-198,21,2,0.0,0,sim
2-20-199,21,2,1.0,0,sim
2-20-200,21,2,0.0,0,sim
2-20-201,21,2,0.0,0,sim
2-20-202,21,2,0.0,0,sim
2-20-203,21,2,0.0,0,sim
2-20-204,21,2,0.0,0,sim
2-20-205,21,2,1.0,0,sim
2-20-206,21,2,1.0,0,sim
2-20-207,21,2,0.0,0,sim
2-20-208,21,2,1.0,0,sim
2-20-209,21,2,1.0,0,sim
2-20-210,21,2,0.0,0,sim
2-20-211,21,2,1.0,1,sim
2-20-212,21,2,0.0,0,sim
2-20-213,21,2,0.0,0,sim
2-20-214,21,2,0.0,0,sim
2-20-215,21,2,1.0,0,sim
2-20-216,21,2,0.0,0,sim
2-20-217,21,2,,0,sim
2-20-218,21,2,0.0,0,sim
2-20-219,21,2,0.0,0,sim
2-20-220,21,2,0.0,0,sim
2-20-221,21,2,1.0,0,sim
2-20-222,21,2,1.0,0,sim
2-20-223,21,2,1.0,0,sim
2-20-224,21,2,0.0,0,sim
2-20-225,21,2,0.0,0,sim
2-20-226,21,2,0.0,0,sim
2-20-227,21,2,0.0,0,sim
2-20-228,21,2,1.0,0,sim
2-20-229,21,2,0.0,0,sim
2-20-230,21,2,0.0,0,sim
2-20-231,21,2,1.0,0,sim
2-20-232,21,2,0.0,0,sim
2-20-233,21,2,0.0,0,sim
2-20-234,21,2,0.0,0,sim
2-20-235,21,2,0.0,0,sim
2-20-236,21,2,1.0,0,sim
2-20-237,21,2,0.0,0,sim
2-20-238,21,2,0.0,0,sim
2-20-239,21,2,0.0,0,sim
2-21-0,22,2,1.0,0,sim
2-21-1,22,2,1.0,0,sim
2-21-2,22,2,1.0,0,sim
2-21-3,22,2,0.0,0,sim
2-21-4,22,2,0.0,0,sim
2-21-5,22,2,0.0,0,sim
2-21-6,22,2,1.0,0,sim
2-21-7,22,2,0.0,0,sim
2-21-8,22,2,1.0,0,sim
2-21-9,22,2,1.0,0,sim
2-21-10,22,2,0.0,0,sim
2-21-11,22,2,1.0,0,sim
2-21-12,22,2,1.0,0,sim
2-21-13,22,2,1.0,0,sim
2-21-14,22,2,0.0,0,sim
2-21-15,22,2,0.0,0,sim
2-21-16,22,2,0.0,0,sim
2-21-17,22,2,1.0,0,sim
2-21-18,22,2,1.0,0,sim
2-21-19,22,2,0.0,0,sim
2-21-20,22,2,1.0,0,sim
2-21-21,22,2,1.0,0,sim
2-21-22,22,2,1.0,0,sim
2-21-23,22,2,0.0,0,sim
2-21-24,22,2,1.0,0,sim
2-21-25,22,2,0.0,0,sim
2-21-26,22,2,0.0,0,sim
2-21-27,22,2,0.0,0,sim
2-21-28,22,2,1.0,0,sim
2-21-29,22,2,1.0,0,sim
2-21-30,22,2,1.0,0,sim
2-21-31,22,2,0.0,0,sim
2-21-32,22,2,1.0,0,sim
2-21-33,22,2,0.0,0,sim
2-21-34,22,2,0.0,0,sim
2-21-35,22,2,1.0,0,sim
2-21-36,22,2,1.0,0,sim
2-21-37,22,2,0.0,0,sim
2-21-38,22,2,0.0,0,sim
2-21-39,22,2,1.0,0,sim
2-21-40,22,2,1.0,0,sim
2-21-41,22,2,0.0,0,sim
2-21-42,22,2,0.0,0,sim
2-21-43,22,2,0.0,0,sim
2-21-44,22,2,1.0,0,sim
2-21-45,22,2,0.0,0,sim
2-21-46,22,2,1.0,0,sim
2-21-47,22,2,0.0,0,sim
2-21-48,22,2,0.0,0,sim
2-21-49,22,2,1.0,0,sim
2-21-50,22,2,0.0,0,sim
2-21-51,22,2,0.0,0,sim
2-21-52,22,2,0.0,0,sim
2-21-53,22,2,1.0,0,sim
2-21-54,22,2,1.0,0,sim
2-21-55,22,2,0.0,0,sim
2-21-56,22,2,1.0,0,sim
2-21-57,22,2,0.0,0,sim
2-21-58,22,2,0.0,0,sim
2-21-59,22,2,0.0,0,sim
2-21-60,22,2,1.0,0,sim
2-21-61,22,2,0.0,0,sim
2-21-62,22,2,,0,sim
2-21-63,22,2,1.0,0,sim
2-21-64,22,2,1.0,0,sim
2-21-65,22,2,1.0,0,sim
2-21-66,22,2,0.0,0,sim
2-21-67,22,2,0.0,0,sim
2-21-68,22,2,1.0,0,sim
2-21-69,22,2,1.0,0,sim
2-21-70,22,2,,0,sim
2-21-71,22,2,1.0,0,sim
2-21-72,22,2,0.0,0,sim
2-21-73,22,2,1.0,0,sim
2-21-74,22,2,0.0,0,sim
2-21-75,22,2,1.0,0,sim
2-21-76,22,2,0.0,0,sim
2-21-77,22,2,0.0,0,sim
2-21-78,22,2,1.0,0,sim
2-21-79,22,2,0.0,0,sim
2-21-80,22,2,0.0,0,sim
2-21-81,22,2,0.0,0,sim
2-21-82,22,2,0.0,0,sim
2-21-83,22,2,0.0,0,sim
2-21-84,22,2,0.0,0,sim
2-21-85,22,2,,1,sim
2-21-86,22,2,1.0,0,sim
2-21-87,22,2,1.0,0,sim
2-21-88,22,2,0.0,0,sim
2-21-89,22,2,0.0,0,sim
2-21-90,22,2,0.0,0,sim
2-21-91,22,2,0.0,0,sim
2-21-92,22,2,1.0,0,sim
2-21-93,22,2,0.0,0,sim
2-21-94,22,2,0.0,0,sim
2-21-95,22,2,0.0,0,sim
2-21-96,22,2,0.0,0,sim
2-21-97,22,2,1.0,0,sim
2-21-98,22,2,0.0,0,sim
2-21-99,22,2,0.0,0,sim
2-21-100,22,2,1.0,0,sim
2-21-101,22,2,0.0,0,sim
2-21-102,22,2,1.0,0,sim
2-21-103,22,2,1.0,0,sim
2-21-104,22,2,0.0,0,sim
2-21-105,22,2,,0,sim
2-21-106,22,2,0.0,0,sim
2-21-107,22,2,1.0,0,sim
2-21-108,22,2,0.0,0,sim
2-21-109,22,2,0.0,0,sim
2-21-110,22,2,1.0,0,sim
2-21-111,22,2,1.0,0,sim
2-21-112,22,2,0.0,0,sim
2-21-113,22,2,0.0,0,sim
2-21-114,22,2,1.0,0,sim
2-21-115,22,2,0.0,0,sim
2-21-116,22,2,0.0,0,sim
2-21-117,22,2,0.0,0,sim
2-21-118,22,2,0.0,0,sim
2-21-119,22,2,0.0,0,sim
2-21-120,22,2,0.0,0,sim
2-21-121,22,2,0.0,0,sim
2-21-122,22,2,1.0,0,sim
2-21-123,22,2,,0,sim
2-21-124,22,2,0.0,0,sim
2-21-125,22,2,1.0,0,sim
2-21-126,22,2,0.0,0,sim
2-21-127,22,2,0.0,0,sim
2-21-128,22,2,1.0,0,sim
2-21-129,22,2,,0,sim
2-21-130,22,2,0.0,0,sim
2-21-131,22,2,0.0,0,sim
2-21-132,22,2,0.0,0,sim
2-21-133,22,2,1.0,0,sim
2-21-134,22,2,0.0,0,sim
2-21-135,22,2,1.0,0,sim
2-21-136,22,2,0.0,0,sim
2-21-137,22,2,0.0,0,sim
2-21-138,22,2,1.0,0,sim
2-21-139,22,2,0.0,0,sim
2-21-140,22,2,0.0,0,sim
2-21-141,22,2,1.0,0,sim
2-21-142,22,2,0.0,0,sim
2-21-143,22,2,0.0,0,sim
2-21-144,22,2,0.0,0,sim
2-21-145,22,2,0.0,0,sim
2-21-146,22,2,1.0,0,sim
2-21-147,22,2,0.0,0,sim
2-21-148,22,2,1.0,0,sim
2-21-149,22,2,0.0,0,sim
2-21-150,22,2,0.0,0,sim
2-21-151,22,2,1.0,0,sim
2-21-152,22,2,0.0,1,sim
2-21-153,22,2,1.0,0,sim
2-21-154,22,2,1.0,0,sim
2-21-155,22,2,0.0,0,sim
2-21-156,22,2,1.0,0,sim
2-21-157,22,2,0.0,0,sim
2-21-158,22,2,0.0,0,sim
2-21-159,22,2,0.0,0,sim
2-21-160,22,2,0.0,0,sim
2-21-161,22,2,0.0,0,sim
2-21-162,22,2,0.0,0,sim
2-21-163,22,2,0.0,0,sim
2-21-164,22,2,0.0,0,sim
2-21-165,22,2,0.0,0,sim
2-21-166,22,2,1.0,0,sim
2-21-167,22,2,0.0,0,sim
2-21-168,22,2,0.0,0,sim
2-21-169,22,2,0.0,0,sim
2-21-170,22,2,0.0,0,sim
2-21-171,22,2,0.0,0,sim
2-21-172,22,2,0.0,0,sim
2-21-173,22,2,0.0,0,sim
2-21-174,22,2,0.0,0,sim
2-21-175,22,2,1.0,0,sim
2-21-176,22,2,0.0,0,sim
2-21-177,22,2,0.0,0,sim
2-21-178,22,2,1.0,0,sim
2-21-179,22,2,0.0,0,sim
2-21-180,22,2,1.0,0,sim
2-21-181,22,2,0.0,0,sim
2-21-182,22,2,0.0,0,sim
2-21-183,22,2,1.0,0,sim
2-21-184,22,2,1.0,0,sim
2-21-185,22,2,,0,sim
2-21-186,22,2,0.0,0,sim
2-21-187,22,2,0.0,0,sim
2-21-188,22,2,0.0,0,sim
2-21-189,22,2,0.0,1,sim
2-21-190,22,2,0.0,0,sim
2-21-191,22,2,0.0,0,sim
2-21-192,22,2,0.0,0,sim
2-21-193,22,2,1.0,0,sim
2-21-194,22,2,0.0,0,sim
2-21-195,22,2,0.0,0,sim
2-21-196,22,2,0.0,0,sim
2-21-197,22,2,0.0,0,sim
2-21-198,22,2,0.0,0,sim
2-21-199,22,2,0.0,0,sim
2-21-200,22,2,0.0,0,sim
2-21-201,22,2,0.0,0,sim
2-21-202,22,2,1.0,0,sim
2-21-203,22,2,0.0,0,sim
2-21-204,22,2,1.0,0,sim
2-21-205,22,2,0.0,0,sim
2-21-206,22,2,0.0,0,sim
2-21-207,22,2,0.0,0,sim
2-21-208,22,2,1.0,0,sim
2-21-209,22,2,0.0,0,sim
2-21-210,22,2,0.0,0,sim
2-21-211,22,2,1.0,1,sim
2-21-212,22,2,0.0,0,sim
2-21-213,22,2,0.0,0,sim
2-21-214,22,2,1.0,0,sim
2-21-215,22,2,1.0,0,sim
2-21-216,22,2,0.0,0,sim
2-21-217,22,2,1.0,0,sim
2-21-218,22,2,0.0,0,sim
2-21-219,22,2,0.0,0,sim
2-21-220,22,2,1.0,0,sim
2-21-221,22,2,1.0,0,sim
2-21-222,22,2,0.0,0,sim
2-21-223,22,2,1.0,0,sim
2-21-224,22,2,0.0,0,sim
2-21-225,22,2,0.0,0,sim
2-21-226,22,2,0.0,0,sim
2-21-227,22,2,0.0,0,sim
2-21-228,22,2,0.0,0,sim
2-21-229,22,2,0.0,0,sim
2-21-230,22,2,1.0,0,sim
2-21-231,22,2,0.0,0,sim
2-21-232,22,2,0.0,0,sim
2-21-233,22,2,1.0,0,sim
2-21-234,22,2,1.0,0,sim
2-21-235,22,2,0.0,0,sim
2-21-236,22,2,0.0,0,sim
2-21-237,22,2,0.0,0,sim
2-21-238,22,2,1.0,0,sim
2-21-239,22,2,0.0,0,sim
2-22-0,23,2,0.0,0,sim
2-22-1,23,2,1.0,0,sim
2-22-2,23,2,0.0,0,sim
2-22-3,23,2,,0,sim
2-22-4,23,2,0.0,0,sim
2-22-5,23,2,0.0,0,sim
2-22-6,23,2,0.0,0,sim
2-22-7,23,2,0.0,0,sim
2-22-8,23,2,1.0,0,sim
2-22-9,23,2,1.0,0,sim
2-22-10,23,2,0.0,0,sim
2-22-11,23,2,0.0,0,sim
2-22-12,23,2,0.0,0,sim
2-22-13,23,2,1.0,0,sim
2-22-14,23,2,1.0,0,sim
2-22-15,23,2,0.0,0,sim
2-22-16,23,2,0.0,0,sim
2-22-17,23,2,0.0,0,sim
2-22-18,23,2,0.0,0,sim
2-22-19,23,2,0.0,0,sim
2-22-20,23,2,0.0,0,sim
2-22-21,23,2,0.0,0,sim
2-22-22,23,2,1.0,0,sim
2-22-23,23,2,1.0,0,sim
2-22-24,23,2,0.0,0,sim
2-22-25,23,2,0.0,0,sim
2-22-26,23,2,0.0,0,sim
2-22-27,23,2,0.0,0,sim
2-22-28,23,2,0.0,0,sim
2-22-29,23,2,1.0,0,sim
2-22-30,23,2,0.0,0,sim
2-22-31,23,2,0.0,0,sim
2-22-32,23,2,0.0,0,sim
2-22-33,23,2,0.0,0,sim
2-22-34,23,2,1.0,0,sim
2-22-35,23,2,0.0,0,sim
2-22-36,23,2,1.0,0,sim
2-22-37,23,2,1.0,0,sim
2-22-38,23,2,0.0,0,sim
2-22-39,23,2,0.0,0,sim
2-22-40,23,2,0.0,0,sim
2-22-41,23,2,1.0,0,sim
2-22-42,23,2,0.0,0,sim
2-22-43,23,2,0.0,0,sim
2-22-44,23,2,1.0,0,sim
2-22-45,23,2,0.0,0,sim
2-22-46,23,2,1.0,0,sim
2-22-47,23,2,1.0,0,sim
2-22-48,23,2,0.0,0,sim
2-22-49,23,2,0.0,0,sim
2-22-50,23,2,0.0,0,sim
2-22-51,23,2,1.0,0,sim
2-22-52,23,2,0.0,1,sim
2-22-53,23,2,0.0,0,sim
2-22-54,23,2,0.0,0,sim
2-22-55,23,2,0.0,0,sim
2-22-56,23,2,0.0,0,sim
2-22-57,23,2,0.0,0,sim
2-22-58,23,2,0.0,0,sim
2-22-59,23,2,0.0,0,sim
2-22-60,23,2,0.0,0,sim
2-22-61,23,2,1.0,0,sim
2-22-62,23,2,0.0,0,sim
2-22-63,23,2,1.0,0,sim
2-22-64,23,2,1.0,0,sim
2-22-65,23,2,0.0,0,sim
2-22-66,23,2,0.0,0,sim
2-22-67,23,2,1.0,0,sim
2-22-68,23,2,1.0,0,sim
2-22-69,23,2,1.0,0,sim
2-22-70,23,2,0.0,0,sim
2-22-71,23,2,0.0,1,sim
2-22-72,23,2,1.0,0,sim
2-22-73,23,2,1.0,0,sim
2-22-74,23,2,1.0,0,sim
2-22-75,23,2,0.0,0,sim
2-22-76,23,2,0.0,0,sim
2-22-77,23,2,1.0,0,sim
2-22-78,23,2,0.0,0,sim
2-22-79,23,2,0.0,0,sim
2-22-80,23,2,0.0,0,sim
2-22-81,23,2,0.0,0,sim
2-22-82,23,2,1.0,0,sim
2-22-83,23,2,0.0,0,sim
2-22-84,23,2,1.0,0,sim
2-22-85,23,2,0.0,0,sim
2-22-86,23,2,0.0,0,sim
2-22-87,23,2,0.0,0,sim
2-22-88,23,2,1.0,0,sim
2-22-89,23,2,1.0,0,sim
2-22-90,23,2,0.0,0,sim
2-22-91,23,2,,0,sim
2-22-92,23,2,1.0,0,sim
2-22-93,23,2,0.0,0,sim
2-22-94,23,2,1.0,0,sim
2-22-95,23,2,0.0,0,sim
2-22-96,23,2,1.0,0,sim
2-22-97,23,2,1.0,0,sim
2-22-98,23,2,0.0,0,sim
2-22-99,23,2,0.0,0,sim
2-22-100,23,2,0.0,0,sim
2-22-101,23,2,1.0,0,sim
2-22-102,23,2,1.0,0,sim
2-22-103,23,2,0.0,0,sim
2-22-104,23,2,1.0,0,sim
2-22-105,23,2,1.0,0,sim
2-22-106,23,2,1.0,0,sim
2-22-107,23,2,1.0,0,sim
2-22-108,23,2,0.0,0,sim
2-22-109,23,2,0.0,0,sim
2-22-110,23,2,0.0,0,sim
2-22-111,23,2,0.0,0,sim
2-22-112,23,2,1.0,0,sim
2-22-113,23,2,0.0,0,sim
2-22-114,23,2,1.0,0,sim
2-22-115,23,2,1.0,0,sim
2-22-116,23,2,0.0,0,sim
2-22-117,23,2,0.0,0,sim
2-22-118,23,2,0.0,0,sim
2-22-119,23,2,1.0,0,sim
2-22-120,23,2,1.0,0,sim
2-22-121,23,2,1.0,0,sim
2-22-122,23,2,1.0,0,sim
2-22-123,23,2,1.0,0,sim
2-22-124,23,2,1.0,0,sim
2-22-125,23,2,1.0,0,sim
2-22-126,23,2,0.0,0,sim
2-22-127,23,2,0.0,0,sim
2-22-128,23,2,1.0,0,sim
2-22-129,23,2,1.0,0,sim
2-22-130,23,2,1.0,0,sim
2-22-131,23,2,0.0,0,sim
2-22-132,23,2,0.0,0,sim
2-22-133,23,2,1.0,0,sim
2-22-134,23,2,0.0,0,sim
2-22-135,23,2,0.0,0,sim
2-22-136,23,2,0.0,0,sim
2-22-137,23,2,0.0,0,sim
2-22-138,23,2,0.0,0,sim
2-22-139,23,2,0.0,0,sim
2-22-140,23,2,0.0,0,sim
2-22-141,23,2,0.0,0,sim
2-22-142,23,2,0.0,0,sim
2-22-143,23,2,0.0,0,sim
2-22-144,23,2,0.0,0,sim
2-22-145,23,2,0.0,0,sim
2-22-146,23,2,0.0,0,sim
2-22-147,23,2,1.0,0,sim
2-22-148,23,2,1.0,0,sim
2-22-149,23,2,0.0,0,sim
2-22-150,23,2,1.0,0,sim
2-22-151,23,2,1.0,0,sim
2-22-152,23,2,0.0,0,sim
2-22-153,23,2,0.0,0,sim
2-22-154,23,2,0.0,0,sim
2-22-155,23,2,1.0,0,sim
2-22-156,23,2,0.0,0,sim
2-22-157,23,2,1.0,0,sim
2-22-158,23,2,1.0,0,sim
2-22-159,23,2,1.0,0,sim
2-22-160,23,2,1.0,0,sim
2-22-161,23,2,1.0,0,sim
2-22-162,23,2,1.0,0,sim
2-22-163,23,2,0.0,0,sim
2-22-164,23,2,1.0,0,sim
2-22-165,23,2,0.0,0,sim
2-22-166,23,2,1.0,0,sim
2-22-167,23,2,0.0,0,sim
2-22-168,23,2,0.0,0,sim
2-22-169,23,2,1.0,0,sim
2-22-170,23,2,0.0,0,sim
2-22-171,23,2,1.0,0,sim
2-22-172,23,2,1.0,0,sim
2-22-173,23,2,0.0,0,sim
2-22-174,23,2,1.0,0,sim
2-22-175,23,2,0.0,0,sim
2-22-176,23,2,0.0,0,sim
2-22-177,23,2,,0,sim
2-22-178,23,2,1.0,0,sim
2-22-179,23,2,0.0,0,sim
2-22-180,23,2,0.0,0,sim
2-22-181,23,2,0.0,0,sim
2-22-182,23,2,1.0,1,sim
2-22-183,23,2,0.0,0,sim
2-22-184,23,2,1.0,0,sim
2-22-185,23,2,1.0,1,sim
2-22-186,23,2,1.0,0,sim
2-22-187,23,2,,0,sim
2-22-188,23,2,1.0,0,sim
2-22-189,23,2,1.0,0,sim
2-22-190,23,2,0.0,0,sim
2-22-191,23,2,1.0,0,sim
2-22-192,23,2,1.0,0,sim
2-22-193,23,2,0.0,0,sim
2-22-194,23,2,1.0,0,sim
2-22-195,23,2,0.0,0,sim
2-22-196,23,2,0.0,0,sim
2-22-197,23,2,0.0,0,sim
2-22-198,23,2,1.0,0,sim
2-22-199,23,2,0.0,0,sim
2-22-200,23,2,0.0,0,sim
2-22-201,23,2,,0,sim
2-22-202,23,2,0.0,0,sim
2-22-203,23,2,0.0,0,sim
2-22-204,23,2,0.0,0,sim
2-22-205,23,2,1.0,0,sim
2-22-206,23,2,0.0,0,sim
2-22-207,23,2,1.0,0,sim
2-22-208,23,2,1.0,0,sim
2-22-209,23,2,1.0,0,sim
2-22-210,23,2,1.0,0,sim
2-22-211,23,2,1.0,1,sim
2-22-212,23,2,0.0,0,sim
2-22-213,23,2,0.0,0,sim
2-22-214,23,2,0.0,0,sim
2-22-215,23,2,0.0,0,sim
2-22-216,23,2,0.0,0,sim
2-22-217,23,2,1.0,0,sim
2-22-218,23,2,0.0,0,sim
2-22-219,23,2,1.0,0,sim
2-22-220,23,2,0.0,0,sim
2-22-221,23,2,1.0,0,sim
2-22-222,23,2,0.0,0,sim
2-22-223,23,2,1.0,0,sim
2-22-224,23,2,0.0,0,sim
2-22-225,23,2,0.0,0,sim
2-22-226,23,2,0.0,0,sim
2-22-227,23,2,0.0,0,sim
2-22-228,23,2,0.0,1,sim
2-22-229,23,2,1.0,0,sim
2-22-230,23,2,0.0,0,sim
2-22-231,23,2,0.0,0,sim
2-22-232,23,2,0.0,0,sim
2-22-233,23,2,0.0,0,sim
2-22-234,23,2,1.0,0,sim
2-22-235,23,2,1.0,0,sim
2-22-236,23,2,0.0,0,sim
2-22-237,23,2,0.0,0,sim
2-22-238,23,2,0.0,0,sim
2-22-239,23,2,,0,sim
2-23-0,24,2,0.0,0,sim
2-23-1,24,2,0.0,0,sim
2-23-2,24,2,0.0,0,sim
2-23-3,24,2,0.0,0,sim
2-23-4,24,2,0.0,0,sim
2-23-5,24,2,1.0,0,sim
2-23-6,24,2,0.0,0,sim
2-23-7,24,2,0.0,0,sim
2-23-8,24,2,0.0,0,sim
2-23-9,24,2,1.0,0,sim
2-23-10,24,2,0.0,0,sim
2-23-11,24,2,1.0,0,sim
2-23-12,24,2,0.0,0,sim
2-23-13,24,2,0.0,0,sim
2-23-14,24,2,0.0,0,sim
2-23-15,24,2,0.0,0,sim
2-23-16,24,2,0.0,0,sim
2-23-17,24,2,0.0,0,sim
2-23-18,24,2,0.0,0,sim
2-23-19,24,2,1.0,0,sim
2-23-20,24,2,0.0,0,sim
2-23-21,24,2,1.0,0,sim
2-23-22,24,2,1.0,0,sim
2-23-23,24,2,1.0,0,sim
2-23-24,24,2,0.0,0,sim
2-23-25,24,2,0.0,0,sim
2-23-26,24,2,0.0,0,sim
2-23-27,24,2,1.0,0,sim
2-23-28,24,2,0.0,0,sim
2-23-29,24,2,0.0,0,sim
2-23-30,24,2,0.0,0,sim
2-23-31,24,2,0.0,0,sim
2-23-32,24,2,0.0,0,sim
2-23-33,24,2,0.0,0,sim
2-23-34,24,2,0.0,0,sim
2-23-35,24,2,1.0,0,sim
2-23-36,24,2,0.0,0,sim
2-23-37,24,2,0.0,0,sim
2-23-38,24,2,0.0,0,sim
2-23-39,24,2,1.0,0,sim
2-23-40,24,2,0.0,0,sim
2-23-41,24,2,0.0,0,sim
2-23-42,24,2,1.0,0,sim
2-23-43,24,2,0.0,0,sim
2-23-44,24,2,1.0,0,sim
2-23-45,24,2,1.0,0,sim
2-23-46,24,2,1.0,0,sim
2-23-47,24,2,0.0,0,sim
2-23-48,24,2,0.0,0,sim
2-23-49,24,2,0.0,0,sim
2-23-50,24,2,1.0,0,sim
2-23-51,24,2,1.0,0,sim
2-23-52,24,2,1.0,0,sim
2-23-53,24,2,1.0,0,sim
2-23-54,24,2,0.0,0,sim
2-23-55,24,2,0.0,0,sim
2-23-56,24,2,1.0,0,sim
2-23-57,24,2,0.0,0,sim
2-23-58,24,2,,0,sim
2-23-59,24,2,0.0,0,sim
2-23-60,24,2,1.0,0,sim
2-23-61,24,2,0.0,0,sim
2-23-62,24,2,0.0,0,sim
2-23-63,24,2,0.0,0,sim
2-23-64,24,2,1.0,0,sim
2-23-65,24,2,1.0,0,sim
2-23-66,24,2,0.0,0,sim
2-23-67,24,2,0.0,0,sim
2-23-68,24,2,0.0,0,sim
2-23-69,24,2,1.0,0,sim
2-23-70,24,2,0.0,0,sim
2-23-71,24,2,0.0,0,sim
2-23-72,24,2,1.0,0,sim
2-23-73,24,2,0.0,0,sim
2-23-74,24,2,0.0,1,sim
2-23-75,24,2,0.0,0,sim
2-23-76,24,2,1.0,0,sim
2-23-77,24,2,0.0,0,sim
2-23-78,24,2,0.0,0,sim
2-23-79,24,2,0.0,0,sim
2-23-80,24,2,1.0,0,sim
2-23-81,24,2,1.0,0,sim
2-23-82,24,2,0.0,0,sim
2-23-83,24,2,0.0,0,sim
2-23-84,24,2,0.0,0,sim
2-23-85,24,2,0.0,0,sim
2-23-86,24,2,0.0,0,sim
2-23-87,24,2,1.0,0,sim
2-23-88,24,2,0.0,0,sim
2-23-89,24,2,1.0,0,sim
2-23-90,24,2,0.0,0,sim
2-23-91,24,2,0.0,0,sim
2-23-92,24,2,0.0,0,sim
2-23-93,24,2,0.0,0,sim
2-23-94,24,2,0.0,0,sim
2-23-95,24,2,0.0,0,sim
2-23-96,24,2,0.0,0,sim
2-23-97,24,2,0.0,0,sim
2-23-98,24,2,0.0,0,sim
2-23-99,24,2,0.0,1,sim
2-23-100,24,2,0.0,0,sim
2-23-101,24,2,1.0,0,sim
2-23-102,24,2,0.0,0,sim
2-23-103,24,2,0.0,0,sim
2-23-104,24,2,,0,sim
2-23-105,24,2,0.0,0,sim
2-23-106,24,2,0.0,1,sim
2-23-107,24,2,1.0,0,sim
2-23-108,24,2,0.0,0,sim
2-23-109,24,2,1.0,0,sim
2-23-110,24,2,1.0,0,sim
2-23-111,24,2,0.0,0,sim
2-23-112,24,2,0.0,0,sim
2-23-113,24,2,1.0,0,sim
2-23-114,24,2,1.0,0,sim
2-23-115,24,2,0.0,0,sim
2-23-116,24,2,1.0,0,sim
2-23-117,24,2,0.0,0,sim
2-23-118,24,2,1.0,0,sim
2-23-119,24,2,0.0,0,sim
2-23-120,24,2,1.0,0,sim
2-23-121,24,2,0.0,0,sim
2-23-122,24,2,1.0,0,sim
2-23-123,24,2,0.0,0,sim
2-23-124,24,2,0.0,0,sim
2-23-125,24,2,0.0,0,sim
2-23-126,24,2,1.0,0,sim
2-23-127,24,2,0.0,0,sim
2-23-128,24,2,0.0,0,sim
2-23-129,24,2,1.0,0,sim
2-23-130,24,2,0.0,0,sim
2-23-131,24,2,0.0,0,sim
2-23-132,24,2,0.0,0,sim
2-23-133,24,2,1.0,0,sim
2-23-134,24,2,1.0,0,sim
2-23-135,24,2,1.0,0,sim
2-23-136,24,2,0.0,0,sim
2-23-137,24,2,0.0,0,sim
2-23-138,24,2,1.0,0,sim
2-23-139,24,2,0.0,0,sim
2-23-140,24,2,1.0,0,sim
2-23-141,24,2,0.0,0,sim
2-23-142,24,2,1.0,0,sim
2-23-143,24,2,0.0,0,sim
2-23-144,24,2,1.0,0,sim
2-23-145,24,2,1.0,0,sim
2-23-146,24,2,0.0,0,sim
2-23-147,24,2,0.0,0,sim
2-23-148,24,2,0.0,0,sim
2-23-149,24,2,1.0,0,sim
2-23-150,24,2,1.0,0,sim
2-23-151,24,2,0.0,0,sim
2-23-152,24,2,0.0,0,sim
2-23-153,24,2,1.0,0,sim
2-23-154,24,2,1.0,0,sim
2-23-155,24,2,1.0,0,sim
2-23-156,24,2,0.0,0,sim
2-23-157,24,2,0.0,0,sim
2-23-158,24,2,1.0,0,sim
2-23-159,24,2,0.0,0,sim
2-23-160,24,2,0.0,0,sim
2-23-161,24,2,0.0,0,sim
2-23-162,24,2,1.0,0,sim
2-23-163,24,2,0.0,0,sim
2-23-164,24,2,0.0,0,sim
2-23-165,24,2,0.0,0,sim
2-23-166,24,2,0.0,0,sim
2-23-167,24,2,0.0,0,sim
2-23-168,24,2,0.0,0,sim
2-23-169,24,2,1.0,0,sim
2-23-170,24,2,0.0,0,sim
2-23-171,24,2,0.0,0,sim
2-23-172,24,2,1.0,0,sim
2-23-173,24,2,0.0,0,sim
2-23-174,24,2,1.0,0,sim
2-23-175,24,2,1.0,0,sim
2-23-176,24,2,1.0,0,sim
2-23-177,24,2,1.0,0,sim
2-23-178,24,2,1.0,0,sim
2-23-179,24,2,0.0,0,sim
2-23-180,24,2,1.0,0,sim
2-23-181,24,2,1.0,0,sim
2-23-182,24,2,0.0,0,sim
2-23-183,24,2,1.0,0,sim
2-23-184,24,2,1.0,0,sim
2-23-185,24,2,0.0,0,sim
2-23-186,24,2,0.0,0,sim
2-23-187,24,2,1.0,0,sim
2-23-188,24,2,1.0,0,sim
2-23-189,24,2,1.0,0,sim
2-23-190,24,2,1.0,0,sim
2-23-191,24,2,1.0,1,sim
2-23-192,24,2,0.0,0,sim
2-23-193,24,2,0.0,0,sim
2-23-194,24,2,0.0,0,sim
2-23-195,24,2,0.0,0,sim
2-23-196,24,2,,0,sim
2-23-197,24,2,0.0,0,sim
2-23-198,24,2,0.0,1,sim
2-23-199,24,2,1.0,0,sim
2-23-200,24,2,0.0,0,sim
2-23-201,24,2,0.0,0,sim
2-23-202,24,2,0.0,0,sim
2-23-203,24,2,0.0,0,sim
2-23-204,24,2,0.0,0,sim
2-23-205,24,2,1.0,0,sim
2-23-206,24,2,0.0,0,sim
2-23-207,24,2,0.0,0,sim
2-23-208,24,2,1.0,0,sim
2-23-209,24,2,0.0,0,sim
2-23-210,24,2,0.0,0,sim
2-23-211,24,2,0.0,0,sim
2-23-212,24,2,1.0,0,sim
2-23-213,24,2,1.0,0,sim
2-23-214,24,2,0.0,0,sim
2-23-215,24,2,0.0,0,sim
2-23-216,24,2,0.0,0,sim
2-23-217,24,2,0.0,0,sim
2-23-218,24,2,1.0,0,sim
2-23-219,24,2,1.0,0,sim
2-23-220,24,2,0.0,0,sim
2-23-221,24,2,0.0,0,sim
2-23-222,24,2,1.0,0,sim
2-23-223,24,2,0.0,0,sim
2-23-224,24,2,1.0,0,sim
2-23-225,24,2,1.0,0,sim
2-23-226,24,2,1.0,0,sim
2-23-227,24,2,0.0,0,sim
2-23-228,24,2,0.0,0,sim
2-23-229,24,2,0.0,0,sim
2-23-230,24,2,0.0,0,sim
2-23-231,24,2,0.0,0,sim
2-23-232,24,2,0.0,0,sim
2-23-233,24,2,1.0,0,sim
2-23-234,24,2,1.0,0,sim
2-23-235,24,2,1.0,0,sim
2-23-236,24,2,0.0,0,sim
2-23-237,24,2,1.0,0,sim
2-23-238,24,2,0.0,0,sim
2-23-239,24,2,0.0,1,sim
2-24-0,25,2,0.0,0,sim
2-24-1,25,2,0.0,1,sim
2-24-2,25,2,1.0,0,sim
2-24-3,25,2,1.0,0,sim
2-24-4,25,2,1.0,0,sim
2-24-5,25,2,,0,sim
2-24-6,25,2,0.0,0,sim
2-24-7,25,2,0.0,0,sim
2-24-8,25,2,0.0,0,sim
2-24-9,25,2,0.0,0,sim
2-24-10,25,2,1.0,0,sim
2-24-11,25,2,1.0,0,sim
2-24-12,25,2,0.0,0,sim
2-24-13,25,2,0.0,0,sim
2-24-14,25,2,1.0,0,sim
2-24-15,25,2,0.0,0,sim
2-24-16,25,2,0.0,1,sim
2-24-17,25,2,0.0,0,sim
2-24-18,25,2,0.0,0,sim
2-24-19,25,2,0.0,0,sim
2-24-20,25,2,1.0,0,sim
2-24-21,25,2,,0,sim
2-24-22,25,2,0.0,0,sim
2-24-23,25,2,1.0,0,sim
2-24-24,25,2,1.0,0,sim
2-24-25,25,2,1.0,0,sim
2-24-26,25,2,1.0,0,sim
2-24-27,25,2,0.0,0,sim
2-24-28,25,2,0.0,0,sim
2-24-29,25,2,0.0,0,sim
2-24-30,25,2,1.0,0,sim
2-24-31,25,2,,0,sim
2-24-32,25,2,,0,sim
2-24-33,25,2,1.0,0,sim
2-24-34,25,2,0.0,0,sim
2-24-35,25,2,1.0,0,sim
2-24-36,25,2,1.0,0,sim
2-24-37,25,2,1.0,0,sim
2-24-38,25,2,1.0,0,sim
2-24-39,25,2,0.0,0,sim
2-24-40,25,2,1.0,0,sim
2-24-41,25,2,0.0,0,sim
2-24-42,25,2,0.0,0,sim
2-24-43,25,2,0.0,0,sim
2-24-44,25,2,0.0,0,sim
2-24-45,25,2,1.0,0,sim
2-24-46,25,2,1.0,0,sim
2-24-47,25,2,1.0,0,sim
2-24-48,25,2,1.0,0,sim
2-24-49,25,2,0.0,0,sim
2-24-50,25,2,0.0,0,sim
2-24-51,25,2,0.0,0,sim
2-24-52,25,2,,0,sim
2-24-53,25,2,1.0,0,sim
2-24-54,25,2,0.0,0,sim
2-24-55,25,2,0.0,0,sim
2-24-56,25,2,0.0,0,sim
2-24-57,25,2,0.0,0,sim
2-24-58,25,2,0.0,0,sim
2-24-59,25,2,1.0,1,sim
2-24-60,25,2,0.0,0,sim
2-24-61,25,2,1.0,0,sim
2-24-62,25,2,0.0,0,sim
2-24-63,25,2,0.0,0,sim
2-24-64,25,2,0.0,0,sim
2-24-65,25,2,0.0,0,sim
2-24-66,25,2,0.0,0,sim
2-24-67,25,2,0.0,1,sim
2-24-68,25,2,0.0,0,sim
2-24-69,25,2,0.0,0,sim
2-24-70,25,2,1.0,0,sim
2-24-71,25,2,1.0,0,sim
2-24-72,25,2,1.0,0,sim
2-24-73,25,2,1.0,0,sim
2-24-74,25,2,0.0,0,sim
2-24-75,25,2,0.0,0,sim
2-24-76,25,2,0.0,0,sim
2-24-77,25,2,0.0,0,sim
2-24-78,25,2,1.0,0,sim
2-24-79,25,2,1.0,0,sim
2-24-80,25,2,0.0,0,sim
2-24-81,25,2,1.0,0,sim
2-24-82,25,2,1.0,0,sim
2-24-83,25,2,1.0,0,sim
2-24-84,25,2,0.0,0,sim
2-24-85,25,2,1.0,0,sim
2-24-86,25,2,0.0,1,sim
2-24-87,25,2,0.0,0,sim
2-24-88,25,2,1.0,0,sim
2-24-89,25,2,0.0,0,sim
2-24-90,25,2,1.0,0,sim
2-24-91,25,2,0.0,0,sim
2-24-92,25,2,0.0,0,sim
2-24-93,25,2,1.0,0,sim
2-24-94,25,2,0.0,0,sim
2-24-95,25,2,1.0,0,sim
2-24-96,25,2,1.0,0,sim
2-24-97,25,2,0.0,0,sim
2-24-98,25,2,1.0,1,sim
2-24-99,25,2,1.0,0,sim
2-24-100,25,2,1.0,0,sim
2-24-101,25,2,0.0,0,sim
2-24-102,25,2,1.0,0,sim
2-24-103,25,2,0.0,0,sim
2-24-104,25,2,1.0,0,sim
2-24-105,25,2,1.0,0,sim
2-24-106,25,2,1.0,0,sim
2-24-107,25,2,0.0,0,sim
2-24-108,25,2,1.0,0,sim
2-24-109,25,2,1.0,0,sim
2-24-110,25,2,1.0,0,sim
2-24-111,25,2,1.0,0,sim
2-24-112,25,2,0.0,0,sim
2-24-113,25,2,1.0,0,sim
2-24-114,25,2,0.0,0,sim
2-24-115,25,2,0.0,0,sim
2-24-116,25,2,1.0,0,sim
2-24-117,25,2,1.0,0,sim
2-24-118,25,2,,0,sim
2-24-119,25,2,0.0,0,sim
2-24-120,25,2,1.0,0,sim
2-24-121,25,2,0.0,0,sim
2-24-122,25,2,1.0,0,sim
2-24-123,25,2,,0,sim
2-24-124,25,2,0.0,0,sim
2-24-125,25,2,1.0,0,sim
2-24-126,25,2,0.0,0,sim
2-24-127,25,2,1.0,0,sim
2-24-128,25,2,1.0,0,sim
2-24-129,25,2,1.0,0,sim
2-24-130,25,2,0.0,0,sim
2-24-131,25,2,0.0,0,sim
2-24-132,25,2,0.0,0,sim
2-24-133,25,2,1.0,0,sim
2-24-134,25,2,0.0,0,sim
2-24-135,25,2,0.0,0,sim
2-24-136,25,2,1.0,0,sim
2-24-137,25,2,0.0,0,sim
2-24-138,25,2,0.0,0,sim
2-24-139,25,2,0.0,0,sim
2-24-140,25,2,0.0,0,sim
2-24-141,25,2,0.0,0,sim
2-24-142,25,2,0.0,0,sim
2-24-143,25,2,0.0,0,sim
2-24-144,25,2,0.0,0,sim
2-24-145,25,2,1.0,0,sim
2-24-146,25,2,0.0,0,sim
2-24-147,25,2,1.0,0,sim
2-24-148,25,2,0.0,0,sim
2-24-149,25,2,0.0,0,sim
2-24-150,25,2,0.0,0,sim
2-24-151,25,2,1.0,0,sim
2-24-152,25,2,0.0,1,sim
2-24-153,25,2,0.0,0,sim
2-24-154,25,2,0.0,0,sim
2-24-155,25,2,0.0,0,sim
2-24-156,25,2,1.0,0,sim
2-24-157,25,2,0.0,1,sim
2-24-158,25,2,0.0,0,sim
2-24-159,25,2,0.0,0,sim
2-24-160,25,2,1.0,0,sim
2-24-161,25,2,0.0,0,sim
2-24-162,25,2,0.0,0,sim
2-24-163,25,2,0.0,0,sim
2-24-164,25,2,1.0,0,sim
2-24-165,25,2,0.0,0,sim
2-24-166,25,2,0.0,0,sim
2-24-167,25,2,0.0,0,sim
2-24-168,25,2,1.0,0,sim
2-24-169,25,2,0.0,0,sim
2-24-170,25,2,0.0,0,sim
2-24-171,25,2,0.0,0,sim
2-24-172,25,2,0.0,0,sim
2-24-173,25,2,1.0,0,sim
2-24-174,25,2,0.0,0,sim
2-24-175,25,2,1.0,0,sim
2-24-176,25,2,1.0,0,sim
2-24-177,25,2,1.0,0,sim
2-24-178,25,2,1.0,0,sim
2-24-179,25,2,0.0,0,sim
2-24-180,25,2,0.0,1,sim
2-24-181,25,2,0.0,0,sim
2-24-182,25,2,,0,sim
2-24-183,25,2,0.0,0,sim
2-24-184,25,2,0.0,0,sim
2-24-185,25,2,0.0,0,sim
2-24-186,25,2,0.0,0,sim
2-24-187,25,2,1.0,0,sim
2-24-188,25,2,1.0,0,sim
2-24-189,25,2,,0,sim
2-24-190,25,2,0.0,0,sim
2-24-191,25,2,1.0,0,sim
2-24-192,25,2,0.0,0,sim
2-24-193,25,2,1.0,0,sim
2-24-194,25,2,1.0,0,sim
2-24-195,25,2,0.0,0,sim
2-24-196,25,2,0.0,0,sim
2-24-197,25,2,1.0,0,sim
2-24-198,25,2,0.0,0,sim
2-24-199,25,2,0.0,0,sim
2-24-200,25,2,0.0,0,sim
2-24-201,25,2,0.0,0,sim
2-24-202,25,2,0.0,0,sim
2-24-203,25,2,0.0,0,sim
2-24-204,25,2,0.0,0,sim
2-24-205,25,2,1.0,0,sim
2-24-206,25,2,1.0,0,sim
2-24-207,25,2,1.0,0,sim
2-24-208,25,2,0.0,0,sim
2-24-209,25,2,0.0,0,sim
2-24-210,25,2,1.0,0,sim
2-24-211,25,2,0.0,0,sim
2-24-212,25,2,1.0,0,sim
2-24-213,25,2,0.0,0,sim
2-24-214,25,2,0.0,0,sim
2-24-215,25,2,0.0,0,sim
2-24-216,25,2,1.0,1,sim
2-24-217,25,2,0.0,0,sim
2-24-218,25,2,0.0,0,sim
2-24-219,25,2,1.0,0,sim
2-24-220,25,2,0.0,0,sim
2-24-221,25,2,1.0,0,sim
2-24-222,25,2,0.0,1,sim
2-24-223,25,2,1.0,0,sim
2-24-224,25,2,1.0,0,sim
2-24-225,25,2,1.0,0,sim
2-24-226,25,2,0.0,0,sim
2-24-227,25,2,0.0,0,sim
2-24-228,25,2,1.0,0,sim
2-24-229,25,2,1.0,0,sim
2-24-230,25,2,0.0,0,sim
2-24-231,25,2,1.0,0,sim
2-24-232,25,2,0.0,0,sim
2-24-233,25,2,0.0,0,sim
2-24-234,25,2,0.0,0,sim
2-24-235,25,2,1.0,0,sim
2-24-236,25,2,1.0,0,sim
2-24-237,25,2,1.0,0,sim
2-24-238,25,2,0.0,0,sim
2-24-239,25,2,0.0,0,sim
2-25-0,26,2,1.0,0,sim
2-25-1,26,2,1.0,0,sim
2-25-2,26,2,0.0,0,sim
2-25-3,26,2,1.0,0,sim
2-25-4,26,2,1.0,1,sim
2-25-5,26,2,0.0,0,sim
2-25-6,26,2,0.0,0,sim
2-25-7,26,2,0.0,0,sim
2-25-8,26,2,1.0,0,sim
2-25-9,26,2,1.0,0,sim
2-25-10,26,2,1.0,0,sim
2-25-11,26,2,1.0,0,sim
2-25-12,26,2,1.0,0,sim
2-25-13,26,2,0.0,0,sim
2-25-14,26,2,,0,sim
2-25-15,26,2,1.0,0,sim
2-25-16,26,2,1.0,0,sim
2-25-17,26,2,0.0,0,sim
2-25-18,26,2,0.0,0,sim
2-25-19,26,2,0.0,0,sim
2-25-20,26,2,0.0,0,sim
2-25-21,26,2,1.0,0,sim
2-25-22,26,2,1.0,0,sim
2-25-23,26,2,0.0,0,sim
2-25-24,26,2,1.0,0,sim
2-25-25,26,2,1.0,0,sim
2-25-26,26,2,0.0,0,sim
2-25-27,26,2,0.0,0,sim
2-25-28,26,2,1.0,1,sim
2-25-29,26,2,0.0,0,sim
2-25-30,26,2,1.0,0,sim
2-25-31,26,2,1.0,0,sim
2-25-32,26,2,0.0,0,sim
2-25-33,26,2,0.0,0,sim
2-25-34,26,2,0.0,0,sim
2-25-35,26,2,0.0,0,sim
2-25-36,26,2,1.0,0,sim
2-25-37,26,2,0.0,0,sim
2-25-38,26,2,0.0,0,sim
2-25-39,26,2,1.0,0,sim
2-25-40,26,2,1.0,0,sim
2-25-41,26,2,1.0,0,sim
2-25-42,26,2,0.0,0,sim
2-25-43,26,2,0.0,0,sim
2-25-44,26,2,1.0,0,sim
2-25-45,26,2,0.0,0,sim
2-25-46,26,2,0.0,0,sim
2-25-47,26,2,0.0,0,sim
2-25-48,26,2,0.0,0,sim
2-25-49,26,2,0.0,0,sim
2-25-50,26,2,0.0,0,sim
2-25-51,26,2,1.0,0,sim
2-25-52,26,2,0.0,0,sim
2-25-53,26,2,0.0,0,sim
2-25-54,26,2,1.0,0,sim
2-25-55,26,2,,0,sim
2-25-56,26,2,1.0,0,sim
2-25-57,26,2,0.0,0,sim
2-25-58,26,2,1.0,0,sim
2-25-59,26,2,0.0,0,sim
2-25-60,26,2,1.0,0,sim
2-25-61,26,2,0.0,0,sim
2-25-62,26,2,1.0,0,sim
2-25-63,26,2,1.0,0,sim
2-25-64,26,2,0.0,0,sim
2-25-65,26,2,1.0,0,sim
2-25-66,26,2,1.0,1,sim
2-25-67,26,2,0.0,0,sim
2-25-68,26,2,0.0,0,sim
2-25-69,26,2,0.0,0,sim
2-25-70,26,2,1.0,0,sim
2-25-71,26,2,0.0,0,sim
2-25-72,26,2,0.0,0,sim
2-25-73,26,2,0.0,0,sim
2-25-74,26,2,1.0,1,sim
2-25-75,26,2,0.0,0,sim
2-25-76,26,2,0.0,0,sim
2-25-77,26,2,0.0,0,sim
2-25-78,26,2,0.0,0,sim
2-25-79,26,2,0.0,1,sim
2-25-80,26,2,1.0,0,sim
2-25-81,26,2,1.0,0,sim
2-25-82,26,2,0.0,1,sim
2-25-83,26,2,1.0,0,sim
2-25-84,26,2,0.0,0,sim
2-25-85,26,2,0.0,0,sim
2-25-86,26,2,0.0,0,sim
2-25-87,26,2,1.0,0,sim
2-25-88,26,2,1.0,0,sim
2-25-89,26,2,0.0,0,sim
2-25-90,26,2,0.0,0,sim
2-25-91,26,2,1.0,0,sim
2-25-92,26,2,1.0,0,sim
2-25-93,26,2,0.0,0,sim
2-25-94,26,2,1.0,0,sim
2-25-95,26,2,1.0,1,sim
2-25-96,26,2,1.0,0,sim
2-25-97,26,2,1.0,0,sim
2-25-98,26,2,1.0,0,sim
2-25-99,26,2,0.0,0,sim
2-25-100,26,2,1.0,0,sim
2-25-101,26,2,0.0,0,sim
2-25-102,26,2,1.0,0,sim
2-25-103,26,2,1.0,0,sim
2-25-104,26,2,0.0,0,sim
2-25-105,26,2,1.0,0,sim
2-25-106,26,2,0.0,0,sim
2-25-107,26,2,0.0,0,sim
2-25-108,26,2,0.0,0,sim
2-25-109,26,2,1.0,0,sim
2-25-110,26,2,0.0,0,sim
2-25-111,26,2,1.0,0,sim
2-25-112,26,2,1.0,0,sim
2-25-113,26,2,0.0,0,sim
2-25-114,26,2,0.0,0,sim
2-25-115,26,2,1.0,0,sim
2-25-116,26,2,0.0,0,sim
2-25-117,26,2,1.0,0,sim
2-25-118,26,2,0.0,1,sim
2-25-119,26,2,1.0,0,sim
2-25-120,26,2,1.0,0,sim
2-25-121,26,2,0.0,0,sim
2-25-122,26,2,,0,sim
2-25-123,26,2,1.0,0,sim
2-25-124,26,2,0.0,0,sim
2-25-125,26,2,1.0,0,sim
2-25-126,26,2,,0,sim
2-25-127,26,2,0.0,0,sim
2-25-128,26,2,1.0,0,sim
2-25-129,26,2,0.0,1,sim
2-25-130,26,2,0.0,0,sim
2-25-131,26,2,1.0,0,sim
2-25-132,26,2,1.0,0,sim
2-25-133,26,2,1.0,0,sim
2-25-134,26,2,0.0,0,sim
2-25-135,26,2,0.0,0,sim
2-25-136,26,2,0.0,0,sim
2-25-137,26,2,0.0,0,sim
2-25-138,26,2,1.0,0,sim
2-25-139,26,2,0.0,0,sim
2-25-140,26,2,1.0,0,sim
2-25-141,26,2,1.0,0,sim
2-25-142,26,2,0.0,0,sim
2-25-143,26,2,1.0,0,sim
2-25-144,26,2,1.0,0,sim
2-25-145,26,2,1.0,0,sim
2-25-146,26,2,1.0,0,sim
2-25-147,26,2,1.0,0,sim
2-25-148,26,2,0.0,0,sim
2-25-149,26,2,0.0,0,sim
2-25-150,26,2,1.0,1,sim
2-25-151,26,2,0.0,0,sim
2-25-152,26,2,0.0,0,sim
2-25-153,26,2,0.0,0,sim
2-25-154,26,2,1.0,0,sim
2-25-155,26,2,1.0,0,sim
2-25-156,26,2,1.0,0,sim
2-25-157,26,2,1.0,0,sim
2-25-158,26,2,1.0,0,sim
2-25-159,26,2,0.0,0,sim
2-25-160,26,2,0.0,0,sim
2-25-161,26,2,1.0,0,sim
2-25-162,26,2,0.0,0,sim
2-25-163,26,2,0.0,0,sim
2-25-164,26,2,0.0,0,sim
2-25-165,26,2,0.0,0,sim
2-25-166,26,2,1.0,0,sim
2-25-167,26,2,0.0,0,sim
2-25-168,26,2,0.0,0,sim
2-25-169,26,2,1.0,0,sim
2-25-170,26,2,0.0,0,sim
2-25-171,26,2,0.0,0,sim
2-25-172,26,2,0.0,0,sim
2-25-173,26,2,0.0,0,sim
2-25-174,26,2,0.0,0,sim
2-25-175,26,2,0.0,0,sim
2-25-176,26,2,0.0,0,sim
2-25-177,26,2,0.0,0,sim
2-25-178,26,2,1.0,0,sim
2-25-179,26,2,0.0,0,sim
2-25-180,26,2,0.0,0,sim
2-25-181,26,2,1.0,0,sim
2-25-182,26,2,0.0,0,sim
2-25-183,26,2,1.0,0,sim
2-25-184,26,2,1.0,0,sim
2-25-185,26,2,0.0,0,sim
2-25-186,26,2,1.0,0,sim
2-25-187,26,2,0.0,0,sim
2-25-188,26,2,0.0,0,sim
2-25-189,26,2,0.0,0,sim
2-25-190,26,2,1.0,0,sim
2-25-191,26,2,1.0,0,sim
2-25-192,26,2,0.0,0,sim
2-25-193,26,2,0.0,0,sim
2-25-194,26,2,1.0,0,sim
2-25-195,26,2,0.0,0,sim
2-25-196,26,2,0.0,0,sim
2-25-197,26,2,0.0,0,sim
2-25-198,26,2,0.0,0,sim
2-25-199,26,2,1.0,0,sim
2-25-200,26,2,1.0,0,sim
2-25-201,26,2,0.0,0,sim
2-25-202,26,2,1.0,0,sim
2-25-203,26,2,1.0,0,sim
2-25-204,26,2,0.0,0,sim
2-25-205,26,2,1.0,0,sim
2-25-206,26,2,0.0,0,sim
2-25-207,26,2,1.0,0,sim
2-25-208,26,2,0.0,0,sim
2-25-209,26,2,0.0,0,sim
2-25-210,26,2,1.0,0,sim
2-25-211,26,2,0.0,0,sim
2-25-212,26,2,1.0,0,sim
2-25-213,26,2,1.0,0,sim
2-25-214,26,2,0.0,0,sim
2-25-215,26,2,0.0,0,sim
2-25-216,26,2,0.0,0,sim
2-25-217,26,2,0.0,0,sim
2-25-218,26,2,0.0,0,sim
2-25-219,26,2,1.0,0,sim
2-25-220,26,2,0.0,0,sim
2-25-221,26,2,0.0,0,sim
2-25-222,26,2,1.0,0,sim
2-25-223,26,2,0.0,0,sim
2-25-224,26,2,0.0,1,sim
2-25-225,26,2,0.0,0,sim
2-25-226,26,2,,0,sim
2-25-227,26,2,1.0,1,sim
2-25-228,26,2,0.0,0,sim
2-25-229,26,2,1.0,1,sim
2-25-230,26,2,0.0,0,sim
2-25-231,26,2,1.0,0,sim
2-25-232,26,2,0.0,0,sim
2-25-233,26,2,0.0,0,sim
2-25-234,26,2,0.0,0,sim
2-25-235,26,2,0.0,0,sim
2-25-236,26,2,1.0,0,sim
2-25-237,26,2,0.0,0,sim
2-25-238,26,2,0.0,0,sim
2-25-239,26,2,0.0,0,sim
2-26-0,27,2,1.0,0,sim
2-26-1,27,2,1.0,0,sim
2-26-2,27,2,1.0,0,sim
2-26-3,27,2,0.0,0,sim
2-26-4,27,2,0.0,0,sim
2-26-5,27,2,0.0,0,sim
2-26-6,27,2,0.0,0,sim
2-26-7,27,2,0.0,0,sim
2-26-8,27,2,1.0,0,sim
2-26-9,27,2,1.0,0,sim
2-26-10,27,2,0.0,0,sim
2-26-11,27,2,0.0,0,sim
2-26-12,27,2,0.0,0,sim
2-26-13,27,2,0.0,0,sim
2-26-14,27,2,0.0,0,sim
2-26-15,27,2,0.0,0,sim
2-26-16,27,2,0.0,0,sim
2-26-17,27,2,0.0,0,sim
2-26-18,27,2,0.0,0,sim
2-26-19,27,2,1.0,0,sim
2-26-20,27,2,0.0,0,sim
2-26-21,27,2,0.0,0,sim
2-26-22,27,2,1.0,0,sim
2-26-23,27,2,0.0,0,sim
2-26-24,27,2,1.0,1,sim
2-26-25,27,2,0.0,1,sim
2-26-26,27,2,0.0,0,sim
2-26-27,27,2,0.0,0,sim
2-26-28,27,2,1.0,0,sim
2-26-29,27,2,1.0,0,sim
2-26-30,27,2,1.0,0,sim
2-26-31,27,2,1.0,0,sim
2-26-32,27,2,1.0,0,sim
2-26-33,27,2,,0,sim
2-26-34,27,2,0.0,0,sim
2-26-35,27,2,0.0,0,sim
2-26-36,27,2,0.0,0,sim
2-26-37,27,2,1.0,0,sim
2-26-38,27,2,0.0,0,sim
2-26-39,27,2,0.0,0,sim
2-26-40,27,2,0.0,0,sim
2-26-41,27,2,0.0,0,sim
2-26-42,27,2,0.0,0,sim
2-26-43,27,2,0.0,0,sim
2-26-44,27,2,1.0,0,sim
2-26-45,27,2,1.0,0,sim
2-26-46,27,2,1.0,0,sim
2-26-47,27,2,1.0,0,sim
2-26-48,27,2,1.0,1,sim
2-26-49,27,2,0.0,0,sim
2-26-50,27,2,1.0,0,sim
2-26-51,27,2,0.0,0,sim
2-26-52,27,2,1.0,0,sim
2-26-53,27,2,0.0,0,sim
2-26-54,27,2,1.0,0,sim
2-26-55,27,2,1.0,0,sim
2-26-56,27,2,0.0,0,sim
2-26-57,27,2,1.0,0,sim
2-26-58,27,2,0.0,0,sim
2-26-59,27,2,0.0,0,sim
2-26-60,27,2,1.0,0,sim
2-26-61,27,2,1.0,0,sim
2-26-62,27,2,0.0,0,sim
2-26-63,27,2,0.0,0,sim
2-26-64,27,2,1.0,0,sim
2-26-65,27,2,0.0,0,sim
2-26-66,27,2,0.0,0,sim
2-26-67,27,2,1.0,1,sim
2-26-68,27,2,1.0,0,sim
2-26-69,27,2,1.0,0,sim
2-26-70,27,2,1.0,0,sim
2-26-71,27,2,0.0,0,sim
2-26-72,27,2,1.0,0,sim
2-26-73,27,2,1.0,0,sim
2-26-74,27,2,0.0,0,sim
2-26-75,27,2,0.0,0,sim
2-26-76,27,2,0.0,0,sim
2-26-77,27,2,1.0,0,sim
2-26-78,27,2,,0,sim
2-26-79,27,2,1.0,1,sim
2-26-80,27,2,1.0,0,sim
2-26-81,27,2,0.0,0,sim
2-26-82,27,2,0.0,0,sim
2-26-83,27,2,0.0,0,sim
2-26-84,27,2,0.0,0,sim
2-26-85,27,2,1.0,0,sim
2-26-86,27,2,1.0,0,sim
2-26-87,27,2,1.0,0,sim
2-26-88,27,2,1.0,0,sim
2-26-89,27,2,1.0,0,sim
2-26-90,27,2,0.0,0,sim
2-26-91,27,2,0.0,0,sim
2-26-92,27,2,0.0,0,sim
2-26-93,27,2,0.0,0,sim
2-26-94,27,2,0.0,0,sim
2-26-95,27,2,0.0,0,sim
2-26-96,27,2,1.0,0,sim
2-26-97,27,2,1.0,0,sim
2-26-98,27,2,0.0,0,sim
2-26-99,27,2,0.0,0,sim
2-26-100,27,2,0.0,0,sim
2-26-101,27,2,1.0,0,sim
2-26-102,27,2,0.0,0,sim
2-26-103,27,2,0.0,0,sim
2-26-104,27,2,0.0,0,sim
2-26-105,27,2,1.0,0,sim
2-26-106,27,2,1.0,0,sim
2-26-107,27,2,0.0,0,sim
2-26-108,27,2,1.0,0,sim
2-26-109,27,2,0.0,0,sim
2-26-110,27,2,1.0,0,sim
2-26-111,27,2,0.0,0,sim
2-26-112,27,2,0.0,0,sim
2-26-113,27,2,1.0,0,sim
2-26-114,27,2,1.0,0,sim
2-26-115,27,2,1.0,0,sim
2-26-116,27,2,0.0,0,sim
2-26-117,27,2,0.0,0,sim
2-26-118,27,2,1.0,0,sim
2-26-119,27,2,1.0,0,sim
2-26-120,27,2,0.0,0,sim
2-26-121,27,2,0.0,0,sim
2-26-122,27,2,1.0,0,sim
2-26-123,27,2,0.0,0,sim
2-26-124,27,2,1.0,0,sim
2-26-125,27,2,0.0,0,sim
2-26-126,27,2,0.0,0,sim
2-26-127,27,2,1.0,0,sim
2-26-128,27,2,1.0,0,sim
2-26-129,27,2,0.0,0,sim
2-26-130,27,2,1.0,0,sim
2-26-131,27,2,0.0,0,sim
2-26-132,27,2,1.0,0,sim
2-26-133,27,2,0.0,0,sim
2-26-134,27,2,0.0,0,sim
2-26-135,27,2,0.0,0,sim
2-26-136,27,2,1.0,0,sim
2-26-137,27,2,,0,sim
2-26-138,27,2,0.0,0,sim
2-26-139,27,2,1.0,0,sim
2-26-140,27,2,0.0,0,sim
2-26-141,27,2,1.0,0,sim
2-26-142,27,2,1.0,0,sim
2-26-143,27,2,0.0,0,sim
2-26-144,27,2,1.0,0,sim
2-26-145,27,2,0.0,0,sim
2-26-146,27,2,0.0,0,sim
2-26-147,27,2,0.0,0,sim
2-26-148,27,2,0.0,0,sim
2-26-149,27,2,0.0,0,sim
2-26-150,27,2,0.0,0,sim
2-26-151,27,2,0.0,0,sim
2-26-152,27,2,0.0,0,sim
2-26-153,27,2,1.0,0,sim
2-26-154,27,2,0.0,0,sim
2-26-155,27,2,0.0,0,sim
2-26-156,27,2,0.0,0,sim
2-26-157,27,2,1.0,0,sim
2-26-158,27,2,0.0,0,sim
2-26-159,27,2,1.0,0,sim
2-26-160,27,2,0.0,0,sim
2-26-161,27,2,0.0,0,sim
2-26-162,27,2,0.0,0,sim
2-26-163,27,2,0.0,0,sim
2-26-164,27,2,0.0,0,sim
2-26-165,27,2,1.0,0,sim
2-26-166,27,2,0.0,0,sim
2-26-167,27,2,0.0,0,sim
2-26-168,27,2,1.0,0,sim
2-26-169,27,2,0.0,0,sim
2-26-170,27,2,0.0,0,sim
2-26-171,27,2,0.0,0,sim
2-26-172,27,2,1.0,0,sim
2-26-173,27,2,0.0,0,sim
2-26-174,27,2,1.0,0,sim
2-26-175,27,2,0.0,0,sim
2-26-176,27,2,1.0,0,sim
2-26-177,27,2,1.0,0,sim
2-26-178,27,2,0.0,0,sim
2-26-179,27,2,0.0,0,sim
2-26-180,27,2,0.0,0,sim
2-26-181,27,2,0.0,0,sim
2-26-182,27,2,1.0,0,sim
2-26-183,27,2,1.0,0,sim
2-26-184,27,2,0.0,0,sim
2-26-185,27,2,0.0,0,sim
2-26-186,27,2,1.0,0,sim
2-26-187,27,2,0.0,0,sim
2-26-188,27,2,1.0,0,sim
2-26-189,27,2,1.0,0,sim
2-26-190,27,2,1.0,0,sim
2-26-191,27,2,1.0,0,sim
2-26-192,27,2,0.0,0,sim
2-26-193,27,2,0.0,0,sim
2-26-194,27,2,0.0,0,sim
2-26-195,27,2,1.0,0,sim
2-26-196,27,2,0.0,0,sim
2-26-197,27,2,0.0,0,sim
2-26-198,27,2,0.0,0,sim
2-26-199,27,2,0.0,0,sim
2-26-200,27,2,0.0,0,sim
2-26-201,27,2,1.0,0,sim
2-26-202,27,2,0.0,0,sim
2-26-203,27,2,0.0,0,sim
2-26-204,27,2,0.0,1,sim
2-26-205,27,2,0.0,0,sim
2-26-206,27,2,0.0,0,sim
2-26-207,27,2,0.0,0,sim
2-26-208,27,2,0.0,0,sim
2-26-209,27,2,0.0,0,sim
2-26-210,27,2,0.0,0,sim
2-26-211,27,2,0.0,0,sim
2-26-212,27,2,1.0,0,sim
2-26-213,27,2,1.0,0,sim
2-26-214,27,2,0.0,0,sim
2-26-215,27,2,0.0,0,sim
2-26-216,27,2,0.0,0,sim
2-26-217,27,2,1.0,0,sim
2-26-218,27,2,0.0,0,sim
2-26-219,27,2,0.0,0,sim
2-26-220,27,2,1.0,0,sim
2-26-221,27,2,1.0,0,sim
2-26-222,27,2,1.0,0,sim
2-26-223,27,2,1.0,0,sim
2-26-224,27,2,0.0,0,sim
2-26-225,27,2,0.0,0,sim
2-26-226,27,2,1.0,0,sim
2-26-227,27,2,0.0,0,sim
2-26-228,27,2,1.0,0,sim
2-26-229,27,2,1.0,0,sim
2-26-230,27,2,0.0,0,sim
2-26-231,27,2,0.0,0,sim
2-26-232,27,2,1.0,0,sim
2-26-233,27,2,0.0,0,sim
2-26-234,27,2,0.0,0,sim
2-26-235,27,2,0.0,0,sim
2-26-236,27,2,0.0,0,sim
2-26-237,27,2,0.0,0,sim
2-26-238,27,2,1.0,0,sim
2-26-239,27,2,1.0,0,sim
2-27-0,28,2,1.0,0,sim
2-27-1,28,2,0.0,0,sim
2-27-2,28,2,0.0,0,sim
2-27-3,28,2,0.0,0,sim
2-27-4,28,2,1.0,0,sim
2-27-5,28,2,1.0,0,sim
2-27-6,28,2,0.0,0,sim
2-27-7,28,2,0.0,0,sim
2-27-8,28,2,0.0,0,sim
2-27-9,28,2,1.0,0,sim
2-27-10,28,2,,0,sim
2-27-11,28,2,0.0,0,sim
2-27-12,28,2,1.0,0,sim
2-27-13,28,2,0.0,0,sim
2-27-14,28,2,0.0,0,sim
2-27-15,28,2,1.0,0,sim
2-27-16,28,2,1.0,0,sim
2-27-17,28,2,1.0,0,sim
2-27-18,28,2,1.0,0,sim
2-27-19,28,2,0.0,0,sim
2-27-20,28,2,0.0,0,sim
2-27-21,28,2,0.0,1,sim
2-27-22,28,2,0.0,0,sim
2-27-23,28,2,1.0,0,sim
2-27-24,28,2,0.0,0,sim
2-27-25,28,2,1.0,0,sim
2-27-26,28,2,0.0,0,sim
2-27-27,28,2,1.0,0,sim
2-27-28,28,2,0.0,0,sim
2-27-29,28,2,0.0,0,sim
2-27-30,28,2,0.0,0,sim
2-27-31,28,2,0.0,0,sim
2-27-32,28,2,,0,sim
2-27-33,28,2,0.0,0,sim
2-27-34,28,2,0.0,0,sim
2-27-35,28,2,0.0,0,sim
2-27-36,28,2,0.0,0,sim
2-27-37,28,2,1.0,0,sim
2-27-38,28,2,1.0,0,sim
2-27-39,28,2,1.0,0,sim
2-27-40,28,2,0.0,0,sim
2-27-41,28,2,0.0,0,sim
2-27-42,28,2,0.0,0,sim
2-27-43,28,2,0.0,0,sim
2-27-44,28,2,1.0,0,sim
2-27-45,28,2,0.0,0,sim
2-27-46,28,2,0.0,0,sim
2-27-47,28,2,0.0,0,sim
2-27-48,28,2,0.0,0,sim
2-27-49,28,2,0.0,0,sim
2-27-50,28,2,0.0,0,sim
2-27-51,28,2,0.0,0,sim
2-27-52,28,2,1.0,0,sim
2-27-53,28,2,1.0,0,sim
2-27-54,28,2,0.0,0,sim
2-27-55,28,2,0.0,0,sim
2-27-56,28,2,1.0,0,sim
2-27-57,28,2,0.0,0,sim
2-27-58,28,2,0.0,0,sim
2-27-59,28,2,0.0,0,sim
2-27-60,28,2,1.0,0,sim
2-27-61,28,2,0.0,0,sim
2-27-62,28,2,0.0,0,sim
2-27-63,28,2,1.0,0,sim
2-27-64,28,2,1.0,0,sim
2-27-65,28,2,1.0,0,sim
2-27-66,28,2,0.0,0,sim
2-27-67,28,2,1.0,0,sim
2-27-68,28,2,1.0,0,sim
2-27-69,28,2,0.0,0,sim
2-27-70,28,2,0.0,0,sim
2-27-71,28,2,1.0,0,sim
2-27-72,28,2,0.0,0,sim
2-27-73,28,2,0.0,0,sim
2-27-74,28,2,0.0,0,sim
2-27-75,28,2,1.0,0,sim
2-27-76,28,2,1.0,0,sim
2-27-77,28,2,0.0,0,sim
2-27-78,28,2,0.0,0,sim
2-27-79,28,2,0.0,0,sim
2-27-80,28,2,0.0,0,sim
2-27-81,28,2,0.0,0,sim
2-27-82,28,2,1.0,0,sim
2-27-83,28,2,0.0,0,sim
2-27-84,28,2,1.0,0,sim
2-27-85,28,2,0.0,0,sim
2-27-86,28,2,0.0,0,sim
2-27-87,28,2,0.0,0,sim
2-27-88,28,2,0.0,0,sim
2-27-89,28,2,1.0,0,sim
2-27-90,28,2,1.0,0,sim
2-27-91,28,2,1.0,0,sim
2-27-92,28,2,0.0,0,sim
2-27-93,28,2,0.0,0,sim
2-27-94,28,2,0.0,0,sim
2-27-95,28,2,0.0,0,sim
2-27-96,28,2,0.0,0,sim
2-27-97,28,2,0.0,0,sim
2-27-98,28,2,1.0,0,sim
2-27-99,28,2,1.0,0,sim
2-27-100,28,2,0.0,0,sim
2-27-101,28,2,0.0,0,sim
2-27-102,28,2,0.0,0,sim
2-27-103,28,2,0.0,0,sim
2-27-104,28,2,0.0,0,sim
2-27-105,28,2,0.0,0,sim
2-27-106,28,2,0.0,0,sim
2-27-107,28,2,0.0,0,sim
2-27-108,28,2,0.0,0,sim
2-27-109,28,2,0.0,0,sim
2-27-110,28,2,0.0,0,sim
2-27-111,28,2,0.0,0,sim
2-27-112,28,2,1.0,0,sim
2-27-113,28,2,0.0,0,sim
2-27-114,28,2,0.0,0,sim
2-27-115,28,2,0.0,0,sim
2-27-116,28,2,1.0,0,sim
2-27-117,28,2,0.0,0,sim
2-27-118,28,2,1.0,0,sim
2-27-119,28,2,,0,sim
2-27-120,28,2,0.0,0,sim
2-27-121,28,2,0.0,0,sim
2-27-122,28,2,1.0,0,sim
2-27-123,28,2,1.0,0,sim
2-27-124,28,2,0.0,0,sim
2-27-125,28,2,1.0,0,sim
2-27-126,28,2,0.0,0,sim
2-27-127,28,2,1.0,0,sim
2-27-128,28,2,0.0,0,sim
2-27-129,28,2,1.0,0,sim
2-27-130,28,2,1.0,0,sim
2-27-131,28,2,0.0,0,sim
2-27-132,28,2,0.0,0,sim
2-27-133,28,2,0.0,0,sim
2-27-134,28,2,1.0,0,sim
2-27-135,28,2,0.0,0,sim
2-27-136,28,2,1.0,0,sim
2-27-137,28,2,0.0,0,sim
2-27-138,28,2,0.0,0,sim
2-27-139,28,2,0.0,0,sim
2-27-140,28,2,1.0,0,sim
2-27-141,28,2,0.0,0,sim
2-27-142,28,2,1.0,0,sim
2-27-143,28,2,0.0,0,sim
2-27-144,28,2,0.0,0,sim
2-27-145,28,2,1.0,0,sim
2-27-146,28,2,0.0,1,sim
2-27-147,28,2,0.0,0,sim
2-27-148,28,2,1.0,0,sim
2-27-149,28,2,1.0,0,sim
2-27-150,28,2,0.0,0,sim
2-27-151,28,2,0.0,1,sim
2-27-152,28,2,0.0,0,sim
2-27-153,28,2,1.0,0,sim
2-27-154,28,2,1.0,0,sim
2-27-155,28,2,0.0,0,sim
2-27-156,28,2,0.0,0,sim
2-27-157,28,2,1.0,0,sim
2-27-158,28,2,1.0,0,sim
2-27-159,28,2,0.0,0,sim
2-27-160,28,2,0.0,0,sim
2-27-161,28,2,0.0,0,sim
2-27-162,28,2,0.0,0,sim
2-27-163,28,2,0.0,0,sim
2-27-164,28,2,,0,sim
2-27-165,28,2,0.0,0,sim
2-27-166,28,2,0.0,0,sim
2-27-167,28,2,1.0,0,sim
2-27-168,28,2,0.0,0,sim
2-27-169,28,2,0.0,0,sim
2-27-170,28,2,0.0,0,sim
2-27-171,28,2,0.0,0,sim
2-27-172,28,2,,0,sim
2-27-173,28,2,1.0,0,sim
2-27-174,28,2,0.0,0,sim
2-27-175,28,2,0.0,0,sim
2-27-176,28,2,0.0,0,sim
2-27-177,28,2,0.0,0,sim
2-27-178,28,2,1.0,0,sim
2-27-179,28,2,1.0,0,sim
2-27-180,28,2,1.0,0,sim
2-27-181,28,2,0.0,0,sim
2-27-182,28,2,1.0,0,sim
2-27-183,28,2,0.0,0,sim
2-27-184,28,2,0.0,0,sim
2-27-185,28,2,0.0,0,sim
2-27-186,28,2,0.0,0,sim
2-27-187,28,2,0.0,0,sim
2-27-188,28,2,0.0,0,sim
2-27-189,28,2,0.0,1,sim
2-27-190,28,2,1.0,0,sim
2-27-191,28,2,0.0,0,sim
2-27-192,28,2,1.0,0,sim
2-27-193,28,2,0.0,0,sim
2-27-194,28,2,0.0,0,sim
2-27-195,28,2,1.0,0,sim
2-27-196,28,2,1.0,0,sim
2-27-197,28,2,1.0,0,sim
2-27-198,28,2,0.0,0,sim
2-27-199,28,2,1.0,0,sim
2-27-200,28,2,1.0,0,sim
2-27-201,28,2,1.0,0,sim
2-27-202,28,2,1.0,0,sim
2-27-203,28,2,1.0,0,sim
2-27-204,28,2,1.0,0,sim
2-27-205,28,2,0.0,0,sim
2-27-206,28,2,1.0,0,sim
2-27-207,28,2,1.0,0,sim
2-27-208,28,2,0.0,0,sim
2-27-209,28,2,1.0,0,sim
2-27-210,28,2,1.0,0,sim
2-27-211,28,2,1.0,0,sim
2-27-212,28,2,0.0,0,sim
2-27-213,28,2,0.0,0,sim
2-27-214,28,2,0.0,0,sim
2-27-215,28,2,0.0,0,sim
2-27-216,28,2,0.0,0,sim
2-27-217,28,2,0.0,0,sim
2-27-218,28,2,0.0,0,sim
2-27-219,28,2,0.0,0,sim
2-27-220,28,2,0.0,0,sim
2-27-221,28,2,0.0,0,sim
2-27-222,28,2,,0,sim
2-27-223,28,2,1.0,0,sim
2-27-224,28,2,0.0,0,sim
2-27-225,28,2,1.0,0,sim
2-27-226,28,2,1.0,0,sim
2-27-227,28,2,0.0,0,sim
2-27-228,28,2,1.0,0,sim
2-27-229,28,2,0.0,0,sim
2-27-230,28,2,1.0,0,sim
2-27-231,28,2,1.0,0,sim
2-27-232,28,2,0.0,0,sim
2-27-233,28,2,0.0,0,sim
2-27-234,28,2,0.0,0,sim
2-27-235,28,2,0.0,0,sim
2-27-236,28,2,0.0,0,sim
2-27-237,28,2,0.0,0,sim
2-27-238,28,2,0.0,0,sim
2-27-239,28,2,0.0,0,sim
2-28-0,29,2,1.0,0,sim
2-28-1,29,2,0.0,0,sim
2-28-2,29,2,0.0,0,sim
2-28-3,29,2,1.0,0,sim
2-28-4,29,2,0.0,0,sim
2-28-5,29,2,0.0,0,sim
2-28-6,29,2,1.0,0,sim
2-28-7,29,2,1.0,0,sim
2-28-8,29,2,0.0,0,sim
2-28-9,29,2,0.0,0,sim
2-28-10,29,2,1.0,0,sim
2-28-11,29,2,1.0,0,sim
2-28-12,29,2,0.0,0,sim
2-28-13,29,2,0.0,0,sim
2-28-14,29,2,0.0,0,sim
2-28-15,29,2,1.0,0,sim
2-28-16,29,2,1.0,0,sim
2-28-17,29,2,0.0,0,sim
2-28-18,29,2,0.0,0,sim
2-28-19,29,2,0.0,0,sim
2-28-20,29,2,1.0,0,sim
2-28-21,29,2,0.0,0,sim
2-28-22,29,2,0.0,0,sim
2-28-23,29,2,0.0,0,sim
2-28-24,29,2,0.0,0,sim
2-28-25,29,2,0.0,0,sim
2-28-26,29,2,0.0,0,sim
2-28-27,29,2,1.0,0,sim
2-28-28,29,2,0.0,0,sim
2-28-29,29,2,1.0,0,sim
2-28-30,29,2,0.0,0,sim
2-28-31,29,2,0.0,0,sim
2-28-32,29,2,1.0,0,sim
2-28-33,29,2,0.0,0,sim
2-28-34,29,2,1.0,1,sim
2-28-35,29,2,0.0,0,sim
2-28-36,29,2,0.0,0,sim
2-28-37,29,2,0.0,0,sim
2-28-38,29,2,,0,sim
2-28-39,29,2,0.0,0,sim
2-28-40,29,2,0.0,0,sim
2-28-41,29,2,1.0,0,sim
2-28-42,29,2,0.0,0,sim
2-28-43,29,2,0.0,0,sim
2-28-44,29,2,1.0,0,sim
2-28-45,29,2,0.0,0,sim
2-28-46,29,2,0.0,0,sim
2-28-47,29,2,1.0,0,sim
2-28-48,29,2,,0,sim
2-28-49,29,2,0.0,0,sim
2-28-50,29,2,0.0,0,sim
2-28-51,29,2,1.0,0,sim
2-28-52,29,2,0.0,0,sim
2-28-53,29,2,0.0,0,sim
2-28-54,29,2,0.0,0,sim
2-28-55,29,2,0.0,0,sim
2-28-56,29,2,,0,sim
2-28-57,29,2,1.0,0,sim
2-28-58,29,2,1.0,0,sim
2-28-59,29,2,0.0,0,sim
2-28-60,29,2,0.0,0,sim
2-28-61,29,2,1.0,0,sim
2-28-62,29,2,1.0,0,sim
2-28-63,29,2,1.0,0,sim
2-28-64,29,2,1.0,0,sim
2-28-65,29,2,1.0,0,sim
2-28-66,29,2,0.0,0,sim
2-28-67,29,2,0.0,0,sim
2-28-68,29,2,0.0,0,sim
2-28-69,29,2,1.0,0,sim
2-28-70,29,2,0.0,1,sim
2-28-71,29,2,0.0,0,sim
2-28-72,29,2,0.0,0,sim
2-28-73,29,2,0.0,0,sim
2-28-74,29,2,0.0,0,sim
2-28-75,29,2,0.0,0,sim
2-28-76,29,2,1.0,0,sim
2-28-77,29,2,1.0,0,sim
2-28-78,29,2,0.0,0,sim
2-28-79,29,2,0.0,0,sim
2-28-80,29,2,1.0,0,sim
2-28-81,29,2,1.0,0,sim
2-28-82,29,2,1.0,0,sim
2-28-83,29,2,0.0,0,sim
2-28-84,29,2,0.0,0,sim
2-28-85,29,2,1.0,0,sim
2-28-86,29,2,1.0,0,sim
2-28-87,29,2,0.0,0,sim
2-28-88,29,2,1.0,0,sim
2-28-89,29,2,1.0,0,sim
2-28-90,29,2,0.0,0,sim
2-28-91,29,2,1.0,0,sim
2-28-92,29,2,0.0,0,sim
2-28-93,29,2,1.0,0,sim
2-28-94,29,2,1.0,0,sim
2-28-95,29,2,0.0,0,sim
2-28-96,29,2,1.0,0,sim
2-28-97,29,2,0.0,0,sim
2-28-98,29,2,0.0,0,sim
2-28-99,29,2,1.0,0,sim
2-28-100,29,2,1.0,0,sim
2-28-101,29,2,0.0,0,sim
2-28-102,29,2,0.0,0,sim
2-28-103,29,2,0.0,0,sim
2-28-104,29,2,0.0,0,sim
2-28-105,29,2,1.0,0,sim
2-28-106,29,2,0.0,0,sim
2-28-107,29,2,1.0,0,sim
2-28-108,29,2,1.0,0,sim
2-28-109,29,2,1.0,0,sim
2-28-110,29,2,0.0,0,sim
2-28-111,29,2,0.0,0,sim
2-28-112,29,2,0.0,0,sim
2-28-113,29,2,0.0,0,sim
2-28-114,29,2,0.0,0,sim
2-28-115,29,2,1.0,0,sim
2-28-116,29,2,0.0,0,sim
2-28-117,29,2,0.0,0,sim
2-28-118,29,2,0.0,0,sim
2-28-119,29,2,0.0,0,sim
2-28-120,29,2,0.0,0,sim
2-28-121,29,2,1.0,0,sim
2-28-122,29,2,1.0,0,sim
2-28-123,29,2,0.0,0,sim
2-28-124,29,2,1.0,0,sim
2-28-125,29,2,0.0,0,sim
2-28-126,29,2,1.0,0,sim
2-28-127,29,2,1.0,0,sim
2-28-128,29,2,1.0,0,sim
2-28-129,29,2,1.0,0,sim
2-28-130,29,2,1.0,0,sim
2-28-131,29,2,1.0,0,sim
2-28-132,29,2,1.0,0,sim
2-28-133,29,2,,0,sim
2-28-134,29,2,0.0,0,sim
2-28-135,29,2,0.0,0,sim
2-28-136,29,2,0.0,0,sim
2-28-137,29,2,0.0,0,sim
2-28-138,29,2,,0,sim
2-28-139,29,2,0.0,0,sim
2-28-140,29,2,0.0,0,sim
2-28-141,29,2,0.0,0,sim
2-28-142,29,2,1.0,0,sim
2-28-143,29,2,0.0,0,sim
2-28-144,29,2,1.0,0,sim
2-28-145,29,2,1.0,0,sim
2-28-146,29,2,0.0,0,sim
2-28-147,29,2,1.0,0,sim
2-28-148,29,2,1.0,0,sim
2-28-149,29,2,0.0,0,sim
2-28-150,29,2,1.0,0,sim
2-28-151,29,2,1.0,1,sim
2-28-152,29,2,1.0,0,sim
2-28-153,29,2,0.0,0,sim
2-28-154,29,2,1.0,0,sim
2-28-155,29,2,0.0,0,sim
2-28-156,29,2,0.0,0,sim
2-28-157,29,2,1.0,0,sim
2-28-158,29,2,1.0,0,sim
2-28-159,29,2,0.0,0,sim
2-28-160,29,2,0.0,0,sim
2-28-161,29,2,0.0,0,sim
2-28-162,29,2,,0,sim
2-28-163,29,2,0.0,1,sim
2-28-164,29,2,0.0,0,sim
2-28-165,29,2,1.0,0,sim
2-28-166,29,2,0.0,0,sim
2-28-167,29,2,0.0,0,sim
2-28-168,29,2,0.0,0,sim
2-28-169,29,2,0.0,0,sim
2-28-170,29,2,0.0,0,sim
2-28-171,29,2,1.0,1,sim
2-28-172,29,2,0.0,0,sim
2-28-173,29,2,1.0,0,sim
2-28-174,29,2,0.0,0,sim
2-28-175,29,2,1.0,0,sim
2-28-176,29,2,0.0,0,sim
2-28-177,29,2,,0,sim
2-28-178,29,2,1.0,0,sim
2-28-179,29,2,0.0,0,sim
2-28-180,29,2,0.0,0,sim
2-28-181,29,2,0.0,0,sim
2-28-182,29,2,1.0,0,sim
2-28-183,29,2,1.0,0,sim
2-28-184,29,2,,0,sim
2-28-185,29,2,1.0,0,sim
2-28-186,29,2,1.0,0,sim
2-28-187,29,2,1.0,0,sim
2-28-188,29,2,1.0,0,sim
2-28-189,29,2,0.0,0,sim
2-28-190,29,2,0.0,0,sim
2-28-191,29,2,1.0,0,sim
2-28-192,29,2,0.0,0,sim
2-28-193,29,2,1.0,0,sim
2-28-194,29,2,0.0,0,sim
2-28-195,29,2,1.0,0,sim
2-28-196,29,2,0.0,0,sim
2-28-197,29,2,1.0,0,sim
2-28-198,29,2,1.0,0,sim
2-28-199,29,2,0.0,0,sim
2-28-200,29,2,,0,sim
2-28-201,29,2,1.0,0,sim
2-28-202,29,2,,0,sim
2-28-203,29,2,0.0,0,sim
2-28-204,29,2,0.0,0,sim
2-28-205,29,2,0.0,0,sim
2-28-206,29,2,1.0,0,sim
2-28-207,29,2,0.0,0,sim
2-28-208,29,2,0.0,0,sim
2-28-209,29,2,1.0,0,sim
2-28-210,29,2,1.0,0,sim
2-28-211,29,2,,0,sim
2-28-212,29,2,0.0,0,sim
2-28-213,29,2,0.0,0,sim
2-28-214,29,2,1.0,0,sim
2-28-215,29,2,1.0,0,sim
2-28-216,29,2,1.0,0,sim
2-28-217,29,2,,0,sim
2-28-218,29,2,0.0,0,sim
2-28-219,29,2,0.0,0,sim
2-28-220,29,2,0.0,0,sim
2-28-221,29,2,0.0,0,sim
2-28-222,29,2,0.0,0,sim
2-28-223,29,2,0.0,0,sim
2-28-224,29,2,0.0,0,sim
2-28-225,29,2,0.0,0,sim
2-28-226,29,2,1.0,0,sim
2-28-227,29,2,1.0,0,sim
2-28-228,29,2,0.0,0,sim
2-28-229,29,2,1.0,0,sim
2-28-230,29,2,1.0,0,sim
2-28-231,29,2,1.0,0,sim
2-28-232,29,2,0.0,1,sim
2-28-233,29,2,0.0,0,sim
2-28-234,29,2,1.0,1,sim
2-28-235,29,2,0.0,0,sim
2-28-236,29,2,0.0,0,sim
2-28-237,29,2,0.0,0,sim
2-28-238,29,2,0.0,0,sim
2-28-239,29,2,0.0,0,sim
2-29-0,30,2,0.0,0,sim
2-29-1,30,2,1.0,0,sim
2-29-2,30,2,0.0,0,sim
2-29-3,30,2,1.0,0,sim
2-29-4,30,2,0.0,0,sim
2-29-5,30,2,1.0,0,sim
2-29-6,30,2,0.0,0,sim
2-29-7,30,2,0.0,0,sim
2-29-8,30,2,0.0,0,sim
2-29-9,30,2,0.0,0,sim
2-29-10,30,2,1.0,0,sim
2-29-11,30,2,0.0,0,sim
2-29-12,30,2,1.0,0,sim
2-29-13,30,2,1.0,0,sim
2-29-14,30,2,0.0,0,sim
2-29-15,30,2,1.0,0,sim
2-29-16,30,2,1.0,0,sim
2-29-17,30,2,0.0,0,sim
2-29-18,30,2,0.0,1,sim
2-29-19,30,2,1.0,0,sim
2-29-20,30,2,0.0,0,sim
2-29-21,30,2,1.0,0,sim
2-29-22,30,2,0.0,0,sim
2-29-23,30,2,0.0,0,sim
2-29-24,30,2,1.0,0,sim
2-29-25,30,2,1.0,0,sim
2-29-26,30,2,0.0,1,sim
2-29-27,30,2,0.0,0,sim
2-29-28,30,2,0.0,0,sim
2-29-29,30,2,0.0,0,sim
2-29-30,30,2,0.0,0,sim
2-29-31,30,2,1.0,0,sim
2-29-32,30,2,0.0,0,sim
2-29-33,30,2,0.0,0,sim
2-29-34,30,2,0.0,0,sim
2-29-35,30,2,0.0,0,sim
2-29-36,30,2,1.0,0,sim
2-29-37,30,2,0.0,0,sim
2-29-38,30,2,0.0,0,sim
2-29-39,30,2,1.0,0,sim
2-29-40,30,2,0.0,0,sim
2-29-41,30,2,1.0,0,sim
2-29-42,30,2,1.0,0,sim
2-29-43,30,2,1.0,0,sim
2-29-44,30,2,1.0,0,sim
2-29-45,30,2,0.0,0,sim
2-29-46,30,2,1.0,0,sim
2-29-47,30,2,0.0,0,sim
2-29-48,30,2,0.0,0,sim
2-29-49,30,2,0.0,0,sim
2-29-50,30,2,,0,sim
2-29-51,30,2,0.0,0,sim
2-29-52,30,2,0.0,0,sim
2-29-53,30,2,0.0,0,sim
2-29-54,30,2,0.0,0,sim
2-29-55,30,2,0.0,0,sim
2-29-56,30,2,1.0,0,sim
2-29-57,30,2,1.0,0,sim
2-29-58,30,2,1.0,0,sim
2-29-59,30,2,1.0,0,sim
2-29-60,30,2,0.0,0,sim
2-29-61,30,2,0.0,0,sim
2-29-62,30,2,1.0,0,sim
2-29-63,30,2,1.0,0,sim
2-29-64,30,2,0.0,0,sim
2-29-65,30,2,1.0,0,sim
2-29-66,30,2,0.0,0,sim
2-29-67,30,2,0.0,0,sim
2-29-68,30,2,0.0,0,sim
2-29-69,30,2,0.0,0,sim
2-29-70,30,2,1.0,0,sim
2-29-71,30,2,1.0,0,sim
2-29-72,30,2,0.0,0,sim
2-29-73,30,2,0.0,0,sim
2-29-74,30,2,1.0,0,sim
2-29-75,30,2,1.0,0,sim
2-29-76,30,2,0.0,0,sim
2-29-77,30,2,0.0,0,sim
2-29-78,30,2,0.0,0,sim
2-29-79,30,2,1.0,0,sim
2-29-80,30,2,0.0,0,sim
2-29-81,30,2,1.0,0,sim
2-29-82,30,2,0.0,0,sim
2-29-83,30,2,0.0,0,sim
2-29-84,30,2,0.0,0,sim
2-29-85,30,2,1.0,0,sim
2-29-86,30,2,0.0,0,sim
2-29-87,30,2,1.0,0,sim
2-29-88,30,2,0.0,0,sim
2-29-89,30,2,1.0,0,sim
2-29-90,30,2,1.0,0,sim
2-29-91,30,2,1.0,0,sim
2-29-92,30,2,0.0,0,sim
2-29-93,30,2,0.0,0,sim
2-29-94,30,2,0.0,0,sim
2-29-95,30,2,0.0,0,sim
2-29-96,30,2,1.0,0,sim
2-29-97,30,2,0.0,0,sim
2-29-98,30,2,0.0,0,sim
2-29-99,30,2,1.0,0,sim
2-29-100,30,2,0.0,0,sim
2-29-101,30,2,0.0,0,sim
2-29-102,30,2,0.0,0,sim
2-29-103,30,2,1.0,0,sim
2-29-104,30,2,0.0,0,sim
2-29-105,30,2,0.0,1,sim
2-29-106,30,2,1.0,0,sim
2-29-107,30,2,1.0,0,sim
2-29-108,30,2,0.0,0,sim
2-29-109,30,2,0.0,1,sim
2-29-110,30,2,0.0,0,sim
2-29-111,30,2,1.0,0,sim
2-29-112,30,2,0.0,0,sim
2-29-113,30,2,0.0,0,sim
2-29-114,30,2,0.0,0,sim
2-29-115,30,2,0.0,0,sim
2-29-116,30,2,0.0,0,sim
2-29-117,30,2,0.0,0,sim
2-29-118,30,2,0.0,0,sim
2-29-119,30,2,1.0,0,sim
2-29-120,30,2,,0,sim
2-29-121,30,2,0.0,0,sim
2-29-122,30,2,1.0,0,sim
2-29-123,30,2,0.0,0,sim
2-29-124,30,2,0.0,0,sim
2-29-125,30,2,,0,sim
2-29-126,30,2,1.0,0,sim
2-29-127,30,2,0.0,0,sim
2-29-128,30,2,1.0,0,sim
2-29-129,30,2,1.0,0,sim
2-29-130,30,2,0.0,0,sim
2-29-131,30,2,0.0,0,sim
2-29-132,30,2,1.0,0,sim
2-29-133,30,2,0.0,0,sim
2-29-134,30,2,0.0,0,sim
2-29-135,30,2,0.0,0,sim
2-29-136,30,2,1.0,1,sim
2-29-137,30,2,1.0,0,sim
2-29-138,30,2,0.0,0,sim
2-29-139,30,2,0.0,0,sim
2-29-140,30,2,1.0,1,sim
2-29-141,30,2,0.0,0,sim
2-29-142,30,2,0.0,0,sim
2-29-143,30,2,0.0,0,sim
2-29-144,30,2,0.0,0,sim
2-29-145,30,2,0.0,0,sim
2-29-146,30,2,0.0,0,sim
2-29-147,30,2,0.0,0,sim
2-29-148,30,2,1.0,1,sim
2-29-149,30,2,1.0,0,sim
2-29-150,30,2,1.0,0,sim
2-29-151,30,2,0.0,0,sim
2-29-152,30,2,0.0,0,sim
2-29-153,30,2,0.0,0,sim
2-29-154,30,2,0.0,0,sim
2-29-155,30,2,1.0,0,sim
2-29-156,30,2,0.0,0,sim
2-29-157,30,2,0.0,0,sim
2-29-158,30,2,0.0,0,sim
2-29-159,30,2,0.0,0,sim
2-29-160,30,2,0.0,0,sim
2-29-161,30,2,0.0,0,sim
2-29-162,30,2,,0,sim
2-29-163,30,2,0.0,0,sim
2-29-164,30,2,1.0,0,sim
2-29-165,30,2,0.0,0,sim
2-29-166,30,2,1.0,0,sim
2-29-167,30,2,0.0,1,sim
2-29-168,30,2,0.0,0,sim
2-29-169,30,2,0.0,0,sim
2-29-170,30,2,1.0,0,sim
2-29-171,30,2,1.0,0,sim
2-29-172,30,2,0.0,0,sim
2-29-173,30,2,0.0,0,sim
2-29-174,30,2,1.0,0,sim
2-29-175,30,2,0.0,0,sim
2-29-176,30,2,0.0,0,sim
2-29-177,30,2,0.0,0,sim
2-29-178,30,2,1.0,0,sim
2-29-179,30,2,0.0,0,sim
2-29-180,30,2,0.0,0,sim
2-29-181,30,2,1.0,0,sim
2-29-182,30,2,1.0,0,sim
2-29-183,30,2,,0,sim
2-29-184,30,2,1.0,0,sim
2-29-185,30,2,1.0,0,sim
2-29-186,30,2,1.0,0,sim
2-29-187,30,2,1.0,0,sim
2-29-188,30,2,0.0,0,sim
2-29-189,30,2,0.0,0,sim
2-29-190,30,2,0.0,0,sim
2-29-191,30,2,0.0,0,sim
2-29-192,30,2,0.0,0,sim
2-29-193,30,2,0.0,0,sim
2-29-194,30,2,0.0,0,sim
2-29-195,30,2,0.0,0,sim
2-29-196,30,2,1.0,0,sim
2-29-197,30,2,0.0,0,sim
2-29-198,30,2,1.0,0,sim
2-29-199,30,2,0.0,1,sim
2-29-200,30,2,0.0,0,sim
2-29-201,30,2,1.0,0,sim
2-29-202,30,2,0.0,0,sim
2-29-203,30,2,1.0,0,sim
2-29-204,30,2,0.0,0,sim
2-29-205,30,2,0.0,0,sim
2-29-206,30,2,0.0,0,sim
2-29-207,30,2,0.0,0,sim
2-29-208,30,2,0.0,0,sim
2-29-209,30,2,0.0,0,sim
2-29-210,30,2,0.0,0,sim
2-29-211,30,2,1.0,0,sim
2-29-212,30,2,0.0,0,sim
2-29-213,30,2,0.0,0,sim
2-29-214,30,2,1.0,0,sim
2-29-215,30,2,0.0,0,sim
2-29-216,30,2,1.0,0,sim
2-29-217,30,2,1.0,0,sim
2-29-218,30,2,0.0,0,sim
2-29-219,30,2,0.0,0,sim
2-29-220,30,2,1.0,0,sim
2-29-221,30,2,0.0,0,sim
2-29-222,30,2,0.0,0,sim
2-29-223,30,2,0.0,0,sim
2-29-224,30,2,0.0,0,sim
2-29-225,30,2,0.0,0,sim
2-29-226,30,2,1.0,0,sim
2-29-227,30,2,1.0,0,sim
2-29-228,30,2,0.0,0,sim
2-29-229,30,2,0.0,0,sim
2-29-230,30,2,0.0,0,sim
2-29-231,30,2,1.0,0,sim
2-29-232,30,2,0.0,0,sim
2-29-233,30,2,0.0,1,sim
2-29-234,30,2,0.0,0,sim
2-29-235,30,2,1.0,0,sim
2-29-236,30,2,1.0,0,sim
2-29-237,30,2,0.0,0,sim
2-29-238,30,2,1.0,0,sim
2-29-239,30,2,1.0,0,sim
2-30-0,31,2,0.0,1,sim
2-30-1,31,2,1.0,0,sim
2-30-2,31,2,1.0,0,sim
2-30-3,31,2,0.0,0,sim
2-30-4,31,2,1.0,0,sim
2-30-5,31,2,0.0,0,sim
2-30-6,31,2,0.0,0,sim
2-30-7,31,2,0.0,0,sim
2-30-8,31,2,0.0,0,sim
2-30-9,31,2,0.0,0,sim
2-30-10,31,2,1.0,0,sim
2-30-11,31,2,0.0,0,sim
2-30-12,31,2,0.0,0,sim
2-30-13,31,2,1.0,0,sim
2-30-14,31,2,0.0,0,sim
2-30-15,31,2,0.0,0,sim
2-30-16,31,2,0.0,0,sim
2-30-17,31,2,0.0,0,sim
2-30-18,31,2,0.0,0,sim
2-30-19,31,2,0.0,0,sim
2-30-20,31,2,1.0,0,sim
2-30-21,31,2,0.0,0,sim
2-30-22,31,2,0.0,0,sim
2-30-23,31,2,1.0,0,sim
2-30-24,31,2,1.0,0,sim
2-30-25,31,2,0.0,0,sim
2-30-26,31,2,1.0,0,sim
2-30-27,31,2,1.0,0,sim
2-30-28,31,2,0.0,0,sim
2-30-29,31,2,0.0,0,sim
2-30-30,31,2,1.0,0,sim
2-30-31,31,2,0.0,0,sim
2-30-32,31,2,1.0,0,sim
2-30-33,31,2,1.0,1,sim
2-30-34,31,2,0.0,0,sim
2-30-35,31,2,0.0,0,sim
2-30-36,31,2,0.0,0,sim
2-30-37,31,2,0.0,0,sim
2-30-38,31,2,0.0,0,sim
2-30-39,31,2,,0,sim
2-30-40,31,2,1.0,0,sim
2-30-41,31,2,0.0,0,sim
2-30-42,31,2,1.0,0,sim
2-30-43,31,2,1.0,0,sim
2-30-44,31,2,0.0,0,sim
2-30-45,31,2,1.0,0,sim
2-30-46,31,2,0.0,0,sim
2-30-47,31,2,0.0,0,sim
2-30-48,31,2,0.0,0,sim
2-30-49,31,2,0.0,0,sim
2-30-50,31,2,1.0,0,sim
2-30-51,31,2,0.0,0,sim
2-30-52,31,2,0.0,0,sim
2-30-53,31,2,0.0,0,sim
2-30-54,31,2,0.0,0,sim
2-30-55,31,2,0.0,0,sim
2-30-56,31,2,0.0,0,sim
2-30-57,31,2,1.0,0,sim
2-30-58,31,2,0.0,0,sim
2-30-59,31,2,0.0,1,sim
2-30-60,31,2,1.0,0,sim
2-30-61,31,2,0.0,0,sim
2-30-62,31,2,0.0,0,sim
2-30-63,31,2,0.0,0,sim
2-30-64,31,2,1.0,0,sim
2-30-65,31,2,0.0,0,sim
2-30-66,31,2,0.0,0,sim
2-30-67,31,2,0.0,0,sim
2-30-68,31,2,0.0,0,sim
2-30-69,31,2,1.0,0,sim
2-30-70,31,2,1.0,0,sim
2-30-71,31,2,0.0,0,sim
2-30-72,31,2,1.0,0,sim
2-30-73,31,2,1.0,0,sim
2-30-74,31,2,0.0,0,sim
2-30-75,31,2,0.0,0,sim
2-30-76,31,2,0.0,0,sim
2-30-77,31,2,1.0,0,sim
2-30-78,31,2,0.0,0,sim
2-30-79,31,2,1.0,0,sim
2-30-80,31,2,0.0,0,sim
2-30-81,31,2,0.0,0,sim
2-30-82,31,2,0.0,0,sim
2-30-83,31,2,0.0,0,sim
2-30-84,31,2,0.0,0,sim
2-30-85,31,2,1.0,0,sim
2-30-86,31,2,0.0,0,sim
2-30-87,31,2,0.0,0,sim
2-30-88,31,2,0.0,0,sim
2-30-89,31,2,1.0,0,sim
2-30-90,31,2,0.0,0,sim
2-30-91,31,2,0.0,0,sim
2-30-92,31,2,0.0,0,sim
2-30-93,31,2,0.0,0,sim
2-30-94,31,2,1.0,1,sim
2-30-95,31,2,1.0,0,sim
2-30-96,31,2,0.0,0,sim
2-30-97,31,2,1.0,0,sim
2-30-98,31,2,1.0,0,sim
2-30-99,31,2,0.0,0,sim
2-30-100,31,2,0.0,0,sim
2-30-101,31,2,0.0,0,sim
2-30-102,31,2,,1,sim
2-30-103,31,2,0.0,0,sim
2-30-104,31,2,1.0,0,sim
2-30-105,31,2,0.0,0,sim
2-30-106,31,2,0.0,0,sim
2-30-107,31,2,0.0,0,sim
2-30-108,31,2,0.0,0,sim
2-30-109,31,2,0.0,0,sim
2-30-110,31,2,1.0,0,sim
2-30-111,31,2,0.0,0,sim
2-30-112,31,2,0.0,0,sim
2-30-113,31,2,1.0,0,sim
2-30-114,31,2,0.0,0,sim
2-30-115,31,2,0.0,0,sim
2-30-116,31,2,0.0,0,sim
2-30-117,31,2,1.0,0,sim
2-30-118,31,2,0.0,0,sim
2-30-119,31,2,1.0,0,sim
2-30-120,31,2,0.0,0,sim
2-30-121,31,2,0.0,0,sim
2-30-122,31,2,1.0,0,sim
2-30-123,31,2,1.0,0,sim
2-30-124,31,2,1.0,0,sim
2-30-125,31,2,0.0,0,sim
2-30-126,31,2,0.0,0,sim
2-30-127,31,2,0.0,0,sim
2-30-128,31,2,1.0,0,sim
2-30-129,31,2,,0,sim
2-30-130,31,2,0.0,0,sim
2-30-131,31,2,0.0,0,sim
2-30-132,31,2,0.0,0,sim
2-30-133,31,2,0.0,0,sim
2-30-134,31,2,0.0,0,sim
2-30-135,31,2,0.0,0,sim
2-30-136,31,2,0.0,0,sim
2-30-137,31,2,1.0,0,sim
2-30-138,31,2,0.0,0,sim
2-30-139,31,2,0.0,0,sim
2-30-140,31,2,1.0,0,sim
2-30-141,31,2,0.0,0,sim
2-30-142,31,2,1.0,0,sim
2-30-143,31,2,0.0,0,sim
2-30-144,31,2,0.0,0,sim
2-30-145,31,2,0.0,0,sim
2-30-146,31,2,0.0,0,sim
2-30-147,31,2,0.0,0,sim
2-30-148,31,2,1.0,0,sim
2-30-149,31,2,0.0,0,sim
2-30-150,31,2,0.0,0,sim
2-30-151,31,2,1.0,0,sim
2-30-152,31,2,0.0,0,sim
2-30-153,31,2,0.0,0,sim
2-30-154,31,2,0.0,0,sim
2-30-155,31,2,0.0,0,sim
2-30-156,31,2,0.0,0,sim
2-30-157,31,2,1.0,0,sim
2-30-158,31,2,1.0,0,sim
2-30-159,31,2,1.0,0,sim
2-30-160,31,2,1.0,0,sim
2-30-161,31,2,1.0,0,sim
2-30-162,31,2,1.0,0,sim
2-30-163,31,2,0.0,0,sim
2-30-164,31,2,1.0,0,sim
2-30-165,31,2,1.0,0,sim
2-30-166,31,2,0.0,0,sim
2-30-167,31,2,1.0,0,sim
2-30-168,31,2,0.0,0,sim
2-30-169,31,2,1.0,0,sim
2-30-170,31,2,1.0,0,sim
2-30-171,31,2,0.0,0,sim
2-30-172,31,2,1.0,0,sim
2-30-173,31,2,0.0,0,sim
2-30-174,31,2,0.0,0,sim
2-30-175,31,2,0.0,0,sim
2-30-176,31,2,0.0,0,sim
2-30-177,31,2,0.0,1,sim
2-30-178,31,2,1.0,0,sim
2-30-179,31,2,0.0,0,sim
2-30-180,31,2,0.0,0,sim
2-30-181,31,2,0.0,0,sim
2-30-182,31,2,0.0,0,sim
2-30-183,31,2,0.0,0,sim
2-30-184,31,2,0.0,0,sim
2-30-185,31,2,1.0,0,sim
2-30-186,31,2,0.0,0,sim
2-30-187,31,2,1.0,0,sim
2-30-188,31,2,0.0,0,sim
2-30-189,31,2,1.0,0,sim
2-30-190,31,2,1.0,0,sim
2-30-191,31,2,1.0,0,sim
2-30-192,31,2,1.0,0,sim
2-30-193,31,2,1.0,0,sim
2-30-194,31,2,0.0,0,sim
2-30-195,31,2,1.0,0,sim
2-30-196,31,2,0.0,0,sim
2-30-197,31,2,0.0,0,sim
2-30-198,31,2,0.0,0,sim
2-30-199,31,2,0.0,0,sim
2-30-200,31,2,,0,sim
2-30-201,31,2,1.0,0,sim
2-30-202,31,2,1.0,1,sim
2-30-203,31,2,0.0,0,sim
2-30-204,31,2,0.0,0,sim
2-30-205,31,2,0.0,0,sim
2-30-206,31,2,0.0,0,sim
2-30-207,31,2,1.0,0,sim
2-30-208,31,2,0.0,0,sim
2-30-209,31,2,1.0,0,sim
2-30-210,31,2,0.0,0,sim
2-30-211,31,2,0.0,0,sim
2-30-212,31,2,0.0,0,sim
2-30-213,31,2,1.0,0,sim
2-30-214,31,2,1.0,0,sim
2-30-215,31,2,0.0,0,sim
2-30-216,31,2,0.0,0,sim
2-30-217,31,2,0.0,0,sim
2-30-218,31,2,0.0,0,sim
2-30-219,31,2,0.0,0,sim
2-30-220,31,2,0.0,1,sim
2-30-221,31,2,0.0,0,sim
2-30-222,31,2,1.0,0,sim
2-30-223,31,2,1.0,0,sim
2-30-224,31,2,0.0,0,sim
2-30-225,31,2,0.0,0,sim
2-30-226,31,2,1.0,0,sim
2-30-227,31,2,0.0,0,sim
2-30-228,31,2,1.0,0,sim
2-30-229,31,2,1.0,0,sim
2-30-230,31,2,1.0,0,sim
2-30-231,31,2,1.0,0,sim
2-30-232,31,2,0.0,0,sim
2-30-233,31,2,,0,sim
2-30-234,31,2,1.0,0,sim
2-30-235,31,2,0.0,0,sim
2-30-236,31,2,0.0,0,sim
2-30-237,31,2,0.0,0,sim
2-30-238,31,2,0.0,0,sim
2-30-239,31,2,1.0,1,sim
2-31-0,32,2,1.0,0,sim
2-31-1,32,2,0.0,1,sim
2-31-2,32,2,1.0,0,sim
2-31-3,32,2,0.0,0,sim
2-31-4,32,2,0.0,0,sim
2-31-5,32,2,0.0,0,sim
2-31-6,32,2,0.0,0,sim
2-31-7,32,2,0.0,0,sim
2-31-8,32,2,1.0,0,sim
2-31-9,32,2,1.0,0,sim
2-31-10,32,2,1.0,0,sim
2-31-11,32,2,0.0,0,sim
2-31-12,32,2,0.0,0,sim
2-31-13,32,2,0.0,0,sim
2-31-14,32,2,1.0,0,sim
2-31-15,32,2,1.0,0,sim
2-31-16,32,2,0.0,0,sim
2-31-17,32,2,0.0,0,sim
2-31-18,32,2,0.0,0,sim
2-31-19,32,2,1.0,0,sim
2-31-20,32,2,0.0,0,sim
2-31-21,32,2,0.0,0,sim
2-31-22,32,2,1.0,0,sim
2-31-23,32,2,0.0,0,sim
2-31-24,32,2,0.0,0,sim
2-31-25,32,2,0.0,0,sim
2-31-26,32,2,0.0,0,sim
2-31-27,32,2,1.0,0,sim
2-31-28,32,2,0.0,0,sim
2-31-29,32,2,0.0,0,sim
2-31-30,32,2,0.0,0,sim
2-31-31,32,2,0.0,0,sim
2-31-32,32,2,1.0,0,sim
2-31-33,32,2,1.0,0,sim
2-31-34,32,2,1.0,0,sim
2-31-35,32,2,0.0,0,sim
2-31-36,32,2,1.0,0,sim
2-31-37,32,2,0.0,0,sim
2-31-38,32,2,0.0,0,sim
2-31-39,32,2,1.0,0,sim
2-31-40,32,2,1.0,0,sim
2-31-41,32,2,0.0,0,sim
2-31-42,32,2,0.0,0,sim
2-31-43,32,2,1.0,0,sim
2-31-44,32,2,0.0,0,sim
2-31-45,32,2,0.0,0,sim
2-31-46,32,2,1.0,0,sim
2-31-47,32,2,0.0,1,sim
2-31-48,32,2,1.0,0,sim
2-31-49,32,2,0.0,0,sim
2-31-50,32,2,1.0,0,sim
2-31-51,32,2,0.0,0,sim
2-31-52,32,2,0.0,0,sim
2-31-53,32,2,0.0,0,sim
2-31-54,32,2,0.0,0,sim
2-31-55,32,2,0.0,0,sim
2-31-56,32,2,0.0,0,sim
2-31-57,32,2,0.0,0,sim
2-31-58,32,2,1.0,0,sim
2-31-59,32,2,0.0,0,sim
2-31-60,32,2,1.0,0,sim
2-31-61,32,2,1.0,0,sim
2-31-62,32,2,0.0,0,sim
2-31-63,32,2,0.0,0,sim
2-31-64,32,2,0.0,0,sim
2-31-65,32,2,1.0,0,sim
2-31-66,32,2,0.0,0,sim
2-31-67,32,2,0.0,1,sim
2-31-68,32,2,1.0,0,sim
2-31-69,32,2,0.0,0,sim
2-31-70,32,2,0.0,0,sim
2-31-71,32,2,0.0,0,sim
2-31-72,32,2,0.0,0,sim
2-31-73,32,2,1.0,0,sim
2-31-74,32,2,0.0,0,sim
2-31-75,32,2,1.0,0,sim
2-31-76,32,2,0.0,0,sim
2-31-77,32,2,0.0,0,sim
2-31-78,32,2,1.0,0,sim
2-31-79,32,2,0.0,0,sim
2-31-80,32,2,0.0,0,sim
2-31-81,32,2,0.0,0,sim
2-31-82,32,2,0.0,0,sim
2-31-83,32,2,1.0,0,sim
2-31-84,32,2,0.0,0,sim
2-31-85,32,2,1.0,0,sim
2-31-86,32,2,1.0,0,sim
2-31-87,32,2,0.0,0,sim
2-31-88,32,2,1.0,0,sim
2-31-89,32,2,1.0,0,sim
2-31-90,32,2,1.0,0,sim
2-31-91,32,2,0.0,0,sim
2-31-92,32,2,0.0,0,sim
2-31-93,32,2,0.0,0,sim
2-31-94,32,2,1.0,0,sim
2-31-95,32,2,0.0,0,sim
2-31-96,32,2,0.0,0,sim
2-31-97,32,2,1.0,0,sim
2-31-98,32,2,1.0,0,sim
2-31-99,32,2,0.0,0,sim
2-31-100,32,2,1.0,0,sim
2-31-101,32,2,0.0,0,sim
2-31-102,32,2,1.0,0,sim
2-31-103,32,2,0.0,0,sim
2-31-104,32,2,0.0,0,sim
2-31-105,32,2,1.0,0,sim
2-31-106,32,2,0.0,0,sim
2-31-107,32,2,1.0,0,sim
2-31-108,32,2,1.0,0,sim
2-31-109,32,2,1.0,0,sim
2-31-110,32,2,,0,sim
2-31-111,32,2,1.0,0,sim
2-31-112,32,2,1.0,0,sim
2-31-113,32,2,0.0,0,sim
2-31-114,32,2,1.0,0,sim
2-31-115,32,2,1.0,0,sim
2-31-116,32,2,1.0,0,sim
2-31-117,32,2,0.0,0,sim
2-31-118,32,2,0.0,0,sim
2-31-119,32,2,1.0,0,sim
2-31-120,32,2,1.0,0,sim
2-31-121,32,2,0.0,0,sim
2-31-122,32,2,0.0,0,sim
2-31-123,32,2,1.0,0,sim
2-31-124,32,2,1.0,0,sim
2-31-125,32,2,1.0,0,sim
2-31-126,32,2,1.0,0,sim
2-31-127,32,2,0.0,0,sim
2-31-128,32,2,1.0,0,sim
2-31-129,32,2,1.0,0,sim
2-31-130,32,2,0.0,0,sim
2-31-131,32,2,,0,sim
2-31-132,32,2,1.0,0,sim
2-31-133,32,2,0.0,0,sim
2-31-134,32,2,1.0,0,sim
2-31-135,32,2,0.0,0,sim
2-31-136,32,2,1.0,0,sim
2-31-137,32,2,1.0,0,sim
2-31-138,32,2,1.0,0,sim
2-31-139,32,2,0.0,0,sim
2-31-140,32,2,0.0,0,sim
2-31-141,32,2,1.0,0,sim
2-31-142,32,2,0.0,0,sim
2-31-143,32,2,,0,sim
2-31-144,32,2,0.0,0,sim
2-31-145,32,2,0.0,0,sim
2-31-146,32,2,0.0,0,sim
2-31-147,32,2,1.0,0,sim
2-31-148,32,2,1.0,0,sim
2-31-149,32,2,0.0,0,sim
2-31-150,32,2,1.0,0,sim
2-31-151,32,2,0.0,0,sim
2-31-152,32,2,0.0,0,sim
2-31-153,32,2,0.0,0,sim
2-31-154,32,2,0.0,0,sim
2-31-155,32,2,0.0,0,sim
2-31-156,32,2,0.0,0,sim
2-31-157,32,2,1.0,0,sim
2-31-158,32,2,0.0,0,sim
2-31-159,32,2,0.0,0,sim
2-31-160,32,2,0.0,0,sim
2-31-161,32,2,,0,sim
2-31-162,32,2,1.0,0,sim
2-31-163,32,2,,0,sim
2-31-164,32,2,1.0,0,sim
2-31-165,32,2,1.0,0,sim
2-31-166,32,2,0.0,0,sim
2-31-167,32,2,0.0,0,sim
2-31-168,32,2,1.0,0,sim
2-31-169,32,2,1.0,0,sim
2-31-170,32,2,0.0,0,sim
2-31-171,32,2,0.0,0,sim
2-31-172,32,2,1.0,0,sim
2-31-173,32,2,1.0,0,sim
2-31-174,32,2,0.0,0,sim
2-31-175,32,2,1.0,0,sim
2-31-176,32,2,0.0,0,sim
2-31-177,32,2,0.0,0,sim
2-31-178,32,2,1.0,0,sim
2-31-179,32,2,0.0,0,sim
2-31-180,32,2,1.0,0,sim
2-31-181,32,2,0.0,0,sim
2-31-182,32,2,1.0,0,sim
2-31-183,32,2,1.0,0,sim
2-31-184,32,2,1.0,0,sim
2-31-185,32,2,0.0,0,sim
2-31-186,32,2,,0,sim
2-31-187,32,2,0.0,0,sim
2-31-188,32,2,0.0,0,sim
2-31-189,32,2,1.0,0,sim
2-31-190,32,2,0.0,0,sim
2-31-191,32,2,0.0,0,sim
2-31-192,32,2,0.0,0,sim
2-31-193,32,2,0.0,0,sim
2-31-194,32,2,1.0,0,sim
2-31-195,32,2,0.0,0,sim
2-31-196,32,2,0.0,0,sim
2-31-197,32,2,0.0,0,sim
2-31-198,32,2,,0,sim
2-31-199,32,2,1.0,0,sim
2-31-200,32,2,1.0,0,sim
2-31-201,32,2,0.0,0,sim
2-31-202,32,2,1.0,0,sim
2-31-203,32,2,0.0,0,sim
2-31-204,32,2,1.0,0,sim
2-31-205,32,2,1.0,0,sim
2-31-206,32,2,1.0,0,sim
2-31-207,32,2,1.0,0,sim
2-31-208,32,2,0.0,0,sim
2-31-209,32,2,1.0,0,sim
2-31-210,32,2,1.0,0,sim
2-31-211,32,2,1.0,0,sim
2-31-212,32,2,0.0,0,sim
2-31-213,32,2,,0,sim
2-31-214,32,2,0.0,0,sim
2-31-215,32,2,0.0,0,sim
2-31-216,32,2,1.0,0,sim
2-31-217,32,2,1.0,0,sim
2-31-218,32,2,1.0,0,sim
2-31-219,32,2,0.0,0,sim
2-31-220,32,2,0.0,0,sim
2-31-221,32,2,0.0,0,sim
2-31-222,32,2,1.0,0,sim
2-31-223,32,2,0.0,0,sim
2-31-224,32,2,1.0,0,sim
2-31-225,32,2,0.0,0,sim
2-31-226,32,2,0.0,0,sim
2-31-227,32,2,0.0,0,sim
2-31-228,32,2,1.0,0,sim
2-31-229,32,2,0.0,0,sim
2-31-230,32,2,0.0,0,sim
2-31-231,32,2,1.0,0,sim
2-31-232,32,2,1.0,0,sim
2-31-233,32,2,0.0,0,sim
2-31-234,32,2,0.0,0,sim
2-31-235,32,2,0.0,0,sim
2-31-236,32,2,0.0,0,sim
2-31-237,32,2,0.0,0,sim
2-31-238,32,2,0.0,0,sim
2-31-239,32,2,0.0,0,sim
2-32-0,33,2,0.0,0,sim
2-32-1,33,2,1.0,0,sim
2-32-2,33,2,0.0,0,sim
2-32-3,33,2,1.0,0,sim
2-32-4,33,2,0.0,0,sim
2-32-5,33,2,0.0,0,sim
2-32-6,33,2,0.0,0,sim
2-32-7,33,2,0.0,0,sim
2-32-8,33,2,1.0,0,sim
2-32-9,33,2,0.0,0,sim
2-32-10,33,2,0.0,0,sim
2-32-11,33,2,1.0,0,sim
2-32-12,33,2,,0,sim
2-32-13,33,2,1.0,0,sim
2-32-14,33,2,0.0,0,sim
2-32-15,33,2,0.0,0,sim
2-32-16,33,2,0.0,0,sim
2-32-17,33,2,0.0,0,sim
2-32-18,33,2,1.0,0,sim
2-32-19,33,2,0.0,0,sim
2-32-20,33,2,1.0,0,sim
2-32-21,33,2,0.0,0,sim
2-32-22,33,2,1.0,0,sim
2-32-23,33,2,0.0,0,sim
2-32-24,33,2,0.0,0,sim
2-32-25,33,2,0.0,0,sim
2-32-26,33,2,1.0,0,sim
2-32-27,33,2,0.0,0,sim
2-32-28,33,2,0.0,0,sim
2-32-29,33,2,1.0,0,sim
2-32-30,33,2,1.0,0,sim
2-32-31,33,2,,0,sim
2-32-32,33,2,0.0,0,sim
2-32-33,33,2,1.0,0,sim
2-32-34,33,2,1.0,0,sim
2-32-35,33,2,0.0,0,sim
2-32-36,33,2,0.0,0,sim
2-32-37,33,2,0.0,0,sim
2-32-38,33,2,1.0,0,sim
2-32-39,33,2,0.0,0,sim
2-32-40,33,2,0.0,0,sim
2-32-41,33,2,0.0,0,sim
2-32-42,33,2,0.0,0,sim
2-32-43,33,2,0.0,0,sim
2-32-44,33,2,0.0,0,sim
2-32-45,33,2,0.0,0,sim
2-32-46,33,2,1.0,0,sim
2-32-47,33,2,0.0,0,sim
2-32-48,33,2,0.0,0,sim
2-32-49,33,2,0.0,0,sim
2-32-50,33,2,0.0,0,sim
2-32-51,33,2,1.0,0,sim
2-32-52,33,2,0.0,1,sim
2-32-53,33,2,0.0,0,sim
2-32-54,33,2,1.0,0,sim
2-32-55,33,2,1.0,0,sim
2-32-56,33,2,1.0,0,sim
2-32-57,33,2,0.0,0,sim
2-32-58,33,2,1.0,0,sim
2-32-59,33,2,0.0,0,sim
2-32-60,33,2,1.0,0,sim
2-32-61,33,2,1.0,0,sim
2-32-62,33,2,1.0,0,sim
2-32-63,33,2,0.0,0,sim
2-32-64,33,2,0.0,0,sim
2-32-65,33,2,1.0,0,sim
2-32-66,33,2,0.0,0,sim
2-32-67,33,2,0.0,0,sim
2-32-68,33,2,0.0,0,sim
2-32-69,33,2,0.0,0,sim
2-32-70,33,2,1.0,0,sim
2-32-71,33,2,0.0,0,sim
2-32-72,33,2,0.0,0,sim
2-32-73,33,2,0.0,0,sim
2-32-74,33,2,1.0,0,sim
2-32-75,33,2,0.0,0,sim
2-32-76,33,2,0.0,0,sim
2-32-77,33,2,1.0,0,sim
2-32-78,33,2,0.0,0,sim
2-32-79,33,2,1.0,0,sim
2-32-80,33,2,0.0,0,sim
2-32-81,33,2,0.0,0,sim
2-32-82,33,2,1.0,0,sim
2-32-83,33,2,1.0,0,sim
2-32-84,33,2,1.0,0,sim
2-32-85,33,2,0.0,1,sim
2-32-86,33,2,1.0,0,sim
2-32-87,33,2,1.0,0,sim
2-32-88,33,2,0.0,0,sim
2-32-89,33,2,1.0,0,sim
2-32-90,33,2,0.0,0,sim
2-32-91,33,2,0.0,0,sim
2-32-92,33,2,0.0,0,sim
2-32-93,33,2,0.0,0,sim
2-32-94,33,2,0.0,0,sim
2-32-95,33,2,0.0,0,sim
2-32-96,33,2,0.0,0,sim
2-32-97,33,2,1.0,0,sim
2-32-98,33,2,1.0,0,sim
2-32-99,33,2,0.0,0,sim
2-32-100,33,2,1.0,0,sim
2-32-101,33,2,1.0,0,sim
2-32-102,33,2,0.0,0,sim
2-32-103,33,2,0.0,0,sim
2-32-104,33,2,1.0,0,sim
2-32-105,33,2,0.0,0,sim
2-32-106,33,2,,0,sim
2-32-107,33,2,0.0,0,sim
2-32-108,33,2,0.0,0,sim
2-32-109,33,2,0.0,0,sim
2-32-110,33,2,1.0,0,sim
2-32-111,33,2,1.0,0,sim
2-32-112,33,2,0.0,0,sim
2-32-113,33,2,0.0,0,sim
2-32-114,33,2,0.0,0,sim
2-32-115,33,2,,0,sim
2-32-116,33,2,0.0,0,sim
2-32-117,33,2,0.0,0,sim
2-32-118,33,2,0.0,0,sim
2-32-119,33,2,0.0,0,sim
2-32-120,33,2,1.0,0,sim
2-32-121,33,2,1.0,0,sim
2-32-122,33,2,1.0,0,sim
2-32-123,33,2,0.0,0,sim
2-32-124,33,2,1.0,0,sim
2-32-125,33,2,1.0,0,sim
2-32-126,33,2,1.0,0,sim
2-32-127,33,2,1.0,0,sim
2-32-128,33,2,,0,sim
2-32-129,33,2,1.0,0,sim
2-32-130,33,2,1.0,0,sim
2-32-131,33,2,0.0,0,sim
2-32-132,33,2,0.0,0,sim
2-32-133,33,2,0.0,0,sim
2-32-134,33,2,,0,sim
2-32-135,33,2,0.0,0,sim
2-32-136,33,2,0.0,0,sim
2-32-137,33,2,0.0,0,sim
2-32-138,33,2,1.0,1,sim
2-32-139,33,2,1.0,0,sim
2-32-140,33,2,1.0,0,sim
2-32-141,33,2,1.0,0,sim
2-32-142,33,2,1.0,0,sim
2-32-143,33,2,1.0,0,sim
2-32-144,33,2,1.0,0,sim
2-32-145,33,2,0.0,0,sim
2-32-146,33,2,0.0,0,sim
2-32-147,33,2,1.0,0,sim
2-32-148,33,2,1.0,0,sim
2-32-149,33,2,1.0,0,sim
2-32-150,33,2,0.0,0,sim
2-32-151,33,2,0.0,0,sim
2-32-152,33,2,0.0,0,sim
2-32-153,33,2,0.0,0,sim
2-32-154,33,2,0.0,0,sim
2-32-155,33,2,0.0,0,sim
2-32-156,33,2,1.0,0,sim
2-32-157,33,2,0.0,0,sim
2-32-158,33,2,1.0,0,sim
2-32-159,33,2,0.0,0,sim
2-32-160,33,2,0.0,0,sim
2-32-161,33,2,0.0,0,sim
2-32-162,33,2,1.0,0,sim
2-32-163,33,2,1.0,0,sim
2-32-164,33,2,1.0,0,sim
2-32-165,33,2,0.0,0,sim
2-32-166,33,2,0.0,0,sim
2-32-167,33,2,1.0,0,sim
2-32-168,33,2,0.0,0,sim
2-32-169,33,2,1.0,1,sim
2-32-170,33,2,0.0,0,sim
2-32-171,33,2,0.0,0,sim
2-32-172,33,2,0.0,0,sim
2-32-173,33,2,0.0,0,sim
2-32-174,33,2,1.0,0,sim
2-32-175,33,2,1.0,0,sim
2-32-176,33,2,0.0,1,sim
2-32-177,33,2,1.0,0,sim
2-32-178,33,2,0.0,0,sim
2-32-179,33,2,0.0,0,sim
2-32-180,33,2,0.0,0,sim
2-32-181,33,2,0.0,0,sim
2-32-182,33,2,,0,sim
2-32-183,33,2,0.0,0,sim
2-32-184,33,2,0.0,0,sim
2-32-185,33,2,0.0,0,sim
2-32-186,33,2,0.0,0,sim
2-32-187,33,2,0.0,0,sim
2-32-188,33,2,1.0,0,sim
2-32-189,33,2,1.0,0,sim
2-32-190,33,2,0.0,0,sim
2-32-191,33,2,0.0,0,sim
2-32-192,33,2,0.0,0,sim
2-32-193,33,2,0.0,0,sim
2-32-194,33,2,0.0,0,sim
2-32-195,33,2,0.0,0,sim
2-32-196,33,2,0.0,0,sim
2-32-197,33,2,1.0,0,sim
2-32-198,33,2,0.0,0,sim
2-32-199,33,2,0.0,0,sim
2-32-200,33,2,,0,sim
2-32-201,33,2,0.0,0,sim
2-32-202,33,2,0.0,0,sim
2-32-203,33,2,0.0,0,sim
2-32-204,33,2,0.0,0,sim
2-32-205,33,2,0.0,0,sim
2-32-206,33,2,1.0,0,sim
2-32-207,33,2,1.0,0,sim
2-32-208,33,2,0.0,0,sim
2-32-209,33,2,1.0,0,sim
2-32-210,33,2,,0,sim
2-32-211,33,2,1.0,0,sim
2-32-212,33,2,0.0,0,sim
2-32-213,33,2,1.0,0,sim
2-32-214,33,2,1.0,0,sim
2-32-215,33,2,0.0,0,sim
2-32-216,33,2,1.0,0,sim
2-32-217,33,2,1.0,0,sim
2-32-218,33,2,1.0,0,sim
2-32-219,33,2,0.0,0,sim
2-32-220,33,2,0.0,0,sim
2-32-221,33,2,0.0,0,sim
2-32-222,33,2,1.0,0,sim
2-32-223,33,2,0.0,0,sim
2-32-224,33,2,1.0,0,sim
2-32-225,33,2,1.0,0,sim
2-32-226,33,2,1.0,0,sim
2-32-227,33,2,0.0,1,sim
2-32-228,33,2,0.0,0,sim
2-32-229,33,2,1.0,0,sim
2-32-230,33,2,0.0,0,sim
2-32-231,33,2,0.0,0,sim
2-32-232,33,2,1.0,0,sim
2-32-233,33,2,0.0,0,sim
2-32-234,33,2,0.0,0,sim
2-32-235,33,2,0.0,0,sim
2-32-236,33,2,0.0,0,sim
2-32-237,33,2,0.0,0,sim
2-32-238,33,2,1.0,0,sim
2-32-239,33,2,0.0,0,sim
2-33-0,34,2,1.0,0,sim
2-33-1,34,2,0.0,0,sim
2-33-2,34,2,0.0,0,sim
2-33-3,34,2,0.0,0,sim
2-33-4,34,2,1.0,0,sim
2-33-5,34,2,0.0,0,sim
2-33-6,34,2,1.0,0,sim
2-33-7,34,2,0.0,0,sim
2-33-8,34,2,1.0,0,sim
2-33-9,34,2,1.0,0,sim
2-33-10,34,2,1.0,0,sim
2-33-11,34,2,0.0,0,sim
2-33-12,34,2,0.0,0,sim
2-33-13,34,2,0.0,0,sim
2-33-14,34,2,0.0,0,sim
2-33-15,34,2,0.0,0,sim
2-33-16,34,2,0.0,0,sim
2-33-17,34,2,0.0,0,sim
2-33-18,34,2,1.0,0,sim
2-33-19,34,2,1.0,0,sim
2-33-20,34,2,0.0,0,sim
2-33-21,34,2,1.0,0,sim
2-33-22,34,2,1.0,0,sim
2-33-23,34,2,1.0,0,sim
2-33-24,34,2,0.0,0,sim
2-33-25,34,2,1.0,0,sim
2-33-26,34,2,1.0,0,sim
2-33-27,34,2,0.0,0,sim
2-33-28,34,2,1.0,0,sim
2-33-29,34,2,1.0,0,sim
2-33-30,34,2,1.0,0,sim
2-33-31,34,2,1.0,0,sim
2-33-32,34,2,1.0,0,sim
2-33-33,34,2,0.0,0,sim
2-33-34,34,2,1.0,0,sim
2-33-35,34,2,0.0,0,sim
2-33-36,34,2,0.0,0,sim
2-33-37,34,2,0.0,0,sim
2-33-38,34,2,1.0,0,sim
2-33-39,34,2,0.0,0,sim
2-33-40,34,2,0.0,0,sim
2-33-41,34,2,0.0,0,sim
2-33-42,34,2,0.0,0,sim
2-33-43,34,2,0.0,0,sim
2-33-44,34,2,0.0,0,sim
2-33-45,34,2,1.0,0,sim
2-33-46,34,2,1.0,0,sim
2-33-47,34,2,0.0,0,sim
2-33-48,34,2,1.0,0,sim
2-33-49,34,2,0.0,0,sim
2-33-50,34,2,1.0,0,sim
2-33-51,34,2,1.0,0,sim
2-33-52,34,2,0.0,0,sim
2-33-53,34,2,1.0,0,sim
2-33-54,34,2,0.0,0,sim
2-33-55,34,2,1.0,0,sim
2-33-56,34,2,0.0,0,sim
2-33-57,34,2,1.0,0,sim
2-33-58,34,2,0.0,0,sim
2-33-59,34,2,0.0,0,sim
2-33-60,34,2,1.0,0,sim
2-33-61,34,2,1.0,0,sim
2-33-62,34,2,0.0,0,sim
2-33-63,34,2,0.0,0,sim
2-33-64,34,2,1.0,0,sim
2-33-65,34,2,0.0,0,sim
2-33-66,34,2,0.0,0,sim
2-33-67,34,2,0.0,0,sim
2-33-68,34,2,1.0,0,sim
2-33-69,34,2,1.0,0,sim
2-33-70,34,2,0.0,0,sim
2-33-71,34,2,1.0,0,sim
2-33-72,34,2,1.0,0,sim
2-33-73,34,2,0.0,0,sim
2-33-74,34,2,0.0,0,sim
2-33-75,34,2,0.0,0,sim
2-33-76,34,2,1.0,0,sim
2-33-77,34,2,1.0,0,sim
2-33-78,34,2,1.0,1,sim
2-33-79,34,2,0.0,0,sim
2-33-80,34,2,1.0,0,sim
2-33-81,34,2,0.0,0,sim
2-33-82,34,2,0.0,0,sim
2-33-83,34,2,1.0,0,sim
2-33-84,34,2,0.0,0,sim
2-33-85,34,2,0.0,0,sim
2-33-86,34,2,0.0,0,sim
2-33-87,34,2,0.0,0,sim
2-33-88,34,2,0.0,0,sim
2-33-89,34,2,0.0,0,sim
2-33-90,34,2,1.0,0,sim
2-33-91,34,2,0.0,0,sim
2-33-92,34,2,1.0,0,sim
2-33-93,34,2,0.0,0,sim
2-33-94,34,2,0.0,0,sim
2-33-95,34,2,1.0,0,sim
2-33-96,34,2,0.0,0,sim
2-33-97,34,2,1.0,0,sim
2-33-98,34,2,0.0,0,sim
2-33-99,34,2,0.0,0,sim
2-33-100,34,2,0.0,0,sim
2-33-101,34,2,1.0,0,sim
2-33-102,34,2,0.0,0,sim
2-33-103,34,2,1.0,0,sim
2-33-104,34,2,1.0,0,sim
2-33-105,34,2,0.0,0,sim
2-33-106,34,2,0.0,0,sim
2-33-107,34,2,0.0,0,sim
2-33-108,34,2,0.0,0,sim
2-33-109,34,2,0.0,0,sim
2-33-110,34,2,1.0,0,sim
2-33-111,34,2,0.0,0,sim
2-33-112,34,2,0.0,0,sim
2-33-113,34,2,0.0,0,sim
2-33-114,34,2,0.0,0,sim
2-33-115,34,2,0.0,0,sim
2-33-116,34,2,1.0,0,sim
2-33-117,34,2,0.0,0,sim
2-33-118,34,2,0.0,0,sim
2-33-119,34,2,0.0,0,sim
2-33-120,34,2,1.0,0,sim
2-33-121,34,2,0.0,0,sim
2-33-122,34,2,0.0,0,sim
2-33-123,34,2,1.0,0,sim
2-33-124,34,2,0.0,0,sim
2-33-125,34,2,1.0,0,sim
2-33-126,34,2,0.0,0,sim
2-33-127,34,2,1.0,1,sim
2-33-128,34,2,1.0,0,sim
2-33-129,34,2,0.0,0,sim
2-33-130,34,2,0.0,0,sim
2-33-131,34,2,1.0,0,sim
2-33-132,34,2,0.0,0,sim
2-33-133,34,2,0.0,0,sim
2-33-134,34,2,0.0,0,sim
2-33-135,34,2,0.0,0,sim
2-33-136,34,2,0.0,0,sim
2-33-137,34,2,0.0,0,sim
2-33-138,34,2,0.0,0,sim
2-33-139,34,2,1.0,0,sim
2-33-140,34,2,0.0,0,sim
2-33-141,34,2,,0,sim
2-33-142,34,2,1.0,0,sim
2-33-143,34,2,1.0,0,sim
2-33-144,34,2,0.0,0,sim
2-33-145,34,2,0.0,0,sim
2-33-146,34,2,1.0,0,sim
2-33-147,34,2,1.0,0,sim
2-33-148,34,2,0.0,0,sim
2-33-149,34,2,0.0,0,sim
2-33-150,34,2,0.0,0,sim
2-33-151,34,2,1.0,0,sim
2-33-152,34,2,0.0,0,sim
2-33-153,34,2,0.0,0,sim
2-33-154,34,2,1.0,0,sim
2-33-155,34,2,0.0,0,sim
2-33-156,34,2,1.0,0,sim
2-33-157,34,2,0.0,0,sim
2-33-158,34,2,0.0,0,sim
2-33-159,34,2,0.0,0,sim
2-33-160,34,2,1.0,0,sim
2-33-161,34,2,0.0,1,sim
2-33-162,34,2,0.0,0,sim
2-33-163,34,2,0.0,0,sim
2-33-164,34,2,,0,sim
2-33-165,34,2,1.0,0,sim
2-33-166,34,2,1.0,0,sim
2-33-167,34,2,0.0,0,sim
2-33-168,34,2,0.0,0,sim
2-33-169,34,2,0.0,0,sim
2-33-170,34,2,0.0,0,sim
2-33-171,34,2,0.0,0,sim
2-33-172,34,2,0.0,0,sim
2-33-173,34,2,1.0,0,sim
2-33-174,34,2,0.0,1,sim
2-33-175,34,2,0.0,0,sim
2-33-176,34,2,0.0,0,sim
2-33-177,34,2,1.0,0,sim
2-33-178,34,2,1.0,0,sim
2-33-179,34,2,1.0,0,sim
2-33-180,34,2,0.0,0,sim
2-33-181,34,2,0.0,0,sim
2-33-182,34,2,,0,sim
2-33-183,34,2,0.0,0,sim
2-33-184,34,2,1.0,0,sim
2-33-185,34,2,1.0,0,sim
2-33-186,34,2,1.0,0,sim
2-33-187,34,2,1.0,0,sim
2-33-188,34,2,1.0,0,sim
2-33-189,34,2,1.0,0,sim
2-33-190,34,2,0.0,0,sim
2-33-191,34,2,1.0,0,sim
2-33-192,34,2,0.0,0,sim
2-33-193,34,2,1.0,0,sim
2-33-194,34,2,0.0,0,sim
2-33-195,34,2,0.0,0,sim
2-33-196,34,2,0.0,0,sim
2-33-197,34,2,1.0,0,sim
2-33-198,34,2,1.0,0,sim
2-33-199,34,2,0.0,0,sim
2-33-200,34,2,1.0,0,sim
2-33-201,34,2,0.0,0,sim
2-33-202,34,2,0.0,0,sim
2-33-203,34,2,1.0,0,sim
2-33-204,34,2,0.0,0,sim
2-33-205,34,2,1.0,0,sim
2-33-206,34,2,1.0,0,sim
2-33-207,34,2,0.0,0,sim
2-33-208,34,2,0.0,0,sim
2-33-209,34,2,0.0,1,sim
2-33-210,34,2,0.0,0,sim
2-33-211,34,2,0.0,0,sim
2-33-212,34,2,0.0,0,sim
2-33-213,34,2,0.0,0,sim
2-33-214,34,2,0.0,0,sim
2-33-215,34,2,1.0,0,sim
2-33-216,34,2,1.0,0,sim
2-33-217,34,2,0.0,0,sim
2-33-218,34,2,0.0,0,sim
2-33-219,34,2,1.0,0,sim
2-33-220,34,2,1.0,0,sim
2-33-221,34,2,0.0,0,sim
2-33-222,34,2,0.0,0,sim
2-33-223,34,2,0.0,0,sim
2-33-224,34,2,0.0,0,sim
2-33-225,34,2,0.0,0,sim
2-33-226,34,2,0.0,0,sim
2-33-227,34,2,0.0,0,sim
2-33-228,34,2,0.0,0,sim
2-33-229,34,2,0.0,0,sim
2-33-230,34,2,0.0,0,sim
2-33-231,34,2,0.0,0,sim
2-33-232,34,2,1.0,0,sim
2-33-233,34,2,0.0,0,sim
2-33-234,34,2,0.0,0,sim
2-33-235,34,2,1.0,1,sim
2-33-236,34,2,0.0,0,sim
2-33-237,34,2,1.0,0,sim
2-33-238,34,2,0.0,0,sim
2-33-239,34,2,0.0,0,sim
2-34-0,35,2,0.0,0,sim
2-34-1,35,2,0.0,0,sim
2-34-2,35,2,0.0,0,sim
2-34-3,35,2,0.0,0,sim
2-34-4,35,2,0.0,0,sim
2-34-5,35,2,1.0,0,sim
2-34-6,35,2,1.0,0,sim
2-34-7,35,2,1.0,0,sim
2-34-8,35,2,1.0,0,sim
2-34-9,35,2,0.0,0,sim
2-34-10,35,2,1.0,0,sim
2-34-11,35,2,0.0,0,sim
2-34-12,35,2,0.0,0,sim
2-34-13,35,2,1.0,0,sim
2-34-14,35,2,0.0,0,sim
2-34-15,35,2,0.0,0,sim
2-34-16,35,2,1.0,0,sim
2-34-17,35,2,1.0,0,sim
2-34-18,35,2,0.0,0,sim
2-34-19,35,2,0.0,0,sim
2-34-20,35,2,1.0,0,sim
2-34-21,35,2,1.0,0,sim
2-34-22,35,2,0.0,0,sim
2-34-23,35,2,0.0,1,sim
2-34-24,35,2,0.0,0,sim
2-34-25,35,2,0.0,0,sim
2-34-26,35,2,1.0,0,sim
2-34-27,35,2,1.0,0,sim
2-34-28,35,2,0.0,0,sim
2-34-29,35,2,1.0,0,sim
2-34-30,35,2,0.0,0,sim
2-34-31,35,2,0.0,0,sim
2-34-32,35,2,1.0,0,sim
2-34-33,35,2,0.0,0,sim
2-34-34,35,2,0.0,0,sim
2-34-35,35,2,0.0,0,sim
2-34-36,35,2,1.0,0,sim
2-34-37,35,2,1.0,0,sim
2-34-38,35,2,0.0,0,sim
2-34-39,35,2,0.0,0,sim
2-34-40,35,2,0.0,0,sim
2-34-41,35,2,1.0,0,sim
2-34-42,35,2,0.0,0,sim
2-34-43,35,2,0.0,0,sim
2-34-44,35,2,1.0,0,sim
2-34-45,35,2,0.0,0,sim
2-34-46,35,2,,0,sim
2-34-47,35,2,1.0,1,sim
2-34-48,35,2,0.0,0,sim
2-34-49,35,2,0.0,0,sim
2-34-50,35,2,1.0,0,sim
2-34-51,35,2,0.0,0,sim
2-34-52,35,2,1.0,0,sim
2-34-53,35,2,0.0,0,sim
2-34-54,35,2,0.0,0,sim
2-34-55,35,2,0.0,0,sim
2-34-56,35,2,0.0,0,sim
2-34-57,35,2,0.0,0,sim
2-34-58,35,2,0.0,0,sim
2-34-59,35,2,0.0,0,sim
2-34-60,35,2,1.0,0,sim
2-34-61,35,2,1.0,0,sim
2-34-62,35,2,1.0,0,sim
2-34-63,35,2,1.0,0,sim
2-34-64,35,2,0.0,0,sim
2-34-65,35,2,0.0,0,sim
2-34-66,35,2,0.0,0,sim
2-34-67,35,2,1.0,0,sim
2-34-68,35,2,0.0,0,sim
2-34-69,35,2,0.0,0,sim
2-34-70,35,2,0.0,0,sim
2-34-71,35,2,1.0,0,sim
2-34-72,35,2,1.0,0,sim
2-34-73,35,2,1.0,0,sim
2-34-74,35,2,0.0,0,sim
2-34-75,35,2,1.0,0,sim
2-34-76,35,2,0.0,0,sim
2-34-77,35,2,1.0,0,sim
2-34-78,35,2,0.0,0,sim
2-34-79,35,2,0.0,0,sim
2-34-80,35,2,1.0,0,sim
2-34-81,35,2,0.0,0,sim
2-34-82,35,2,1.0,0,sim
2-34-83,35,2,0.0,0,sim
2-34-84,35,2,1.0,0,sim
2-34-85,35,2,0.0,0,sim
2-34-86,35,2,0.0,0,sim
2-34-87,35,2,0.0,0,sim
2-34-88,35,2,1.0,0,sim
2-34-89,35,2,1.0,0,sim
2-34-90,35,2,0.0,0,sim
2-34-91,35,2,0.0,0,sim
2-34-92,35,2,1.0,0,sim
2-34-93,35,2,0.0,0,sim
2-34-94,35,2,0.0,0,sim
2-34-95,35,2,0.0,0,sim
2-34-96,35,2,1.0,0,sim
2-34-97,35,2,1.0,0,sim
2-34-98,35,2,0.0,0,sim
2-34-99,35,2,1.0,0,sim
2-34-100,35,2,0.0,0,sim
2-34-101,35,2,0.0,0,sim
2-34-102,35,2,0.0,0,sim
2-34-103,35,2,0.0,0,sim
2-34-104,35,2,0.0,0,sim
2-34-105,35,2,0.0,0,sim
2-34-106,35,2,0.0,0,sim
2-34-107,35,2,1.0,0,sim
2-34-108,35,2,1.0,0,sim
2-34-109,35,2,0.0,0,sim
2-34-110,35,2,0.0,0,sim
2-34-111,35,2,0.0,0,sim
2-34-112,35,2,0.0,0,sim
2-34-113,35,2,1.0,0,sim
2-34-114,35,2,0.0,0,sim
2-34-115,35,2,0.0,0,sim
2-34-116,35,2,1.0,0,sim
2-34-117,35,2,1.0,0,sim
2-34-118,35,2,0.0,0,sim
2-34-119,35,2,0.0,0,sim
2-34-120,35,2,0.0,0,sim
2-34-121,35,2,1.0,0,sim
2-34-122,35,2,0.0,0,sim
2-34-123,35,2,1.0,0,sim
2-34-124,35,2,0.0,0,sim
2-34-125,35,2,0.0,0,sim
2-34-126,35,2,1.0,0,sim
2-34-127,35,2,1.0,0,sim
2-34-128,35,2,1.0,0,sim
2-34-129,35,2,0.0,0,sim
2-34-130,35,2,1.0,0,sim
2-34-131,35,2,0.0,0,sim
2-34-132,35,2,1.0,0,sim
2-34-133,35,2,0.0,0,sim
2-34-134,35,2,1.0,0,sim
2-34-135,35,2,1.0,0,sim
2-34-136,35,2,1.0,0,sim
2-34-137,35,2,1.0,0,sim
2-34-138,35,2,0.0,0,sim
2-34-139,35,2,0.0,0,sim
2-34-140,35,2,0.0,0,sim
2-34-141,35,2,0.0,0,sim
2-34-142,35,2,0.0,0,sim
2-34-143,35,2,1.0,0,sim
2-34-144,35,2,1.0,0,sim
2-34-145,35,2,1.0,0,sim
2-34-146,35,2,0.0,0,sim
2-34-147,35,2,1.0,0,sim
2-34-148,35,2,1.0,0,sim
2-34-149,35,2,,0,sim
2-34-150,35,2,1.0,0,sim
2-34-151,35,2,1.0,0,sim
2-34-152,35,2,1.0,0,sim
2-34-153,35,2,1.0,0,sim
2-34-154,35,2,1.0,0,sim
2-34-155,35,2,,0,sim
2-34-156,35,2,0.0,0,sim
2-34-157,35,2,0.0,0,sim
2-34-158,35,2,0.0,1,sim
2-34-159,35,2,1.0,0,sim
2-34-160,35,2,0.0,1,sim
2-34-161,35,2,0.0,0,sim
2-34-162,35,2,1.0,0,sim
2-34-163,35,2,1.0,0,sim
2-34-164,35,2,0.0,0,sim
2-34-165,35,2,0.0,0,sim
2-34-166,35,2,1.0,0,sim
2-34-167,35,2,0.0,1,sim
2-34-168,35,2,0.0,0,sim
2-34-169,35,2,1.0,0,sim
2-34-170,35,2,1.0,1,sim
2-34-171,35,2,0.0,0,sim
2-34-172,35,2,0.0,0,sim
2-34-173,35,2,0.0,0,sim
2-34-174,35,2,0.0,0,sim
2-34-175,35,2,1.0,0,sim
2-34-176,35,2,0.0,0,sim
2-34-177,35,2,0.0,0,sim
2-34-178,35,2,0.0,0,sim
2-34-179,35,2,1.0,0,sim
2-34-180,35,2,0.0,0,sim
2-34-181,35,2,0.0,0,sim
2-34-182,35,2,1.0,0,sim
2-34-183,35,2,0.0,0,sim
2-34-184,35,2,0.0,0,sim
2-34-185,35,2,0.0,0,sim
2-34-186,35,2,1.0,0,sim
2-34-187,35,2,0.0,0,sim
2-34-188,35,2,0.0,0,sim
2-34-189,35,2,0.0,0,sim
2-34-190,35,2,0.0,0,sim
2-34-191,35,2,0.0,0,sim
2-34-192,35,2,0.0,0,sim
2-34-193,35,2,0.0,0,sim
2-34-194,35,2,0.0,0,sim
2-34-195,35,2,0.0,0,sim
2-34-196,35,2,0.0,0,sim
2-34-197,35,2,0.0,0,sim
2-34-198,35,2,1.0,0,sim
2-34-199,35,2,0.0,0,sim
2-34-200,35,2,1.0,0,sim
2-34-201,35,2,0.0,0,sim
2-34-202,35,2,1.0,0,sim
2-34-203,35,2,0.0,0,sim
2-34-204,35,2,1.0,0,sim
2-34-205,35,2,0.0,0,sim
2-34-206,35,2,1.0,0,sim
2-34-207,35,2,0.0,0,sim
2-34-208,35,2,1.0,0,sim
2-34-209,35,2,0.0,0,sim
2-34-210,35,2,1.0,0,sim
2-34-211,35,2,0.0,0,sim
2-34-212,35,2,1.0,0,sim
2-34-213,35,2,0.0,0,sim
2-34-214,35,2,1.0,0,sim
2-34-215,35,2,0.0,0,sim
2-34-216,35,2,1.0,0,sim
2-34-217,35,2,0.0,0,sim
2-34-218,35,2,1.0,0,sim
2-34-219,35,2,0.0,0,sim
2-34-220,35,2,0.0,0,sim
2-34-221,35,2,0.0,0,sim
2-34-222,35,2,1.0,0,sim
2-34-223,35,2,1.0,0,sim
2-34-224,35,2,0.0,0,sim
2-34-225,35,2,1.0,0,sim
2-34-226,35,2,0.0,0,sim
2-34-227,35,2,1.0,0,sim
2-34-228,35,2,1.0,0,sim
2-34-229,35,2,1.0,0,sim
2-34-230,35,2,1.0,0,sim
2-34-231,35,2,0.0,0,sim
2-34-232,35,2,0.0,0,sim
2-34-233,35,2,1.0,0,sim
2-34-234,35,2,0.0,0,sim
2-34-235,35,2,0.0,0,sim
2-34-236,35,2,1.0,0,sim
2-34-237,35,2,0.0,0,sim
2-34-238,35,2,1.0,0,sim
2-34-239,35,2,1.0,0,sim
2-35-0,36,2,0.0,0,sim
2-35-1,36,2,0.0,0,sim
2-35-2,36,2,1.0,0,sim
2-35-3,36,2,0.0,0,sim
2-35-4,36,2,0.0,0,sim
2-35-5,36,2,1.0,0,sim
2-35-6,36,2,0.0,0,sim
2-35-7,36,2,1.0,0,sim
2-35-8,36,2,0.0,0,sim
2-35-9,36,2,0.0,0,sim
2-35-10,36,2,0.0,0,sim
2-35-11,36,2,0.0,0,sim
2-35-12,36,2,0.0,0,sim
2-35-13,36,2,,0,sim
2-35-14,36,2,1.0,0,sim
2-35-15,36,2,0.0,0,sim
2-35-16,36,2,0.0,0,sim
2-35-17,36,2,0.0,0,sim
2-35-18,36,2,0.0,0,sim
2-35-19,36,2,1.0,0,sim
2-35-20,36,2,0.0,0,sim
2-35-21,36,2,1.0,0,sim
2-35-22,36,2,0.0,0,sim
2-35-23,36,2,0.0,0,sim
2-35-24,36,2,1.0,0,sim
2-35-25,36,2,1.0,0,sim
2-35-26,36,2,0.0,0,sim
2-35-27,36,2,1.0,0,sim
2-35-28,36,2,0.0,0,sim
2-35-29,36,2,1.0,0,sim
2-35-30,36,2,0.0,0,sim
2-35-31,36,2,1.0,1,sim
2-35-32,36,2,0.0,0,sim
2-35-33,36,2,1.0,0,sim
2-35-34,36,2,1.0,0,sim
2-35-35,36,2,0.0,0,sim
2-35-36,36,2,0.0,0,sim
2-35-37,36,2,0.0,0,sim
2-35-38,36,2,1.0,0,sim
2-35-39,36,2,1.0,0,sim
2-35-40,36,2,1.0,0,sim
2-35-41,36,2,1.0,0,sim
2-35-42,36,2,0.0,0,sim
2-35-43,36,2,1.0,0,sim
2-35-44,36,2,0.0,0,sim
2-35-45,36,2,0.0,0,sim
2-35-46,36,2,0.0,0,sim
2-35-47,36,2,1.0,0,sim
2-35-48,36,2,0.0,0,sim
2-35-49,36,2,0.0,0,sim
2-35-50,36,2,0.0,0,sim
2-35-51,36,2,1.0,0,sim
2-35-52,36,2,1.0,0,sim
2-35-53,36,2,0.0,0,sim
2-35-54,36,2,0.0,0,sim
2-35-55,36,2,1.0,0,sim
2-35-56,36,2,1.0,0,sim
2-35-57,36,2,0.0,0,sim
2-35-58,36,2,1.0,0,sim
2-35-59,36,2,1.0,1,sim
2-35-60,36,2,0.0,0,sim
2-35-61,36,2,1.0,0,sim
2-35-62,36,2,0.0,0,sim
2-35-63,36,2,1.0,0,sim
2-35-64,36,2,0.0,0,sim
2-35-65,36,2,1.0,0,sim
2-35-66,36,2,,0,sim
2-35-67,36,2,0.0,0,sim
2-35-68,36,2,0.0,0,sim
2-35-69,36,2,1.0,0,sim
2-35-70,36,2,0.0,0,sim
2-35-71,36,2,0.0,0,sim
2-35-72,36,2,1.0,0,sim
2-35-73,36,2,0.0,0,sim
2-35-74,36,2,1.0,0,sim
2-35-75,36,2,0.0,0,sim
2-35-76,36,2,0.0,0,sim
2-35-77,36,2,0.0,0,sim
2-35-78,36,2,0.0,0,sim
2-35-79,36,2,0.0,0,sim
2-35-80,36,2,1.0,0,sim
2-35-81,36,2,0.0,0,sim
2-35-82,36,2,0.0,0,sim
2-35-83,36,2,0.0,0,sim
2-35-84,36,2,1.0,0,sim
2-35-85,36,2,1.0,0,sim
2-35-86,36,2,1.0,0,sim
2-35-87,36,2,0.0,0,sim
2-35-88,36,2,1.0,0,sim
2-35-89,36,2,1.0,0,sim
2-35-90,36,2,1.0,0,sim
2-35-91,36,2,0.0,0,sim
2-35-92,36,2,0.0,0,sim
2-35-93,36,2,0.0,0,sim
2-35-94,36,2,1.0,0,sim
2-35-95,36,2,0.0,0,sim
2-35-96,36,2,1.0,0,sim
2-35-97,36,2,1.0,0,sim
2-35-98,36,2,0.0,0,sim
2-35-99,36,2,1.0,0,sim
2-35-100,36,2,1.0,0,sim
2-35-101,36,2,0.0,0,sim
2-35-102,36,2,1.0,0,sim
2-35-103,36,2,0.0,0,sim
2-35-104,36,2,0.0,1,sim
2-35-105,36,2,0.0,0,sim
2-35-106,36,2,,0,sim
2-35-107,36,2,1.0,0,sim
2-35-108,36,2,1.0,0,sim
2-35-109,36,2,1.0,0,sim
2-35-110,36,2,0.0,0,sim
2-35-111,36,2,0.0,0,sim
2-35-112,36,2,1.0,0,sim
2-35-113,36,2,0.0,0,sim
2-35-114,36,2,1.0,0,sim
2-35-115,36,2,0.0,0,sim
2-35-116,36,2,0.0,0,sim
2-35-117,36,2,0.0,0,sim
2-35-118,36,2,1.0,0,sim
2-35-119,36,2,0.0,0,sim
2-35-120,36,2,0.0,0,sim
2-35-121,36,2,,0,sim
2-35-122,36,2,1.0,0,sim
2-35-123,36,2,1.0,0,sim
2-35-124,36,2,1.0,0,sim
2-35-125,36,2,0.0,0,sim
2-35-126,36,2,0.0,0,sim
2-35-127,36,2,1.0,0,sim
2-35-128,36,2,0.0,0,sim
2-35-129,36,2,0.0,0,sim
2-35-130,36,2,0.0,0,sim
2-35-131,36,2,1.0,0,sim
2-35-132,36,2,0.0,0,sim
2-35-133,36,2,1.0,0,sim
2-35-134,36,2,0.0,0,sim
2-35-135,36,2,0.0,0,sim
2-35-136,36,2,1.0,0,sim
2-35-137,36,2,1.0,0,sim
2-35-138,36,2,1.0,0,sim
2-35-139,36,2,,0,sim
2-35-140,36,2,1.0,0,sim
2-35-141,36,2,1.0,0,sim
2-35-142,36,2,0.0,0,sim
2-35-143,36,2,1.0,0,sim
2-35-144,36,2,0.0,0,sim
2-35-145,36,2,0.0,0,sim
2-35-146,36,2,0.0,0,sim
2-35-147,36,2,0.0,0,sim
2-35-148,36,2,0.0,0,sim
2-35-149,36,2,0.0,0,sim
2-35-150,36,2,0.0,0,sim
2-35-151,36,2,1.0,0,sim
2-35-152,36,2,0.0,0,sim
2-35-153,36,2,0.0,0,sim
2-35-154,36,2,1.0,0,sim
2-35-155,36,2,1.0,0,sim
2-35-156,36,2,0.0,0,sim
2-35-157,36,2,1.0,0,sim
2-35-158,36,2,0.0,0,sim
2-35-159,36,2,0.0,0,sim
2-35-160,36,2,0.0,0,sim
2-35-161,36,2,1.0,0,sim
2-35-162,36,2,1.0,0,sim
2-35-163,36,2,0.0,0,sim
2-35-164,36,2,0.0,0,sim
2-35-165,36,2,1.0,0,sim
2-35-166,36,2,1.0,0,sim
2-35-167,36,2,0.0,0,sim
2-35-168,36,2,0.0,0,sim
2-35-169,36,2,1.0,0,sim
2-35-170,36,2,1.0,0,sim
2-35-171,36,2,0.0,0,sim
2-35-172,36,2,1.0,0,sim
2-35-173,36,2,0.0,0,sim
2-35-174,36,2,1.0,0,sim
2-35-175,36,2,1.0,0,sim
2-35-176,36,2,1.0,0,sim
2-35-177,36,2,0.0,0,sim
2-35-178,36,2,0.0,0,sim
2-35-179,36,2,0.0,0,sim
2-35-180,36,2,0.0,0,sim
2-35-181,36,2,0.0,0,sim
2-35-182,36,2,1.0,0,sim
2-35-183,36,2,0.0,0,sim
2-35-184,36,2,0.0,0,sim
2-35-185,36,2,0.0,0,sim
2-35-186,36,2,0.0,1,sim
2-35-187,36,2,0.0,0,sim
2-35-188,36,2,0.0,0,sim
2-35-189,36,2,0.0,0,sim
2-35-190,36,2,0.0,0,sim
2-35-191,36,2,0.0,0,sim
2-35-192,36,2,0.0,0,sim
2-35-193,36,2,0.0,0,sim
2-35-194,36,2,0.0,0,sim
2-35-195,36,2,1.0,0,sim
2-35-196,36,2,0.0,0,sim
2-35-197,36,2,1.0,0,sim
2-35-198,36,2,0.0,0,sim
2-35-199,36,2,0.0,0,sim
2-35-200,36,2,0.0,0,sim
2-35-201,36,2,1.0,0,sim
2-35-202,36,2,0.0,0,sim
2-35-203,36,2,1.0,0,sim
2-35-204,36,2,1.0,0,sim
2-35-205,36,2,0.0,0,sim
2-35-206,36,2,0.0,0,sim
2-35-207,36,2,1.0,0,sim
2-35-208,36,2,0.0,1,sim
2-35-209,36,2,1.0,0,sim
2-35-210,36,2,0.0,0,sim
2-35-211,36,2,0.0,0,sim
2-35-212,36,2,1.0,0,sim
2-35-213,36,2,0.0,0,sim
2-35-214,36,2,0.0,0,sim
2-35-215,36,2,0.0,0,sim
2-35-216,36,2,1.0,0,sim
2-35-217,36,2,1.0,0,sim
2-35-218,36,2,1.0,0,sim
2-35-219,36,2,1.0,0,sim
2-35-220,36,2,0.0,0,sim
2-35-221,36,2,1.0,0,sim
2-35-222,36,2,0.0,0,sim
2-35-223,36,2,1.0,0,sim
2-35-224,36,2,0.0,0,sim
2-35-225,36,2,0.0,0,sim
2-35-226,36,2,0.0,0,sim
2-35-227,36,2,0.0,0,sim
2-35-228,36,2,1.0,0,sim
2-35-229,36,2,1.0,0,sim
2-35-230,36,2,0.0,0,sim
2-35-231,36,2,0.0,0,sim
2-35-232,36,2,1.0,0,sim
2-35-233,36,2,1.0,0,sim
2-35-234,36,2,0.0,0,sim
2-35-235,36,2,0.0,0,sim
2-35-236,36,2,1.0,0,sim
2-35-237,36,2,0.0,0,sim
2-35-238,36,2,1.0,1,sim
2-35-239,36,2,0.0,1,sim
2-36-0,37,2,0.0,0,sim
2-36-1,37,2,0.0,0,sim
2-36-2,37,2,1.0,0,sim
2-36-3,37,2,0.0,0,sim
2-36-4,37,2,1.0,1,sim
2-36-5,37,2,1.0,0,sim
2-36-6,37,2,0.0,0,sim
2-36-7,37,2,0.0,0,sim
2-36-8,37,2,0.0,0,sim
2-36-9,37,2,1.0,0,sim
2-36-10,37,2,0.0,0,sim
2-36-11,37,2,0.0,0,sim
2-36-12,37,2,1.0,0,sim
2-36-13,37,2,0.0,0,sim
2-36-14,37,2,1.0,0,sim
2-36-15,37,2,0.0,0,sim
2-36-16,37,2,0.0,0,sim
2-36-17,37,2,1.0,0,sim
2-36-18,37,2,0.0,0,sim
2-36-19,37,2,1.0,0,sim
2-36-20,37,2,0.0,0,sim
2-36-21,37,2,0.0,0,sim
2-36-22,37,2,1.0,0,sim
2-36-23,37,2,0.0,0,sim
2-36-24,37,2,1.0,0,sim
2-36-25,37,2,1.0,0,sim
2-36-26,37,2,1.0,0,sim
2-36-27,37,2,0.0,0,sim
2-36-28,37,2,1.0,0,sim
2-36-29,37,2,0.0,1,sim
2-36-30,37,2,0.0,0,sim
2-36-31,37,2,0.0,0,sim
2-36-32,37,2,1.0,0,sim
2-36-33,37,2,0.0,0,sim
2-36-34,37,2,0.0,0,sim
2-36-35,37,2,1.0,0,sim
2-36-36,37,2,1.0,0,sim
2-36-37,37,2,0.0,0,sim
2-36-38,37,2,1.0,0,sim
2-36-39,37,2,0.0,0,sim
2-36-40,37,2,0.0,0,sim
2-36-41,37,2,,0,sim
2-36-42,37,2,,0,sim
2-36-43,37,2,1.0,0,sim
2-36-44,37,2,0.0,0,sim
2-36-45,37,2,1.0,0,sim
2-36-46,37,2,1.0,0,sim
2-36-47,37,2,1.0,0,sim
2-36-48,37,2,0.0,0,sim
2-36-49,37,2,0.0,1,sim
2-36-50,37,2,1.0,0,sim
2-36-51,37,2,1.0,0,sim
2-36-52,37,2,0.0,0,sim
2-36-53,37,2,0.0,0,sim
2-36-54,37,2,1.0,0,sim
2-36-55,37,2,1.0,0,sim
2-36-56,37,2,0.0,0,sim
2-36-57,37,2,0.0,0,sim
2-36-58,37,2,0.0,0,sim
2-36-59,37,2,1.0,0,sim
2-36-60,37,2,1.0,0,sim
2-36-61,37,2,,0,sim
2-36-62,37,2,0.0,0,sim
2-36-63,37,2,0.0,0,sim
2-36-64,37,2,1.0,0,sim
2-36-65,37,2,1.0,0,sim
2-36-66,37,2,,0,sim
2-36-67,37,2,1.0,0,sim
2-36-68,37,2,0.0,0,sim
2-36-69,37,2,1.0,0,sim
2-36-70,37,2,1.0,0,sim
2-36-71,37,2,1.0,0,sim
2-36-72,37,2,0.0,0,sim
2-36-73,37,2,0.0,0,sim
2-36-74,37,2,0.0,0,sim
2-36-75,37,2,0.0,0,sim
2-36-76,37,2,1.0,0,sim
2-36-77,37,2,,0,sim
2-36-78,37,2,1.0,0,sim
2-36-79,37,2,1.0,0,sim
2-36-80,37,2,0.0,0,sim
2-36-81,37,2,0.0,0,sim
2-36-82,37,2,1.0,0,sim
2-36-83,37,2,0.0,0,sim
2-36-84,37,2,0.0,0,sim
2-36-85,37,2,0.0,0,sim
2-36-86,37,2,1.0,1,sim
2-36-87,37,2,1.0,0,sim
2-36-88,37,2,1.0,0,sim
2-36-89,37,2,1.0,0,sim
2-36-90,37,2,0.0,0,sim
2-36-91,37,2,0.0,0,sim
2-36-92,37,2,0.0,0,sim
2-36-93,37,2,0.0,0,sim
2-36-94,37,2,1.0,0,sim
2-36-95,37,2,0.0,0,sim
2-36-96,37,2,0.0,0,sim
2-36-97,37,2,1.0,0,sim
2-36-98,37,2,1.0,1,sim
2-36-99,37,2,0.0,0,sim
2-36-100,37,2,0.0,0,sim
2-36-101,37,2,0.0,0,sim
2-36-102,37,2,1.0,0,sim
2-36-103,37,2,1.0,0,sim
2-36-104,37,2,0.0,0,sim
2-36-105,37,2,1.0,0,sim
2-36-106,37,2,0.0,0,sim
2-36-107,37,2,0.0,0,sim
2-36-108,37,2,1.0,0,sim
2-36-109,37,2,1.0,0,sim
2-36-110,37,2,0.0,0,sim
2-36-111,37,2,1.0,0,sim
2-36-112,37,2,1.0,0,sim
2-36-113,37,2,0.0,0,sim
2-36-114,37,2,1.0,0,sim
2-36-115,37,2,1.0,0,sim
2-36-116,37,2,0.0,0,sim
2-36-117,37,2,1.0,0,sim
2-36-118,37,2,0.0,0,sim
2-36-119,37,2,0.0,0,sim
2-36-120,37,2,0.0,0,sim
2-36-121,37,2,1.0,0,sim
2-36-122,37,2,0.0,0,sim
2-36-123,37,2,0.0,0,sim
2-36-124,37,2,0.0,0,sim
2-36-125,37,2,0.0,0,sim
2-36-126,37,2,0.0,0,sim
2-36-127,37,2,1.0,0,sim
2-36-128,37,2,1.0,0,sim
2-36-129,37,2,1.0,0,sim
2-36-130,37,2,0.0,0,sim
2-36-131,37,2,1.0,0,sim
2-36-132,37,2,0.0,0,sim
2-36-133,37,2,,0,sim
2-36-134,37,2,1.0,0,sim
2-36-135,37,2,0.0,0,sim
2-36-136,37,2,0.0,0,sim
2-36-137,37,2,1.0,0,sim
2-36-138,37,2,0.0,0,sim
2-36-139,37,2,0.0,0,sim
2-36-140,37,2,1.0,0,sim
2-36-141,37,2,0.0,0,sim
2-36-142,37,2,1.0,0,sim
2-36-143,37,2,0.0,0,sim
2-36-144,37,2,0.0,0,sim
2-36-145,37,2,0.0,1,sim
2-36-146,37,2,0.0,0,sim
2-36-147,37,2,1.0,0,sim
2-36-148,37,2,0.0,0,sim
2-36-149,37,2,0.0,0,sim
2-36-150,37,2,1.0,0,sim
2-36-151,37,2,1.0,0,sim
2-36-152,37,2,1.0,0,sim
2-36-153,37,2,0.0,0,sim
2-36-154,37,2,0.0,0,sim
2-36-155,37,2,0.0,0,sim
2-36-156,37,2,1.0,0,sim
2-36-157,37,2,0.0,0,sim
2-36-158,37,2,1.0,0,sim
2-36-159,37,2,0.0,0,sim
2-36-160,37,2,1.0,0,sim
2-36-161,37,2,1.0,0,sim
2-36-162,37,2,1.0,0,sim
2-36-163,37,2,0.0,1,sim
2-36-164,37,2,1.0,0,sim
2-36-165,37,2,1.0,0,sim
2-36-166,37,2,1.0,0,sim
2-36-167,37,2,1.0,0,sim
2-36-168,37,2,1.0,0,sim
2-36-169,37,2,1.0,0,sim
2-36-170,37,2,,0,sim
2-36-171,37,2,0.0,0,sim
2-36-172,37,2,0.0,0,sim
2-36-173,37,2,1.0,0,sim
2-36-174,37,2,0.0,0,sim
2-36-175,37,2,1.0,0,sim
2-36-176,37,2,1.0,0,sim
2-36-177,37,2,1.0,0,sim
2-36-178,37,2,0.0,0,sim
2-36-179,37,2,1.0,0,sim
2-36-180,37,2,0.0,0,sim
2-36-181,37,2,1.0,0,sim
2-36-182,37,2,0.0,0,sim
2-36-183,37,2,0.0,0,sim
2-36-184,37,2,1.0,0,sim
2-36-185,37,2,0.0,0,sim
2-36-186,37,2,1.0,0,sim
2-36-187,37,2,0.0,0,sim
2-36-188,37,2,0.0,0,sim
2-36-189,37,2,1.0,0,sim
2-36-190,37,2,0.0,0,sim
2-36-191,37,2,0.0,0,sim
2-36-192,37,2,0.0,0,sim
2-36-193,37,2,1.0,0,sim
2-36-194,37,2,0.0,0,sim
2-36-195,37,2,,0,sim
2-36-196,37,2,1.0,0,sim
2-36-197,37,2,1.0,0,sim
2-36-198,37,2,1.0,0,sim
2-36-199,37,2,0.0,0,sim
2-36-200,37,2,0.0,0,sim
2-36-201,37,2,1.0,0,sim
2-36-202,37,2,0.0,0,sim
2-36-203,37,2,1.0,0,sim
2-36-204,37,2,0.0,0,sim
2-36-205,37,2,0.0,0,sim
2-36-206,37,2,1.0,0,sim
2-36-207,37,2,1.0,0,sim
2-36-208,37,2,0.0,0,sim
2-36-209,37,2,1.0,0,sim
2-36-210,37,2,0.0,0,sim
2-36-211,37,2,0.0,0,sim
2-36-212,37,2,0.0,0,sim
2-36-213,37,2,1.0,0,sim
2-36-214,37,2,1.0,0,sim
2-36-215,37,2,0.0,0,sim
2-36-216,37,2,0.0,0,sim
2-36-217,37,2,0.0,0,sim
2-36-218,37,2,0.0,0,sim
2-36-219,37,2,1.0,0,sim
2-36-220,37,2,,0,sim
2-36-221,37,2,0.0,0,sim
2-36-222,37,2,0.0,0,sim
2-36-223,37,2,1.0,0,sim
2-36-224,37,2,1.0,0,sim
2-36-225,37,2,0.0,0,sim
2-36-226,37,2,0.0,0,sim
2-36-227,37,2,0.0,0,sim
2-36-228,37,2,0.0,0,sim
2-36-229,37,2,1.0,0,sim
2-36-230,37,2,0.0,0,sim
2-36-231,37,2,1.0,0,sim
2-36-232,37,2,0.0,0,sim
2-36-233,37,2,0.0,0,sim
2-36-234,37,2,1.0,0,sim
2-36-235,37,2,0.0,0,sim
2-36-236,37,2,0.0,0,sim
2-36-237,37,2,1.0,0,sim
2-36-238,37,2,1.0,0,sim
2-36-239,37,2,1.0,0,sim
2-37-0,38,2,0.0,0,sim
2-37-1,38,2,1.0,0,sim
2-37-2,38,2,0.0,0,sim
2-37-3,38,2,0.0,0,sim
2-37-4,38,2,1.0,0,sim
2-37-5,38,2,1.0,0,sim
2-37-6,38,2,0.0,0,sim
2-37-7,38,2,0.0,0,sim
2-37-8,38,2,1.0,0,sim
2-37-9,38,2,1.0,0,sim
2-37-10,38,2,1.0,0,sim
2-37-11,38,2,1.0,0,sim
2-37-12,38,2,,0,sim
2-37-13,38,2,0.0,0,sim
2-37-14,38,2,1.0,0,sim
2-37-15,38,2,1.0,0,sim
2-37-16,38,2,0.0,0,sim
2-37-17,38,2,1.0,0,sim
2-37-18,38,2,1.0,0,sim
2-37-19,38,2,0.0,0,sim
2-37-20,38,2,1.0,0,sim
2-37-21,38,2,1.0,0,sim
2-37-22,38,2,,0,sim
2-37-23,38,2,,0,sim
2-37-24,38,2,1.0,0,sim
2-37-25,38,2,0.0,0,sim
2-37-26,38,2,1.0,0,sim
2-37-27,38,2,0.0,0,sim
2-37-28,38,2,1.0,0,sim
2-37-29,38,2,1.0,0,sim
2-37-30,38,2,0.0,0,sim
2-37-31,38,2,1.0,0,sim
2-37-32,38,2,0.0,0,sim
2-37-33,38,2,1.0,0,sim
2-37-34,38,2,1.0,1,sim
2-37-35,38,2,0.0,0,sim
2-37-36,38,2,1.0,0,sim
2-37-37,38,2,1.0,0,sim
2-37-38,38,2,0.0,0,sim
2-37-39,38,2,0.0,0,sim
2-37-40,38,2,0.0,0,sim
2-37-41,38,2,0.0,0,sim
2-37-42,38,2,1.0,0,sim
2-37-43,38,2,0.0,0,sim
2-37-44,38,2,0.0,0,sim
2-37-45,38,2,1.0,0,sim
2-37-46,38,2,1.0,0,sim
2-37-47,38,2,1.0,0,sim
2-37-48,38,2,0.0,0,sim
2-37-49,38,2,,0,sim
2-37-50,38,2,1.0,0,sim
2-37-51,38,2,1.0,0,sim
2-37-52,38,2,1.0,0,sim
2-37-53,38,2,0.0,1,sim
2-37-54,38,2,0.0,0,sim
2-37-55,38,2,0.0,0,sim
2-37-56,38,2,1.0,1,sim
2-37-57,38,2,0.0,0,sim
2-37-58,38,2,0.0,0,sim
2-37-59,38,2,0.0,0,sim
2-37-60,38,2,1.0,0,sim
2-37-61,38,2,0.0,0,sim
2-37-62,38,2,0.0,1,sim
2-37-63,38,2,1.0,0,sim
2-37-64,38,2,0.0,0,sim
2-37-65,38,2,1.0,0,sim
2-37-66,38,2,1.0,0,sim
2-37-67,38,2,0.0,0,sim
2-37-68,38,2,1.0,0,sim
2-37-69,38,2,0.0,0,sim
2-37-70,38,2,1.0,0,sim
2-37-71,38,2,0.0,0,sim
2-37-72,38,2,1.0,0,sim
2-37-73,38,2,0.0,0,sim
2-37-74,38,2,,0,sim
2-37-75,38,2,1.0,0,sim
2-37-76,38,2,0.0,0,sim
2-37-77,38,2,,0,sim
2-37-78,38,2,0.0,0,sim
2-37-79,38,2,1.0,0,sim
2-37-80,38,2,1.0,0,sim
2-37-81,38,2,1.0,0,sim
2-37-82,38,2,0.0,0,sim
2-37-83,38,2,0.0,0,sim
2-37-84,38,2,0.0,0,sim
2-37-85,38,2,1.0,0,sim
2-37-86,38,2,0.0,0,sim
2-37-87,38,2,1.0,1,sim
2-37-88,38,2,1.0,0,sim
2-37-89,38,2,0.0,0,sim
2-37-90,38,2,0.0,0,sim
2-37-91,38,2,1.0,0,sim
2-37-92,38,2,0.0,0,sim
2-37-93,38,2,1.0,0,sim
2-37-94,38,2,0.0,0,sim
2-37-95,38,2,1.0,0,sim
2-37-96,38,2,0.0,0,sim
2-37-97,38,2,1.0,0,sim
2-37-98,38,2,0.0,0,sim
2-37-99,38,2,0.0,0,sim
2-37-100,38,2,0.0,0,sim
2-37-101,38,2,1.0,0,sim
2-37-102,38,2,1.0,0,sim
2-37-103,38,2,0.0,0,sim
2-37-104,38,2,1.0,0,sim
2-37-105,38,2,0.0,0,sim
2-37-106,38,2,0.0,0,sim
2-37-107,38,2,1.0,0,sim
2-37-108,38,2,,0,sim
2-37-109,38,2,1.0,0,sim
2-37-110,38,2,0.0,0,sim
2-37-111,38,2,1.0,0,sim
2-37-112,38,2,1.0,0,sim
2-37-113,38,2,0.0,0,sim
2-37-114,38,2,1.0,0,sim
2-37-115,38,2,1.0,0,sim
2-37-116,38,2,0.0,0,sim
2-37-117,38,2,1.0,0,sim
2-37-118,38,2,0.0,0,sim
2-37-119,38,2,1.0,0,sim
2-37-120,38,2,1.0,0,sim
2-37-121,38,2,1.0,0,sim
2-37-122,38,2,0.0,0,sim
2-37-123,38,2,1.0,0,sim
2-37-124,38,2,0.0,0,sim
2-37-125,38,2,0.0,0,sim
2-37-126,38,2,0.0,0,sim
2-37-127,38,2,1.0,0,sim
2-37-128,38,2,0.0,0,sim
2-37-129,38,2,0.0,0,sim
2-37-130,38,2,1.0,0,sim
2-37-131,38,2,0.0,0,sim
2-37-132,38,2,,0,sim
2-37-133,38,2,1.0,0,sim
2-37-134,38,2,1.0,0,sim
2-37-135,38,2,1.0,0,sim
2-37-136,38,2,0.0,0,sim
2-37-137,38,2,1.0,1,sim
2-37-138,38,2,0.0,0,sim
2-37-139,38,2,1.0,0,sim
2-37-140,38,2,0.0,0,sim
2-37-141,38,2,0.0,0,sim
2-37-142,38,2,0.0,1,sim
2-37-143,38,2,,0,sim
2-37-144,38,2,0.0,0,sim
2-37-145,38,2,0.0,0,sim
2-37-146,38,2,0.0,0,sim
2-37-147,38,2,1.0,0,sim
2-37-148,38,2,1.0,0,sim
2-37-149,38,2,1.0,0,sim
2-37-150,38,2,0.0,0,sim
2-37-151,38,2,0.0,0,sim
2-37-152,38,2,0.0,0,sim
2-37-153,38,2,0.0,0,sim
2-37-154,38,2,1.0,0,sim
2-37-155,38,2,1.0,0,sim
2-37-156,38,2,0.0,0,sim
2-37-157,38,2,1.0,0,sim
2-37-158,38,2,,0,sim
2-37-159,38,2,1.0,0,sim
2-37-160,38,2,1.0,0,sim
2-37-161,38,2,0.0,0,sim
2-37-162,38,2,0.0,0,sim
2-37-163,38,2,1.0,0,sim
2-37-164,38,2,0.0,0,sim
2-37-165,38,2,0.0,0,sim
2-37-166,38,2,0.0,0,sim
2-37-167,38,2,0.0,0,sim
2-37-168,38,2,0.0,0,sim
2-37-169,38,2,1.0,0,sim
2-37-170,38,2,1.0,0,sim
2-37-171,38,2,1.0,0,sim
2-37-172,38,2,1.0,0,sim
2-37-173,38,2,0.0,0,sim
2-37-174,38,2,1.0,0,sim
2-37-175,38,2,0.0,0,sim
2-37-176,38,2,0.0,0,sim
2-37-177,38,2,1.0,0,sim
2-37-178,38,2,0.0,0,sim
2-37-179,38,2,1.0,0,sim
2-37-180,38,2,1.0,0,sim
2-37-181,38,2,1.0,0,sim
2-37-182,38,2,1.0,1,sim
2-37-183,38,2,0.0,0,sim
2-37-184,38,2,1.0,0,sim
2-37-185,38,2,1.0,0,sim
2-37-186,38,2,1.0,0,sim
2-37-187,38,2,1.0,0,sim
2-37-188,38,2,1.0,0,sim
2-37-189,38,2,,0,sim
2-37-190,38,2,0.0,0,sim
2-37-191,38,2,0.0,0,sim
2-37-192,38,2,0.0,0,sim
2-37-193,38,2,0.0,0,sim
2-37-194,38,2,0.0,0,sim
2-37-195,38,2,0.0,0,sim
2-37-196,38,2,1.0,0,sim
2-37-197,38,2,1.0,0,sim
2-37-198,38,2,0.0,0,sim
2-37-199,38,2,1.0,0,sim
2-37-200,38,2,0.0,0,sim
2-37-201,38,2,0.0,0,sim
2-37-202,38,2,0.0,0,sim
2-37-203,38,2,1.0,0,sim
2-37-204,38,2,1.0,0,sim
2-37-205,38,2,1.0,0,sim
2-37-206,38,2,0.0,0,sim
2-37-207,38,2,0.0,0,sim
2-37-208,38,2,0.0,0,sim
2-37-209,38,2,0.0,0,sim
2-37-210,38,2,0.0,0,sim
2-37-211,38,2,1.0,0,sim
2-37-212,38,2,0.0,0,sim
2-37-213,38,2,0.0,0,sim
2-37-214,38,2,0.0,0,sim
2-37-215,38,2,1.0,0,sim
2-37-216,38,2,1.0,0,sim
2-37-217,38,2,0.0,0,sim
2-37-218,38,2,0.0,0,sim
2-37-219,38,2,0.0,0,sim
2-37-220,38,2,0.0,0,sim
2-37-221,38,2,1.0,0,sim
2-37-222,38,2,1.0,0,sim
2-37-223,38,2,0.0,0,sim
2-37-224,38,2,1.0,0,sim
2-37-225,38,2,,0,sim
2-37-226,38,2,1.0,0,sim
2-37-227,38,2,0.0,0,sim
2-37-228,38,2,,0,sim
2-37-229,38,2,0.0,0,sim
2-37-230,38,2,0.0,0,sim
2-37-231,38,2,1.0,0,sim
2-37-232,38,2,0.0,0,sim
2-37-233,38,2,1.0,0,sim
2-37-234,38,2,0.0,0,sim
2-37-235,38,2,1.0,0,sim
2-37-236,38,2,0.0,0,sim
2-37-237,38,2,0.0,0,sim
2-37-238,38,2,1.0,0,sim
2-37-239,38,2,0.0,0,sim
2-38-0,39,2,0.0,0,sim
2-38-1,39,2,0.0,0,sim
2-38-2,39,2,0.0,0,sim
2-38-3,39,2,0.0,0,sim
2-38-4,39,2,1.0,0,sim
2-38-5,39,2,0.0,0,sim
2-38-6,39,2,1.0,0,sim
2-38-7,39,2,0.0,0,sim
2-38-8,39,2,0.0,0,sim
2-38-9,39,2,1.0,0,sim
2-38-10,39,2,0.0,0,sim
2-38-11,39,2,0.0,0,sim
2-38-12,39,2,0.0,0,sim
2-38-13,39,2,1.0,0,sim
2-38-14,39,2,0.0,0,sim
2-38-15,39,2,0.0,0,sim
2-38-16,39,2,0.0,0,sim
2-38-17,39,2,0.0,0,sim
2-38-18,39,2,0.0,0,sim
2-38-19,39,2,0.0,0,sim
2-38-20,39,2,1.0,0,sim
2-38-21,39,2,0.0,0,sim
2-38-22,39,2,0.0,0,sim
2-38-23,39,2,0.0,0,sim
2-38-24,39,2,0.0,0,sim
2-38-25,39,2,0.0,1,sim
2-38-26,39,2,1.0,0,sim
2-38-27,39,2,0.0,0,sim
2-38-28,39,2,1.0,0,sim
2-38-29,39,2,0.0,1,sim
2-38-30,39,2,0.0,0,sim
2-38-31,39,2,,0,sim
2-38-32,39,2,1.0,0,sim
2-38-33,39,2,1.0,0,sim
2-38-34,39,2,0.0,0,sim
2-38-35,39,2,1.0,0,sim
2-38-36,39,2,1.0,0,sim
2-38-37,39,2,0.0,0,sim
2-38-38,39,2,1.0,0,sim
2-38-39,39,2,,0,sim
2-38-40,39,2,0.0,1,sim
2-38-41,39,2,,0,sim
2-38-42,39,2,0.0,0,sim
2-38-43,39,2,1.0,0,sim
2-38-44,39,2,1.0,0,sim
2-38-45,39,2,0.0,0,sim
2-38-46,39,2,1.0,0,sim
2-38-47,39,2,0.0,0,sim
2-38-48,39,2,0.0,0,sim
2-38-49,39,2,0.0,0,sim
2-38-50,39,2,0.0,0,sim
2-38-51,39,2,0.0,0,sim
2-38-52,39,2,,0,sim
2-38-53,39,2,,0,sim
2-38-54,39,2,1.0,0,sim
2-38-55,39,2,0.0,0,sim
2-38-56,39,2,0.0,0,sim
2-38-57,39,2,0.0,0,sim
2-38-58,39,2,1.0,0,sim
2-38-59,39,2,1.0,0,sim
2-38-60,39,2,0.0,0,sim
2-38-61,39,2,0.0,0,sim
2-38-62,39,2,1.0,0,sim
2-38-63,39,2,0.0,0,sim
2-38-64,39,2,1.0,0,sim
2-38-65,39,2,0.0,0,sim
2-38-66,39,2,1.0,0,sim
2-38-67,39,2,0.0,0,sim
2-38-68,39,2,0.0,0,sim
2-38-69,39,2,1.0,0,sim
2-38-70,39,2,0.0,0,sim
2-38-71,39,2,0.0,0,sim
2-38-72,39,2,0.0,0,sim
2-38-73,39,2,0.0,0,sim
2-38-74,39,2,1.0,0,sim
2-38-75,39,2,0.0,0,sim
2-38-76,39,2,0.0,0,sim
2-38-77,39,2,0.0,0,sim
2-38-78,39,2,1.0,0,sim
2-38-79,39,2,0.0,0,sim
2-38-80,39,2,1.0,0,sim
2-38-81,39,2,0.0,0,sim
2-38-82,39,2,0.0,0,sim
2-38-83,39,2,1.0,0,sim
2-38-84,39,2,0.0,0,sim
2-38-85,39,2,1.0,0,sim
2-38-86,39,2,0.0,0,sim
2-38-87,39,2,0.0,0,sim
2-38-88,39,2,0.0,0,sim
2-38-89,39,2,0.0,0,sim
2-38-90,39,2,1.0,0,sim
2-38-91,39,2,1.0,0,sim
2-38-92,39,2,1.0,0,sim
2-38-93,39,2,1.0,0,sim
2-38-94,39,2,0.0,0,sim
2-38-95,39,2,0.0,0,sim
2-38-96,39,2,1.0,0,sim
2-38-97,39,2,0.0,0,sim
2-38-98,39,2,0.0,0,sim
2-38-99,39,2,1.0,0,sim
2-38-100,39,2,0.0,0,sim
2-38-101,39,2,1.0,0,sim
2-38-102,39,2,0.0,0,sim
2-38-103,39,2,1.0,0,sim
2-38-104,39,2,1.0,0,sim
2-38-105,39,2,0.0,0,sim
2-38-106,39,2,1.0,0,sim
2-38-107,39,2,1.0,0,sim
2-38-108,39,2,1.0,0,sim
2-38-109,39,2,0.0,0,sim
2-38-110,39,2,0.0,0,sim
2-38-111,39,2,1.0,0,sim
2-38-112,39,2,0.0,0,sim
2-38-113,39,2,0.0,0,sim
2-38-114,39,2,0.0,0,sim
2-38-115,39,2,1.0,0,sim
2-38-116,39,2,1.0,0,sim
2-38-117,39,2,0.0,0,sim
2-38-118,39,2,0.0,1,sim
2-38-119,39,2,0.0,0,sim
2-38-120,39,2,1.0,0,sim
2-38-121,39,2,1.0,0,sim
2-38-122,39,2,0.0,0,sim
2-38-123,39,2,1.0,0,sim
2-38-124,39,2,1.0,0,sim
2-38-125,39,2,1.0,0,sim
2-38-126,39,2,0.0,0,sim
2-38-127,39,2,1.0,0,sim
2-38-128,39,2,,0,sim
2-38-129,39,2,0.0,0,sim
2-38-130,39,2,0.0,0,sim
2-38-131,39,2,0.0,0,sim
2-38-132,39,2,1.0,0,sim
2-38-133,39,2,0.0,0,sim
2-38-134,39,2,0.0,0,sim
2-38-135,39,2,1.0,0,sim
2-38-136,39,2,1.0,0,sim
2-38-137,39,2,0.0,0,sim
2-38-138,39,2,0.0,1,sim
2-38-139,39,2,1.0,0,sim
2-38-140,39,2,1.0,0,sim
2-38-141,39,2,1.0,0,sim
2-38-142,39,2,0.0,0,sim
2-38-143,39,2,1.0,0,sim
2-38-144,39,2,0.0,0,sim
2-38-145,39,2,0.0,0,sim
2-38-146,39,2,1.0,0,sim
2-38-147,39,2,1.0,0,sim
2-38-148,39,2,1.0,0,sim
2-38-149,39,2,0.0,0,sim
2-38-150,39,2,1.0,0,sim
2-38-151,39,2,1.0,0,sim
2-38-152,39,2,0.0,0,sim
2-38-153,39,2,0.0,0,sim
2-38-154,39,2,1.0,0,sim
2-38-155,39,2,1.0,0,sim
2-38-156,39,2,0.0,0,sim
2-38-157,39,2,0.0,0,sim
2-38-158,39,2,1.0,0,sim
2-38-159,39,2,0.0,0,sim
2-38-160,39,2,0.0,0,sim
2-38-161,39,2,1.0,0,sim
2-38-162,39,2,0.0,0,sim
2-38-163,39,2,0.0,0,sim
2-38-164,39,2,0.0,0,sim
2-38-165,39,2,0.0,0,sim
2-38-166,39,2,,0,sim
2-38-167,39,2,1.0,0,sim
2-38-168,39,2,1.0,0,sim
2-38-169,39,2,1.0,0,sim
2-38-170,39,2,1.0,0,sim
2-38-171,39,2,0.0,0,sim
2-38-172,39,2,1.0,0,sim
2-38-173,39,2,1.0,0,sim
2-38-174,39,2,1.0,0,sim
2-38-175,39,2,1.0,0,sim
2-38-176,39,2,0.0,0,sim
2-38-177,39,2,1.0,0,sim
2-38-178,39,2,1.0,0,sim
2-38-179,39,2,1.0,0,sim
2-38-180,39,2,1.0,0,sim
2-38-181,39,2,0.0,0,sim
2-38-182,39,2,1.0,0,sim
2-38-183,39,2,0.0,0,sim
2-38-184,39,2,0.0,0,sim
2-38-185,39,2,0.0,0,sim
2-38-186,39,2,1.0,0,sim
2-38-187,39,2,0.0,0,sim
2-38-188,39,2,0.0,0,sim
2-38-189,39,2,1.0,0,sim
2-38-190,39,2,1.0,0,sim
2-38-191,39,2,0.0,0,sim
2-38-192,39,2,1.0,0,sim
2-38-193,39,2,0.0,0,sim
2-38-194,39,2,1.0,0,sim
2-38-195,39,2,0.0,0,sim
2-38-196,39,2,0.0,0,sim
2-38-197,39,2,0.0,0,sim
2-38-198,39,2,0.0,0,sim
2-38-199,39,2,1.0,0,sim
2-38-200,39,2,0.0,0,sim
2-38-201,39,2,0.0,0,sim
2-38-202,39,2,0.0,0,sim
2-38-203,39,2,1.0,0,sim
2-38-204,39,2,1.0,0,sim
2-38-205,39,2,0.0,0,sim
2-38-206,39,2,0.0,0,sim
2-38-207,39,2,0.0,0,sim
2-38-208,39,2,0.0,0,sim
2-38-209,39,2,1.0,0,sim
2-38-210,39,2,1.0,0,sim
2-38-211,39,2,1.0,0,sim
2-38-212,39,2,0.0,0,sim
2-38-213,39,2,0.0,0,sim
2-38-214,39,2,1.0,0,sim
2-38-215,39,2,1.0,0,sim
2-38-216,39,2,0.0,0,sim
2-38-217,39,2,1.0,0,sim
2-38-218,39,2,,1,sim
2-38-219,39,2,,0,sim
2-38-220,39,2,1.0,0,sim
2-38-221,39,2,0.0,0,sim
2-38-222,39,2,0.0,0,sim
2-38-223,39,2,0.0,0,sim
2-38-224,39,2,0.0,0,sim
2-38-225,39,2,1.0,0,sim
2-38-226,39,2,1.0,0,sim
2-38-227,39,2,0.0,0,sim
2-38-228,39,2,1.0,0,sim
2-38-229,39,2,1.0,0,sim
2-38-230,39,2,1.0,0,sim
2-38-231,39,2,1.0,0,sim
2-38-232,39,2,,0,sim
2-38-233,39,2,0.0,0,sim
2-38-234,39,2,0.0,0,sim
2-38-235,39,2,1.0,0,sim
2-38-236,39,2,1.0,0,sim
2-38-237,39,2,0.0,0,sim
2-38-238,39,2,1.0,0,sim
2-38-239,39,2,1.0,0,sim
2-39-0,40,2,1.0,0,sim
2-39-1,40,2,1.0,0,sim
2-39-2,40,2,0.0,0,sim
2-39-3,40,2,0.0,0,sim
2-39-4,40,2,0.0,0,sim
2-39-5,40,2,1.0,0,sim
2-39-6,40,2,1.0,0,sim
2-39-7,40,2,1.0,0,sim
2-39-8,40,2,0.0,0,sim
2-39-9,40,2,1.0,1,sim
2-39-10,40,2,0.0,0,sim
2-39-11,40,2,,0,sim
2-39-12,40,2,0.0,0,sim
2-39-13,40,2,0.0,0,sim
2-39-14,40,2,1.0,0,sim
2-39-15,40,2,0.0,0,sim
2-39-16,40,2,0.0,0,sim
2-39-17,40,2,1.0,0,sim
2-39-18,40,2,0.0,0,sim
2-39-19,40,2,,0,sim
2-39-20,40,2,1.0,0,sim
2-39-21,40,2,0.0,0,sim
2-39-22,40,2,0.0,0,sim
2-39-23,40,2,0.0,0,sim
2-39-24,40,2,,0,sim
2-39-25,40,2,1.0,0,sim
2-39-26,40,2,1.0,0,sim
2-39-27,40,2,,0,sim
2-39-28,40,2,0.0,0,sim
2-39-29,40,2,1.0,0,sim
2-39-30,40,2,1.0,0,sim
2-39-31,40,2,0.0,0,sim
2-39-32,40,2,,0,sim
2-39-33,40,2,1.0,0,sim
2-39-34,40,2,0.0,0,sim
2-39-35,40,2,0.0,0,sim
2-39-36,40,2,1.0,0,sim
2-39-37,40,2,0.0,0,sim
2-39-38,40,2,,0,sim
2-39-39,40,2,0.0,0,sim
2-39-40,40,2,,0,sim
2-39-41,40,2,1.0,0,sim
2-39-42,40,2,0.0,0,sim
2-39-43,40,2,0.0,0,sim
2-39-44,40,2,0.0,0,sim
2-39-45,40,2,0.0,0,sim
2-39-46,40,2,1.0,0,sim
2-39-47,40,2,,0,sim
2-39-48,40,2,,0,sim
2-39-49,40,2,0.0,0,sim
2-39-50,40,2,1.0,0,sim
2-39-51,40,2,,0,sim
2-39-52,40,2,1.0,0,sim
2-39-53,40,2,0.0,0,sim
2-39-54,40,2,0.0,0,sim
2-39-55,40,2,1.0,0,sim
2-39-56,40,2,0.0,0,sim
2-39-57,40,2,1.0,0,sim
2-39-58,40,2,,0,sim
2-39-59,40,2,0.0,0,sim
2-39-60,40,2,0.0,0,sim
2-39-61,40,2,1.0,0,sim
2-39-62,40,2,0.0,0,sim
2-39-63,40,2,0.0,0,sim
2-39-64,40,2,1.0,0,sim
2-39-65,40,2,1.0,0,sim
2-39-66,40,2,0.0,0,sim
2-39-67,40,2,1.0,0,sim
2-39-68,40,2,,0,sim
2-39-69,40,2,0.0,0,sim
2-39-70,40,2,1.0,0,sim
2-39-71,40,2,0.0,0,sim
2-39-72,40,2,1.0,1,sim
2-39-73,40,2,0.0,0,sim
2-39-74,40,2,0.0,0,sim
2-39-75,40,2,,0,sim
2-39-76,40,2,,0,sim
2-39-77,40,2,1.0,0,sim
2-39-78,40,2,0.0,0,sim
2-39-79,40,2,1.0,0,sim
2-39-80,40,2,1.0,0,sim
2-39-81,40,2,0.0,0,sim
2-39-82,40,2,,0,sim
2-39-83,40,2,0.0,0,sim
2-39-84,40,2,1.0,0,sim
2-39-85,40,2,1.0,0,sim
2-39-86,40,2,0.0,0,sim
2-39-87,40,2,1.0,0,sim
2-39-88,40,2,1.0,0,sim
2-39-89,40,2,1.0,0,sim
2-39-90,40,2,1.0,0,sim
2-39-91,40,2,1.0,0,sim
2-39-92,40,2,1.0,0,sim
2-39-93,40,2,1.0,0,sim
2-39-94,40,2,1.0,0,sim
2-39-95,40,2,0.0,0,sim
2-39-96,40,2,0.0,0,sim
2-39-97,40,2,,0,sim
2-39-98,40,2,1.0,0,sim
2-39-99,40,2,,0,sim
2-39-100,40,2,,0,sim
2-39-101,40,2,0.0,0,sim
2-39-102,40,2,1.0,0,sim
2-39-103,40,2,0.0,0,sim
2-39-104,40,2,,0,sim
2-39-105,40,2,0.0,0,sim
2-39-106,40,2,1.0,0,sim
2-39-107,40,2,,0,sim
2-39-108,40,2,0.0,0,sim
2-39-109,40,2,0.0,0,sim
2-39-110,40,2,1.0,0,sim
2-39-111,40,2,1.0,0,sim
2-39-112,40,2,0.0,0,sim
2-39-113,40,2,1.0,0,sim
2-39-114,40,2,,0,sim
2-39-115,40,2,1.0,0,sim
2-39-116,40,2,1.0,0,sim
2-39-117,40,2,0.0,0,sim
2-39-118,40,2,0.0,0,sim
2-39-119,40,2,0.0,0,sim
2-39-120,40,2,1.0,0,sim
2-39-121,40,2,0.0,0,sim
2-39-122,40,2,1.0,0,sim
2-39-123,40,2,1.0,0,sim
2-39-124,40,2,0.0,0,sim
2-39-125,40,2,0.0,0,sim
2-39-126,40,2,1.0,0,sim
2-39-127,40,2,0.0,0,sim
2-39-128,40,2,0.0,0,sim
2-39-129,40,2,,0,sim
2-39-130,40,2,0.0,0,sim
2-39-131,40,2,0.0,0,sim
2-39-132,40,2,0.0,0,sim
2-39-133,40,2,1.0,0,sim
2-39-134,40,2,1.0,0,sim
2-39-135,40,2,1.0,0,sim
2-39-136,40,2,1.0,0,sim
2-39-137,40,2,,0,sim
2-39-138,40,2,0.0,0,sim
2-39-139,40,2,0.0,0,sim
2-39-140,40,2,0.0,0,sim
2-39-141,40,2,1.0,0,sim
2-39-142,40,2,,0,sim
2-39-143,40,2,1.0,0,sim
2-39-144,40,2,0.0,0,sim
2-39-145,40,2,1.0,0,sim
2-39-146,40,2,0.0,0,sim
2-39-147,40,2,0.0,0,sim
2-39-148,40,2,0.0,0,sim
2-39-149,40,2,1.0,0,sim
2-39-150,40,2,1.0,0,sim
2-39-151,40,2,,0,sim
2-39-152,40,2,,0,sim
2-39-153,40,2,0.0,0,sim
2-39-154,40,2,1.0,0,sim
2-39-155,40,2,0.0,0,sim
2-39-156,40,2,,0,sim
2-39-157,40,2,0.0,0,sim
2-39-158,40,2,0.0,0,sim
2-39-159,40,2,0.0,0,sim
2-39-160,40,2,0.0,0,sim
2-39-161,40,2,0.0,0,sim
2-39-162,40,2,0.0,0,sim
2-39-163,40,2,0.0,0,sim
2-39-164,40,2,0.0,0,sim
2-39-165,40,2,,0,sim
2-39-166,40,2,1.0,0,sim
2-39-167,40,2,1.0,0,sim
2-39-168,40,2,0.0,0,sim
2-39-169,40,2,1.0,0,sim
2-39-170,40,2,0.0,0,sim
2-39-171,40,2,0.0,0,sim
2-39-172,40,2,,0,sim
2-39-173,40,2,1.0,0,sim
2-39-174,40,2,0.0,0,sim
2-39-175,40,2,0.0,0,sim
2-39-176,40,2,0.0,0,sim
2-39-177,40,2,1.0,0,sim
2-39-178,40,2,,0,sim
2-39-179,40,2,0.0,0,sim
2-39-180,40,2,1.0,0,sim
2-39-181,40,2,,0,sim
2-39-182,40,2,0.0,0,sim
2-39-183,40,2,0.0,0,sim
2-39-184,40,2,0.0,0,sim
2-39-185,40,2,0.0,0,sim
2-39-186,40,2,0.0,0,sim
2-39-187,40,2,0.0,0,sim
2-39-188,40,2,0.0,0,sim
2-39-189,40,2,0.0,0,sim
2-39-190,40,2,1.0,0,sim
2-39-191,40,2,,0,sim
2-39-192,40,2,1.0,0,sim
2-39-193,40,2,1.0,0,sim
2-39-194,40,2,1.0,0,sim
2-39-195,40,2,0.0,0,sim
2-39-196,40,2,,0,sim
2-39-197,40,2,0.0,0,sim
2-39-198,40,2,1.0,0,sim
2-39-199,40,2,0.0,0,sim
2-39-200,40,2,,0,sim
2-39-201,40,2,0.0,0,sim
2-39-202,40,2,0.0,0,sim
2-39-203,40,2,1.0,0,sim
2-39-204,40,2,,0,sim
2-39-205,40,2,1.0,0,sim
2-39-206,40,2,1.0,0,sim
2-39-207,40,2,0.0,0,sim
2-39-208,40,2,0.0,0,sim
2-39-209,40,2,1.0,0,sim
2-39-210,40,2,1.0,0,sim
2-39-211,40,2,1.0,0,sim
2-39-212,40,2,1.0,0,sim
2-39-213,40,2,0.0,0,sim
2-39-214,40,2,1.0,0,sim
2-39-215,40,2,,0,sim
2-39-216,40,2,1.0,0,sim
2-39-217,40,2,1.0,0,sim
2-39-218,40,2,1.0,0,sim
2-39-219,40,2,1.0,0,sim
2-39-220,40,2,1.0,0,sim
2-39-221,40,2,1.0,0,sim
2-39-222,40,2,1.0,0,sim
2-39-223,40,2,0.0,0,sim
2-39-224,40,2,,0,sim
2-39-225,40,2,0.0,0,sim
2-39-226,40,2,1.0,0,sim
2-39-227,40,2,,0,sim
2-39-228,40,2,,0,sim
2-39-229,40,2,0.0,0,sim
2-39-230,40,2,,0,sim
2-39-231,40,2,0.0,0,sim
2-39-232,40,2,0.0,0,sim
2-39-233,40,2,1.0,0,sim
2-39-234,40,2,,0,sim
2-39-235,40,2,1.0,0,sim
2-39-236,40,2,0.0,0,sim
2-39-237,40,2,0.0,0,sim
2-39-238,40,2,0.0,0,sim
2-39-239,40,2,,0,sim
2-40-0,41,2,1.0,0,sim
2-40-1,41,2,0.0,0,sim
2-40-2,41,2,1.0,0,sim
2-40-3,41,2,0.0,0,sim
2-40-4,41,2,0.0,0,sim
2-40-5,41,2,1.0,0,sim
2-40-6,41,2,0.0,0,sim
2-40-7,41,2,0.0,0,sim
2-40-8,41,2,0.0,0,sim
2-40-9,41,2,0.0,0,sim
2-40-10,41,2,1.0,0,sim
2-40-11,41,2,1.0,0,sim
2-40-12,41,2,1.0,0,sim
2-40-13,41,2,1.0,0,sim
2-40-14,41,2,0.0,0,sim
2-40-15,41,2,0.0,0,sim
2-40-16,41,2,0.0,0,sim
2-40-17,41,2,0.0,0,sim
2-40-18,41,2,0.0,0,sim
2-40-19,41,2,0.0,0,sim
2-40-20,41,2,0.0,0,sim
2-40-21,41,2,0.0,0,sim
2-40-22,41,2,0.0,0,sim
2-40-23,41,2,1.0,0,sim
2-40-24,41,2,0.0,0,sim
2-40-25,41,2,1.0,0,sim
2-40-26,41,2,1.0,0,sim
2-40-27,41,2,0.0,0,sim
2-40-28,41,2,1.0,0,sim
2-40-29,41,2,0.0,0,sim
2-40-30,41,2,1.0,0,sim
2-40-31,41,2,1.0,0,sim
2-40-32,41,2,1.0,0,sim
2-40-33,41,2,,0,sim
2-40-34,41,2,0.0,0,sim
2-40-35,41,2,0.0,0,sim
2-40-36,41,2,0.0,0,sim
2-40-37,41,2,1.0,0,sim
2-40-38,41,2,,0,sim
2-40-39,41,2,,0,sim
2-40-40,41,2,0.0,0,sim
2-40-41,41,2,1.0,0,sim
2-40-42,41,2,0.0,0,sim
2-40-43,41,2,0.0,0,sim
2-40-44,41,2,0.0,0,sim
2-40-45,41,2,0.0,0,sim
2-40-46,41,2,0.0,0,sim
2-40-47,41,2,1.0,0,sim
2-40-48,41,2,0.0,0,sim
2-40-49,41,2,0.0,0,sim
2-40-50,41,2,0.0,0,sim
2-40-51,41,2,0.0,0,sim
2-40-52,41,2,0.0,0,sim
2-40-53,41,2,1.0,0,sim
2-40-54,41,2,0.0,0,sim
2-40-55,41,2,1.0,0,sim
2-40-56,41,2,0.0,0,sim
2-40-57,41,2,1.0,0,sim
2-40-58,41,2,1.0,0,sim
2-40-59,41,2,1.0,0,sim
2-40-60,41,2,0.0,0,sim
2-40-61,41,2,0.0,0,sim
2-40-62,41,2,1.0,0,sim
2-40-63,41,2,0.0,0,sim
2-40-64,41,2,1.0,0,sim
2-40-65,41,2,1.0,0,sim
2-40-66,41,2,1.0,0,sim
2-40-67,41,2,0.0,0,sim
2-40-68,41,2,0.0,0,sim
2-40-69,41,2,1.0,0,sim
2-40-70,41,2,1.0,0,sim
2-40-71,41,2,0.0,1,sim
2-40-72,41,2,1.0,0,sim
2-40-73,41,2,0.0,0,sim
2-40-74,41,2,1.0,0,sim
2-40-75,41,2,0.0,0,sim
2-40-76,41,2,0.0,0,sim
2-40-77,41,2,,0,sim
2-40-78,41,2,,0,sim
2-40-79,41,2,1.0,0,sim
2-40-80,41,2,1.0,0,sim
2-40-81,41,2,1.0,0,sim
2-40-82,41,2,1.0,0,sim
2-40-83,41,2,1.0,0,sim
2-40-84,41,2,0.0,0,sim
2-40-85,41,2,1.0,0,sim
2-40-86,41,2,1.0,0,sim
2-40-87,41,2,0.0,0,sim
2-40-88,41,2,0.0,0,sim
2-40-89,41,2,1.0,0,sim
2-40-90,41,2,0.0,0,sim
2-40-91,41,2,1.0,0,sim
2-40-92,41,2,0.0,0,sim
2-40-93,41,2,1.0,0,sim
2-40-94,41,2,0.0,0,sim
2-40-95,41,2,0.0,0,sim
2-40-96,41,2,1.0,0,sim
2-40-97,41,2,1.0,0,sim
2-40-98,41,2,1.0,0,sim
2-40-99,41,2,0.0,0,sim
2-40-100,41,2,0.0,0,sim
2-40-101,41,2,0.0,0,sim
2-40-102,41,2,0.0,0,sim
2-40-103,41,2,0.0,0,sim
2-40-104,41,2,,0,sim
2-40-105,41,2,0.0,0,sim
2-40-106,41,2,0.0,0,sim
2-40-107,41,2,,0,sim
2-40-108,41,2,1.0,0,sim
2-40-109,41,2,1.0,0,sim
2-40-110,41,2,1.0,0,sim
2-40-111,41,2,1.0,0,sim
2-40-112,41,2,0.0,0,sim
2-40-113,41,2,0.0,0,sim
2-40-114,41,2,0.0,0,sim
2-40-115,41,2,1.0,0,sim
2-40-116,41,2,0.0,0,sim
2-40-117,41,2,1.0,0,sim
2-40-118,41,2,0.0,0,sim
2-40-119,41,2,0.0,0,sim
2-40-120,41,2,0.0,0,sim
2-40-121,41,2,1.0,0,sim
2-40-122,41,2,0.0,0,sim
2-40-123,41,2,0.0,0,sim
2-40-124,41,2,1.0,0,sim
2-40-125,41,2,1.0,0,sim
2-40-126,41,2,,0,sim
2-40-127,41,2,,0,sim
2-40-128,41,2,1.0,0,sim
2-40-129,41,2,0.0,0,sim
2-40-130,41,2,0.0,0,sim
2-40-131,41,2,1.0,0,sim
2-40-132,41,2,1.0,0,sim
2-40-133,41,2,1.0,0,sim
2-40-134,41,2,0.0,0,sim
2-40-135,41,2,0.0,0,sim
2-40-136,41,2,1.0,0,sim
2-40-137,41,2,,0,sim
2-40-138,41,2,,0,sim
2-40-139,41,2,0.0,1,sim
2-40-140,41,2,0.0,0,sim
2-40-141,41,2,1.0,0,sim
2-40-142,41,2,0.0,0,sim
2-40-143,41,2,1.0,0,sim
2-40-144,41,2,1.0,0,sim
2-40-145,41,2,1.0,0,sim
2-40-146,41,2,1.0,0,sim
2-40-147,41,2,,0,sim
2-40-148,41,2,,0,sim
2-40-149,41,2,1.0,0,sim
2-40-150,41,2,0.0,0,sim
2-40-151,41,2,0.0,0,sim
2-40-152,41,2,0.0,1,sim
2-40-153,41,2,0.0,0,sim
2-40-154,41,2,0.0,0,sim
2-40-155,41,2,1.0,0,sim
2-40-156,41,2,1.0,0,sim
2-40-157,41,2,,0,sim
2-40-158,41,2,1.0,0,sim
2-40-159,41,2,1.0,0,sim
2-40-160,41,2,1.0,0,sim
2-40-161,41,2,1.0,0,sim
2-40-162,41,2,0.0,0,sim
2-40-163,41,2,0.0,0,sim
2-40-164,41,2,0.0,0,sim
2-40-165,41,2,0.0,0,sim
2-40-166,41,2,0.0,0,sim
2-40-167,41,2,1.0,0,sim
2-40-168,41,2,0.0,1,sim
2-40-169,41,2,1.0,0,sim
2-40-170,41,2,,0,sim
2-40-171,41,2,0.0,0,sim
2-40-172,41,2,1.0,0,sim
2-40-173,41,2,,0,sim
2-40-174,41,2,0.0,0,sim
2-40-175,41,2,1.0,0,sim
2-40-176,41,2,0.0,0,sim
2-40-177,41,2,1.0,0,sim
2-40-178,41,2,1.0,0,sim
2-40-179,41,2,1.0,0,sim
2-40-180,41,2,0.0,0,sim
2-40-181,41,2,,0,sim
2-40-182,41,2,,0,sim
2-40-183,41,2,1.0,0,sim
2-40-184,41,2,1.0,0,sim
2-40-185,41,2,1.0,0,sim
2-40-186,41,2,1.0,0,sim
2-40-187,41,2,,0,sim
2-40-188,41,2,0.0,0,sim
2-40-189,41,2,1.0,0,sim
2-40-190,41,2,0.0,0,sim
2-40-191,41,2,1.0,0,sim
2-40-192,41,2,0.0,1,sim
2-40-193,41,2,0.0,0,sim
2-40-194,41,2,0.0,0,sim
2-40-195,41,2,0.0,0,sim
2-40-196,41,2,0.0,0,sim
2-40-197,41,2,0.0,0,sim
2-40-198,41,2,,0,sim
2-40-199,41,2,1.0,0,sim
2-40-200,41,2,1.0,0,sim
2-40-201,41,2,1.0,0,sim
2-40-202,41,2,0.0,0,sim
2-40-203,41,2,1.0,0,sim
2-40-204,41,2,,0,sim
2-40-205,41,2,1.0,0,sim
2-40-206,41,2,1.0,0,sim
2-40-207,41,2,0.0,0,sim
2-40-208,41,2,0.0,0,sim
2-40-209,41,2,0.0,0,sim
2-40-210,41,2,,0,sim
2-40-211,41,2,1.0,0,sim
2-40-212,41,2,0.0,0,sim
2-40-213,41,2,,0,sim
2-40-214,41,2,1.0,0,sim
2-40-215,41,2,0.0,0,sim
2-40-216,41,2,0.0,0,sim
2-40-217,41,2,,0,sim
2-40-218,41,2,0.0,0,sim
2-40-219,41,2,1.0,0,sim
2-40-220,41,2,0.0,0,sim
2-40-221,41,2,0.0,0,sim
2-40-222,41,2,0.0,0,sim
2-40-223,41,2,0.0,0,sim
2-40-224,41,2,1.0,0,sim
2-40-225,41,2,1.0,0,sim
2-40-226,41,2,1.0,0,sim
2-40-227,41,2,,0,sim
2-40-228,41,2,0.0,0,sim
2-40-229,41,2,1.0,0,sim
2-40-230,41,2,0.0,0,sim
2-40-231,41,2,0.0,0,sim
2-40-232,41,2,0.0,0,sim
2-40-233,41,2,0.0,0,sim
2-40-234,41,2,0.0,0,sim
2-40-235,41,2,,0,sim
2-40-236,41,2,0.0,0,sim
2-40-237,41,2,1.0,0,sim
2-40-238,41,2,0.0,0,sim
2-40-239,41,2,0.0,0,sim
2-41-0,42,2,1.0,0,sim
2-41-1,42,2,0.0,0,sim
2-41-2,42,2,1.0,0,sim
2-41-3,42,2,0.0,0,sim
2-41-4,42,2,1.0,0,sim
2-41-5,42,2,0.0,0,sim
2-41-6,42,2,0.0,0,sim
2-41-7,42,2,1.0,0,sim
2-41-8,42,2,0.0,0,sim
2-41-9,42,2,1.0,1,sim
2-41-10,42,2,1.0,0,sim
2-41-11,42,2,0.0,0,sim
2-41-12,42,2,1.0,0,sim
2-41-13,42,2,1.0,0,sim
2-41-14,42,2,0.0,0,sim
2-41-15,42,2,0.0,0,sim
2-41-16,42,2,1.0,0,sim
2-41-17,42,2,1.0,0,sim
2-41-18,42,2,1.0,0,sim
2-41-19,42,2,0.0,0,sim
2-41-20,42,2,1.0,0,sim
2-41-21,42,2,1.0,0,sim
2-41-22,42,2,0.0,0,sim
2-41-23,42,2,1.0,0,sim
2-41-24,42,2,1.0,0,sim
2-41-25,42,2,1.0,0,sim
2-41-26,42,2,0.0,0,sim
2-41-27,42,2,0.0,0,sim
2-41-28,42,2,1.0,0,sim
2-41-29,42,2,0.0,0,sim
2-41-30,42,2,0.0,0,sim
2-41-31,42,2,0.0,0,sim
2-41-32,42,2,,0,sim
2-41-33,42,2,0.0,0,sim
2-41-34,42,2,0.0,0,sim
2-41-35,42,2,0.0,0,sim
2-41-36,42,2,0.0,0,sim
2-41-37,42,2,1.0,0,sim
2-41-38,42,2,1.0,0,sim
2-41-39,42,2,1.0,0,sim
2-41-40,42,2,0.0,0,sim
2-41-41,42,2,0.0,0,sim
2-41-42,42,2,1.0,0,sim
2-41-43,42,2,1.0,0,sim
2-41-44,42,2,1.0,0,sim
2-41-45,42,2,1.0,0,sim
2-41-46,42,2,1.0,0,sim
2-41-47,42,2,0.0,0,sim
2-41-48,42,2,1.0,0,sim
2-41-49,42,2,0.0,0,sim
2-41-50,42,2,0.0,0,sim
2-41-51,42,2,1.0,0,sim
2-41-52,42,2,0.0,0,sim
2-41-53,42,2,0.0,0,sim
2-41-54,42,2,0.0,0,sim
2-41-55,42,2,1.0,0,sim
2-41-56,42,2,0.0,0,sim
2-41-57,42,2,0.0,0,sim
2-41-58,42,2,0.0,0,sim
2-41-59,42,2,1.0,0,sim
2-41-60,42,2,0.0,0,sim
2-41-61,42,2,0.0,0,sim
2-41-62,42,2,1.0,0,sim
2-41-63,42,2,,0,sim
2-41-64,42,2,1.0,0,sim
2-41-65,42,2,1.0,0,sim
2-41-66,42,2,1.0,0,sim
2-41-67,42,2,,0,sim
2-41-68,42,2,0.0,0,sim
2-41-69,42,2,1.0,0,sim
2-41-70,42,2,1.0,0,sim
2-41-71,42,2,1.0,0,sim
2-41-72,42,2,0.0,0,sim
2-41-73,42,2,0.0,0,sim
2-41-74,42,2,1.0,0,sim
2-41-75,42,2,1.0,0,sim
2-41-76,42,2,1.0,0,sim
2-41-77,42,2,0.0,0,sim
2-41-78,42,2,1.0,0,sim
2-41-79,42,2,1.0,0,sim
2-41-80,42,2,1.0,0,sim
2-41-81,42,2,0.0,0,sim
2-41-82,42,2,0.0,0,sim
2-41-83,42,2,0.0,0,sim
2-41-84,42,2,1.0,0,sim
2-41-85,42,2,0.0,0,sim
2-41-86,42,2,0.0,0,sim
2-41-87,42,2,0.0,0,sim
2-41-88,42,2,,0,sim
2-41-89,42,2,0.0,0,sim
2-41-90,42,2,0.0,0,sim
2-41-91,42,2,0.0,0,sim
2-41-92,42,2,0.0,0,sim
2-41-93,42,2,1.0,0,sim
2-41-94,42,2,1.0,0,sim
2-41-95,42,2,0.0,0,sim
2-41-96,42,2,0.0,0,sim
2-41-97,42,2,0.0,0,sim
2-41-98,42,2,0.0,0,sim
2-41-99,42,2,1.0,0,sim
2-41-100,42,2,1.0,0,sim
2-41-101,42,2,1.0,0,sim
2-41-102,42,2,1.0,1,sim
2-41-103,42,2,0.0,0,sim
2-41-104,42,2,1.0,0,sim
2-41-105,42,2,0.0,0,sim
2-41-106,42,2,0.0,0,sim
2-41-107,42,2,0.0,0,sim
2-41-108,42,2,0.0,0,sim
2-41-109,42,2,1.0,1,sim
2-41-110,42,2,0.0,0,sim
2-41-111,42,2,0.0,0,sim
2-41-112,42,2,0.0,0,sim
2-41-113,42,2,0.0,0,sim
2-41-114,42,2,1.0,0,sim
2-41-115,42,2,1.0,0,sim
2-41-116,42,2,1.0,0,sim
2-41-117,42,2,0.0,0,sim
2-41-118,42,2,0.0,0,sim
2-41-119,42,2,1.0,0,sim
2-41-120,42,2,0.0,0,sim
2-41-121,42,2,0.0,0,sim
2-41-122,42,2,1.0,0,sim
2-41-123,42,2,0.0,0,sim
2-41-124,42,2,0.0,0,sim
2-41-125,42,2,0.0,0,sim
2-41-126,42,2,1.0,0,sim
2-41-127,42,2,0.0,0,sim
2-41-128,42,2,0.0,0,sim
2-41-129,42,2,1.0,0,sim
2-41-130,42,2,1.0,0,sim
2-41-131,42,2,1.0,0,sim
2-41-132,42,2,1.0,0,sim
2-41-133,42,2,0.0,0,sim
2-41-134,42,2,1.0,0,sim
2-41-135,42,2,0.0,0,sim
2-41-136,42,2,1.0,0,sim
2-41-137,42,2,1.0,0,sim
2-41-138,42,2,0.0,0,sim
2-41-139,42,2,0.0,0,sim
2-41-140,42,2,0.0,0,sim
2-41-141,42,2,0.0,0,sim
2-41-142,42,2,1.0,0,sim
2-41-143,42,2,0.0,0,sim
2-41-144,42,2,0.0,0,sim
2-41-145,42,2,0.0,0,sim
2-41-146,42,2,1.0,0,sim
2-41-147,42,2,0.0,0,sim
2-41-148,42,2,0.0,0,sim
2-41-149,42,2,0.0,0,sim
2-41-150,42,2,0.0,0,sim
2-41-151,42,2,1.0,0,sim
2-41-152,42,2,0.0,0,sim
2-41-153,42,2,1.0,0,sim
2-41-154,42,2,0.0,0,sim
2-41-155,42,2,0.0,0,sim
2-41-156,42,2,1.0,0,sim
2-41-157,42,2,1.0,0,sim
2-41-158,42,2,0.0,0,sim
2-41-159,42,2,1.0,0,sim
2-41-160,42,2,0.0,0,sim
2-41-161,42,2,1.0,0,sim
2-41-162,42,2,1.0,0,sim
2-41-163,42,2,1.0,0,sim
2-41-164,42,2,0.0,0,sim
2-41-165,42,2,0.0,0,sim
2-41-166,42,2,0.0,0,sim
2-41-167,42,2,1.0,0,sim
2-41-168,42,2,,0,sim
2-41-169,42,2,1.0,0,sim
2-41-170,42,2,0.0,0,sim
2-41-171,42,2,0.0,0,sim
2-41-172,42,2,0.0,0,sim
2-41-173,42,2,1.0,0,sim
2-41-174,42,2,0.0,0,sim
2-41-175,42,2,0.0,0,sim
2-41-176,42,2,1.0,0,sim
2-41-177,42,2,0.0,0,sim
2-41-178,42,2,1.0,0,sim
2-41-179,42,2,1.0,0,sim
2-41-180,42,2,1.0,0,sim
2-41-181,42,2,1.0,0,sim
2-41-182,42,2,0.0,0,sim
2-41-183,42,2,1.0,0,sim
2-41-184,42,2,0.0,0,sim
2-41-185,42,2,0.0,0,sim
2-41-186,42,2,0.0,0,sim
2-41-187,42,2,0.0,0,sim
2-41-188,42,2,0.0,0,sim
2-41-189,42,2,0.0,0,sim
2-41-190,42,2,0.0,0,sim
2-41-191,42,2,1.0,0,sim
2-41-192,42,2,1.0,0,sim
2-41-193,42,2,0.0,0,sim
2-41-194,42,2,0.0,0,sim
2-41-195,42,2,1.0,0,sim
2-41-196,42,2,0.0,0,sim
2-41-197,42,2,0.0,0,sim
2-41-198,42,2,1.0,0,sim
2-41-199,42,2,1.0,0,sim
2-41-200,42,2,0.0,0,sim
2-41-201,42,2,1.0,0,sim
2-41-202,42,2,0.0,0,sim
2-41-203,42,2,1.0,0,sim
2-41-204,42,2,1.0,0,sim
2-41-205,42,2,1.0,0,sim
2-41-206,42,2,0.0,0,sim
2-41-207,42,2,0.0,1,sim
2-41-208,42,2,1.0,0,sim
2-41-209,42,2,0.0,0,sim
2-41-210,42,2,0.0,0,sim
2-41-211,42,2,1.0,0,sim
2-41-212,42,2,0.0,0,sim
2-41-213,42,2,1.0,0,sim
2-41-214,42,2,0.0,0,sim
2-41-215,42,2,1.0,0,sim
2-41-216,42,2,0.0,0,sim
2-41-217,42,2,1.0,0,sim
2-41-218,42,2,0.0,0,sim
2-41-219,42,2,1.0,0,sim
2-41-220,42,2,0.0,0,sim
2-41-221,42,2,0.0,0,sim
2-41-222,42,2,1.0,0,sim
2-41-223,42,2,0.0,0,sim
2-41-224,42,2,0.0,0,sim
2-41-225,42,2,0.0,0,sim
2-41-226,42,2,0.0,0,sim
2-41-227,42,2,1.0,0,sim
2-41-228,42,2,1.0,0,sim
2-41-229,42,2,1.0,0,sim
2-41-230,42,2,0.0,0,sim
2-41-231,42,2,0.0,0,sim
2-41-232,42,2,0.0,0,sim
2-41-233,42,2,1.0,0,sim
2-41-234,42,2,0.0,0,sim
2-41-235,42,2,0.0,1,sim
2-41-236,42,2,0.0,0,sim
2-41-237,42,2,1.0,0,sim
2-41-238,42,2,0.0,0,sim
2-41-239,42,2,0.0,0,sim
2-42-0,43,2,0.0,0,sim
2-42-1,43,2,,0,sim
2-42-2,43,2,1.0,1,sim
2-42-3,43,2,0.0,0,sim
2-42-4,43,2,0.0,0,sim
2-42-5,43,2,1.0,0,sim
2-42-6,43,2,0.0,0,sim
2-42-7,43,2,1.0,1,sim
2-42-8,43,2,1.0,0,sim
2-42-9,43,2,0.0,0,sim
2-42-10,43,2,0.0,0,sim
2-42-11,43,2,0.0,0,sim
2-42-12,43,2,0.0,1,sim
2-42-13,43,2,1.0,0,sim
2-42-14,43,2,0.0,0,sim
2-42-15,43,2,0.0,0,sim
2-42-16,43,2,0.0,0,sim
2-42-17,43,2,1.0,0,sim
2-42-18,43,2,,0,sim
2-42-19,43,2,0.0,0,sim
2-42-20,43,2,1.0,1,sim
2-42-21,43,2,0.0,0,sim
2-42-22,43,2,0.0,0,sim
2-42-23,43,2,1.0,0,sim
2-42-24,43,2,1.0,0,sim
2-42-25,43,2,0.0,0,sim
2-42-26,43,2,1.0,0,sim
2-42-27,43,2,0.0,0,sim
2-42-28,43,2,1.0,0,sim
2-42-29,43,2,0.0,0,sim
2-42-30,43,2,1.0,0,sim
2-42-31,43,2,0.0,0,sim
2-42-32,43,2,0.0,0,sim
2-42-33,43,2,0.0,0,sim
2-42-34,43,2,1.0,0,sim
2-42-35,43,2,0.0,0,sim
2-42-36,43,2,1.0,0,sim
2-42-37,43,2,0.0,0,sim
2-42-38,43,2,0.0,1,sim
2-42-39,43,2,0.0,0,sim
2-42-40,43,2,0.0,0,sim
2-42-41,43,2,0.0,0,sim
2-42-42,43,2,0.0,0,sim
2-42-43,43,2,1.0,0,sim
2-42-44,43,2,0.0,0,sim
2-42-45,43,2,0.0,0,sim
2-42-46,43,2,0.0,0,sim
2-42-47,43,2,0.0,0,sim
2-42-48,43,2,0.0,0,sim
2-42-49,43,2,0.0,0,sim
2-42-50,43,2,1.0,0,sim
2-42-51,43,2,1.0,0,sim
2-42-52,43,2,0.0,1,sim
2-42-53,43,2,1.0,0,sim
2-42-54,43,2,0.0,0,sim
2-42-55,43,2,0.0,0,sim
2-42-56,43,2,1.0,0,sim
2-42-57,43,2,1.0,0,sim
2-42-58,43,2,0.0,0,sim
2-42-59,43,2,1.0,0,sim
2-42-60,43,2,0.0,0,sim
2-42-61,43,2,0.0,0,sim
2-42-62,43,2,0.0,0,sim
2-42-63,43,2,1.0,0,sim
2-42-64,43,2,1.0,0,sim
2-42-65,43,2,0.0,0,sim
2-42-66,43,2,0.0,0,sim
2-42-67,43,2,1.0,0,sim
2-42-68,43,2,1.0,0,sim
2-42-69,43,2,1.0,0,sim
2-42-70,43,2,1.0,0,sim
2-42-71,43,2,1.0,0,sim
2-42-72,43,2,1.0,0,sim
2-42-73,43,2,1.0,0,sim
2-42-74,43,2,0.0,0,sim
2-42-75,43,2,1.0,0,sim
2-42-76,43,2,1.0,0,sim
2-42-77,43,2,,0,sim
2-42-78,43,2,0.0,0,sim
2-42-79,43,2,1.0,0,sim
2-42-80,43,2,0.0,0,sim
2-42-81,43,2,0.0,0,sim
2-42-82,43,2,1.0,0,sim
2-42-83,43,2,0.0,0,sim
2-42-84,43,2,1.0,0,sim
2-42-85,43,2,0.0,0,sim
2-42-86,43,2,1.0,0,sim
2-42-87,43,2,1.0,1,sim
2-42-88,43,2,1.0,0,sim
2-42-89,43,2,1.0,0,sim
2-42-90,43,2,0.0,0,sim
2-42-91,43,2,0.0,0,sim
2-42-92,43,2,1.0,0,sim
2-42-93,43,2,0.0,0,sim
2-42-94,43,2,0.0,0,sim
2-42-95,43,2,1.0,0,sim
2-42-96,43,2,0.0,0,sim
2-42-97,43,2,1.0,0,sim
2-42-98,43,2,1.0,0,sim
2-42-99,43,2,1.0,0,sim
2-42-100,43,2,1.0,0,sim
2-42-101,43,2,1.0,0,sim
2-42-102,43,2,1.0,0,sim
2-42-103,43,2,0.0,0,sim
2-42-104,43,2,0.0,0,sim
2-42-105,43,2,0.0,0,sim
2-42-106,43,2,1.0,0,sim
2-42-107,43,2,0.0,0,sim
2-42-108,43,2,0.0,0,sim
2-42-109,43,2,1.0,0,sim
2-42-110,43,2,0.0,0,sim
2-42-111,43,2,1.0,0,sim
2-42-112,43,2,0.0,0,sim
2-42-113,43,2,0.0,0,sim
2-42-114,43,2,0.0,0,sim
2-42-115,43,2,0.0,0,sim
2-42-116,43,2,0.0,0,sim
2-42-117,43,2,0.0,0,sim
2-42-118,43,2,0.0,0,sim
2-42-119,43,2,1.0,0,sim
2-42-120,43,2,0.0,0,sim
2-42-121,43,2,0.0,0,sim
2-42-122,43,2,0.0,1,sim
2-42-123,43,2,1.0,0,sim
2-42-124,43,2,0.0,0,sim
2-42-125,43,2,1.0,0,sim
2-42-126,43,2,1.0,0,sim
2-42-127,43,2,0.0,0,sim
2-42-128,43,2,0.0,0,sim
2-42-129,43,2,,0,sim
2-42-130,43,2,0.0,0,sim
2-42-131,43,2,1.0,0,sim
2-42-132,43,2,0.0,0,sim
2-42-133,43,2,0.0,0,sim
2-42-134,43,2,0.0,0,sim
2-42-135,43,2,1.0,0,sim
2-42-136,43,2,1.0,1,sim
2-42-137,43,2,0.0,0,sim
2-42-138,43,2,0.0,0,sim
2-42-139,43,2,0.0,0,sim
2-42-140,43,2,1.0,0,sim
2-42-141,43,2,0.0,0,sim
2-42-142,43,2,1.0,0,sim
2-42-143,43,2,0.0,0,sim
2-42-144,43,2,1.0,0,sim
2-42-145,43,2,0.0,0,sim
2-42-146,43,2,1.0,1,sim
2-42-147,43,2,1.0,0,sim
2-42-148,43,2,0.0,0,sim
2-42-149,43,2,1.0,0,sim
2-42-150,43,2,1.0,0,sim
2-42-151,43,2,0.0,0,sim
2-42-152,43,2,0.0,0,sim
2-42-153,43,2,0.0,1,sim
2-42-154,43,2,1.0,0,sim
2-42-155,43,2,,0,sim
2-42-156,43,2,1.0,0,sim
2-42-157,43,2,1.0,0,sim
2-42-158,43,2,0.0,0,sim
2-42-159,43,2,0.0,0,sim
2-42-160,43,2,0.0,0,sim
2-42-161,43,2,0.0,0,sim
2-42-162,43,2,1.0,0,sim
2-42-163,43,2,0.0,0,sim
2-42-164,43,2,0.0,0,sim
2-42-165,43,2,1.0,0,sim
2-42-166,43,2,0.0,0,sim
2-42-167,43,2,0.0,0,sim
2-42-168,43,2,0.0,0,sim
2-42-169,43,2,0.0,0,sim
2-42-170,43,2,0.0,0,sim
2-42-171,43,2,0.0,0,sim
2-42-172,43,2,1.0,0,sim
2-42-173,43,2,1.0,0,sim
2-42-174,43,2,1.0,0,sim
2-42-175,43,2,0.0,0,sim
2-42-176,43,2,0.0,0,sim
2-42-177,43,2,0.0,0,sim
2-42-178,43,2,,0,sim
2-42-179,43,2,1.0,0,sim
2-42-180,43,2,1.0,0,sim
2-42-181,43,2,1.0,0,sim
2-42-182,43,2,,0,sim
2-42-183,43,2,1.0,0,sim
2-42-184,43,2,0.0,0,sim
2-42-185,43,2,1.0,0,sim
2-42-186,43,2,0.0,0,sim
2-42-187,43,2,1.0,0,sim
2-42-188,43,2,0.0,0,sim
2-42-189,43,2,0.0,0,sim
2-42-190,43,2,0.0,0,sim
2-42-191,43,2,1.0,0,sim
2-42-192,43,2,1.0,0,sim
2-42-193,43,2,1.0,0,sim
2-42-194,43,2,0.0,0,sim
2-42-195,43,2,0.0,0,sim
2-42-196,43,2,0.0,0,sim
2-42-197,43,2,1.0,0,sim
2-42-198,43,2,0.0,0,sim
2-42-199,43,2,0.0,0,sim
2-42-200,43,2,0.0,0,sim
2-42-201,43,2,0.0,0,sim
2-42-202,43,2,0.0,0,sim
2-42-203,43,2,0.0,0,sim
2-42-204,43,2,0.0,0,sim
2-42-205,43,2,0.0,0,sim
2-42-206,43,2,1.0,0,sim
2-42-207,43,2,1.0,0,sim
2-42-208,43,2,0.0,0,sim
2-42-209,43,2,0.0,0,sim
2-42-210,43,2,1.0,0,sim
2-42-211,43,2,1.0,0,sim
2-42-212,43,2,0.0,0,sim
2-42-213,43,2,0.0,0,sim
2-42-214,43,2,0.0,0,sim
2-42-215,43,2,0.0,0,sim
2-42-216,43,2,1.0,0,sim
2-42-217,43,2,0.0,0,sim
2-42-218,43,2,0.0,0,sim
2-42-219,43,2,0.0,0,sim
2-42-220,43,2,0.0,0,sim
2-42-221,43,2,,0,sim
2-42-222,43,2,1.0,0,sim
2-42-223,43,2,0.0,0,sim
2-42-224,43,2,0.0,0,sim
2-42-225,43,2,1.0,0,sim
2-42-226,43,2,1.0,0,sim
2-42-227,43,2,1.0,0,sim
2-42-228,43,2,0.0,0,sim
2-42-229,43,2,0.0,0,sim
2-42-230,43,2,0.0,0,sim
2-42-231,43,2,0.0,0,sim
2-42-232,43,2,1.0,0,sim
2-42-233,43,2,0.0,0,sim
2-42-234,43,2,1.0,0,sim
2-42-235,43,2,1.0,0,sim
2-42-236,43,2,0.0,0,sim
2-42-237,43,2,1.0,0,sim
2-42-238,43,2,0.0,0,sim
2-42-239,43,2,0.0,0,sim
2-43-0,44,2,1.0,0,sim
2-43-1,44,2,1.0,0,sim
2-43-2,44,2,1.0,0,sim
2-43-3,44,2,0.0,0,sim
2-43-4,44,2,1.0,0,sim
2-43-5,44,2,0.0,0,sim
2-43-6,44,2,1.0,0,sim
2-43-7,44,2,1.0,0,sim
2-43-8,44,2,0.0,0,sim
2-43-9,44,2,0.0,0,sim
2-43-10,44,2,0.0,0,sim
2-43-11,44,2,0.0,0,sim
2-43-12,44,2,1.0,0,sim
2-43-13,44,2,1.0,0,sim
2-43-14,44,2,0.0,0,sim
2-43-15,44,2,1.0,0,sim
2-43-16,44,2,0.0,0,sim
2-43-17,44,2,1.0,0,sim
2-43-18,44,2,0.0,0,sim
2-43-19,44,2,1.0,0,sim
2-43-20,44,2,1.0,0,sim
2-43-21,44,2,0.0,0,sim
2-43-22,44,2,0.0,0,sim
2-43-23,44,2,0.0,0,sim
2-43-24,44,2,0.0,0,sim
2-43-25,44,2,0.0,0,sim
2-43-26,44,2,1.0,0,sim
2-43-27,44,2,1.0,0,sim
2-43-28,44,2,0.0,0,sim
2-43-29,44,2,0.0,0,sim
2-43-30,44,2,0.0,0,sim
2-43-31,44,2,1.0,0,sim
2-43-32,44,2,1.0,0,sim
2-43-33,44,2,1.0,0,sim
2-43-34,44,2,0.0,0,sim
2-43-35,44,2,0.0,0,sim
2-43-36,44,2,0.0,0,sim
2-43-37,44,2,0.0,1,sim
2-43-38,44,2,0.0,0,sim
2-43-39,44,2,0.0,0,sim
2-43-40,44,2,0.0,0,sim
2-43-41,44,2,0.0,1,sim
2-43-42,44,2,0.0,0,sim
2-43-43,44,2,0.0,0,sim
2-43-44,44,2,0.0,0,sim
2-43-45,44,2,,0,sim
2-43-46,44,2,0.0,1,sim
2-43-47,44,2,0.0,0,sim
2-43-48,44,2,0.0,0,sim
2-43-49,44,2,1.0,0,sim
2-43-50,44,2,0.0,0,sim
2-43-51,44,2,0.0,0,sim
2-43-52,44,2,0.0,0,sim
2-43-53,44,2,1.0,0,sim
2-43-54,44,2,1.0,0,sim
2-43-55,44,2,0.0,0,sim
2-43-56,44,2,0.0,0,sim
2-43-57,44,2,1.0,0,sim
2-43-58,44,2,0.0,0,sim
2-43-59,44,2,1.0,0,sim
2-43-60,44,2,1.0,0,sim
2-43-61,44,2,0.0,0,sim
2-43-62,44,2,0.0,0,sim
2-43-63,44,2,0.0,0,sim
2-43-64,44,2,1.0,0,sim
2-43-65,44,2,1.0,0,sim
2-43-66,44,2,0.0,0,sim
2-43-67,44,2,0.0,0,sim
2-43-68,44,2,0.0,0,sim
2-43-69,44,2,1.0,0,sim
2-43-70,44,2,0.0,0,sim
2-43-71,44,2,0.0,0,sim
2-43-72,44,2,0.0,0,sim
2-43-73,44,2,0.0,0,sim
2-43-74,44,2,1.0,0,sim
2-43-75,44,2,0.0,0,sim
2-43-76,44,2,1.0,0,sim
2-43-77,44,2,1.0,0,sim
2-43-78,44,2,1.0,0,sim
2-43-79,44,2,0.0,0,sim
2-43-80,44,2,0.0,0,sim
2-43-81,44,2,1.0,0,sim
2-43-82,44,2,0.0,0,sim
2-43-83,44,2,1.0,1,sim
2-43-84,44,2,0.0,0,sim
2-43-85,44,2,1.0,0,sim
2-43-86,44,2,1.0,0,sim
2-43-87,44,2,1.0,0,sim
2-43-88,44,2,1.0,0,sim
2-43-89,44,2,0.0,0,sim
2-43-90,44,2,0.0,0,sim
2-43-91,44,2,1.0,0,sim
2-43-92,44,2,0.0,0,sim
2-43-93,44,2,0.0,0,sim
2-43-94,44,2,0.0,0,sim
2-43-95,44,2,1.0,0,sim
2-43-96,44,2,1.0,0,sim
2-43-97,44,2,0.0,0,sim
2-43-98,44,2,0.0,0,sim
2-43-99,44,2,0.0,0,sim
2-43-100,44,2,0.0,0,sim
2-43-101,44,2,0.0,0,sim
2-43-102,44,2,0.0,0,sim
2-43-103,44,2,0.0,0,sim
2-43-104,44,2,0.0,0,sim
2-43-105,44,2,1.0,0,sim
2-43-106,44,2,0.0,0,sim
2-43-107,44,2,0.0,0,sim
2-43-108,44,2,1.0,0,sim
2-43-109,44,2,1.0,0,sim
2-43-110,44,2,0.0,0,sim
2-43-111,44,2,0.0,0,sim
2-43-112,44,2,1.0,0,sim
2-43-113,44,2,1.0,0,sim
2-43-114,44,2,1.0,0,sim
2-43-115,44,2,1.0,0,sim
2-43-116,44,2,0.0,0,sim
2-43-117,44,2,1.0,0,sim
2-43-118,44,2,0.0,0,sim
2-43-119,44,2,1.0,0,sim
2-43-120,44,2,0.0,0,sim
2-43-121,44,2,1.0,0,sim
2-43-122,44,2,1.0,0,sim
2-43-123,44,2,0.0,0,sim
2-43-124,44,2,0.0,0,sim
2-43-125,44,2,1.0,0,sim
2-43-126,44,2,0.0,0,sim
2-43-127,44,2,0.0,0,sim
2-43-128,44,2,0.0,0,sim
2-43-129,44,2,0.0,0,sim
2-43-130,44,2,1.0,0,sim
2-43-131,44,2,0.0,0,sim
2-43-132,44,2,1.0,0,sim
2-43-133,44,2,1.0,0,sim
2-43-134,44,2,1.0,0,sim
2-43-135,44,2,1.0,0,sim
2-43-136,44,2,0.0,0,sim
2-43-137,44,2,0.0,0,sim
2-43-138,44,2,0.0,0,sim
2-43-139,44,2,0.0,0,sim
2-43-140,44,2,1.0,0,sim
2-43-141,44,2,0.0,0,sim
2-43-142,44,2,,0,sim
2-43-143,44,2,0.0,0,sim
2-43-144,44,2,1.0,0,sim
2-43-145,44,2,1.0,0,sim
2-43-146,44,2,0.0,0,sim
2-43-147,44,2,0.0,0,sim
2-43-148,44,2,1.0,0,sim
2-43-149,44,2,0.0,0,sim
2-43-150,44,2,0.0,0,sim
2-43-151,44,2,1.0,0,sim
2-43-152,44,2,1.0,0,sim
2-43-153,44,2,0.0,0,sim
2-43-154,44,2,0.0,0,sim
2-43-155,44,2,0.0,0,sim
2-43-156,44,2,0.0,0,sim
2-43-157,44,2,0.0,0,sim
2-43-158,44,2,1.0,0,sim
2-43-159,44,2,0.0,0,sim
2-43-160,44,2,1.0,0,sim
2-43-161,44,2,1.0,0,sim
2-43-162,44,2,1.0,0,sim
2-43-163,44,2,1.0,0,sim
2-43-164,44,2,0.0,0,sim
2-43-165,44,2,0.0,0,sim
2-43-166,44,2,0.0,0,sim
2-43-167,44,2,1.0,0,sim
2-43-168,44,2,1.0,0,sim
2-43-169,44,2,0.0,0,sim
2-43-170,44,2,1.0,0,sim
2-43-171,44,2,0.0,0,sim
2-43-172,44,2,1.0,0,sim
2-43-173,44,2,0.0,0,sim
2-43-174,44,2,1.0,0,sim
2-43-175,44,2,1.0,0,sim
2-43-176,44,2,0.0,0,sim
2-43-177,44,2,0.0,0,sim
2-43-178,44,2,0.0,0,sim
2-43-179,44,2,0.0,0,sim
2-43-180,44,2,1.0,0,sim
2-43-181,44,2,0.0,0,sim
2-43-182,44,2,1.0,0,sim
2-43-183,44,2,1.0,0,sim
2-43-184,44,2,0.0,0,sim
2-43-185,44,2,1.0,1,sim
2-43-186,44,2,0.0,0,sim
2-43-187,44,2,0.0,0,sim
2-43-188,44,2,0.0,0,sim
2-43-189,44,2,1.0,0,sim
2-43-190,44,2,0.0,0,sim
2-43-191,44,2,1.0,0,sim
2-43-192,44,2,1.0,0,sim
2-43-193,44,2,0.0,0,sim
2-43-194,44,2,1.0,0,sim
2-43-195,44,2,1.0,0,sim
2-43-196,44,2,,0,sim
2-43-197,44,2,0.0,0,sim
2-43-198,44,2,0.0,0,sim
2-43-199,44,2,0.0,0,sim
2-43-200,44,2,1.0,0,sim
2-43-201,44,2,0.0,0,sim
2-43-202,44,2,1.0,0,sim
2-43-203,44,2,1.0,0,sim
2-43-204,44,2,0.0,0,sim
2-43-205,44,2,0.0,0,sim
2-43-206,44,2,0.0,0,sim
2-43-207,44,2,1.0,0,sim
2-43-208,44,2,0.0,0,sim
2-43-209,44,2,0.0,0,sim
2-43-210,44,2,0.0,0,sim
2-43-211,44,2,0.0,0,sim
2-43-212,44,2,0.0,0,sim
2-43-213,44,2,0.0,0,sim
2-43-214,44,2,0.0,0,sim
2-43-215,44,2,0.0,0,sim
2-43-216,44,2,1.0,1,sim
2-43-217,44,2,0.0,0,sim
2-43-218,44,2,1.0,0,sim
2-43-219,44,2,0.0,0,sim
2-43-220,44,2,1.0,0,sim
2-43-221,44,2,0.0,0,sim
2-43-222,44,2,0.0,0,sim
2-43-223,44,2,0.0,0,sim
2-43-224,44,2,0.0,0,sim
2-43-225,44,2,0.0,0,sim
2-43-226,44,2,1.0,0,sim
2-43-227,44,2,1.0,0,sim
2-43-228,44,2,0.0,0,sim
2-43-229,44,2,0.0,0,sim
2-43-230,44,2,1.0,0,sim
2-43-231,44,2,0.0,0,sim
2-43-232,44,2,0.0,0,sim
2-43-233,44,2,0.0,0,sim
2-43-234,44,2,1.0,0,sim
2-43-235,44,2,1.0,0,sim
2-43-236,44,2,0.0,0,sim
2-43-237,44,2,0.0,0,sim
2-43-238,44,2,0.0,0,sim
2-43-239,44,2,1.0,0,sim
2-44-0,45,2,0.0,0,sim
2-44-1,45,2,1.0,0,sim
2-44-2,45,2,0.0,0,sim
2-44-3,45,2,1.0,0,sim
2-44-4,45,2,0.0,0,sim
2-44-5,45,2,1.0,0,sim
2-44-6,45,2,0.0,0,sim
2-44-7,45,2,1.0,0,sim
2-44-8,45,2,0.0,0,sim
2-44-9,45,2,1.0,0,sim
2-44-10,45,2,1.0,0,sim
2-44-11,45,2,0.0,0,sim
2-44-12,45,2,0.0,0,sim
2-44-13,45,2,1.0,0,sim
2-44-14,45,2,0.0,0,sim
2-44-15,45,2,1.0,0,sim
2-44-16,45,2,1.0,0,sim
2-44-17,45,2,,0,sim
2-44-18,45,2,1.0,0,sim
2-44-19,45,2,1.0,0,sim
2-44-20,45,2,0.0,0,sim
2-44-21,45,2,1.0,0,sim
2-44-22,45,2,0.0,0,sim
2-44-23,45,2,0.0,0,sim
2-44-24,45,2,0.0,0,sim
2-44-25,45,2,0.0,0,sim
2-44-26,45,2,1.0,0,sim
2-44-27,45,2,1.0,0,sim
2-44-28,45,2,0.0,0,sim
2-44-29,45,2,0.0,0,sim
2-44-30,45,2,0.0,0,sim
2-44-31,45,2,0.0,0,sim
2-44-32,45,2,0.0,0,sim
2-44-33,45,2,0.0,0,sim
2-44-34,45,2,1.0,0,sim
2-44-35,45,2,0.0,0,sim
2-44-36,45,2,0.0,0,sim
2-44-37,45,2,0.0,0,sim
2-44-38,45,2,0.0,0,sim
2-44-39,45,2,1.0,0,sim
2-44-40,45,2,1.0,0,sim
2-44-41,45,2,1.0,0,sim
2-44-42,45,2,1.0,0,sim
2-44-43,45,2,1.0,0,sim
2-44-44,45,2,1.0,0,sim
2-44-45,45,2,0.0,0,sim
2-44-46,45,2,1.0,0,sim
2-44-47,45,2,1.0,0,sim
2-44-48,45,2,0.0,0,sim
2-44-49,45,2,0.0,0,sim
2-44-50,45,2,1.0,0,sim
2-44-51,45,2,0.0,0,sim
2-44-52,45,2,0.0,0,sim
2-44-53,45,2,0.0,0,sim
2-44-54,45,2,0.0,0,sim
2-44-55,45,2,0.0,0,sim
2-44-56,45,2,0.0,0,sim
2-44-57,45,2,,0,sim
2-44-58,45,2,1.0,0,sim
2-44-59,45,2,0.0,0,sim
2-44-60,45,2,0.0,0,sim
2-44-61,45,2,0.0,0,sim
2-44-62,45,2,0.0,0,sim
2-44-63,45,2,0.0,0,sim
2-44-64,45,2,0.0,0,sim
2-44-65,45,2,1.0,0,sim
2-44-66,45,2,0.0,0,sim
2-44-67,45,2,0.0,0,sim
2-44-68,45,2,1.0,0,sim
2-44-69,45,2,0.0,0,sim
2-44-70,45,2,0.0,0,sim
2-44-71,45,2,0.0,0,sim
2-44-72,45,2,0.0,0,sim
2-44-73,45,2,0.0,0,sim
2-44-74,45,2,0.0,0,sim
2-44-75,45,2,1.0,0,sim
2-44-76,45,2,1.0,0,sim
2-44-77,45,2,0.0,0,sim
2-44-78,45,2,1.0,0,sim
2-44-79,45,2,1.0,0,sim
2-44-80,45,2,0.0,0,sim
2-44-81,45,2,1.0,0,sim
2-44-82,45,2,1.0,1,sim
2-44-83,45,2,1.0,0,sim
2-44-84,45,2,0.0,0,sim
2-44-85,45,2,0.0,0,sim
2-44-86,45,2,1.0,0,sim
2-44-87,45,2,0.0,0,sim
2-44-88,45,2,0.0,0,sim
2-44-89,45,2,0.0,0,sim
2-44-90,45,2,0.0,0,sim
2-44-91,45,2,1.0,0,sim
2-44-92,45,2,1.0,0,sim
2-44-93,45,2,1.0,0,sim
2-44-94,45,2,1.0,0,sim
2-44-95,45,2,0.0,0,sim
2-44-96,45,2,1.0,0,sim
2-44-97,45,2,0.0,0,sim
2-44-98,45,2,0.0,0,sim
2-44-99,45,2,1.0,0,sim
2-44-100,45,2,0.0,0,sim
2-44-101,45,2,1.0,0,sim
2-44-102,45,2,1.0,0,sim
2-44-103,45,2,1.0,0,sim
2-44-104,45,2,0.0,0,sim
2-44-105,45,2,0.0,0,sim
2-44-106,45,2,1.0,0,sim
2-44-107,45,2,0.0,0,sim
2-44-108,45,2,1.0,0,sim
2-44-109,45,2,0.0,0,sim
2-44-110,45,2,1.0,0,sim
2-44-111,45,2,1.0,0,sim
2-44-112,45,2,0.0,0,sim
2-44-113,45,2,0.0,0,sim
2-44-114,45,2,1.0,0,sim
2-44-115,45,2,1.0,0,sim
2-44-116,45,2,0.0,0,sim
2-44-117,45,2,0.0,0,sim
2-44-118,45,2,0.0,0,sim
2-44-119,45,2,0.0,0,sim
2-44-120,45,2,0.0,0,sim
2-44-121,45,2,0.0,0,sim
2-44-122,45,2,0.0,0,sim
2-44-123,45,2,1.0,0,sim
2-44-124,45,2,0.0,0,sim
2-44-125,45,2,0.0,0,sim
2-44-126,45,2,1.0,0,sim
2-44-127,45,2,1.0,0,sim
2-44-128,45,2,1.0,0,sim
2-44-129,45,2,1.0,0,sim
2-44-130,45,2,0.0,0,sim
2-44-131,45,2,1.0,0,sim
2-44-132,45,2,0.0,0,sim
2-44-133,45,2,0.0,0,sim
2-44-134,45,2,1.0,0,sim
2-44-135,45,2,0.0,0,sim
2-44-136,45,2,1.0,0,sim
2-44-137,45,2,1.0,0,sim
2-44-138,45,2,0.0,0,sim
2-44-139,45,2,,0,sim
2-44-140,45,2,0.0,0,sim
2-44-141,45,2,0.0,0,sim
2-44-142,45,2,1.0,0,sim
2-44-143,45,2,1.0,0,sim
2-44-144,45,2,1.0,0,sim
2-44-145,45,2,0.0,0,sim
2-44-146,45,2,1.0,0,sim
2-44-147,45,2,1.0,0,sim
2-44-148,45,2,1.0,0,sim
2-44-149,45,2,1.0,0,sim
2-44-150,45,2,0.0,0,sim
2-44-151,45,2,1.0,0,sim
2-44-152,45,2,1.0,0,sim
2-44-153,45,2,0.0,0,sim
2-44-154,45,2,1.0,0,sim
2-44-155,45,2,1.0,0,sim
2-44-156,45,2,0.0,0,sim
2-44-157,45,2,1.0,0,sim
2-44-158,45,2,0.0,0,sim
2-44-159,45,2,0.0,0,sim
2-44-160,45,2,1.0,0,sim
2-44-161,45,2,0.0,0,sim
2-44-162,45,2,0.0,0,sim
2-44-163,45,2,0.0,0,sim
2-44-164,45,2,1.0,0,sim
2-44-165,45,2,1.0,0,sim
2-44-166,45,2,0.0,0,sim
2-44-167,45,2,1.0,0,sim
2-44-168,45,2,0.0,0,sim
2-44-169,45,2,1.0,0,sim
2-44-170,45,2,1.0,0,sim
2-44-171,45,2,0.0,0,sim
2-44-172,45,2,0.0,0,sim
2-44-173,45,2,0.0,0,sim
2-44-174,45,2,0.0,0,sim
2-44-175,45,2,0.0,0,sim
2-44-176,45,2,0.0,0,sim
2-44-177,45,2,0.0,0,sim
2-44-178,45,2,0.0,0,sim
2-44-179,45,2,0.0,0,sim
2-44-180,45,2,1.0,0,sim
2-44-181,45,2,0.0,0,sim
2-44-182,45,2,1.0,0,sim
2-44-183,45,2,0.0,0,sim
2-44-184,45,2,0.0,0,sim
2-44-185,45,2,1.0,0,sim
2-44-186,45,2,0.0,0,sim
2-44-187,45,2,0.0,0,sim
2-44-188,45,2,0.0,0,sim
2-44-189,45,2,1.0,0,sim
2-44-190,45,2,1.0,0,sim
2-44-191,45,2,0.0,0,sim
2-44-192,45,2,1.0,0,sim
2-44-193,45,2,0.0,0,sim
2-44-194,45,2,1.0,0,sim
2-44-195,45,2,1.0,0,sim
2-44-196,45,2,0.0,0,sim
2-44-197,45,2,1.0,0,sim
2-44-198,45,2,1.0,1,sim
2-44-199,45,2,1.0,0,sim
2-44-200,45,2,1.0,0,sim
2-44-201,45,2,0.0,0,sim
2-44-202,45,2,1.0,0,sim
2-44-203,45,2,1.0,0,sim
2-44-204,45,2,0.0,0,sim
2-44-205,45,2,1.0,0,sim
2-44-206,45,2,0.0,0,sim
2-44-207,45,2,,0,sim
2-44-208,45,2,0.0,0,sim
2-44-209,45,2,0.0,0,sim
2-44-210,45,2,0.0,0,sim
2-44-211,45,2,0.0,0,sim
2-44-212,45,2,0.0,0,sim
2-44-213,45,2,0.0,0,sim
2-44-214,45,2,1.0,0,sim
2-44-215,45,2,1.0,0,sim
2-44-216,45,2,1.0,0,sim
2-44-217,45,2,0.0,0,sim
2-44-218,45,2,0.0,0,sim
2-44-219,45,2,0.0,0,sim
2-44-220,45,2,0.0,0,sim
2-44-221,45,2,0.0,0,sim
2-44-222,45,2,,0,sim
2-44-223,45,2,0.0,0,sim
2-44-224,45,2,1.0,1,sim
2-44-225,45,2,0.0,0,sim
2-44-226,45,2,0.0,0,sim
2-44-227,45,2,0.0,0,sim
2-44-228,45,2,0.0,0,sim
2-44-229,45,2,1.0,1,sim
2-44-230,45,2,0.0,0,sim
2-44-231,45,2,0.0,0,sim
2-44-232,45,2,0.0,0,sim
2-44-233,45,2,0.0,0,sim
2-44-234,45,2,0.0,0,sim
2-44-235,45,2,0.0,0,sim
2-44-236,45,2,0.0,0,sim
2-44-237,45,2,0.0,0,sim
2-44-238,45,2,1.0,0,sim
2-44-239,45,2,0.0,0,sim
2-45-0,46,2,1.0,1,sim
2-45-1,46,2,1.0,0,sim
2-45-2,46,2,0.0,1,sim
2-45-3,46,2,1.0,0,sim
2-45-4,46,2,1.0,0,sim
2-45-5,46,2,0.0,0,sim
2-45-6,46,2,0.0,0,sim
2-45-7,46,2,0.0,0,sim
2-45-8,46,2,1.0,0,sim
2-45-9,46,2,1.0,0,sim
2-45-10,46,2,0.0,0,sim
2-45-11,46,2,1.0,0,sim
2-45-12,46,2,0.0,0,sim
2-45-13,46,2,0.0,0,sim
2-45-14,46,2,1.0,0,sim
2-45-15,46,2,1.0,0,sim
2-45-16,46,2,0.0,0,sim
2-45-17,46,2,0.0,0,sim
2-45-18,46,2,0.0,0,sim
2-45-19,46,2,0.0,0,sim
2-45-20,46,2,0.0,0,sim
2-45-21,46,2,1.0,0,sim
2-45-22,46,2,0.0,0,sim
2-45-23,46,2,0.0,0,sim
2-45-24,46,2,0.0,0,sim
2-45-25,46,2,0.0,0,sim
2-45-26,46,2,0.0,0,sim
2-45-27,46,2,0.0,0,sim
2-45-28,46,2,1.0,0,sim
2-45-29,46,2,1.0,0,sim
2-45-30,46,2,0.0,0,sim
2-45-31,46,2,1.0,0,sim
2-45-32,46,2,0.0,0,sim
2-45-33,46,2,1.0,0,sim
2-45-34,46,2,0.0,0,sim
2-45-35,46,2,1.0,0,sim
2-45-36,46,2,0.0,0,sim
2-45-37,46,2,0.0,0,sim
2-45-38,46,2,1.0,0,sim
2-45-39,46,2,0.0,0,sim
2-45-40,46,2,1.0,0,sim
2-45-41,46,2,1.0,0,sim
2-45-42,46,2,1.0,0,sim
2-45-43,46,2,1.0,0,sim
2-45-44,46,2,1.0,0,sim
2-45-45,46,2,1.0,0,sim
2-45-46,46,2,0.0,0,sim
2-45-47,46,2,1.0,0,sim
2-45-48,46,2,0.0,0,sim
2-45-49,46,2,1.0,0,sim
2-45-50,46,2,0.0,0,sim
2-45-51,46,2,0.0,0,sim
2-45-52,46,2,1.0,0,sim
2-45-53,46,2,0.0,0,sim
2-45-54,46,2,0.0,0,sim
2-45-55,46,2,0.0,0,sim
2-45-56,46,2,0.0,0,sim
2-45-57,46,2,1.0,0,sim
2-45-58,46,2,0.0,0,sim
2-45-59,46,2,0.0,0,sim
2-45-60,46,2,1.0,0,sim
2-45-61,46,2,1.0,0,sim
2-45-62,46,2,0.0,0,sim
2-45-63,46,2,0.0,0,sim
2-45-64,46,2,1.0,0,sim
2-45-65,46,2,0.0,0,sim
2-45-66,46,2,1.0,0,sim
2-45-67,46,2,0.0,0,sim
2-45-68,46,2,0.0,0,sim
2-45-69,46,2,1.0,0,sim
2-45-70,46,2,1.0,0,sim
2-45-71,46,2,0.0,0,sim
2-45-72,46,2,0.0,0,sim
2-45-73,46,2,0.0,0,sim
2-45-74,46,2,0.0,0,sim
2-45-75,46,2,,0,sim
2-45-76,46,2,1.0,0,sim
2-45-77,46,2,1.0,0,sim
2-45-78,46,2,0.0,0,sim
2-45-79,46,2,0.0,0,sim
2-45-80,46,2,0.0,0,sim
2-45-81,46,2,0.0,0,sim
2-45-82,46,2,1.0,0,sim
2-45-83,46,2,1.0,0,sim
2-45-84,46,2,1.0,0,sim
2-45-85,46,2,0.0,0,sim
2-45-86,46,2,1.0,0,sim
2-45-87,46,2,0.0,0,sim
2-45-88,46,2,0.0,0,sim
2-45-89,46,2,1.0,0,sim
2-45-90,46,2,0.0,0,sim
2-45-91,46,2,0.0,0,sim
2-45-92,46,2,1.0,0,sim
2-45-93,46,2,1.0,0,sim
2-45-94,46,2,0.0,0,sim
2-45-95,46,2,1.0,0,sim
2-45-96,46,2,1.0,0,sim
2-45-97,46,2,0.0,0,sim
2-45-98,46,2,0.0,0,sim
2-45-99,46,2,1.0,0,sim
2-45-100,46,2,1.0,0,sim
2-45-101,46,2,1.0,0,sim
2-45-102,46,2,1.0,0,sim
2-45-103,46,2,0.0,1,sim
2-45-104,46,2,1.0,1,sim
2-45-105,46,2,0.0,0,sim
2-45-106,46,2,1.0,0,sim
2-45-107,46,2,1.0,0,sim
2-45-108,46,2,1.0,0,sim
2-45-109,46,2,0.0,0,sim
2-45-110,46,2,0.0,0,sim
2-45-111,46,2,1.0,0,sim
2-45-112,46,2,1.0,0,sim
2-45-113,46,2,1.0,0,sim
2-45-114,46,2,1.0,0,sim
2-45-115,46,2,0.0,0,sim
2-45-116,46,2,0.0,0,sim
2-45-117,46,2,1.0,0,sim
2-45-118,46,2,0.0,0,sim
2-45-119,46,2,0.0,0,sim
2-45-120,46,2,0.0,0,sim
2-45-121,46,2,0.0,0,sim
2-45-122,46,2,1.0,0,sim
2-45-123,46,2,1.0,0,sim
2-45-124,46,2,1.0,0,sim
2-45-125,46,2,0.0,0,sim
2-45-126,46,2,1.0,1,sim
2-45-127,46,2,0.0,0,sim
2-45-128,46,2,1.0,0,sim
2-45-129,46,2,1.0,0,sim
2-45-130,46,2,0.0,1,sim
2-45-131,46,2,1.0,0,sim
2-45-132,46,2,0.0,0,sim
2-45-133,46,2,0.0,0,sim
2-45-134,46,2,0.0,0,sim
2-45-135,46,2,0.0,0,sim
2-45-136,46,2,0.0,0,sim
2-45-137,46,2,1.0,0,sim
2-45-138,46,2,0.0,0,sim
2-45-139,46,2,1.0,0,sim
2-45-140,46,2,0.0,0,sim
2-45-141,46,2,1.0,0,sim
2-45-142,46,2,1.0,1,sim
2-45-143,46,2,0.0,0,sim
2-45-144,46,2,0.0,0,sim
2-45-145,46,2,0.0,0,sim
2-45-146,46,2,1.0,0,sim
2-45-147,46,2,0.0,0,sim
2-45-148,46,2,0.0,0,sim
2-45-149,46,2,0.0,0,sim
2-45-150,46,2,1.0,0,sim
2-45-151,46,2,0.0,0,sim
2-45-152,46,2,0.0,0,sim
2-45-153,46,2,0.0,0,sim
2-45-154,46,2,1.0,0,sim
2-45-155,46,2,1.0,0,sim
2-45-156,46,2,0.0,0,sim
2-45-157,46,2,0.0,0,sim
2-45-158,46,2,0.0,0,sim
2-45-159,46,2,0.0,0,sim
2-45-160,46,2,0.0,0,sim
2-45-161,46,2,0.0,0,sim
2-45-162,46,2,0.0,0,sim
2-45-163,46,2,1.0,0,sim
2-45-164,46,2,1.0,0,sim
2-45-165,46,2,0.0,0,sim
2-45-166,46,2,0.0,0,sim
2-45-167,46,2,0.0,0,sim
2-45-168,46,2,1.0,0,sim
2-45-169,46,2,0.0,0,sim
2-45-170,46,2,0.0,0,sim
2-45-171,46,2,0.0,0,sim
2-45-172,46,2,1.0,0,sim
2-45-173,46,2,1.0,0,sim
2-45-174,46,2,0.0,0,sim
2-45-175,46,2,1.0,0,sim
2-45-176,46,2,1.0,0,sim
2-45-177,46,2,0.0,0,sim
2-45-178,46,2,0.0,0,sim
2-45-179,46,2,0.0,0,sim
2-45-180,46,2,1.0,0,sim
2-45-181,46,2,1.0,0,sim
2-45-182,46,2,1.0,0,sim
2-45-183,46,2,0.0,0,sim
2-45-184,46,2,1.0,0,sim
2-45-185,46,2,0.0,0,sim
2-45-186,46,2,0.0,0,sim
2-45-187,46,2,1.0,0,sim
2-45-188,46,2,0.0,0,sim
2-45-189,46,2,1.0,0,sim
2-45-190,46,2,0.0,0,sim
2-45-191,46,2,0.0,0,sim
2-45-192,46,2,0.0,0,sim
2-45-193,46,2,0.0,0,sim
2-45-194,46,2,0.0,0,sim
2-45-195,46,2,0.0,0,sim
2-45-196,46,2,0.0,0,sim
2-45-197,46,2,0.0,0,sim
2-45-198,46,2,0.0,0,sim
2-45-199,46,2,1.0,0,sim
2-45-200,46,2,0.0,0,sim
2-45-201,46,2,1.0,0,sim
2-45-202,46,2,0.0,0,sim
2-45-203,46,2,0.0,0,sim
2-45-204,46,2,0.0,0,sim
2-45-205,46,2,0.0,0,sim
2-45-206,46,2,0.0,0,sim
2-45-207,46,2,1.0,0,sim
2-45-208,46,2,0.0,0,sim
2-45-209,46,2,0.0,0,sim
2-45-210,46,2,1.0,0,sim
2-45-211,46,2,0.0,0,sim
2-45-212,46,2,1.0,0,sim
2-45-213,46,2,1.0,0,sim
2-45-214,46,2,0.0,0,sim
2-45-215,46,2,0.0,0,sim
2-45-216,46,2,0.0,0,sim
2-45-217,46,2,0.0,0,sim
2-45-218,46,2,0.0,0,sim
2-45-219,46,2,1.0,1,sim
2-45-220,46,2,0.0,0,sim
2-45-221,46,2,0.0,0,sim
2-45-222,46,2,0.0,0,sim
2-45-223,46,2,0.0,0,sim
2-45-224,46,2,1.0,0,sim
2-45-225,46,2,0.0,0,sim
2-45-226,46,2,1.0,0,sim
2-45-227,46,2,0.0,0,sim
2-45-228,46,2,1.0,0,sim
2-45-229,46,2,1.0,0,sim
2-45-230,46,2,1.0,0,sim
2-45-231,46,2,0.0,0,sim
2-45-232,46,2,0.0,0,sim
2-45-233,46,2,1.0,0,sim
2-45-234,46,2,0.0,0,sim
2-45-235,46,2,1.0,0,sim
2-45-236,46,2,0.0,0,sim
2-45-237,46,2,0.0,0,sim
2-45-238,46,2,0.0,0,sim
2-45-239,46,2,0.0,0,sim
2-46-0,47,2,0.0,0,sim
2-46-1,47,2,0.0,0,sim
2-46-2,47,2,1.0,0,sim
2-46-3,47,2,1.0,0,sim
2-46-4,47,2,0.0,0,sim
2-46-5,47,2,0.0,0,sim
2-46-6,47,2,1.0,0,sim
2-46-7,47,2,0.0,0,sim
2-46-8,47,2,1.0,0,sim
2-46-9,47,2,0.0,0,sim
2-46-10,47,2,0.0,0,sim
2-46-11,47,2,0.0,0,sim
2-46-12,47,2,1.0,0,sim
2-46-13,47,2,1.0,0,sim
2-46-14,47,2,0.0,0,sim
2-46-15,47,2,1.0,1,sim
2-46-16,47,2,1.0,0,sim
2-46-17,47,2,1.0,0,sim
2-46-18,47,2,1.0,0,sim
2-46-19,47,2,1.0,0,sim
2-46-20,47,2,0.0,0,sim
2-46-21,47,2,1.0,0,sim
2-46-22,47,2,,0,sim
2-46-23,47,2,0.0,0,sim
2-46-24,47,2,0.0,0,sim
2-46-25,47,2,1.0,0,sim
2-46-26,47,2,0.0,0,sim
2-46-27,47,2,1.0,0,sim
2-46-28,47,2,1.0,0,sim
2-46-29,47,2,1.0,0,sim
2-46-30,47,2,0.0,0,sim
2-46-31,47,2,1.0,0,sim
2-46-32,47,2,0.0,0,sim
2-46-33,47,2,0.0,0,sim
2-46-34,47,2,0.0,0,sim
2-46-35,47,2,0.0,0,sim
2-46-36,47,2,0.0,0,sim
2-46-37,47,2,1.0,0,sim
2-46-38,47,2,0.0,0,sim
2-46-39,47,2,0.0,0,sim
2-46-40,47,2,0.0,0,sim
2-46-41,47,2,0.0,0,sim
2-46-42,47,2,0.0,0,sim
2-46-43,47,2,0.0,0,sim
2-46-44,47,2,1.0,0,sim
2-46-45,47,2,1.0,0,sim
2-46-46,47,2,0.0,0,sim
2-46-47,47,2,1.0,1,sim
2-46-48,47,2,0.0,0,sim
2-46-49,47,2,1.0,0,sim
2-46-50,47,2,0.0,0,sim
2-46-51,47,2,0.0,0,sim
2-46-52,47,2,1.0,0,sim
2-46-53,47,2,0.0,0,sim
2-46-54,47,2,1.0,0,sim
2-46-55,47,2,1.0,0,sim
2-46-56,47,2,0.0,0,sim
2-46-57,47,2,1.0,0,sim
2-46-58,47,2,0.0,0,sim
2-46-59,47,2,1.0,0,sim
2-46-60,47,2,1.0,0,sim
2-46-61,47,2,0.0,0,sim
2-46-62,47,2,0.0,0,sim
2-46-63,47,2,0.0,0,sim
2-46-64,47,2,0.0,0,sim
2-46-65,47,2,0.0,0,sim
2-46-66,47,2,0.0,0,sim
2-46-67,47,2,1.0,0,sim
2-46-68,47,2,0.0,0,sim
2-46-69,47,2,1.0,0,sim
2-46-70,47,2,0.0,0,sim
2-46-71,47,2,1.0,0,sim
2-46-72,47,2,1.0,0,sim
2-46-73,47,2,1.0,0,sim
2-46-74,47,2,0.0,0,sim
2-46-75,47,2,0.0,0,sim
2-46-76,47,2,1.0,0,sim
2-46-77,47,2,1.0,0,sim
2-46-78,47,2,0.0,0,sim
2-46-79,47,2,0.0,0,sim
2-46-80,47,2,0.0,0,sim
2-46-81,47,2,1.0,0,sim
2-46-82,47,2,0.0,0,sim
2-46-83,47,2,1.0,0,sim
2-46-84,47,2,0.0,0,sim
2-46-85,47,2,1.0,0,sim
2-46-86,47,2,1.0,0,sim
2-46-87,47,2,0.0,0,sim
2-46-88,47,2,,1,sim
2-46-89,47,2,1.0,0,sim
2-46-90,47,2,0.0,0,sim
2-46-91,47,2,1.0,0,sim
2-46-92,47,2,0.0,0,sim
2-46-93,47,2,0.0,0,sim
2-46-94,47,2,1.0,0,sim
2-46-95,47,2,1.0,0,sim
2-46-96,47,2,1.0,0,sim
2-46-97,47,2,0.0,0,sim
2-46-98,47,2,0.0,0,sim
2-46-99,47,2,1.0,0,sim
2-46-100,47,2,0.0,0,sim
2-46-101,47,2,0.0,0,sim
2-46-102,47,2,1.0,0,sim
2-46-103,47,2,1.0,0,sim
2-46-104,47,2,0.0,0,sim
2-46-105,47,2,1.0,0,sim
2-46-106,47,2,0.0,0,sim
2-46-107,47,2,1.0,0,sim
2-46-108,47,2,1.0,0,sim
2-46-109,47,2,0.0,0,sim
2-46-110,47,2,1.0,0,sim
2-46-111,47,2,0.0,0,sim
2-46-112,47,2,1.0,0,sim
2-46-113,47,2,1.0,0,sim
2-46-114,47,2,1.0,0,sim
2-46-115,47,2,,0,sim
2-46-116,47,2,1.0,0,sim
2-46-117,47,2,0.0,0,sim
2-46-118,47,2,1.0,0,sim
2-46-119,47,2,1.0,0,sim
2-46-120,47,2,0.0,0,sim
2-46-121,47,2,1.0,0,sim
2-46-122,47,2,1.0,0,sim
2-46-123,47,2,1.0,0,sim
2-46-124,47,2,0.0,0,sim
2-46-125,47,2,1.0,0,sim
2-46-126,47,2,0.0,0,sim
2-46-127,47,2,1.0,0,sim
2-46-128,47,2,0.0,0,sim
2-46-129,47,2,1.0,0,sim
2-46-130,47,2,0.0,0,sim
2-46-131,47,2,0.0,0,sim
2-46-132,47,2,1.0,0,sim
2-46-133,47,2,1.0,0,sim
2-46-134,47,2,1.0,0,sim
2-46-135,47,2,1.0,0,sim
2-46-136,47,2,,0,sim
2-46-137,47,2,0.0,0,sim
2-46-138,47,2,0.0,0,sim
2-46-139,47,2,0.0,0,sim
2-46-140,47,2,1.0,0,sim
2-46-141,47,2,1.0,1,sim
2-46-142,47,2,0.0,0,sim
2-46-143,47,2,0.0,0,sim
2-46-144,47,2,1.0,0,sim
2-46-145,47,2,0.0,0,sim
2-46-146,47,2,0.0,0,sim
2-46-147,47,2,0.0,1,sim
2-46-148,47,2,0.0,0,sim
2-46-149,47,2,0.0,0,sim
2-46-150,47,2,0.0,0,sim
2-46-151,47,2,1.0,0,sim
2-46-152,47,2,0.0,0,sim
2-46-153,47,2,1.0,0,sim
2-46-154,47,2,0.0,0,sim
2-46-155,47,2,0.0,0,sim
2-46-156,47,2,1.0,0,sim
2-46-157,47,2,0.0,0,sim
2-46-158,47,2,0.0,0,sim
2-46-159,47,2,0.0,1,sim
2-46-160,47,2,0.0,0,sim
2-46-161,47,2,0.0,0,sim
2-46-162,47,2,0.0,0,sim
2-46-163,47,2,1.0,0,sim
2-46-164,47,2,1.0,0,sim
2-46-165,47,2,0.0,0,sim
2-46-166,47,2,1.0,0,sim
2-46-167,47,2,1.0,0,sim
2-46-168,47,2,0.0,0,sim
2-46-169,47,2,0.0,0,sim
2-46-170,47,2,0.0,0,sim
2-46-171,47,2,0.0,0,sim
2-46-172,47,2,1.0,0,sim
2-46-173,47,2,0.0,0,sim
2-46-174,47,2,0.0,0,sim
2-46-175,47,2,0.0,0,sim
2-46-176,47,2,1.0,0,sim
2-46-177,47,2,0.0,0,sim
2-46-178,47,2,,0,sim
2-46-179,47,2,1.0,0,sim
2-46-180,47,2,1.0,0,sim
2-46-181,47,2,0.0,0,sim
2-46-182,47,2,0.0,0,sim
2-46-183,47,2,0.0,0,sim
2-46-184,47,2,0.0,0,sim
2-46-185,47,2,1.0,0,sim
2-46-186,47,2,1.0,0,sim
2-46-187,47,2,0.0,0,sim
2-46-188,47,2,0.0,0,sim
2-46-189,47,2,1.0,0,sim
2-46-190,47,2,1.0,0,sim
2-46-191,47,2,0.0,0,sim
2-46-192,47,2,0.0,0,sim
2-46-193,47,2,0.0,0,sim
2-46-194,47,2,0.0,0,sim
2-46-195,47,2,1.0,0,sim
2-46-196,47,2,0.0,0,sim
2-46-197,47,2,0.0,0,sim
2-46-198,47,2,0.0,0,sim
2-46-199,47,2,1.0,1,sim
2-46-200,47,2,1.0,0,sim
2-46-201,47,2,0.0,0,sim
2-46-202,47,2,1.0,0,sim
2-46-203,47,2,0.0,0,sim
2-46-204,47,2,0.0,0,sim
2-46-205,47,2,1.0,0,sim
2-46-206,47,2,0.0,0,sim
2-46-207,47,2,1.0,0,sim
2-46-208,47,2,1.0,0,sim
2-46-209,47,2,0.0,0,sim
2-46-210,47,2,0.0,0,sim
2-46-211,47,2,1.0,0,sim
2-46-212,47,2,1.0,0,sim
2-46-213,47,2,1.0,0,sim
2-46-214,47,2,0.0,0,sim
2-46-215,47,2,0.0,0,sim
2-46-216,47,2,1.0,0,sim
2-46-217,47,2,0.0,0,sim
2-46-218,47,2,1.0,0,sim
2-46-219,47,2,0.0,0,sim
2-46-220,47,2,1.0,0,sim
2-46-221,47,2,1.0,0,sim
2-46-222,47,2,0.0,0,sim
2-46-223,47,2,0.0,0,sim
2-46-224,47,2,1.0,0,sim
2-46-225,47,2,0.0,0,sim
2-46-226,47,2,1.0,0,sim
2-46-227,47,2,1.0,0,sim
2-46-228,47,2,0.0,0,sim
2-46-229,47,2,0.0,0,sim
2-46-230,47,2,1.0,0,sim
2-46-231,47,2,0.0,0,sim
2-46-232,47,2,0.0,0,sim
2-46-233,47,2,0.0,0,sim
2-46-234,47,2,0.0,0,sim
2-46-235,47,2,1.0,0,sim
2-46-236,47,2,0.0,0,sim
2-46-237,47,2,1.0,0,sim
2-46-238,47,2,0.0,0,sim
2-46-239,47,2,0.0,0,sim
2-47-0,48,2,0.0,0,sim
2-47-1,48,2,0.0,0,sim
2-47-2,48,2,0.0,0,sim
2-47-3,48,2,0.0,1,sim
2-47-4,48,2,0.0,0,sim
2-47-5,48,2,0.0,0,sim
2-47-6,48,2,1.0,1,sim
2-47-7,48,2,0.0,0,sim
2-47-8,48,2,0.0,0,sim
2-47-9,48,2,0.0,0,sim
2-47-10,48,2,0.0,0,sim
2-47-11,48,2,1.0,0,sim
2-47-12,48,2,1.0,0,sim
2-47-13,48,2,0.0,0,sim
2-47-14,48,2,0.0,0,sim
2-47-15,48,2,1.0,0,sim
2-47-16,48,2,1.0,0,sim
2-47-17,48,2,0.0,0,sim
2-47-18,48,2,0.0,0,sim
2-47-19,48,2,0.0,0,sim
2-47-20,48,2,0.0,0,sim
2-47-21,48,2,0.0,0,sim
2-47-22,48,2,0.0,0,sim
2-47-23,48,2,0.0,0,sim
2-47-24,48,2,1.0,0,sim
2-47-25,48,2,1.0,0,sim
2-47-26,48,2,0.0,0,sim
2-47-27,48,2,0.0,0,sim
2-47-28,48,2,1.0,0,sim
2-47-29,48,2,0.0,0,sim
2-47-30,48,2,0.0,0,sim
2-47-31,48,2,1.0,0,sim
2-47-32,48,2,1.0,0,sim
2-47-33,48,2,0.0,0,sim
2-47-34,48,2,0.0,0,sim
2-47-35,48,2,1.0,0,sim
2-47-36,48,2,0.0,0,sim
2-47-37,48,2,1.0,0,sim
2-47-38,48,2,0.0,0,sim
2-47-39,48,2,0.0,0,sim
2-47-40,48,2,0.0,0,sim
2-47-41,48,2,0.0,0,sim
2-47-42,48,2,1.0,0,sim
2-47-43,48,2,1.0,0,sim
2-47-44,48,2,1.0,0,sim
2-47-45,48,2,1.0,0,sim
2-47-46,48,2,0.0,0,sim
2-47-47,48,2,0.0,0,sim
2-47-48,48,2,0.0,0,sim
2-47-49,48,2,0.0,0,sim
2-47-50,48,2,0.0,0,sim
2-47-51,48,2,1.0,0,sim
2-47-52,48,2,0.0,0,sim
2-47-53,48,2,1.0,0,sim
2-47-54,48,2,0.0,0,sim
2-47-55,48,2,0.0,0,sim
2-47-56,48,2,0.0,0,sim
2-47-57,48,2,0.0,0,sim
2-47-58,48,2,0.0,0,sim
2-47-59,48,2,0.0,0,sim
2-47-60,48,2,1.0,0,sim
2-47-61,48,2,0.0,0,sim
2-47-62,48,2,0.0,0,sim
2-47-63,48,2,0.0,0,sim
2-47-64,48,2,0.0,0,sim
2-47-65,48,2,1.0,0,sim
2-47-66,48,2,1.0,0,sim
2-47-67,48,2,1.0,0,sim
2-47-68,48,2,0.0,0,sim
2-47-69,48,2,1.0,0,sim
2-47-70,48,2,1.0,0,sim
2-47-71,48,2,1.0,0,sim
2-47-72,48,2,1.0,0,sim
2-47-73,48,2,0.0,0,sim
2-47-74,48,2,0.0,0,sim
2-47-75,48,2,0.0,0,sim
2-47-76,48,2,1.0,0,sim
2-47-77,48,2,0.0,0,sim
2-47-78,48,2,0.0,0,sim
2-47-79,48,2,1.0,0,sim
2-47-80,48,2,1.0,0,sim
2-47-81,48,2,0.0,0,sim
2-47-82,48,2,0.0,0,sim
2-47-83,48,2,0.0,0,sim
2-47-84,48,2,0.0,0,sim
2-47-85,48,2,0.0,0,sim
2-47-86,48,2,0.0,0,sim
2-47-87,48,2,0.0,0,sim
2-47-88,48,2,1.0,0,sim
2-47-89,48,2,1.0,0,sim
2-47-90,48,2,0.0,0,sim
2-47-91,48,2,1.0,0,sim
2-47-92,48,2,1.0,0,sim
2-47-93,48,2,1.0,0,sim
2-47-94,48,2,1.0,0,sim
2-47-95,48,2,0.0,0,sim
2-47-96,48,2,1.0,0,sim
2-47-97,48,2,0.0,0,sim
2-47-98,48,2,0.0,0,sim
2-47-99,48,2,0.0,0,sim
2-47-100,48,2,0.0,0,sim
2-47-101,48,2,0.0,0,sim
2-47-102,48,2,1.0,0,sim
2-47-103,48,2,1.0,0,sim
2-47-104,48,2,0.0,0,sim
2-47-105,48,2,0.0,0,sim
2-47-106,48,2,,0,sim
2-47-107,48,2,,0,sim
2-47-108,48,2,0.0,0,sim
2-47-109,48,2,1.0,0,sim
2-47-110,48,2,0.0,0,sim
2-47-111,48,2,1.0,0,sim
2-47-112,48,2,1.0,0,sim
2-47-113,48,2,1.0,0,sim
2-47-114,48,2,0.0,0,sim
2-47-115,48,2,0.0,0,sim
2-47-116,48,2,1.0,0,sim
2-47-117,48,2,1.0,0,sim
2-47-118,48,2,1.0,0,sim
2-47-119,48,2,0.0,0,sim
2-47-120,48,2,1.0,0,sim
2-47-121,48,2,1.0,0,sim
2-47-122,48,2,0.0,0,sim
2-47-123,48,2,0.0,0,sim
2-47-124,48,2,,0,sim
2-47-125,48,2,1.0,0,sim
2-47-126,48,2,0.0,0,sim
2-47-127,48,2,0.0,0,sim
2-47-128,48,2,1.0,0,sim
2-47-129,48,2,1.0,0,sim
2-47-130,48,2,0.0,0,sim
2-47-131,48,2,1.0,0,sim
2-47-132,48,2,0.0,0,sim
2-47-133,48,2,0.0,0,sim
2-47-134,48,2,0.0,0,sim
2-47-135,48,2,1.0,0,sim
2-47-136,48,2,0.0,0,sim
2-47-137,48,2,1.0,0,sim
2-47-138,48,2,1.0,0,sim
2-47-139,48,2,1.0,0,sim
2-47-140,48,2,,0,sim
2-47-141,48,2,1.0,0,sim
2-47-142,48,2,0.0,0,sim
2-47-143,48,2,1.0,0,sim
2-47-144,48,2,1.0,0,sim
2-47-145,48,2,1.0,0,sim
2-47-146,48,2,1.0,0,sim
2-47-147,48,2,0.0,0,sim
2-47-148,48,2,1.0,0,sim
2-47-149,48,2,0.0,0,sim
2-47-150,48,2,1.0,0,sim
2-47-151,48,2,1.0,0,sim
2-47-152,48,2,1.0,0,sim
2-47-153,48,2,0.0,0,sim
2-47-154,48,2,1.0,0,sim
2-47-155,48,2,1.0,0,sim
2-47-156,48,2,1.0,0,sim
2-47-157,48,2,1.0,0,sim
2-47-158,48,2,1.0,0,sim
2-47-159,48,2,0.0,0,sim
2-47-160,48,2,1.0,0,sim
2-47-161,48,2,1.0,0,sim
2-47-162,48,2,1.0,0,sim
2-47-163,48,2,0.0,0,sim
2-47-164,48,2,1.0,0,sim
2-47-165,48,2,0.0,0,sim
2-47-166,48,2,0.0,0,sim
2-47-167,48,2,1.0,0,sim
2-47-168,48,2,0.0,0,sim
2-47-169,48,2,,0,sim
2-47-170,48,2,0.0,0,sim
2-47-171,48,2,0.0,0,sim
2-47-172,48,2,1.0,0,sim
2-47-173,48,2,0.0,0,sim
2-47-174,48,2,1.0,0,sim
2-47-175,48,2,0.0,0,sim
2-47-176,48,2,1.0,0,sim
2-47-177,48,2,0.0,0,sim
2-47-178,48,2,1.0,0,sim
2-47-179,48,2,0.0,0,sim
2-47-180,48,2,0.0,0,sim
2-47-181,48,2,0.0,0,sim
2-47-182,48,2,1.0,0,sim
2-47-183,48,2,1.0,0,sim
2-47-184,48,2,0.0,0,sim
2-47-185,48,2,1.0,0,sim
2-47-186,48,2,1.0,0,sim
2-47-187,48,2,0.0,0,sim
2-47-188,48,2,0.0,0,sim
2-47-189,48,2,,0,sim
2-47-190,48,2,1.0,0,sim
2-47-191,48,2,1.0,0,sim
2-47-192,48,2,,0,sim
2-47-193,48,2,0.0,0,sim
2-47-194,48,2,1.0,0,sim
2-47-195,48,2,0.0,0,sim
2-47-196,48,2,0.0,0,sim
2-47-197,48,2,1.0,1,sim
2-47-198,48,2,0.0,0,sim
2-47-199,48,2,0.0,0,sim
2-47-200,48,2,0.0,0,sim
2-47-201,48,2,1.0,0,sim
2-47-202,48,2,0.0,0,sim
2-47-203,48,2,1.0,0,sim
2-47-204,48,2,0.0,0,sim
2-47-205,48,2,0.0,0,sim
2-47-206,48,2,1.0,0,sim
2-47-207,48,2,1.0,0,sim
2-47-208,48,2,1.0,0,sim
2-47-209,48,2,1.0,0,sim
2-47-210,48,2,1.0,0,sim
2-47-211,48,2,0.0,0,sim
2-47-212,48,2,1.0,0,sim
2-47-213,48,2,1.0,0,sim
2-47-214,48,2,1.0,0,sim
2-47-215,48,2,1.0,0,sim
2-47-216,48,2,1.0,0,sim
2-47-217,48,2,1.0,0,sim
2-47-218,48,2,0.0,0,sim
2-47-219,48,2,0.0,0,sim
2-47-220,48,2,0.0,0,sim
2-47-221,48,2,0.0,1,sim
2-47-222,48,2,0.0,0,sim
2-47-223,48,2,0.0,0,sim
2-47-224,48,2,1.0,0,sim
2-47-225,48,2,1.0,0,sim
2-47-226,48,2,0.0,0,sim
2-47-227,48,2,0.0,0,sim
2-47-228,48,2,0.0,0,sim
2-47-229,48,2,0.0,0,sim
2-47-230,48,2,0.0,0,sim
2-47-231,48,2,0.0,0,sim
2-47-232,48,2,0.0,0,sim
2-47-233,48,2,0.0,0,sim
2-47-234,48,2,1.0,0,sim
2-47-235,48,2,0.0,0,sim
2-47-236,48,2,1.0,0,sim
2-47-237,48,2,0.0,0,sim
2-47-238,48,2,1.0,0,sim
2-47-239,48,2,0.0,0,sim
1-37-239,38,1,1.0,0,sim
1-4-172,5,1,1.0,0,sim
0-32-173,33,0,1.0,0,sim
1-20-232,21,1,0.0,0,sim
2-4-107,5,2,0.0,0,sim
0-29-146,30,0,1.0,0,sim
2-30-121,31,2,0.0,0,sim
1-9-185,10,1,1.0,0,sim
2-29-75,30,2,1.0,0,sim
2-35-72,36,2,1.0,0,sim
1-32-67,33,1,0.0,0,sim
1-40-50,41,1,,0,sim
2-0-78,1,2,0.0,0,sim
2-17-132,18,2,0.0,0,sim
2-3-95,4,2,0.0,0,sim
2-17-228,18,2,0.0,0,sim
2-36-166,37,2,1.0,0,sim
1-28-81,29,1,0.0,0,sim
0-25-226,26,0,0.0,0,sim
1-44-11,45,1,0.0,0,sim
2-30-176,31,2,0.0,0,sim
0-6-4,7,0,0.0,0,sim
2-31-184,32,2,1.0,0,sim
1-30-105,31,1,1.0,0,sim
2-45-193,46,2,0.0,0,sim
1-3-93,4,1,1.0,0,sim
2-40-233,41,2,0.0,0,sim
2-13-108,14,2,1.0,0,sim
1-3-61,4,1,1.0,0,sim
1-43-222,44,1,1.0,0,sim
2-5-141,6,2,0.0,0,sim
0-10-149,11,0,0.0,0,sim
1-3-101,4,1,,0,sim
0-40-52,41,0,,0,sim
1-44-68,45,1,1.0,0,sim
0-21-81,22,0,0.0,0,sim
2-26-191,27,2,1.0,0,sim
0-24-140,25,0,0.0,0,sim
0-46-65,47,0,1.0,0,sim
0-20-77,21,0,1.0,0,sim
1-39-20,40,1,0.0,0,sim
1-26-157,27,1,0.0,0,sim
0-45-68,46,0,1.0,0,sim
2-45-195,46,2,0.0,0,sim
1-33-111,34,1,1.0,0,sim
1-3-5,4,1,1.0,0,sim
2-37-228,38,2,,0,sim
1-8-97,9,1,1.0,0,sim
0-19-22,20,0,0.0,0,sim
1-23-214,24,1,1.0,0,sim
2-29-238,30,2,1.0,0,sim
0-7-160,8,0,1.0,0,sim
2-28-237,29,2,0.0,0,sim
0-8-56,9,0,0.0,0,sim
0-30-61,31,0,0.0,0,sim
2-36-236,37,2,0.0,0,sim
2-41-20,42,2,1.0,0,sim
0-34-110,35,0,0.0,0,sim
1-17-36,18,1,1.0,0,sim
2-0-31,1,2,1.0,0,sim
2-1-81,2,2,0.0,0,sim
2-1-42,2,2,1.0,0,sim
1-35-226,36,1,,0,sim
1-15-214,16,1,1.0,0,sim
2-30-221,31,2,0.0,0,sim
1-19-157,20,1,1.0,0,sim
0-23-28,24,0,1.0,0,sim
2-0-147,1,2,,0,sim
0-40-157,41,0,1.0,0,sim
2-26-48,27,2,1.0,1,sim
2-1-29,2,2,0.0,0,sim
0-8-120,9,0,0.0,0,sim
1-8-110,9,1,1.0,0,sim
1-39-178,40,1,1.0,0,sim
1-43-112,44,1,1.0,0,sim
0-25-122,26,0,0.0,0,sim
2-6-194,7,2,0.0,0,sim
1-35-71,36,1,1.0,0,sim
2-22-137,23,2,0.0,0,sim
2-7-191,8,2,1.0,0,sim
1-41-123,42,1,0.0,0,sim
0-45-207,46,0,1.0,0,sim
2-2-225,3,2,0.0,0,sim
2-33-75,34,2,0.0,0,sim
2-2-95,3,2,0.0,0,sim
0-0-169,1,0,0.0,0,sim
2-38-5,39,2,0.0,0,sim
0-12-237,13,0,1.0,0,sim
0-15-179,16,0,0.0,0,sim
2-31-84,32,2,0.0,0,sim
2-12-57,13,2,0.0,0,sim
0-25-53,26,0,1.0,0,sim
2-38-101,39,2,1.0,0,sim
2-36-56,37,2,0.0,0,sim
0-34-36,35,0,0.0,0,sim
1-18-185,19,1,1.0,0,sim
2-34-129,35,2,0.0,0,sim
1-26-26,27,1,0.0,0,sim
1-38-17,39,1,0.0,0,sim
1-43-50,44,1,1.0,0,sim
0-27-137,28,0,1.0,0,sim
2-11-60,12,2,0.0,0,sim
0-18-21,19,0,0.0,0,sim
1-2-183,3,1,1.0,0,sim
2-7-141,8,2,1.0,0,sim
0-40-131,41,0,0.0,0,sim
1-23-230,24,1,0.0,0,sim
1-38-225,39,1,0.0,0,sim
1-41-152,42,1,0.0,0,sim
1-33-209,34,1,1.0,0,sim
0-8-29,9,0,1.0,0,sim
2-45-168,46,2,1.0,0,sim
0-40-23,41,0,1.0,0,sim
0-13-219,14,0,0.0,0,sim
2-40-141,41,2,1.0,0,sim
2-13-91,14,2,0.0,0,sim
2-23-187,24,2,1.0,0,sim
0-18-226,19,0,1.0,0,sim
1-13-212,14,1,1.0,0,sim
0-17-198,18,0,0.0,0,sim
2-6-187,7,2,0.0,0,sim
2-10-98,11,2,0.0,0,sim
2-23-131,24,2,0.0,0,sim
0-26-20,27,0,0.0,0,sim
1-42-177,43,1,0.0,0,sim
0-12-120,13,0,1.0,0,sim
1-25-161,26,1,0.0,0,sim
1-6-126,7,1,0.0,0,sim
0-3-184,4,0,1.0,0,sim
1-12-3,13,1,1.0,0,sim
0-10-98,11,0,0.0,0,sim
0-24-228,25,0,0.0,0,sim
0-13-172,14,0,1.0,0,sim
0-3-169,4,0,0.0,0,sim
0-39-231,40,0,,0,sim
2-12-154,13,2,1.0,0,sim
1-32-6,33,1,1.0,0,sim
2-0-150,1,2,0.0,0,sim
0-37-113,38,0,0.0,0,sim
0-33-172,34,0,1.0,0,sim
2-2-4,3,2,0.0,0,sim
2-37-187,38,2,1.0,0,sim
0-45-85,46,0,0.0,0,sim
0-24-121,25,0,0.0,0,sim
2-40-61,41,2,0.0,0,sim
0-1-54,2,0,0.0,0,sim
2-19-174,20,2,1.0,0,sim
2-37-79,38,2,1.0,0,sim
2-45-219,46,2,1.0,1,sim
1-12-18,13,1,0.0,0,sim
2-45-1,46,2,1.0,0,sim
0-5-4,6,0,1.0,0,sim
1-27-179,28,1,1.0,0,sim
0-22-159,23,0,1.0,0,sim
1-6-65,7,1,1.0,0,sim
0-30-32,31,0,1.0,0,sim
1-24-186,25,1,1.0,0,sim
2-42-148,43,2,0.0,0,sim
2-32-221,33,2,0.0,0,sim
2-34-165,35,2,0.0,0,sim
1-25-194,26,1,0.0,0,sim
1-42-43,43,1,0.0,0,sim
0-20-51,21,0,1.0,0,sim
1-15-63,16,1,1.0,0,sim
2-6-138,7,2,1.0,0,sim
2-47-119,48,2,0.0,0,sim
2-17-38,18,2,0.0,0,sim
1-0-126,1,1,0.0,0,sim
2-31-127,32,2,0.0,0,sim
2-8-207,9,2,0.0,0,sim
1-20-8,21,1,1.0,0,sim
2-8-156,9,2,0.0,0,sim
1-19-174,20,1,1.0,0,sim
1-42-227,43,1,0.0,0,sim
0-32-100,33,0,0.0,0,sim
1-9-47,10,1,1.0,1,sim
2-1-149,2,2,1.0,0,sim
1-42-234,43,1,1.0,0,sim
1-6-70,7,1,1.0,0,sim
2-38-110,39,2,0.0,0,sim
1-39-64,40,1,1.0,0,sim
1-3-237,4,1,1.0,0,sim
0-34-13,35,0,,0,sim
2-21-213,22,2,0.0,0,sim
0-26-222,27,0,0.0,0,sim
1-35-190,36,1,0.0,0,sim
0-22-234,23,0,0.0,0,sim
2-17-206,18,2,0.0,0,sim
2-22-116,23,2,0.0,0,sim
0-40-29,41,0,1.0,0,sim
0-14-134,15,0,0.0,1,sim
0-11-20,12,0,1.0,0,sim
0-18-173,19,0,0.0,0,sim
0-1-20,2,0,0.0,0,sim
2-17-164,18,2,0.0,0,sim
2-43-131,44,2,0.0,0,sim
0-11-236,12,0,0.0,0,sim
0-12-88,13,0,1.0,0,sim
1-4-189,5,1,1.0,0,sim
0-42-165,43,0,1.0,0,sim
1-26-54,27,1,1.0,0,sim
2-1-78,2,2,0.0,0,sim
2-18-24,19,2,1.0,0,sim
1-45-26,46,1,1.0,0,sim
1-9-168,10,1,1.0,0,sim
2-39-221,40,2,1.0,0,sim
0-37-58,38,0,0.0,0,sim
1-30-85,31,1,1.0,0,sim
0-41-80,42,0,1.0,0,sim
0-20-54,21,0,1.0,0,sim
1-26-66,27,1,0.0,0,sim
1-30-204,31,1,0.0,0,sim
1-21-134,22,1,1.0,0,sim
1-24-168,25,1,1.0,0,sim
1-3-82,4,1,1.0,0,sim
1-38-57,39,1,1.0,0,sim
0-25-48,26,0,1.0,0,sim
0-1-216,2,0,1.0,0,sim
0-15-42,16,0,1.0,0,sim
1-30-142,31,1,1.0,0,sim
0-27-141,28,0,0.0,0,sim
1-17-43,18,1,1.0,0,sim
2-43-128,44,2,0.0,0,sim
0-44-235,45,0,1.0,0,sim
2-3-125,4,2,0.0,0,sim
1-42-187,43,1,1.0,0,sim
2-23-63,24,2,0.0,0,sim
0-43-82,44,0,1.0,0,sim
1-41-103,42,1,1.0,0,sim
2-6-34,7,2,0.0,0,sim
1-46-127,47,1,1.0,0,sim
2-23-65,24,2,1.0,0,sim
2-23-160,24,2,0.0,0,sim
1-26-189,27,1,0.0,0,sim
1-19-101,20,1,0.0,0,sim
0-39-10,40,0,1.0,0,sim
0-37-159,38,0,0.0,0,sim
2-22-34,23,2,1.0,0,sim
1-5-235,6,1,,0,sim
1-5-93,6,1,1.0,0,sim
1-40-89,41,1,0.0,0,sim
2-7-42,8,2,0.0,0,sim
0-32-53,33,0,0.0,0,sim
1-35-122,36,1,1.0,0,sim
1-3-218,4,1,1.0,0,sim
2-13-114,14,2,0.0,0,sim
2-39-22,40,2,0.0,0,sim
1-2-14,3,1,1.0,0,sim
2-46-132,47,2,1.0,0,sim
0-1-67,2,0,0.0,0,sim
2-18-50,19,2,1.0,0,sim
0-30-233,31,0,1.0,0,sim
0-40-139,41,0,1.0,0,sim
0-31-132,32,0,1.0,0,sim
2-38-150,39,2,1.0,0,sim
0-14-65,15,0,0.0,0,sim
2-32-10,33,2,0.0,0,sim
0-21-59,22,0,0.0,0,sim
0-37-34,38,0,0.0,0,sim
1-9-190,10,1,0.0,0,sim
0-24-23,25,0,0.0,0,sim
1-27-213,28,1,0.0,0,sim
2-37-226,38,2,1.0,0,sim
1-33-1,34,1,0.0,0,sim
2-2-116,3,2,0.0,0,sim
0-23-17,24,0,0.0,0,sim
2-36-38,37,2,1.0,0,sim
1-0-48,1,1,0.0,0,sim
2-2-202,3,2,0.0,0,sim
0-40-17,41,0,1.0,0,sim
2-31-152,32,2,0.0,0,sim
1-45-114,46,1,1.0,0,sim
0-16-101,17,0,1.0,0,sim
1-23-111,24,1,1.0,0,sim
2-12-75,13,2,0.0,0,sim
2-31-33,32,2,1.0,0,sim
1-40-147,41,1,1.0,0,sim
1-6-51,7,1,1.0,1,sim
1-5-76,6,1,0.0,0,sim
0-21-178,22,0,0.0,0,sim
2-6-154,7,2,0.0,0,sim
1-11-8,12,1,1.0,0,sim
1-10-116,11,1,0.0,0,sim
2-16-65,17,2,,0,sim
2-0-129,1,2,0.0,0,sim
1-7-108,8,1,0.0,0,sim
2-32-137,33,2,0.0,0,sim
0-33-111,34,0,0.0,0,sim
2-33-82,34,2,0.0,0,sim
1-36-204,37,1,1.0,0,sim
1-37-14,38,1,1.0,1,sim
2-12-17,13,2,1.0,0,sim
2-11-183,12,2,1.0,0,sim
2-38-173,39,2,1.0,0,sim
0-27-191,28,0,0.0,0,sim
1-18-66,19,1,1.0,0,sim
0-5-141,6,0,1.0,0,sim
2-43-172,44,2,1.0,0,sim
0-40-12,41,0,0.0,1,sim
2-43-45,44,2,,0,sim
0-9-164,10,0,1.0,0,sim
2-46-121,47,2,1.0,0,sim
1-36-227,37,1,0.0,0,sim
1-40-48,41,1,1.0,0,sim
2-45-134,46,2,0.0,0,sim
2-12-173,13,2,0.0,0,sim
1-41-64,42,1,1.0,0,sim
1-18-59,19,1,0.0,1,sim
2-6-18,7,2,0.0,0,sim
1-33-169,34,1,0.0,0,sim
2-4-51,5,2,0.0,0,sim
1-11-72,12,1,1.0,0,sim
0-0-233,1,0,0.0,0,sim
2-12-3,13,2,1.0,0,sim
2-19-32,20,2,0.0,0,sim
0-20-176,21,0,1.0,0,sim
1-44-181,45,1,1.0,0,sim
0-33-193,34,0,1.0,0,sim
2-3-84,4,2,0.0,0,sim
1-15-5,16,1,1.0,0,sim
2-38-157,39,2,0.0,0,sim
1-8-234,9,1,0.0,0,sim
0-43-88,44,0,0.0,0,sim
2-30-130,31,2,0.0,0,sim
0-3-107,4,0,0.0,0,sim
2-1-203,2,2,0.0,0,sim
1-1-2,2,1,1.0,0,sim
0-16-64,17,0,0.0,0,sim
2-24-51,25,2,0.0,0,sim
1-3-130,4,1,0.0,0,sim
1-11-20,12,1,1.0,0,sim
1-13-55,14,1,1.0,0,sim
1-4-9,5,1,0.0,1,sim
1-8-150,9,1,0.0,0,sim
1-37-97,38,1,1.0,0,sim
1-34-184,35,1,0.0,0,sim
1-4-157,5,1,1.0,0,sim
2-29-210,30,2,0.0,0,sim
0-39-206,40,0,0.0,0,sim
0-31-199,32,0,,0,sim
0-43-129,44,0,1.0,0,sim
2-39-137,40,2,,0,sim
0-45-220,46,0,1.0,0,sim
1-9-14,10,1,1.0,0,sim
1-7-41,8,1,0.0,0,sim
0-22-50,23,0,1.0,0,sim
1-39-227,40,1,1.0,0,sim
1-25-146,26,1,1.0,0,sim
1-19-131,20,1,0.0,0,sim
2-20-142,21,2,1.0,0,sim
0-33-210,34,0,1.0,0,sim
0-31-153,32,0,0.0,0,sim
0-34-202,35,0,1.0,0,sim
2-18-97,19,2,1.0,0,sim
0-23-103,24,0,0.0,0,sim
0-19-20,20,0,0.0,0,sim
2-15-159,16,2,0.0,0,sim
2-10-114,11,2,0.0,0,sim
0-29-102,30,0,0.0,0,sim
2-30-122,31,2,1.0,0,sim
1-14-17,15,1,1.0,0,sim
2-40-38,41,2,,0,sim
1-10-196,11,1,1.0,0,sim
2-5-79,6,2,0.0,0,sim
1-13-225,14,1,0.0,0,sim
1-16-159,17,1,1.0,0,sim
1-45-192,46,1,0.0,0,sim
0-43-152,44,0,0.0,0,sim
0-15-108,16,0,0.0,0,sim
2-46-107,47,2,1.0,0,sim
1-8-68,9,1,,0,sim
2-6-44,7,2,0.0,0,sim
2-9-146,10,2,0.0,0,sim
1-41-70,42,1,1.0,0,sim
0-40-162,41,0,0.0,0,sim
2-11-11,12,2,0.0,0,sim
1-43-232,44,1,1.0,0,sim
2-18-218,19,2,0.0,0,sim
1-16-71,17,1,1.0,0,sim
0-23-167,24,0,1.0,0,sim
2-32-185,33,2,0.0,0,sim
1-46-42,47,1,0.0,0,sim
0-10-85,11,0,0.0,0,sim
2-31-179,32,2,0.0,0,sim
1-37-172,38,1,,0,sim
1-17-202,18,1,1.0,0,sim
2-1-182,2,2,1.0,0,sim
2-16-118,17,2,0.0,0,sim
2-28-124,29,2,1.0,0,sim
1-24-230,25,1,1.0,0,sim
1-26-80,27,1,1.0,0,sim
0-12-162,13,0,1.0,0,sim
2-4-223,5,2,1.0,0,sim
0-26-150,27,0,0.0,0,sim
2-44-154,45,2,1.0,0,sim
1-34-101,35,1,1.0,0,sim
1-30-14,31,1,0.0,0,sim
0-23-195,24,0,1.0,0,sim
0-30-118,31,0,1.0,0,sim
0-22-119,23,0,0.0,0,sim
1-17-77,18,1,0.0,0,sim
0-35-105,36,0,0.0,0,sim
1-3-190,4,1,0.0,0,sim
2-2-75,3,2,0.0,0,sim
1-46-174,47,1,1.0,0,sim
0-18-202,19,0,1.0,0,sim
2-43-114,44,2,1.0,0,sim
0-42-101,43,0,0.0,0,sim
0-6-134,7,0,1.0,0,sim
0-28-86,29,0,0.0,0,sim
0-28-149,29,0,0.0,0,sim
0-42-112,43,0,1.0,0,sim
0-35-11,36,0,1.0,0,sim
0-37-146,38,0,1.0,0,sim
2-20-227,21,2,0.0,0,sim
1-32-95,33,1,1.0,0,sim
1-11-193,12,1,1.0,0,sim
2-46-204,47,2,0.0,0,sim
1-42-225,43,1,0.0,0,sim
1-15-115,16,1,1.0,0,sim
2-8-19,9,2,0.0,0,sim
2-29-111,30,2,1.0,0,sim
0-14-63,15,0,1.0,1,sim
1-29-133,30,1,1.0,0,sim
0-16-120,17,0,1.0,0,sim
1-22-80,23,1,1.0,0,sim
1-29-1,30,1,1.0,0,sim
2-12-185,13,2,0.0,0,sim
2-5-28,6,2,0.0,0,sim
1-36-54,37,1,1.0,0,sim
2-38-26,39,2,1.0,0,sim
0-16-89,17,0,0.0,0,sim
0-18-103,19,0,0.0,0,sim
1-13-95,14,1,0.0,0,sim
0-37-211,38,0,1.0,0,sim
0-35-108,36,0,1.0,0,sim
1-26-161,27,1,1.0,0,sim
1-13-45,14,1,0.0,0,sim
2-23-20,24,2,0.0,0,sim
2-33-186,34,2,1.0,0,sim
0-35-139,36,0,0.0,0,sim
0-15-13,16,0,0.0,0,sim
0-6-237,7,0,0.0,0,sim
2-29-168,30,2,0.0,0,sim
2-25-148,26,2,0.0,0,sim
1-13-231,14,1,1.0,1,sim
0-35-59,36,0,1.0,0,sim
0-24-5,25,0,0.0,0,sim
1-26-141,27,1,1.0,0,sim
1-45-203,46,1,0.0,0,sim
2-35-94,36,2,1.0,0,sim
2-11-111,12,2,0.0,0,sim
2-46-88,47,2,,1,sim
2-37-138,38,2,0.0,0,sim
0-4-165,5,0,0.0,0,sim
2-36-178,37,2,0.0,0,sim
0-10-219,11,0,1.0,0,sim
0-3-61,4,0,0.0,0,sim
0-42-21,43,0,1.0,0,sim
0-11-213,12,0,1.0,0,sim
2-17-192,18,2,0.0,0,sim
1-1-80,2,1,0.0,0,sim
1-25-93,26,1,1.0,0,sim
2-3-53,4,2,0.0,0,sim
0-23-99,24,0,1.0,0,sim
2-45-94,46,2,0.0,0,sim
0-12-7,13,0,1.0,0,sim
2-47-1,48,2,0.0,0,sim
0-33-108,34,0,1.0,0,sim
0-2-11,3,0,1.0,0,sim
0-36-111,37,0,0.0,0,sim
1-6-150,7,1,0.0,0,sim
0-40-104,41,0,1.0,0,sim
1-36-59,37,1,1.0,0,sim
0-17-8,18,0,,0,sim
0-7-224,8,0,1.0,0,sim
2-26-2,27,2,1.0,0,sim
1-19-159,20,1,1.0,0,sim
1-30-49,31,1,0.0,0,sim
0-43-175,44,0,0.0,0,sim
2-18-64,19,2,0.0,0,sim
0-30-177,31,0,1.0,0,sim
1-20-163,21,1,1.0,0,sim
2-13-16,14,2,0.0,0,sim
2-47-214,48,2,1.0,0,sim
2-14-54,15,2,0.0,0,sim
1-8-86,9,1,1.0,0,sim
0-0-129,1,0,0.0,0,sim
0-21-119,22,0,1.0,0,sim
2-2-119,3,2,1.0,0,sim
2-33-22,34,2,1.0,0,sim
1-31-51,32,1,1.0,1,sim
0-8-167,9,0,1.0,0,sim
2-17-54,18,2,0.0,0,sim
2-42-46,43,2,0.0,0,sim
1-2-210,3,1,0.0,0,sim
2-10-190,11,2,0.0,0,sim
0-40-195,41,0,1.0,0,sim
0-37-141,38,0,0.0,0,sim
1-36-75,37,1,0.0,0,sim
0-0-194,1,0,0.0,0,sim
2-30-96,31,2,0.0,0,sim
1-40-1,41,1,1.0,0,sim
0-39-164,40,0,1.0,0,sim
0-40-22,41,0,1.0,0,sim
0-30-182,31,0,0.0,0,sim
0-20-74,21,0,1.0,0,sim
1-3-188,4,1,1.0,0,sim
2-1-58,2,2,0.0,0,sim
0-42-200,43,0,1.0,0,sim
2-33-99,34,2,0.0,0,sim
0-46-16,47,0,1.0,0,sim
2-2-211,3,2,0.0,0,sim
2-37-1,38,2,1.0,0,sim
0-47-74,48,0,1.0,0,sim
0-6-17,7,0,1.0,0,sim
0-38-229,39,0,1.0,0,sim
1-41-108,42,1,1.0,0,sim
1-19-124,20,1,0.0,0,sim
1-17-130,18,1,0.0,0,sim
1-27-49,28,1,0.0,1,sim
2-20-112,21,2,1.0,0,sim
1-9-32,10,1,1.0,0,sim
2-47-75,48,2,0.0,0,sim
1-31-127,32,1,0.0,0,sim
0-7-164,8,0,1.0,0,sim
1-37-104,38,1,0.0,0,sim
1-9-212,10,1,0.0,0,sim
2-6-80,7,2,0.0,0,sim
2-43-209,44,2,0.0,0,sim
1-10-115,11,1,1.0,0,sim
2-41-62,42,2,1.0,0,sim
1-15-43,16,1,1.0,0,sim
1-47-82,48,1,,0,sim
1-20-131,21,1,1.0,0,sim
1-32-109,33,1,1.0,0,sim
2-38-31,39,2,,0,sim
2-9-195,10,2,0.0,0,sim
1-27-45,28,1,1.0,0,sim
0-25-166,26,0,,0,sim
2-5-44,6,2,0.0,0,sim
1-25-65,26,1,0.0,0,sim
2-34-32,35,2,1.0,0,sim
2-2-20,3,2,0.0,0,sim
0-21-136,22,0,0.0,0,sim
2-8-90,9,2,0.0,0,sim
2-24-182,25,2,,0,sim
0-22-134,23,0,1.0,0,sim
0-7-172,8,0,1.0,0,sim
2-36-81,37,2,0.0,0,sim
2-41-125,42,2,0.0,0,sim
0-31-51,32,0,1.0,0,sim
0-14-83,15,0,0.0,0,sim
1-40-204,41,1,,0,sim
1-17-48,18,1,0.0,0,sim
1-35-63,36,1,1.0,0,sim
1-24-201,25,1,0.0,0,sim
1-27-193,28,1,1.0,0,sim
0-27-121,28,0,0.0,0,sim
0-30-164,31,0,1.0,0,sim
0-21-108,22,0,1.0,0,sim
1-34-95,35,1,1.0,0,sim
2-30-147,31,2,0.0,0,sim
1-45-124,46,1,1.0,0,sim
0-41-37,42,0,0.0,0,sim
1-9-221,10,1,0.0,0,sim
2-11-129,12,2,0.0,0,sim
2-15-75,16,2,0.0,0,sim
0-5-113,6,0,1.0,0,sim
1-28-237,29,1,1.0,0,sim
1-4-184,5,1,0.0,0,sim
0-43-76,44,0,1.0,0,sim
1-14-150,15,1,0.0,0,sim
1-39-66,40,1,0.0,0,sim
1-28-215,29,1,1.0,0,sim
0-0-40,1,0,0.0,0,sim
1-8-119,9,1,1.0,0,sim
2-25-88,26,2,1.0,0,sim
1-4-44,5,1,0.0,0,sim
2-6-89,7,2,0.0,0,sim
0-43-148,44,0,1.0,0,sim
2-8-149,9,2,0.0,0,sim
1-18-206,19,1,1.0,0,sim
1-40-105,41,1,1.0,0,sim
0-32-191,33,0,1.0,0,sim
0-13-6,14,0,0.0,0,sim
0-20-196,21,0,1.0,0,sim
1-7-234,8,1,1.0,0,sim
0-45-34,46,0,1.0,0,sim
2-31-71,32,2,0.0,0,sim
1-8-126,9,1,0.0,0,sim
0-36-201,37,0,1.0,0,sim
2-35-70,36,2,0.0,0,sim
0-17-57,18,0,1.0,0,sim
0-26-77,27,0,0.0,0,sim
2-33-109,34,2,0.0,0,sim
1-41-85,42,1,1.0,0,sim
2-37-49,38,2,,0,sim
1-12-222,13,1,1.0,0,sim
2-33-169,34,2,0.0,0,sim
0-22-220,23,0,1.0,0,sim
0-4-10,5,0,0.0,0,sim
2-25-60,26,2,1.0,0,sim
2-35-171,36,2,0.0,0,sim
0-33-107,34,0,1.0,0,sim
2-10-36,11,2,0.0,0,sim
0-36-190,37,0,1.0,0,sim
2-40-71,41,2,0.0,1,sim
0-12-196,13,0,0.0,0,sim
2-44-106,45,2,1.0,0,sim
2-30-215,31,2,0.0,0,sim
1-6-132,7,1,1.0,0,sim
0-0-185,1,0,1.0,0,sim
1-2-165,3,1,1.0,0,sim
2-28-29,29,2,1.0,0,sim
0-43-73,44,0,1.0,0,sim
0-12-181,13,0,1.0,0,sim
0-47-239,48,0,1.0,0,sim
0-41-84,42,0,1.0,0,sim
0-41-126,42,0,1.0,0,sim
0-19-90,20,0,1.0,0,sim
1-36-127,37,1,0.0,0,sim
2-29-29,30,2,0.0,0,sim
0-29-123,30,0,1.0,0,sim
0-11-85,12,0,0.0,0,sim
2-6-223,7,2,0.0,0,sim
0-22-195,23,0,1.0,0,sim
0-42-22,43,0,0.0,0,sim
0-6-63,7,0,1.0,0,sim
2-1-196,2,2,0.0,0,sim
2-7-201,8,2,0.0,1,sim
0-46-38,47,0,1.0,0,sim
1-4-180,5,1,0.0,0,sim
2-22-82,23,2,1.0,0,sim
0-6-189,7,0,0.0,0,sim
2-17-227,18,2,1.0,0,sim
2-12-86,13,2,0.0,0,sim
0-40-14,41,0,1.0,0,sim
1-27-141,28,1,1.0,1,sim
2-10-142,11,2,0.0,0,sim
0-6-136,7,0,1.0,0,sim
2-12-161,13,2,,0,sim
2-42-10,43,2,0.0,0,sim
2-37-212,38,2,0.0,0,sim
1-19-66,20,1,1.0,0,sim
0-40-158,41,0,,0,sim
0-18-165,19,0,0.0,0,sim
0-18-50,19,0,0.0,1,sim
2-46-56,47,2,0.0,0,sim
0-39-125,40,0,1.0,0,sim
1-13-96,14,1,1.0,0,sim
1-35-34,36,1,1.0,0,sim
1-14-210,15,1,1.0,0,sim
2-13-58,14,2,1.0,0,sim
2-28-90,29,2,0.0,0,sim
1-42-182,43,1,1.0,0,sim
0-23-184,24,0,0.0,0,sim
2-33-39,34,2,0.0,0,sim
1-19-182,20,1,1.0,0,sim
1-14-212,15,1,0.0,0,sim
1-7-172,8,1,0.0,0,sim
2-5-131,6,2,1.0,0,sim
1-45-105,46,1,1.0,0,sim
0-27-41,28,0,0.0,0,sim
1-40-80,41,1,0.0,0,sim
2-25-58,26,2,1.0,0,sim
0-36-46,37,0,1.0,0,sim
0-25-207,26,0,0.0,0,sim
0-32-97,33,0,0.0,0,sim
2-34-95,35,2,0.0,0,sim
2-8-134,9,2,0.0,0,sim
1-36-13,37,1,1.0,0,sim
1-35-166,36,1,,0,sim
1-12-126,13,1,0.0,0,sim
1-19-2,20,1,1.0,1,sim
2-3-119,4,2,1.0,0,sim
1-0-14,1,1,1.0,0,sim
1-0-55,1,1,1.0,0,sim
2-8-154,9,2,,0,sim
2-42-60,43,2,0.0,0,sim
2-40-22,41,2,0.0,0,sim
0-46-113,47,0,0.0,0,sim
0-0-183,1,0,0.0,0,sim
0-43-201,44,0,0.0,0,sim
0-38-8,39,0,1.0,0,sim
2-3-66,4,2,1.0,0,sim
0-43-184,44,0,1.0,0,sim
0-14-109,15,0,1.0,0,sim
0-20-104,21,0,1.0,0,sim
1-15-142,16,1,1.0,0,sim
1-11-215,12,1,1.0,0,sim
1-6-7,7,1,1.0,0,sim
0-34-156,35,0,1.0,0,sim
2-41-22,42,2,0.0,0,sim
2-16-10,17,2,0.0,0,sim
2-37-126,38,2,0.0,0,sim
2-45-54,46,2,0.0,0,sim
0-3-121,4,0,1.0,0,sim
2-6-88,7,2,0.0,0,sim
2-3-166,4,2,0.0,0,sim
2-13-35,14,2,1.0,0,sim
0-2-19,3,0,0.0,0,sim
1-11-106,12,1,0.0,0,sim
1-47-134,48,1,1.0,0,sim
1-10-214,11,1,1.0,0,sim
2-29-19,30,2,1.0,0,sim
1-0-193,1,1,0.0,0,sim
1-29-97,30,1,1.0,0,sim
2-2-71,3,2,0.0,0,sim
1-27-4,28,1,0.0,0,sim
1-32-138,33,1,1.0,0,sim
1-35-150,36,1,0.0,0,sim
0-3-85,4,0,0.0,0,sim
2-8-164,9,2,0.0,0,sim
0-29-191,30,0,0.0,0,sim
0-43-230,44,0,1.0,0,sim
0-19-170,20,0,1.0,0,sim
2-46-187,47,2,0.0,0,sim
2-0-116,1,2,0.0,0,sim
0-12-201,13,0,0.0,0,sim
0-35-33,36,0,0.0,0,sim
1-14-63,15,1,1.0,0,sim
1-27-217,28,1,1.0,0,sim
0-46-73,47,0,0.0,0,sim
2-10-75,11,2,0.0,0,sim
0-7-181,8,0,1.0,0,sim
1-46-108,47,1,1.0,0,sim
2-19-80,20,2,0.0,0,sim
1-20-61,21,1,1.0,0,sim
2-1-85,2,2,0.0,0,sim
0-5-197,6,0,1.0,0,sim
1-46-92,47,1,0.0,0,sim
1-2-27,3,1,0.0,0,sim
2-0-47,1,2,1.0,0,sim
2-4-104,5,2,0.0,0,sim
1-20-215,21,1,1.0,0,sim
0-37-56,38,0,0.0,0,sim
1-17-190,18,1,1.0,0,sim
0-1-116,2,0,0.0,0,sim
2-21-210,22,2,0.0,0,sim
1-27-182,28,1,1.0,0,sim
1-3-16,4,1,0.0,0,sim
0-19-189,20,0,1.0,0,sim
2-45-97,46,2,0.0,0,sim
2-25-56,26,2,1.0,0,sim
0-26-210,27,0,0.0,0,sim
0-35-129,36,0,1.0,0,sim
1-40-112,41,1,0.0,0,sim
1-8-109,9,1,1.0,0,sim
2-40-200,41,2,1.0,0,sim
1-1-66,2,1,1.0,0,sim
2-43-173,44,2,0.0,0,sim
2-22-183,23,2,0.0,0,sim
1-32-105,33,1,1.0,0,sim
2-8-166,9,2,1.0,0,sim
0-17-108,18,0,1.0,0,sim
1-17-233,18,1,1.0,0,sim
0-7-205,8,0,1.0,0,sim
2-16-115,17,2,0.0,0,sim
1-5-164,6,1,0.0,0,sim
0-42-33,43,0,1.0,0,sim
2-31-76,32,2,0.0,0,sim
0-11-225,12,0,1.0,0,sim
1-36-119,37,1,1.0,0,sim
0-6-120,7,0,1.0,0,sim
2-11-208,12,2,0.0,0,sim
0-27-170,28,0,1.0,0,sim
1-46-236,47,1,1.0,0,sim
2-14-39,15,2,0.0,0,sim
1-15-32,16,1,1.0,0,sim
2-1-10,2,2,0.0,0,sim
1-5-83,6,1,0.0,0,sim
2-44-166,45,2,0.0,0,sim
1-17-234,18,1,1.0,0,sim
0-34-69,35,0,0.0,0,sim
0-41-203,42,0,0.0,0,sim
0-29-30,30,0,,0,sim
2-30-180,31,2,0.0,0,sim
1-7-168,8,1,1.0,0,sim
2-27-13,28,2,0.0,0,sim
0-31-122,32,0,0.0,0,sim
2-24-235,25,2,1.0,0,sim
1-45-78,46,1,0.0,0,sim
1-26-229,27,1,,0,sim
2-1-55,2,2,0.0,0,sim
2-27-7,28,2,0.0,0,sim
2-13-38,14,2,1.0,0,sim
0-24-42,25,0,0.0,0,sim
0-40-147,41,0,0.0,0,sim
0-40-113,41,0,1.0,0,sim
0-33-26,34,0,1.0,0,sim
1-23-33,24,1,1.0,0,sim
2-24-28,25,2,0.0,0,sim
0-30-144,31,0,1.0,0,sim
2-39-149,40,2,1.0,0,sim
2-34-40,35,2,0.0,0,sim
0-47-20,48,0,1.0,0,sim
0-2-78,3,0,0.0,0,sim
2-33-54,34,2,0.0,0,sim
1-27-135,28,1,1.0,0,sim
2-22-220,23,2,0.0,0,sim
1-14-198,15,1,1.0,0,sim
2-15-163,16,2,0.0,0,sim
1-5-9,6,1,0.0,0,sim
0-3-45,4,0,1.0,0,sim
1-1-72,2,1,1.0,0,sim
1-45-3,46,1,0.0,0,sim
2-34-46,35,2,,0,sim
2-43-141,44,2,0.0,0,sim
1-7-167,8,1,0.0,0,sim
0-41-205,42,0,1.0,0,sim
1-35-121,36,1,1.0,0,sim
2-1-94,2,2,0.0,0,sim
0-39-156,40,0,1.0,0,sim
0-0-94,1,0,1.0,0,sim
1-40-184,41,1,0.0,0,sim
2-40-126,41,2,,0,sim
1-24-146,25,1,1.0,0,sim
1-1-166,2,1,1.0,0,sim
0-26-217,27,0,0.0,0,sim
1-11-79,12,1,1.0,0,sim
1-46-124,47,1,0.0,0,sim
2-3-111,4,2,0.0,0,sim
0-13-235,14,0,1.0,0,sim
1-41-205,42,1,0.0,0,sim
0-8-139,9,0,0.0,0,sim
2-18-87,19,2,0.0,0,sim
0-26-189,27,0,1.0,0,sim
2-21-181,22,2,0.0,0,sim
0-18-91,19,0,1.0,1,sim
1-13-104,14,1,0.0,0,sim
0-44-102,45,0,1.0,0,sim
0-24-75,25,0,0.0,0,sim
1-45-173,46,1,0.0,0,sim
0-42-232,43,0,1.0,0,sim
2-21-230,22,2,1.0,0,sim
1-17-49,18,1,1.0,0,sim
2-7-7,8,2,0.0,0,sim
0-34-58,35,0,1.0,0,sim
0-8-121,9,0,0.0,0,sim
1-4-120,5,1,0.0,0,sim
1-32-10,33,1,1.0,0,sim
0-14-143,15,0,1.0,0,sim
2-16-143,17,2,0.0,0,sim
2-20-173,21,2,0.0,0,sim
0-44-227,45,0,1.0,0,sim
0-23-206,24,0,0.0,0,sim
2-21-160,22,2,0.0,0,sim
1-29-192,30,1,0.0,0,sim
0-42-107,43,0,0.0,0,sim
1-28-134,29,1,1.0,0,sim
2-43-58,44,2,0.0,0,sim
0-13-175,14,0,1.0,0,sim
1-24-159,25,1,1.0,0,sim
0-32-144,33,0,1.0,0,sim
1-9-42,10,1,1.0,1,sim
2-20-159,21,2,0.0,0,sim
1-12-63,13,1,1.0,0,sim
0-42-176,43,0,1.0,0,sim
1-38-140,39,1,0.0,0,sim
0-41-86,42,0,1.0,0,sim
1-5-119,6,1,0.0,0,sim
2-10-89,11,2,0.0,0,sim
1-10-166,11,1,1.0,0,sim
1-4-5,5,1,0.0,0,sim
0-15-38,16,0,1.0,0,sim
0-46-95,47,0,1.0,0,sim
0-39-196,40,0,0.0,0,sim
0-8-123,9,0,0.0,0,sim
1-8-201,9,1,0.0,0,sim
1-2-108,3,1,0.0,0,sim
0-27-86,28,0,1.0,0,sim
1-15-79,16,1,1.0,1,sim
0-20-230,21,0,1.0,0,sim
0-7-16,8,0,0.0,0,sim
2-6-190,7,2,1.0,0,sim
2-24-214,25,2,0.0,0,sim
0-36-230,37,0,1.0,0,sim
0-40-174,41,0,1.0,0,sim
1-28-157,29,1,0.0,0,sim
1-19-16,20,1,1.0,0,sim
2-24-173,25,2,1.0,0,sim
2-17-156,18,2,1.0,0,sim
0-6-200,7,0,0.0,0,sim
1-20-179,21,1,1.0,0,sim
2-20-144,21,2,0.0,0,sim
0-41-114,42,0,1.0,0,sim
0-4-9,5,0,0.0,0,sim
2-14-83,15,2,0.0,0,sim
0-3-90,4,0,0.0,0,sim
2-45-100,46,2,1.0,0,sim
1-47-46,48,1,1.0,0,sim
2-40-63,41,2,0.0,0,sim
2-34-5,35,2,1.0,0,sim
1-3-178,4,1,1.0,0,sim
1-45-146,46,1,0.0,0,sim
1-9-207,10,1,1.0,0,sim
0-41-94,42,0,1.0,0,sim
2-41-178,42,2,1.0,0,sim
1-41-102,42,1,0.0,0,sim
0-38-227,39,0,1.0,0,sim
1-16-32,17,1,1.0,0,sim
2-20-121,21,2,0.0,0,sim
0-18-177,19,0,0.0,0,sim
2-27-170,28,2,0.0,0,sim
1-37-175,38,1,1.0,0,sim
2-32-203,33,2,0.0,0,sim
2-21-102,22,2,1.0,0,sim
2-14-61,15,2,1.0,0,sim
2-37-114,38,2,1.0,0,sim
0-1-47,2,0,0.0,0,sim
0-24-180,25,0,1.0,0,sim
1-41-16,42,1,1.0,0,sim
1-41-99,42,1,1.0,0,sim
1-12-106,13,1,1.0,0,sim
1-47-231,48,1,1.0,0,sim
0-38-197,39,0,1.0,0,sim
0-23-124,24,0,1.0,0,sim
2-9-226,10,2,0.0,0,sim
0-36-44,37,0,0.0,0,sim
1-26-186,27,1,0.0,0,sim
0-44-125,45,0,0.0,0,sim
0-7-4,8,0,1.0,0,sim
0-42-153,43,0,1.0,0,sim
1-23-185,24,1,1.0,0,sim
2-35-81,36,2,0.0,0,sim
0-19-84,20,0,1.0,0,sim
2-7-212,8,2,0.0,0,sim
2-14-214,15,2,1.0,0,sim
1-15-145,16,1,0.0,0,sim
2-17-27,18,2,0.0,0,sim
1-31-113,32,1,1.0,0,sim
2-44-11,45,2,0.0,0,sim
1-34-79,35,1,1.0,0,sim
2-20-238,21,2,0.0,0,sim
1-26-196,27,1,0.0,0,sim
0-16-174,17,0,1.0,0,sim
0-16-95,17,0,0.0,0,sim
0-11-106,12,0,1.0,0,sim
1-43-227,44,1,1.0,0,sim
1-43-235,44,1,1.0,0,sim
1-4-210,5,1,1.0,0,sim
1-22-14,23,1,1.0,0,sim
2-23-238,24,2,0.0,0,sim
1-29-154,30,1,1.0,0,sim
0-7-29,8,0,0.0,0,sim
2-25-216,26,2,0.0,0,sim
0-36-39,37,0,1.0,0,sim
2-44-151,45,2,1.0,0,sim
2-12-188,13,2,0.0,0,sim
0-36-113,37,0,0.0,0,sim
1-29-92,30,1,0.0,0,sim
2-10-106,11,2,0.0,0,sim
2-27-107,28,2,0.0,0,sim
0-1-9,2,0,1.0,0,sim
2-23-28,24,2,0.0,0,sim
2-31-37,32,2,0.0,0,sim
1-13-79,14,1,1.0,0,sim
0-17-199,18,0,0.0,0,sim
1-45-139,46,1,0.0,1,sim
1-1-77,2,1,0.0,0,sim
0-6-44,7,0,0.0,0,sim
2-34-23,35,2,0.0,1,sim
1-4-70,5,1,0.0,0,sim
0-20-239,21,0,1.0,0,sim
0-18-92,19,0,,0,sim
0-23-179,24,0,1.0,0,sim
2-45-38,46,2,1.0,0,sim
2-46-200,47,2,1.0,0,sim
0-7-226,8,0,0.0,0,sim
0-3-18,4,0,0.0,0,sim
2-16-109,17,2,0.0,0,sim
0-40-238,41,0,1.0,0,sim
2-44-239,45,2,0.0,0,sim
1-4-50,5,1,1.0,0,sim
1-24-124,25,1,1.0,0,sim
0-8-88,9,0,1.0,0,sim
1-33-15,34,1,1.0,0,sim
0-35-144,36,0,0.0,0,sim
2-35-114,36,2,1.0,0,sim
1-23-11,24,1,1.0,0,sim
2-14-134,15,2,0.0,0,sim
1-44-108,45,1,0.0,0,sim
1-31-205,32,1,1.0,0,sim
2-3-25,4,2,0.0,0,sim
2-24-126,25,2,0.0,0,sim
2-18-0,19,2,0.0,0,sim
1-18-229,19,1,1.0,0,sim
1-1-152,2,1,1.0,0,sim
0-19-134,20,0,1.0,0,sim
1-27-167,28,1,,0,sim
1-27-154,28,1,1.0,0,sim
0-42-203,43,0,1.0,0,sim
0-20-219,21,0,1.0,0,sim
0-38-32,39,0,0.0,0,sim
0-22-202,23,0,0.0,0,sim
0-1-231,2,0,0.0,0,sim
0-41-185,42,0,0.0,0,sim
2-35-170,36,2,1.0,0,sim
2-46-195,47,2,1.0,0,sim
2-25-229,26,2,1.0,1,sim
0-26-139,27,0,0.0,0,sim
1-32-195,33,1,1.0,0,sim
0-34-158,35,0,0.0,0,sim
2-13-63,14,2,1.0,0,sim
0-32-82,33,0,1.0,0,sim
2-19-139,20,2,1.0,0,sim
0-32-80,33,0,1.0,0,sim
1-19-185,20,1,0.0,0,sim
0-24-94,25,0,1.0,0,sim
0-30-3,31,0,0.0,0,sim
0-3-194,4,0,1.0,0,sim
2-6-15,7,2,0.0,0,sim
1-5-165,6,1,1.0,0,sim
0-35-101,36,0,0.0,0,sim
0-9-162,10,0,1.0,0,sim
2-1-235,2,2,0.0,0,sim
1-7-133,8,1,1.0,0,sim
0-15-174,16,0,0.0,0,sim
2-13-60,14,2,0.0,0,sim
0-11-229,12,0,0.0,0,sim
0-28-49,29,0,0.0,0,sim
1-43-11,44,1,,0,sim
0-4-234,5,0,0.0,1,sim
2-7-103,8,2,0.0,0,sim
0-20-179,21,0,0.0,0,sim
0-38-57,39,0,0.0,0,sim
2-26-33,27,2,,0,sim
2-24-206,25,2,1.0,0,sim
1-18-29,19,1,0.0,0,sim
2-41-88,42,2,,0,sim
0-0-237,1,0,1.0,0,sim
1-23-169,24,1,0.0,0,sim
1-12-69,13,1,1.0,0,sim
2-0-232,1,2,0.0,0,sim
2-21-1,22,2,1.0,0,sim
0-36-4,37,0,1.0,0,sim
